Epoch,Batch_Index,Loss
1,0,6.071722030639648
1,1,6.007498741149902
1,2,6.209054946899414
1,3,6.027202606201172
1,4,6.045568466186523
1,5,5.903887748718262
1,6,5.928782939910889
1,7,5.605518341064453
1,8,5.766830921173096
1,9,6.1670355796813965
1,10,5.593698978424072
1,11,5.703007698059082
1,12,6.188161849975586
1,13,5.672306060791016
1,14,5.80239200592041
1,15,5.728353023529053
1,16,5.7484354972839355
1,17,5.996629238128662
1,18,6.082591533660889
1,19,5.855495929718018
1,20,5.958148956298828
1,21,5.8231940269470215
1,22,5.528350830078125
1,23,6.121455192565918
1,24,6.010138988494873
1,25,6.160857200622559
1,26,5.977775573730469
1,27,5.77777099609375
1,28,6.033564567565918
1,29,5.840187072753906
1,30,5.957979202270508
1,31,6.07316780090332
1,32,5.84674596786499
1,33,5.714210510253906
1,34,5.774953842163086
1,35,5.667771339416504
1,36,5.997848987579346
1,37,5.764392852783203
1,38,5.721108436584473
1,39,5.646817684173584
1,40,5.737338542938232
1,41,5.772444725036621
1,42,5.793206691741943
1,43,5.74193811416626
1,44,5.668184280395508
1,45,5.601339817047119
1,46,5.716156959533691
1,47,5.660200119018555
1,48,5.599303245544434
1,49,5.88510799407959
1,50,5.720508575439453
1,51,5.9586076736450195
1,52,5.745582580566406
1,53,5.636033535003662
1,54,5.771851062774658
1,55,5.701748847961426
1,56,5.728672981262207
1,57,5.80314302444458
1,58,5.87230920791626
1,59,5.787924766540527
1,60,5.723137855529785
1,61,5.518474102020264
1,62,5.716805934906006
1,63,5.291109561920166
1,64,5.445522785186768
1,65,5.6349077224731445
1,66,5.3798909187316895
1,67,5.3737053871154785
1,68,5.7911505699157715
1,69,5.425595283508301
1,70,5.563911437988281
1,71,5.537710666656494
1,72,5.709012985229492
1,73,5.8244733810424805
1,74,5.700650215148926
1,75,5.625189781188965
1,76,5.684673309326172
1,77,5.623866081237793
1,78,5.583114147186279
1,79,5.4460859298706055
1,80,5.212438583374023
1,81,5.426966667175293
1,82,5.255333423614502
1,83,5.553955078125
1,84,5.852501392364502
1,85,5.452885150909424
1,86,5.4282660484313965
1,87,5.55360221862793
1,88,5.6516804695129395
1,89,5.712344169616699
1,90,5.490304946899414
1,91,5.573758602142334
1,92,5.371517658233643
1,93,5.732433795928955
1,94,6.019347190856934
1,95,5.549855709075928
1,96,5.549144744873047
1,97,5.4659833908081055
1,98,5.528526782989502
1,99,5.371991157531738
1,100,5.5785231590271
1,101,5.5672688484191895
1,102,5.471601963043213
1,103,5.6740827560424805
1,104,5.634632587432861
1,105,5.452509880065918
1,106,5.309164047241211
1,107,5.2837395668029785
1,108,5.564107418060303
1,109,5.571392059326172
1,110,5.785590171813965
1,111,5.355255126953125
1,112,5.675137519836426
1,113,5.8335723876953125
1,114,5.257601737976074
1,115,5.616105556488037
1,116,5.244111061096191
1,117,5.787900924682617
1,118,5.663362503051758
1,119,5.668349266052246
1,120,5.316140174865723
1,121,5.662057399749756
1,122,5.529781341552734
1,123,5.399864196777344
1,124,5.272180080413818
1,125,5.3548736572265625
1,126,5.5115838050842285
1,127,5.482329845428467
1,128,5.473040580749512
1,129,5.265386581420898
1,130,5.205686092376709
1,131,5.4493794441223145
1,132,5.38449239730835
1,133,5.180558681488037
1,134,5.432806491851807
1,135,5.234457969665527
1,136,5.282137870788574
1,137,5.43204402923584
1,138,5.572837829589844
1,139,5.37462043762207
1,140,5.581194877624512
1,141,5.585407733917236
1,142,5.497485637664795
1,143,5.230080604553223
1,144,5.28928279876709
1,145,5.4996137619018555
1,146,5.171658039093018
1,147,5.366726875305176
1,148,5.374070167541504
1,149,5.465982913970947
1,150,5.494899272918701
1,151,5.386775493621826
1,152,5.264473915100098
1,153,5.529494285583496
1,154,5.214900016784668
1,155,5.1602864265441895
1,156,5.3966064453125
1,157,5.3298749923706055
1,158,5.3443074226379395
1,159,5.5160603523254395
1,160,5.110658645629883
1,161,5.268892288208008
1,162,5.346194744110107
1,163,5.636751174926758
1,164,5.276492595672607
1,165,5.2134013175964355
1,166,5.092532157897949
1,167,5.511991024017334
1,168,5.344459056854248
1,169,5.337122917175293
1,170,5.4388747215271
1,171,5.5625715255737305
1,172,5.253793716430664
1,173,5.058239459991455
1,174,5.766587257385254
1,175,5.424997806549072
1,176,4.948277473449707
1,177,5.186497211456299
1,178,5.231027603149414
1,179,5.2035441398620605
1,180,5.156740188598633
1,181,5.294695854187012
1,182,5.430598735809326
1,183,5.166231155395508
1,184,5.12532901763916
1,185,5.213057994842529
1,186,5.498404026031494
1,187,5.098378658294678
1,188,5.252993106842041
1,189,5.163524627685547
1,190,5.407963752746582
1,191,5.185138702392578
1,192,5.432487964630127
1,193,5.237966537475586
1,194,5.402901649475098
1,195,5.301715850830078
1,196,5.430037021636963
1,197,5.295834064483643
1,198,5.226609230041504
1,199,5.312834739685059
1,200,5.484531402587891
1,201,5.231296062469482
1,202,5.389254093170166
1,203,5.140337944030762
1,204,5.24591588973999
1,205,5.589931964874268
1,206,5.421017169952393
1,207,5.30162239074707
1,208,5.40028715133667
1,209,5.41032600402832
1,210,5.267280578613281
1,211,5.437460422515869
1,212,5.433274269104004
1,213,5.1335835456848145
1,214,5.185345649719238
1,215,5.428900718688965
1,216,5.1215410232543945
1,217,5.345577716827393
1,218,5.2439703941345215
1,219,4.956401824951172
1,220,5.425430774688721
1,221,5.350555419921875
1,222,5.456494331359863
1,223,5.305558204650879
1,224,5.157699108123779
1,225,5.102108955383301
1,226,5.5635833740234375
1,227,5.192376613616943
1,228,5.347487926483154
1,229,5.319332599639893
1,230,5.210941791534424
1,231,5.197484493255615
1,232,5.086681365966797
1,233,5.420769214630127
1,234,5.628028392791748
1,235,5.465994358062744
1,236,5.312211990356445
1,237,5.248085021972656
1,238,5.168690204620361
1,239,5.068805694580078
1,240,5.536463260650635
1,241,5.434542655944824
1,242,4.8995490074157715
1,243,5.354030609130859
1,244,5.225022315979004
1,245,5.474808692932129
1,246,4.963233947753906
1,247,5.041306972503662
1,248,5.313950061798096
1,249,5.3080596923828125
1,250,5.217459201812744
1,251,5.2643842697143555
1,252,5.192279815673828
1,253,5.061546325683594
1,254,5.029578685760498
1,255,5.4043378829956055
1,256,5.083828926086426
1,257,5.149208068847656
1,258,5.330877780914307
1,259,5.362881183624268
1,260,5.35201358795166
1,261,5.2032904624938965
1,262,5.495306968688965
1,263,4.853435516357422
1,264,5.046757221221924
1,265,4.869347095489502
1,266,5.309216499328613
1,267,5.0955328941345215
1,268,5.2159810066223145
1,269,5.243529796600342
1,270,5.287906169891357
1,271,5.175050735473633
1,272,5.064093112945557
1,273,4.972965240478516
1,274,5.31915283203125
1,275,5.241297721862793
1,276,5.323093414306641
1,277,5.36605978012085
1,278,5.179331302642822
1,279,5.222628593444824
1,280,4.848421573638916
1,281,5.27922248840332
1,282,5.545604705810547
1,283,5.25789737701416
1,284,5.340235233306885
1,285,5.266077995300293
1,286,4.890715599060059
1,287,5.431023597717285
1,288,5.425796985626221
1,289,5.293953895568848
1,290,5.280868053436279
1,291,5.30880880355835
1,292,5.557547092437744
1,293,5.279146194458008
1,294,5.001765251159668
1,295,5.367054462432861
1,296,5.277863502502441
1,297,4.997602939605713
1,298,5.123807907104492
1,299,5.214939594268799
1,300,5.371255874633789
1,301,4.937998294830322
1,302,5.246453762054443
1,303,5.112306594848633
1,304,5.004796504974365
1,305,4.978817939758301
1,306,5.363310813903809
1,307,5.184686183929443
1,308,5.171264171600342
1,309,5.25034761428833
1,310,5.028291702270508
1,311,5.347353935241699
2,0,5.147791385650635
2,1,5.030457496643066
2,2,5.030310153961182
2,3,5.221908092498779
2,4,5.198856353759766
2,5,5.145706653594971
2,6,5.363304138183594
2,7,5.177264213562012
2,8,4.725521087646484
2,9,4.99495267868042
2,10,5.119232654571533
2,11,5.0354228019714355
2,12,5.1796135902404785
2,13,4.9544219970703125
2,14,5.250082015991211
2,15,4.769952297210693
2,16,5.364230632781982
2,17,5.346246242523193
2,18,5.039304256439209
2,19,4.999843597412109
2,20,5.042150497436523
2,21,5.2407755851745605
2,22,4.847008228302002
2,23,5.074377536773682
2,24,5.228919506072998
2,25,5.126418590545654
2,26,4.623237609863281
2,27,5.034088134765625
2,28,5.321898937225342
2,29,5.020731449127197
2,30,5.121673583984375
2,31,5.2918782234191895
2,32,5.016692161560059
2,33,5.4181599617004395
2,34,5.276146411895752
2,35,4.551126003265381
2,36,4.844446182250977
2,37,4.967574596405029
2,38,4.975995063781738
2,39,4.7484211921691895
2,40,4.900854110717773
2,41,4.793857097625732
2,42,4.94987154006958
2,43,4.907865524291992
2,44,4.794688701629639
2,45,4.8657989501953125
2,46,4.589948654174805
2,47,5.008542537689209
2,48,4.729887008666992
2,49,4.801053047180176
2,50,5.188581466674805
2,51,4.898421764373779
2,52,4.8544206619262695
2,53,4.846512794494629
2,54,4.757202625274658
2,55,4.8892903327941895
2,56,5.054807186126709
2,57,4.820088863372803
2,58,4.962477207183838
2,59,5.2659525871276855
2,60,4.988271713256836
2,61,4.898221492767334
2,62,5.153724670410156
2,63,4.799398422241211
2,64,4.673286437988281
2,65,4.728521347045898
2,66,4.675009727478027
2,67,4.943929672241211
2,68,4.646409034729004
2,69,4.731310844421387
2,70,4.492854118347168
2,71,5.1099019050598145
2,72,4.681183815002441
2,73,5.137472152709961
2,74,4.994826793670654
2,75,4.313277244567871
2,76,4.513034343719482
2,77,4.872377395629883
2,78,4.647459983825684
2,79,4.981499671936035
2,80,4.7697434425354
2,81,4.514682292938232
2,82,4.327329635620117
2,83,4.396695613861084
2,84,4.500456809997559
2,85,4.881501197814941
2,86,4.618291854858398
2,87,4.5807881355285645
2,88,4.57093620300293
2,89,4.6103034019470215
2,90,4.286938667297363
2,91,4.6036906242370605
2,92,4.12880277633667
2,93,4.612146377563477
2,94,4.788087368011475
2,95,4.280742168426514
2,96,4.58026647567749
2,97,4.316478252410889
2,98,4.488835334777832
2,99,3.9432904720306396
2,100,5.074657440185547
2,101,4.588653564453125
2,102,4.704495906829834
2,103,4.830758094787598
2,104,4.478611469268799
2,105,4.416336536407471
2,106,4.7020792961120605
2,107,4.741244316101074
2,108,4.3852643966674805
2,109,4.68720006942749
2,110,4.870710849761963
2,111,4.496751308441162
2,112,4.494462013244629
2,113,4.739091396331787
2,114,4.392853260040283
2,115,4.6306352615356445
2,116,4.1755876541137695
2,117,4.429849624633789
2,118,4.73532772064209
2,119,4.681087017059326
2,120,4.412118434906006
2,121,4.0869293212890625
2,122,3.891045570373535
2,123,4.365684509277344
2,124,4.246211528778076
2,125,4.0775885581970215
2,126,4.3855414390563965
2,127,4.516261100769043
2,128,4.076346397399902
2,129,4.146944522857666
2,130,4.141427516937256
2,131,3.9865403175354004
2,132,4.168867111206055
2,133,4.421280384063721
2,134,4.077963352203369
2,135,4.2833099365234375
2,136,4.01386833190918
2,137,4.1099748611450195
2,138,3.914232015609741
2,139,4.255796909332275
2,140,4.111913681030273
2,141,4.084523677825928
2,142,4.152017116546631
2,143,4.235281944274902
2,144,3.7453348636627197
2,145,4.025337219238281
2,146,4.295612812042236
2,147,4.066258907318115
2,148,4.180314064025879
2,149,3.6885881423950195
2,150,4.273947238922119
2,151,3.740446090698242
2,152,3.936056613922119
2,153,4.294429779052734
2,154,4.122493267059326
2,155,4.00091028213501
2,156,3.764565944671631
2,157,3.714590311050415
2,158,3.628053665161133
2,159,3.7313613891601562
2,160,3.955756187438965
2,161,4.077017784118652
2,162,4.284320831298828
2,163,3.974944591522217
2,164,3.940579414367676
2,165,4.291914939880371
2,166,3.9670896530151367
2,167,4.419322967529297
2,168,4.341737747192383
2,169,3.950606346130371
2,170,3.892690658569336
2,171,3.8276987075805664
2,172,4.282513618469238
2,173,3.9326603412628174
2,174,3.9267876148223877
2,175,3.8701255321502686
2,176,3.9233946800231934
2,177,4.139277935028076
2,178,4.179244041442871
2,179,3.7158963680267334
2,180,3.7114367485046387
2,181,4.122302532196045
2,182,4.027399063110352
2,183,3.9924376010894775
2,184,4.9090166091918945
2,185,3.775829553604126
2,186,3.973735809326172
2,187,4.399876594543457
2,188,3.4997386932373047
2,189,3.593276023864746
2,190,3.939859390258789
2,191,3.93105411529541
2,192,3.8329358100891113
2,193,4.158787727355957
2,194,3.9136154651641846
2,195,3.048823356628418
2,196,4.201352596282959
2,197,4.104054927825928
2,198,3.966620683670044
2,199,4.555290699005127
2,200,3.517834186553955
2,201,4.075631618499756
2,202,3.937713623046875
2,203,4.255692958831787
2,204,3.36049222946167
2,205,3.8659212589263916
2,206,4.401017189025879
2,207,3.7761802673339844
2,208,3.8037912845611572
2,209,3.621004104614258
2,210,3.4951889514923096
2,211,3.614292621612549
2,212,3.6476664543151855
2,213,3.6180851459503174
2,214,3.2300515174865723
2,215,3.904783248901367
2,216,3.5672428607940674
2,217,3.7597992420196533
2,218,4.155791282653809
2,219,3.615532636642456
2,220,4.489164352416992
2,221,4.1717424392700195
2,222,3.6688849925994873
2,223,4.12886905670166
2,224,4.301180839538574
2,225,3.8384077548980713
2,226,3.812567710876465
2,227,3.6264209747314453
2,228,3.680957317352295
2,229,2.8885467052459717
2,230,3.291196823120117
2,231,3.4717252254486084
2,232,3.5075502395629883
2,233,3.552185297012329
2,234,3.1699841022491455
2,235,3.187972068786621
2,236,3.5199851989746094
2,237,3.7328248023986816
2,238,3.274940013885498
2,239,3.845146417617798
2,240,3.106308698654175
2,241,3.138815402984619
2,242,3.583709239959717
2,243,3.0020761489868164
2,244,3.2257614135742188
2,245,3.5018136501312256
2,246,3.838449478149414
2,247,3.6039576530456543
2,248,2.8990883827209473
2,249,3.880540370941162
2,250,3.586794853210449
2,251,4.226187705993652
2,252,2.8620407581329346
2,253,3.393465280532837
2,254,3.3634796142578125
2,255,3.4099409580230713
2,256,3.7560551166534424
2,257,3.296056032180786
2,258,3.294167995452881
2,259,3.697303056716919
2,260,3.1217284202575684
2,261,3.4459469318389893
2,262,3.437225818634033
2,263,3.707284450531006
2,264,3.4326272010803223
2,265,3.985820770263672
2,266,4.377616882324219
2,267,3.291135311126709
2,268,3.4787111282348633
2,269,3.4944491386413574
2,270,3.6101298332214355
2,271,3.6408305168151855
2,272,3.252964496612549
2,273,3.769883871078491
2,274,3.7356855869293213
2,275,4.498058795928955
2,276,3.6838221549987793
2,277,3.289517641067505
2,278,3.0247726440429688
2,279,2.9619877338409424
2,280,3.2685976028442383
2,281,3.3762636184692383
2,282,3.399749755859375
2,283,3.2597622871398926
2,284,2.783595561981201
2,285,3.523921489715576
2,286,3.305201292037964
2,287,2.678523302078247
2,288,3.458157539367676
2,289,3.398930549621582
2,290,3.2332170009613037
2,291,3.188960552215576
2,292,3.705742359161377
2,293,3.3634934425354004
2,294,3.417952060699463
2,295,2.973517894744873
2,296,3.082426071166992
2,297,3.868536949157715
2,298,3.3303720951080322
2,299,3.078261613845825
2,300,3.4890308380126953
2,301,3.639150619506836
2,302,2.865773916244507
2,303,3.0437569618225098
2,304,3.3111491203308105
2,305,3.2746083736419678
2,306,2.796363115310669
2,307,3.1918084621429443
2,308,3.3847944736480713
2,309,3.329493522644043
2,310,3.4856157302856445
2,311,3.743393659591675
3,0,3.106863498687744
3,1,3.2233619689941406
3,2,3.347646713256836
3,3,2.96575927734375
3,4,2.881316661834717
3,5,3.092644214630127
3,6,3.7801928520202637
3,7,3.442552328109741
3,8,3.9108057022094727
3,9,3.6039962768554688
3,10,2.989161491394043
3,11,3.2489430904388428
3,12,3.513392210006714
3,13,4.212669849395752
3,14,3.770677089691162
3,15,2.9863667488098145
3,16,3.156093120574951
3,17,3.350404739379883
3,18,3.5976815223693848
3,19,2.8699488639831543
3,20,3.193127155303955
3,21,3.1174113750457764
3,22,3.8472514152526855
3,23,3.6772103309631348
3,24,3.1251463890075684
3,25,3.5746726989746094
3,26,3.269500732421875
3,27,3.1398940086364746
3,28,3.4267895221710205
3,29,3.4193453788757324
3,30,3.350522994995117
3,31,2.8275551795959473
3,32,3.278372287750244
3,33,3.49630069732666
3,34,2.978330612182617
3,35,3.4409961700439453
3,36,2.8809099197387695
3,37,3.326655387878418
3,38,3.2335519790649414
3,39,3.493473768234253
3,40,3.2816708087921143
3,41,2.9574012756347656
3,42,2.9969892501831055
3,43,3.1511285305023193
3,44,3.1214282512664795
3,45,2.8332505226135254
3,46,3.2525722980499268
3,47,3.7577528953552246
3,48,3.95877742767334
3,49,3.336071491241455
3,50,3.215766429901123
3,51,3.3044865131378174
3,52,3.4010472297668457
3,53,3.441183090209961
3,54,3.3422646522521973
3,55,2.585872173309326
3,56,3.0593714714050293
3,57,3.310521125793457
3,58,3.026036500930786
3,59,2.6755826473236084
3,60,3.0258231163024902
3,61,2.7578728199005127
3,62,2.9350650310516357
3,63,3.3989293575286865
3,64,3.3493614196777344
3,65,2.3533942699432373
3,66,2.6990697383880615
3,67,3.128685712814331
3,68,3.168710231781006
3,69,2.914792537689209
3,70,3.233565330505371
3,71,3.2597899436950684
3,72,3.1296868324279785
3,73,2.614905595779419
3,74,3.198411464691162
3,75,2.7866127490997314
3,76,3.09718656539917
3,77,3.0482687950134277
3,78,3.480694532394409
3,79,4.195414066314697
3,80,2.8753068447113037
3,81,2.9612269401550293
3,82,2.7677581310272217
3,83,2.9581143856048584
3,84,3.070164442062378
3,85,3.2072761058807373
3,86,3.5697169303894043
3,87,3.4536848068237305
3,88,3.3136491775512695
3,89,3.167279005050659
3,90,2.7420494556427
3,91,2.9298312664031982
3,92,3.0033187866210938
3,93,3.0338551998138428
3,94,3.5338475704193115
3,95,2.989396095275879
3,96,3.3492038249969482
3,97,2.8935935497283936
3,98,3.1240787506103516
3,99,3.1392040252685547
3,100,2.671276092529297
3,101,3.2781949043273926
3,102,3.501246452331543
3,103,2.9863669872283936
3,104,3.239739418029785
3,105,3.3546481132507324
3,106,3.2408347129821777
3,107,3.594010353088379
3,108,2.6498427391052246
3,109,3.0501952171325684
3,110,3.4529592990875244
3,111,2.9363927841186523
3,112,2.5979411602020264
3,113,3.450310230255127
3,114,3.4491569995880127
3,115,3.2259817123413086
3,116,2.917454719543457
3,117,3.182873249053955
3,118,3.2611615657806396
3,119,2.836728572845459
3,120,2.908012628555298
3,121,2.7783560752868652
3,122,3.438438653945923
3,123,2.9641342163085938
3,124,2.8781824111938477
3,125,2.634990692138672
3,126,3.2235374450683594
3,127,3.216594696044922
3,128,2.982174873352051
3,129,2.9361484050750732
3,130,3.0166878700256348
3,131,2.8967747688293457
3,132,3.2306904792785645
3,133,2.6104423999786377
3,134,2.802189826965332
3,135,3.9457523822784424
3,136,3.3507184982299805
3,137,3.2120003700256348
3,138,3.289055824279785
3,139,3.1500244140625
3,140,2.555781841278076
3,141,2.662860870361328
3,142,2.9275600910186768
3,143,2.656370162963867
3,144,2.5205626487731934
3,145,3.082080364227295
3,146,2.925631284713745
3,147,3.548056125640869
3,148,3.1593408584594727
3,149,3.1315371990203857
3,150,3.3341050148010254
3,151,3.298266887664795
3,152,2.9984164237976074
3,153,2.9773330688476562
3,154,3.0388669967651367
3,155,2.897240400314331
3,156,2.8350400924682617
3,157,3.3294999599456787
3,158,2.708918333053589
3,159,2.893064260482788
3,160,2.4949264526367188
3,161,2.7946231365203857
3,162,2.745120048522949
3,163,2.933384418487549
3,164,2.8270082473754883
3,165,3.035522937774658
3,166,3.1200475692749023
3,167,3.3084425926208496
3,168,3.330738067626953
3,169,3.311412811279297
3,170,2.928190231323242
3,171,3.1842451095581055
3,172,2.6382317543029785
3,173,2.6224312782287598
3,174,2.7523632049560547
3,175,3.8548033237457275
3,176,2.6181373596191406
3,177,2.72656512260437
3,178,2.7656989097595215
3,179,2.808283805847168
3,180,2.5027880668640137
3,181,2.8853728771209717
3,182,3.0876145362854004
3,183,2.8112828731536865
3,184,3.49177885055542
3,185,2.781759262084961
3,186,2.9582746028900146
3,187,2.999171018600464
3,188,2.4727659225463867
3,189,2.919281244277954
3,190,2.580625295639038
3,191,2.4412126541137695
3,192,2.479255437850952
3,193,2.683905839920044
3,194,3.612745523452759
3,195,2.396188974380493
3,196,2.3850173950195312
3,197,2.376704216003418
3,198,2.894491195678711
3,199,2.983687400817871
3,200,2.984771966934204
3,201,3.7788279056549072
3,202,3.061729669570923
3,203,2.4925873279571533
3,204,3.068042039871216
3,205,3.1609978675842285
3,206,2.851138114929199
3,207,2.326481819152832
3,208,2.8261451721191406
3,209,2.870894432067871
3,210,2.5858733654022217
3,211,2.6513712406158447
3,212,3.3886260986328125
3,213,2.654099225997925
3,214,2.7633883953094482
3,215,2.983368396759033
3,216,2.7574665546417236
3,217,2.835254669189453
3,218,2.472306728363037
3,219,3.0536751747131348
3,220,3.1417951583862305
3,221,3.205674648284912
3,222,2.421072006225586
3,223,2.6983513832092285
3,224,2.824984073638916
3,225,2.69813871383667
3,226,2.7600345611572266
3,227,2.8930773735046387
3,228,3.2411954402923584
3,229,2.9613733291625977
3,230,2.9742610454559326
3,231,3.3160452842712402
3,232,2.5674943923950195
3,233,3.1951427459716797
3,234,3.0097434520721436
3,235,2.6536059379577637
3,236,3.0424065589904785
3,237,2.6903882026672363
3,238,3.097870111465454
3,239,2.6285240650177
3,240,3.217846155166626
3,241,2.5151658058166504
3,242,2.9717016220092773
3,243,2.5986852645874023
3,244,2.833094596862793
3,245,3.387622117996216
3,246,2.8089518547058105
3,247,2.7611277103424072
3,248,2.5530877113342285
3,249,2.9515480995178223
3,250,2.754274368286133
3,251,2.867076873779297
3,252,2.874896764755249
3,253,2.7628023624420166
3,254,3.0723516941070557
3,255,2.5664939880371094
3,256,3.2581629753112793
3,257,3.0122501850128174
3,258,2.7007923126220703
3,259,2.971229076385498
3,260,2.6723029613494873
3,261,2.3098387718200684
3,262,2.9165143966674805
3,263,3.373720169067383
3,264,3.382148027420044
3,265,2.3405888080596924
3,266,2.816532611846924
3,267,2.7096290588378906
3,268,2.857753038406372
3,269,2.7771730422973633
3,270,2.6871325969696045
3,271,2.531916618347168
3,272,2.388333797454834
3,273,2.4909133911132812
3,274,2.4902188777923584
3,275,3.272120237350464
3,276,2.806302547454834
3,277,2.7269906997680664
3,278,2.5053794384002686
3,279,2.1750288009643555
3,280,2.261399745941162
3,281,2.597172498703003
3,282,2.706674814224243
3,283,2.7636642456054688
3,284,2.8322794437408447
3,285,2.490872859954834
3,286,2.6211438179016113
3,287,2.4826879501342773
3,288,2.697205066680908
3,289,3.2281811237335205
3,290,3.5215275287628174
3,291,3.122476100921631
3,292,2.791565418243408
3,293,2.750037670135498
3,294,3.14839768409729
3,295,2.708829641342163
3,296,2.470737934112549
3,297,2.944091796875
3,298,3.211650848388672
3,299,2.5573883056640625
3,300,2.635516405105591
3,301,2.963524580001831
3,302,2.7061173915863037
3,303,2.511073112487793
3,304,2.4110047817230225
3,305,2.322883129119873
3,306,2.912750482559204
3,307,3.2371277809143066
3,308,2.1119449138641357
3,309,2.510629892349243
3,310,2.4471371173858643
3,311,2.8153889179229736
4,0,3.0814781188964844
4,1,2.7265028953552246
4,2,2.7550153732299805
4,3,2.8473968505859375
4,4,2.770368814468384
4,5,2.5571999549865723
4,6,3.1089701652526855
4,7,2.784951686859131
4,8,3.016116142272949
4,9,2.538818597793579
4,10,2.3672475814819336
4,11,2.983283281326294
4,12,2.4353766441345215
4,13,3.127650260925293
4,14,2.8074512481689453
4,15,2.59057354927063
4,16,2.8072776794433594
4,17,2.758241891860962
4,18,2.635159492492676
4,19,2.7564170360565186
4,20,2.725071907043457
4,21,2.842019557952881
4,22,2.708264112472534
4,23,2.961620807647705
4,24,2.525923252105713
4,25,2.6524600982666016
4,26,2.7590181827545166
4,27,2.3568990230560303
4,28,2.285933256149292
4,29,3.0238847732543945
4,30,2.589465379714966
4,31,3.1344194412231445
4,32,2.3237497806549072
4,33,2.3876068592071533
4,34,2.882420301437378
4,35,2.6431970596313477
4,36,2.161243200302124
4,37,3.3679466247558594
4,38,2.3663973808288574
4,39,2.4530673027038574
4,40,2.368743896484375
4,41,2.180647850036621
4,42,2.997112274169922
4,43,3.013340473175049
4,44,3.3538002967834473
4,45,3.426523447036743
4,46,2.3428072929382324
4,47,2.563288688659668
4,48,2.8004040718078613
4,49,3.2500782012939453
4,50,2.210202932357788
4,51,2.605914831161499
4,52,3.2201855182647705
4,53,2.3881301879882812
4,54,3.0904934406280518
4,55,2.6172618865966797
4,56,2.383080244064331
4,57,2.934110164642334
4,58,2.7202467918395996
4,59,2.8139071464538574
4,60,2.6919288635253906
4,61,2.819103479385376
4,62,3.013240098953247
4,63,2.64452862739563
4,64,2.6940419673919678
4,65,2.9685044288635254
4,66,2.4438087940216064
4,67,2.984640121459961
4,68,2.535987377166748
4,69,2.70265531539917
4,70,2.9899916648864746
4,71,2.641289234161377
4,72,2.8541417121887207
4,73,2.1014411449432373
4,74,2.636093854904175
4,75,2.233454704284668
4,76,2.4466640949249268
4,77,3.0544095039367676
4,78,2.4121928215026855
4,79,2.767249822616577
4,80,2.5110883712768555
4,81,2.787588119506836
4,82,2.4074292182922363
4,83,2.376840353012085
4,84,2.0651116371154785
4,85,2.69942045211792
4,86,2.4453184604644775
4,87,2.465683937072754
4,88,2.7038702964782715
4,89,3.1048545837402344
4,90,3.1236236095428467
4,91,2.410886764526367
4,92,2.8446717262268066
4,93,2.5732834339141846
4,94,2.6054396629333496
4,95,2.178962230682373
4,96,2.5117437839508057
4,97,2.562771797180176
4,98,2.5283312797546387
4,99,2.1610682010650635
4,100,3.0295493602752686
4,101,2.618504285812378
4,102,2.171858310699463
4,103,2.6777076721191406
4,104,2.3705267906188965
4,105,2.873152494430542
4,106,2.2593135833740234
4,107,3.1042377948760986
4,108,3.1020848751068115
4,109,2.437272310256958
4,110,2.5231399536132812
4,111,2.2749271392822266
4,112,2.3217740058898926
4,113,2.510408878326416
4,114,2.9478096961975098
4,115,2.898811101913452
4,116,2.489170789718628
4,117,2.486250877380371
4,118,2.6754369735717773
4,119,2.772650718688965
4,120,2.7350478172302246
4,121,2.5180580615997314
4,122,2.947143793106079
4,123,2.7345643043518066
4,124,3.253852367401123
4,125,2.8179473876953125
4,126,2.85831356048584
4,127,3.2330188751220703
4,128,2.752124786376953
4,129,3.1373066902160645
4,130,2.4213433265686035
4,131,2.619533061981201
4,132,2.5695126056671143
4,133,2.37703537940979
4,134,2.758763313293457
4,135,2.628668785095215
4,136,3.0376195907592773
4,137,2.433584213256836
4,138,2.7639856338500977
4,139,2.646908760070801
4,140,3.0120625495910645
4,141,2.1209888458251953
4,142,2.2416958808898926
4,143,2.741394519805908
4,144,2.640868902206421
4,145,2.9446821212768555
4,146,3.401967763900757
4,147,2.7379825115203857
4,148,2.707383632659912
4,149,2.3637022972106934
4,150,3.630547046661377
4,151,2.3991196155548096
4,152,2.8749685287475586
4,153,2.91141939163208
4,154,2.562551975250244
4,155,3.079439878463745
4,156,2.8996992111206055
4,157,3.0822157859802246
4,158,2.9057443141937256
4,159,2.6985082626342773
4,160,2.681959629058838
4,161,2.829664468765259
4,162,2.353839874267578
4,163,2.792661666870117
4,164,2.4775948524475098
4,165,2.7150769233703613
4,166,2.473576545715332
4,167,2.4001855850219727
4,168,2.9045839309692383
4,169,2.96421480178833
4,170,2.6354475021362305
4,171,2.8476948738098145
4,172,2.437502145767212
4,173,2.4040727615356445
4,174,2.4070005416870117
4,175,2.432006359100342
4,176,2.6434261798858643
4,177,2.33986759185791
4,178,2.9508707523345947
4,179,2.5448110103607178
4,180,2.2962324619293213
4,181,2.451180934906006
4,182,2.2944087982177734
4,183,2.1736772060394287
4,184,1.8828506469726562
4,185,2.9164633750915527
4,186,2.6091318130493164
4,187,2.845513343811035
4,188,2.640176296234131
4,189,2.5056543350219727
4,190,2.9517154693603516
4,191,3.0966389179229736
4,192,2.27622127532959
4,193,2.809391975402832
4,194,2.4204354286193848
4,195,2.433274984359741
4,196,2.5492501258850098
4,197,2.2047219276428223
4,198,2.29443359375
4,199,2.2992544174194336
4,200,2.3676531314849854
4,201,2.9481964111328125
4,202,2.6249136924743652
4,203,2.636902332305908
4,204,2.7673375606536865
4,205,2.856119155883789
4,206,2.7413649559020996
4,207,2.706758975982666
4,208,2.418328285217285
4,209,2.636970043182373
4,210,2.5610735416412354
4,211,2.438755989074707
4,212,2.693721294403076
4,213,2.241621494293213
4,214,2.7960052490234375
4,215,2.2031326293945312
4,216,2.917126178741455
4,217,3.1423041820526123
4,218,2.218454599380493
4,219,2.777024984359741
4,220,2.5164122581481934
4,221,2.8358547687530518
4,222,3.229116678237915
4,223,2.8512778282165527
4,224,2.1298654079437256
4,225,2.2317636013031006
4,226,2.787956714630127
4,227,2.6130282878875732
4,228,2.1952476501464844
4,229,2.9012935161590576
4,230,2.6313552856445312
4,231,2.838775157928467
4,232,2.597655773162842
4,233,2.5023088455200195
4,234,2.774628162384033
4,235,2.1112754344940186
4,236,3.5125246047973633
4,237,2.087571620941162
4,238,2.451700210571289
4,239,2.9853742122650146
4,240,2.4604220390319824
4,241,2.5715367794036865
4,242,2.143486499786377
4,243,2.6478939056396484
4,244,2.848480701446533
4,245,2.875279426574707
4,246,2.8414814472198486
4,247,1.994457483291626
4,248,2.6432695388793945
4,249,3.0915331840515137
4,250,2.544135570526123
4,251,2.9127917289733887
4,252,2.031157970428467
4,253,2.330242156982422
4,254,2.6755504608154297
4,255,2.445075511932373
4,256,2.178227424621582
4,257,2.750143527984619
4,258,2.339046001434326
4,259,2.618842601776123
4,260,2.6548194885253906
4,261,1.9702067375183105
4,262,2.624774932861328
4,263,3.0992114543914795
4,264,2.6068918704986572
4,265,2.4926698207855225
4,266,3.0966339111328125
4,267,2.177480697631836
4,268,2.46824049949646
4,269,2.571290969848633
4,270,2.6208462715148926
4,271,2.6510510444641113
4,272,3.184063673019409
4,273,2.641420841217041
4,274,2.3476250171661377
4,275,2.506707191467285
4,276,2.724081516265869
4,277,2.2635955810546875
4,278,3.003662109375
4,279,2.477166175842285
4,280,1.7797667980194092
4,281,2.623920202255249
4,282,2.3652055263519287
4,283,2.9934961795806885
4,284,2.6316134929656982
4,285,2.836233139038086
4,286,2.565605640411377
4,287,2.181995153427124
4,288,2.4460289478302
4,289,2.6986708641052246
4,290,2.0206921100616455
4,291,2.183622121810913
4,292,2.6989264488220215
4,293,2.509763717651367
4,294,3.056864023208618
4,295,2.350602388381958
4,296,2.51214861869812
4,297,3.247220754623413
4,298,2.2200942039489746
4,299,2.438235282897949
4,300,2.3438942432403564
4,301,2.5076277256011963
4,302,2.772693157196045
4,303,2.355106830596924
4,304,2.269974708557129
4,305,2.527863025665283
4,306,2.6155755519866943
4,307,2.9121763706207275
4,308,2.5229785442352295
4,309,2.6750850677490234
4,310,2.5136327743530273
4,311,2.175776958465576
5,0,2.2838876247406006
5,1,3.5409560203552246
5,2,2.324639081954956
5,3,2.5497336387634277
5,4,3.0168471336364746
5,5,2.8989007472991943
5,6,2.9118731021881104
5,7,2.5158469676971436
5,8,2.4491701126098633
5,9,2.2673115730285645
5,10,2.690669536590576
5,11,1.9170258045196533
5,12,2.25253963470459
5,13,2.748750686645508
5,14,2.6644363403320312
5,15,2.420114278793335
5,16,3.0111939907073975
5,17,2.5376672744750977
5,18,2.3367183208465576
5,19,2.8783326148986816
5,20,2.3852386474609375
5,21,2.6203536987304688
5,22,2.656905174255371
5,23,2.984741449356079
5,24,1.9194409847259521
5,25,2.32993483543396
5,26,2.3458926677703857
5,27,2.1808273792266846
5,28,3.247974157333374
5,29,2.525416612625122
5,30,2.850374698638916
5,31,2.545651435852051
5,32,2.5264699459075928
5,33,2.4541749954223633
5,34,2.519503116607666
5,35,2.660146713256836
5,36,2.755316734313965
5,37,2.221137046813965
5,38,2.4713430404663086
5,39,3.2570624351501465
5,40,2.399806499481201
5,41,2.205843687057495
5,42,2.5336015224456787
5,43,2.2895894050598145
5,44,2.329124689102173
5,45,2.1180992126464844
5,46,2.3008227348327637
5,47,2.1570210456848145
5,48,2.5325658321380615
5,49,2.508192539215088
5,50,2.1838266849517822
5,51,2.271801471710205
5,52,2.5429532527923584
5,53,2.3132128715515137
5,54,2.6082053184509277
5,55,2.2447829246520996
5,56,2.272738218307495
5,57,1.931250810623169
5,58,2.9029016494750977
5,59,2.6317999362945557
5,60,3.3641726970672607
5,61,2.365445613861084
5,62,2.210221290588379
5,63,2.322871208190918
5,64,2.090078592300415
5,65,2.7498950958251953
5,66,2.4842634201049805
5,67,2.1060307025909424
5,68,2.2084035873413086
5,69,2.6929855346679688
5,70,2.741184711456299
5,71,2.730648994445801
5,72,1.965529203414917
5,73,2.341301679611206
5,74,2.3333184719085693
5,75,2.530088424682617
5,76,2.500467538833618
5,77,2.334517478942871
5,78,2.252702236175537
5,79,2.1259005069732666
5,80,2.204525947570801
5,81,2.399165630340576
5,82,2.046671152114868
5,83,2.4644505977630615
5,84,2.5039751529693604
5,85,2.103741407394409
5,86,2.6079635620117188
5,87,2.428706169128418
5,88,2.661905288696289
5,89,3.6214864253997803
5,90,3.1299209594726562
5,91,2.2804768085479736
5,92,2.744198799133301
5,93,2.123981475830078
5,94,2.3332841396331787
5,95,2.640655994415283
5,96,2.211620807647705
5,97,3.0566928386688232
5,98,2.334627151489258
5,99,2.0815751552581787
5,100,2.2138595581054688
5,101,2.5151219367980957
5,102,2.7293241024017334
5,103,2.782158613204956
5,104,2.358825445175171
5,105,2.551246166229248
5,106,2.39267897605896
5,107,2.7018790245056152
5,108,2.805258274078369
5,109,2.515991687774658
5,110,2.581496238708496
5,111,1.9829530715942383
5,112,2.399526596069336
5,113,2.4570131301879883
5,114,3.3180270195007324
5,115,2.0833353996276855
5,116,2.6875908374786377
5,117,2.901538848876953
5,118,2.6577324867248535
5,119,2.6361725330352783
5,120,3.0071117877960205
5,121,2.3908352851867676
5,122,2.432431697845459
5,123,2.4973511695861816
5,124,2.6560182571411133
5,125,2.714911699295044
5,126,2.518040657043457
5,127,1.8457658290863037
5,128,2.435753345489502
5,129,2.960305690765381
5,130,2.6285743713378906
5,131,2.828446865081787
5,132,2.321960687637329
5,133,2.429203510284424
5,134,3.0057055950164795
5,135,2.578181266784668
5,136,2.209789752960205
5,137,2.5011322498321533
5,138,2.1026697158813477
5,139,2.668917655944824
5,140,2.467759609222412
5,141,2.1380062103271484
5,142,2.6400513648986816
5,143,2.511768341064453
5,144,2.6010818481445312
5,145,2.540314197540283
5,146,2.552154779434204
5,147,2.31402325630188
5,148,3.480292320251465
5,149,2.6871016025543213
5,150,2.4567031860351562
5,151,2.322050094604492
5,152,2.864715337753296
5,153,2.134678602218628
5,154,2.316032886505127
5,155,2.2345058917999268
5,156,1.991898536682129
5,157,2.645786762237549
5,158,2.159865379333496
5,159,2.1844258308410645
5,160,2.5850703716278076
5,161,2.3017125129699707
5,162,2.6258890628814697
5,163,2.3367624282836914
5,164,2.1961941719055176
5,165,2.8164234161376953
5,166,2.5317232608795166
5,167,2.6685292720794678
5,168,2.6012051105499268
5,169,1.92782723903656
5,170,2.2262744903564453
5,171,2.1643242835998535
5,172,2.582575559616089
5,173,2.3151464462280273
5,174,2.411994218826294
5,175,2.6498022079467773
5,176,2.275322675704956
5,177,2.470658779144287
5,178,2.462092399597168
5,179,2.6923465728759766
5,180,2.4657468795776367
5,181,2.8071062564849854
5,182,2.650251865386963
5,183,2.214137077331543
5,184,2.040419816970825
5,185,2.0630311965942383
5,186,2.5743727684020996
5,187,2.013650417327881
5,188,2.164175510406494
5,189,2.5474228858947754
5,190,2.1872787475585938
5,191,2.461498260498047
5,192,2.4555673599243164
5,193,2.6464123725891113
5,194,2.0541627407073975
5,195,2.5160446166992188
5,196,2.7403388023376465
5,197,2.2765398025512695
5,198,2.280386447906494
5,199,3.138319969177246
5,200,2.709852457046509
5,201,2.1554362773895264
5,202,3.1282742023468018
5,203,2.289510488510132
5,204,2.2885289192199707
5,205,2.2508492469787598
5,206,2.13134503364563
5,207,2.2769365310668945
5,208,2.3397912979125977
5,209,2.1795949935913086
5,210,2.620323657989502
5,211,2.2418601512908936
5,212,2.208827495574951
5,213,1.8908264636993408
5,214,2.325191020965576
5,215,2.630072593688965
5,216,2.279087781906128
5,217,2.9487972259521484
5,218,2.771921157836914
5,219,2.5057601928710938
5,220,2.378654718399048
5,221,2.3169381618499756
5,222,2.3159420490264893
5,223,2.613140821456909
5,224,2.974597454071045
5,225,2.5337913036346436
5,226,2.306748628616333
5,227,2.2487435340881348
5,228,2.2366819381713867
5,229,2.237889289855957
5,230,2.3413610458374023
5,231,2.347425699234009
5,232,2.3704020977020264
5,233,2.423740863800049
5,234,2.7657713890075684
5,235,2.22119140625
5,236,2.3240575790405273
5,237,2.6636037826538086
5,238,2.8571531772613525
5,239,2.9471936225891113
5,240,2.39487361907959
5,241,2.2197043895721436
5,242,2.3932132720947266
5,243,2.1187429428100586
5,244,2.971036195755005
5,245,2.0169525146484375
5,246,2.0643866062164307
5,247,2.2791993618011475
5,248,2.4571292400360107
5,249,2.448981761932373
5,250,2.356353282928467
5,251,1.708896279335022
5,252,2.1925363540649414
5,253,2.5025367736816406
5,254,2.564493179321289
5,255,2.6814985275268555
5,256,1.8908753395080566
5,257,2.6843600273132324
5,258,2.070523977279663
5,259,2.112380027770996
5,260,1.9514455795288086
5,261,2.3400957584381104
5,262,2.507845640182495
5,263,2.7423205375671387
5,264,2.0031604766845703
5,265,2.594475269317627
5,266,2.0011579990386963
5,267,2.3050003051757812
5,268,1.9801390171051025
5,269,2.787158727645874
5,270,2.048919200897217
5,271,2.1816906929016113
5,272,2.23276424407959
5,273,2.088991641998291
5,274,2.59714937210083
5,275,2.5480334758758545
5,276,2.3517777919769287
5,277,2.4748897552490234
5,278,2.838848114013672
5,279,2.480670928955078
5,280,2.579263210296631
5,281,2.753399133682251
5,282,2.2511003017425537
5,283,2.2966935634613037
5,284,2.857327461242676
5,285,2.761531114578247
5,286,2.6265807151794434
5,287,2.5261030197143555
5,288,2.5444908142089844
5,289,2.4926161766052246
5,290,2.509404420852661
5,291,2.4512205123901367
5,292,2.720219612121582
5,293,2.234969139099121
5,294,2.583582878112793
5,295,2.3647594451904297
5,296,2.380398988723755
5,297,2.108342170715332
5,298,2.8212409019470215
5,299,2.5948030948638916
5,300,2.2976858615875244
5,301,2.147043228149414
5,302,2.3233895301818848
5,303,2.5169780254364014
5,304,2.3509104251861572
5,305,2.415271520614624
5,306,2.370710849761963
5,307,2.3128275871276855
5,308,2.315253734588623
5,309,1.9686031341552734
5,310,2.5028457641601562
5,311,2.2175710201263428
6,0,2.7039647102355957
6,1,1.7038333415985107
6,2,2.335754156112671
6,3,2.2360239028930664
6,4,2.211256504058838
6,5,2.5869085788726807
6,6,2.0457355976104736
6,7,2.2038557529449463
6,8,2.1195108890533447
6,9,3.0108587741851807
6,10,2.8499341011047363
6,11,2.4202096462249756
6,12,2.8549256324768066
6,13,2.2736449241638184
6,14,2.2747879028320312
6,15,2.5824971199035645
6,16,2.142673969268799
6,17,2.620404005050659
6,18,1.9352247714996338
6,19,1.941848635673523
6,20,2.2529289722442627
6,21,2.5120840072631836
6,22,2.767359972000122
6,23,2.4408276081085205
6,24,2.247987985610962
6,25,2.568269729614258
6,26,2.357903003692627
6,27,2.3195102214813232
6,28,1.994898796081543
6,29,2.5356926918029785
6,30,1.9328022003173828
6,31,1.9472694396972656
6,32,2.8218445777893066
6,33,2.10420298576355
6,34,2.2236204147338867
6,35,2.2711660861968994
6,36,2.101555585861206
6,37,2.5712568759918213
6,38,2.5482802391052246
6,39,2.8854219913482666
6,40,2.422086715698242
6,41,1.9802296161651611
6,42,2.8888449668884277
6,43,2.2824196815490723
6,44,2.021868944168091
6,45,2.8254003524780273
6,46,2.5582683086395264
6,47,2.111652135848999
6,48,2.2001187801361084
6,49,1.7904691696166992
6,50,2.0857815742492676
6,51,2.218048572540283
6,52,2.4033262729644775
6,53,2.542630672454834
6,54,2.0424225330352783
6,55,2.659407377243042
6,56,2.4849209785461426
6,57,2.223510503768921
6,58,2.073733329772949
6,59,2.065934896469116
6,60,2.2811691761016846
6,61,2.246440887451172
6,62,2.349839925765991
6,63,2.469928026199341
6,64,2.158702850341797
6,65,2.658923387527466
6,66,2.521202802658081
6,67,2.654175043106079
6,68,2.437516689300537
6,69,2.0187370777130127
6,70,2.3013477325439453
6,71,2.2242088317871094
6,72,1.7365351915359497
6,73,2.727264881134033
6,74,2.2574148178100586
6,75,2.3623883724212646
6,76,2.1637930870056152
6,77,2.225654363632202
6,78,2.2577762603759766
6,79,2.301166534423828
6,80,1.937417984008789
6,81,2.1880087852478027
6,82,2.5434048175811768
6,83,2.1648106575012207
6,84,2.162736177444458
6,85,2.056748151779175
6,86,2.3295373916625977
6,87,2.6459124088287354
6,88,2.5779404640197754
6,89,2.593679428100586
6,90,1.9741709232330322
6,91,2.384523391723633
6,92,2.533792018890381
6,93,2.6750235557556152
6,94,2.195614814758301
6,95,2.1062254905700684
6,96,2.419187068939209
6,97,2.8328661918640137
6,98,2.196265459060669
6,99,2.2370142936706543
6,100,2.1389031410217285
6,101,2.3428547382354736
6,102,2.1950812339782715
6,103,2.296023368835449
6,104,2.450164318084717
6,105,2.6111199855804443
6,106,2.2434773445129395
6,107,2.25439453125
6,108,2.4910435676574707
6,109,2.1634726524353027
6,110,2.3106422424316406
6,111,2.7366132736206055
6,112,2.321685314178467
6,113,2.2041735649108887
6,114,2.7802786827087402
6,115,2.48417067527771
6,116,2.475583076477051
6,117,2.2321958541870117
6,118,2.423722743988037
6,119,2.490598440170288
6,120,2.2830111980438232
6,121,2.492462396621704
6,122,2.085404634475708
6,123,2.3276314735412598
6,124,2.35821533203125
6,125,2.557425022125244
6,126,2.4137496948242188
6,127,2.241161346435547
6,128,2.7460358142852783
6,129,2.2017133235931396
6,130,2.51373553276062
6,131,2.850105047225952
6,132,2.837862730026245
6,133,2.6449129581451416
6,134,2.1335270404815674
6,135,2.7137293815612793
6,136,2.5383989810943604
6,137,2.4457573890686035
6,138,2.3107852935791016
6,139,2.0554134845733643
6,140,2.211294412612915
6,141,3.0664443969726562
6,142,2.278313636779785
6,143,2.1740872859954834
6,144,2.3078551292419434
6,145,2.3169331550598145
6,146,2.148923873901367
6,147,2.492766857147217
6,148,2.1204118728637695
6,149,2.344942092895508
6,150,2.919407367706299
6,151,1.8908071517944336
6,152,2.031208038330078
6,153,2.103390693664551
6,154,2.248922348022461
6,155,2.4937856197357178
6,156,2.7499887943267822
6,157,2.806997299194336
6,158,2.5305182933807373
6,159,3.1682376861572266
6,160,2.3880624771118164
6,161,2.8978335857391357
6,162,2.33445405960083
6,163,2.8521406650543213
6,164,2.1741580963134766
6,165,1.7350109815597534
6,166,2.124040126800537
6,167,2.327730655670166
6,168,2.082122564315796
6,169,2.8015389442443848
6,170,2.4424426555633545
6,171,2.803506374359131
6,172,2.11948823928833
6,173,2.2550973892211914
6,174,2.282693386077881
6,175,2.5076305866241455
6,176,1.968806505203247
6,177,2.9864230155944824
6,178,2.1464126110076904
6,179,3.001193046569824
6,180,2.43399977684021
6,181,2.3702914714813232
6,182,2.1423027515411377
6,183,2.0234375
6,184,2.3861799240112305
6,185,1.8763288259506226
6,186,2.4423482418060303
6,187,2.6380615234375
6,188,2.7357993125915527
6,189,2.157642364501953
6,190,2.2992043495178223
6,191,2.411527395248413
6,192,2.2401514053344727
6,193,2.729430675506592
6,194,2.281822443008423
6,195,2.692523956298828
6,196,2.0934958457946777
6,197,2.355595350265503
6,198,1.992931842803955
6,199,1.933701992034912
6,200,2.191829204559326
6,201,2.053554058074951
6,202,2.0327322483062744
6,203,1.9861867427825928
6,204,2.360168218612671
6,205,1.833808183670044
6,206,2.4393868446350098
6,207,1.8770287036895752
6,208,2.482029914855957
6,209,2.4707798957824707
6,210,2.012796401977539
6,211,3.147447109222412
6,212,2.7058136463165283
6,213,2.2405877113342285
6,214,1.9605154991149902
6,215,1.7890547513961792
6,216,2.7278499603271484
6,217,2.451030969619751
6,218,2.4206695556640625
6,219,2.352457046508789
6,220,2.1125307083129883
6,221,2.226956367492676
6,222,1.9569990634918213
6,223,2.1661367416381836
6,224,2.696053981781006
6,225,2.1201415061950684
6,226,2.22458553314209
6,227,2.3389883041381836
6,228,2.505357265472412
6,229,2.1162912845611572
6,230,2.1533823013305664
6,231,2.5558981895446777
6,232,2.5005602836608887
6,233,2.253030300140381
6,234,2.119255304336548
6,235,2.1849493980407715
6,236,2.161308765411377
6,237,2.5972542762756348
6,238,2.652068853378296
6,239,2.056225299835205
6,240,2.8988752365112305
6,241,2.291782855987549
6,242,2.2481753826141357
6,243,2.348986864089966
6,244,2.629040241241455
6,245,2.0816190242767334
6,246,2.502871036529541
6,247,2.0130276679992676
6,248,2.5916075706481934
6,249,2.2061734199523926
6,250,2.3761584758758545
6,251,2.1864147186279297
6,252,1.906082272529602
6,253,2.651921272277832
6,254,2.3256306648254395
6,255,2.349358558654785
6,256,2.1517844200134277
6,257,2.593954086303711
6,258,2.4669299125671387
6,259,2.6090993881225586
6,260,1.9927077293395996
6,261,2.3908820152282715
6,262,2.3872997760772705
6,263,2.04862117767334
6,264,1.8326698541641235
6,265,2.530367374420166
6,266,2.630214214324951
6,267,2.4224753379821777
6,268,2.8307583332061768
6,269,2.7225799560546875
6,270,2.7697253227233887
6,271,2.766923666000366
6,272,2.6251466274261475
6,273,2.3978185653686523
6,274,2.3812074661254883
6,275,2.076174020767212
6,276,2.271554946899414
6,277,2.2583060264587402
6,278,2.260136842727661
6,279,2.674494504928589
6,280,2.404876947402954
6,281,2.166242837905884
6,282,2.0420382022857666
6,283,2.6149895191192627
6,284,2.4676289558410645
6,285,1.9280043840408325
6,286,2.45780611038208
6,287,2.0505290031433105
6,288,2.491635799407959
6,289,2.3919663429260254
6,290,2.5254411697387695
6,291,2.3857452869415283
6,292,2.2842798233032227
6,293,2.060157299041748
6,294,2.392289638519287
6,295,2.7388269901275635
6,296,2.262908458709717
6,297,2.4288887977600098
6,298,2.3110601902008057
6,299,1.999631404876709
6,300,2.0187602043151855
6,301,1.921445369720459
6,302,2.4815075397491455
6,303,1.7895197868347168
6,304,2.4562296867370605
6,305,2.2068850994110107
6,306,2.130330801010132
6,307,2.2328786849975586
6,308,2.083449363708496
6,309,2.4080448150634766
6,310,2.1718757152557373
6,311,2.263152599334717
7,0,2.1832022666931152
7,1,2.516069173812866
7,2,2.835561990737915
7,3,2.6073927879333496
7,4,2.780992031097412
7,5,1.9255092144012451
7,6,2.110893964767456
7,7,2.550297737121582
7,8,1.9318718910217285
7,9,2.4007983207702637
7,10,2.2837963104248047
7,11,2.12721586227417
7,12,2.2075047492980957
7,13,2.628920316696167
7,14,1.82597815990448
7,15,2.207049608230591
7,16,2.268383741378784
7,17,2.328089952468872
7,18,2.49784517288208
7,19,1.9340424537658691
7,20,2.32149600982666
7,21,2.8112106323242188
7,22,2.1248939037323
7,23,2.2452335357666016
7,24,2.891979455947876
7,25,2.2636356353759766
7,26,2.736088752746582
7,27,2.949366569519043
7,28,1.991890788078308
7,29,2.491093397140503
7,30,2.4058408737182617
7,31,2.3210599422454834
7,32,1.9929020404815674
7,33,2.334418296813965
7,34,2.6093499660491943
7,35,1.9572099447250366
7,36,2.3554413318634033
7,37,2.042287826538086
7,38,2.267519474029541
7,39,2.5555121898651123
7,40,2.0598130226135254
7,41,2.1536457538604736
7,42,2.192176580429077
7,43,2.0534591674804688
7,44,2.429442882537842
7,45,2.1263461112976074
7,46,2.2288880348205566
7,47,2.493278980255127
7,48,2.3726658821105957
7,49,2.5070302486419678
7,50,2.531581401824951
7,51,2.077908992767334
7,52,2.2705183029174805
7,53,2.218733310699463
7,54,2.632589817047119
7,55,2.0355916023254395
7,56,2.5567715167999268
7,57,2.3555796146392822
7,58,2.1890416145324707
7,59,2.1312103271484375
7,60,2.0929980278015137
7,61,1.7304608821868896
7,62,2.232692003250122
7,63,2.7967562675476074
7,64,2.401520013809204
7,65,2.0976667404174805
7,66,2.400822639465332
7,67,2.095276355743408
7,68,1.8651841878890991
7,69,2.267819404602051
7,70,2.5620779991149902
7,71,2.3165180683135986
7,72,2.3728411197662354
7,73,2.3011860847473145
7,74,2.007288932800293
7,75,1.9279062747955322
7,76,2.4577293395996094
7,77,1.9535731077194214
7,78,2.0690150260925293
7,79,2.347381591796875
7,80,2.1937594413757324
7,81,2.1911346912384033
7,82,2.1547770500183105
7,83,2.0956335067749023
7,84,1.7872533798217773
7,85,2.203864812850952
7,86,2.339477062225342
7,87,2.4245052337646484
7,88,1.9480936527252197
7,89,2.197878360748291
7,90,2.1521270275115967
7,91,2.0322089195251465
7,92,2.449589729309082
7,93,2.1442461013793945
7,94,2.121706962585449
7,95,1.9941378831863403
7,96,2.1617989540100098
7,97,2.244737148284912
7,98,2.1768691539764404
7,99,2.5886669158935547
7,100,1.8764729499816895
7,101,1.9345546960830688
7,102,2.489323139190674
7,103,1.8603328466415405
7,104,2.389284133911133
7,105,2.1822872161865234
7,106,2.243441104888916
7,107,2.2164087295532227
7,108,2.057380199432373
7,109,1.9753484725952148
7,110,2.3320555686950684
7,111,1.9656935930252075
7,112,2.6506118774414062
7,113,2.443052053451538
7,114,2.3822460174560547
7,115,2.2146570682525635
7,116,2.1592445373535156
7,117,2.151085615158081
7,118,2.3335607051849365
7,119,2.566324234008789
7,120,2.4622011184692383
7,121,2.1146411895751953
7,122,2.3145925998687744
7,123,2.3418452739715576
7,124,2.511245012283325
7,125,1.8927404880523682
7,126,2.741940498352051
7,127,2.901745557785034
7,128,2.77372145652771
7,129,2.586369037628174
7,130,2.0870070457458496
7,131,2.464038372039795
7,132,2.516267776489258
7,133,2.1349058151245117
7,134,2.4094245433807373
7,135,2.083688259124756
7,136,2.4618258476257324
7,137,2.060260534286499
7,138,2.026846170425415
7,139,1.7740199565887451
7,140,2.524747848510742
7,141,2.3671960830688477
7,142,2.591911792755127
7,143,2.0938520431518555
7,144,2.1535415649414062
7,145,2.1490697860717773
7,146,2.133622407913208
7,147,1.7593733072280884
7,148,2.143301010131836
7,149,2.8679208755493164
7,150,2.683882713317871
7,151,2.162912368774414
7,152,2.4686412811279297
7,153,2.1593666076660156
7,154,2.223104476928711
7,155,2.0752923488616943
7,156,1.8063158988952637
7,157,1.9896631240844727
7,158,2.405153751373291
7,159,1.778265357017517
7,160,2.043341875076294
7,161,2.012129068374634
7,162,2.1800894737243652
7,163,2.4690804481506348
7,164,2.1933560371398926
7,165,2.0512306690216064
7,166,2.025174140930176
7,167,2.557563304901123
7,168,1.950563669204712
7,169,2.097933292388916
7,170,2.0499491691589355
7,171,1.8720428943634033
7,172,2.5560505390167236
7,173,2.2148280143737793
7,174,1.9035253524780273
7,175,2.041339874267578
7,176,2.4570508003234863
7,177,2.348959445953369
7,178,2.3337841033935547
7,179,2.271845817565918
7,180,2.401907444000244
7,181,2.4832656383514404
7,182,1.798864483833313
7,183,2.173832893371582
7,184,1.90889573097229
7,185,2.0444936752319336
7,186,2.8574464321136475
7,187,2.1426117420196533
7,188,1.7791829109191895
7,189,1.912972092628479
7,190,1.9857356548309326
7,191,2.1998398303985596
7,192,2.4634482860565186
7,193,1.7070598602294922
7,194,2.458646774291992
7,195,2.211974620819092
7,196,2.2004916667938232
7,197,2.536677360534668
7,198,2.42510986328125
7,199,2.3329429626464844
7,200,2.484703540802002
7,201,2.249265193939209
7,202,1.9068232774734497
7,203,2.0639021396636963
7,204,2.14957857131958
7,205,2.156179189682007
7,206,2.190361976623535
7,207,2.0692508220672607
7,208,1.723246693611145
7,209,2.5370006561279297
7,210,2.268692970275879
7,211,1.861886978149414
7,212,2.1647775173187256
7,213,2.2825498580932617
7,214,1.7145744562149048
7,215,2.2300238609313965
7,216,2.0898656845092773
7,217,2.1551334857940674
7,218,2.149704694747925
7,219,2.212531805038452
7,220,2.339481830596924
7,221,2.7013039588928223
7,222,2.0576412677764893
7,223,2.1037511825561523
7,224,2.3938848972320557
7,225,2.1510534286499023
7,226,2.341472864151001
7,227,2.6820948123931885
7,228,1.958054542541504
7,229,2.191169261932373
7,230,2.2347447872161865
7,231,2.235374689102173
7,232,2.175466775894165
7,233,2.1278934478759766
7,234,2.870098114013672
7,235,1.8961268663406372
7,236,2.32306170463562
7,237,2.0169148445129395
7,238,2.785834312438965
7,239,2.233071804046631
7,240,2.50447154045105
7,241,2.1218976974487305
7,242,2.2495946884155273
7,243,2.335747480392456
7,244,2.193016767501831
7,245,2.1129679679870605
7,246,2.2273967266082764
7,247,2.5002901554107666
7,248,2.2500720024108887
7,249,2.4660086631774902
7,250,2.482860565185547
7,251,2.5101382732391357
7,252,2.3687856197357178
7,253,1.9717051982879639
7,254,2.351827621459961
7,255,1.943298101425171
7,256,2.0965843200683594
7,257,2.2509403228759766
7,258,1.8024877309799194
7,259,2.504636526107788
7,260,2.352747678756714
7,261,2.4030370712280273
7,262,2.3686487674713135
7,263,2.3157424926757812
7,264,1.8969578742980957
7,265,2.834467649459839
7,266,2.068363904953003
7,267,2.2526001930236816
7,268,2.411802291870117
7,269,2.132920026779175
7,270,2.234074592590332
7,271,2.248084545135498
7,272,2.071185350418091
7,273,2.1390469074249268
7,274,2.2364368438720703
7,275,2.7554664611816406
7,276,2.0895485877990723
7,277,2.1261825561523438
7,278,3.0747499465942383
7,279,2.206028938293457
7,280,2.1033217906951904
7,281,2.3305013179779053
7,282,2.2843475341796875
7,283,2.376983642578125
7,284,2.3257827758789062
7,285,2.093106746673584
7,286,2.2391977310180664
7,287,2.3213982582092285
7,288,2.4004857540130615
7,289,2.1568968296051025
7,290,2.149796485900879
7,291,1.8485877513885498
7,292,2.7217111587524414
7,293,2.556795120239258
7,294,2.2594306468963623
7,295,2.075348377227783
7,296,2.2608160972595215
7,297,2.548159599304199
7,298,2.1552770137786865
7,299,2.3803703784942627
7,300,2.098684310913086
7,301,2.0833725929260254
7,302,1.9651613235473633
7,303,2.0375874042510986
7,304,1.738696575164795
7,305,2.399949550628662
7,306,2.1426310539245605
7,307,2.0038280487060547
7,308,2.0084285736083984
7,309,2.571460485458374
7,310,2.128197193145752
7,311,1.9574558734893799
8,0,2.112945556640625
8,1,2.0914454460144043
8,2,2.386596918106079
8,3,2.454756021499634
8,4,2.2564287185668945
8,5,2.155799150466919
8,6,2.011392116546631
8,7,2.537494659423828
8,8,2.4260830879211426
8,9,2.2965543270111084
8,10,2.127941131591797
8,11,1.9923982620239258
8,12,2.0281176567077637
8,13,1.846456527709961
8,14,2.1079938411712646
8,15,2.33723783493042
8,16,2.0306448936462402
8,17,1.9411684274673462
8,18,2.2699005603790283
8,19,1.8640658855438232
8,20,2.043872117996216
8,21,2.4705898761749268
8,22,2.143523931503296
8,23,2.0513734817504883
8,24,1.9970893859863281
8,25,1.7024004459381104
8,26,2.1876354217529297
8,27,2.049901008605957
8,28,2.3679816722869873
8,29,1.7649831771850586
8,30,2.2215590476989746
8,31,2.4307243824005127
8,32,2.1040005683898926
8,33,2.419922113418579
8,34,1.8256632089614868
8,35,1.9243721961975098
8,36,1.9522905349731445
8,37,1.9716726541519165
8,38,2.260688304901123
8,39,2.2089080810546875
8,40,2.0691308975219727
8,41,2.208195686340332
8,42,2.2364535331726074
8,43,2.1016032695770264
8,44,2.408604860305786
8,45,2.2313945293426514
8,46,1.9014045000076294
8,47,2.1362080574035645
8,48,2.4419188499450684
8,49,2.4254045486450195
8,50,2.050474166870117
8,51,2.1480045318603516
8,52,2.0988149642944336
8,53,1.9574954509735107
8,54,3.015678644180298
8,55,2.132747173309326
8,56,2.3250303268432617
8,57,2.5840396881103516
8,58,2.2722787857055664
8,59,2.4156558513641357
8,60,1.8746987581253052
8,61,2.2765426635742188
8,62,2.1588680744171143
8,63,2.176996946334839
8,64,2.2613956928253174
8,65,2.05881404876709
8,66,2.3802645206451416
8,67,1.8078824281692505
8,68,2.034424304962158
8,69,1.8428192138671875
8,70,1.9770762920379639
8,71,2.4803004264831543
8,72,2.0078651905059814
8,73,2.4174749851226807
8,74,1.992272973060608
8,75,2.5186948776245117
8,76,2.1920323371887207
8,77,2.032113552093506
8,78,2.4322142601013184
8,79,2.089376926422119
8,80,1.4538522958755493
8,81,2.5077567100524902
8,82,2.4455413818359375
8,83,1.8303462266921997
8,84,2.0021772384643555
8,85,2.3320212364196777
8,86,2.281985282897949
8,87,2.105210781097412
8,88,2.310737371444702
8,89,1.877465844154358
8,90,1.8439521789550781
8,91,2.0822930335998535
8,92,2.186086416244507
8,93,1.7457407712936401
8,94,1.9423789978027344
8,95,2.5038399696350098
8,96,1.823169231414795
8,97,2.4209892749786377
8,98,2.2225937843322754
8,99,2.4862213134765625
8,100,2.2992610931396484
8,101,2.2973814010620117
8,102,2.091156005859375
8,103,2.180692434310913
8,104,2.055633306503296
8,105,1.9321261644363403
8,106,2.3502817153930664
8,107,2.267496109008789
8,108,2.107766628265381
8,109,2.3873918056488037
8,110,2.171222686767578
8,111,1.9281673431396484
8,112,2.2132272720336914
8,113,2.105740547180176
8,114,2.2284111976623535
8,115,2.3184664249420166
8,116,2.0315420627593994
8,117,2.2877743244171143
8,118,1.9990689754486084
8,119,2.3180737495422363
8,120,2.146547555923462
8,121,2.3103740215301514
8,122,2.203244924545288
8,123,1.6905708312988281
8,124,1.9499050378799438
8,125,2.15183687210083
8,126,2.1199119091033936
8,127,2.3603715896606445
8,128,1.845679521560669
8,129,2.3911519050598145
8,130,2.0472493171691895
8,131,2.3363122940063477
8,132,1.9912633895874023
8,133,1.8484411239624023
8,134,2.337472915649414
8,135,2.0836312770843506
8,136,2.1594796180725098
8,137,1.9617887735366821
8,138,2.138017416000366
8,139,2.1534385681152344
8,140,2.356072187423706
8,141,1.9570693969726562
8,142,2.3230526447296143
8,143,2.2102293968200684
8,144,2.2820186614990234
8,145,2.4933857917785645
8,146,2.8451151847839355
8,147,2.414182186126709
8,148,2.1663904190063477
8,149,1.8793919086456299
8,150,2.324726104736328
8,151,2.5611672401428223
8,152,1.9591131210327148
8,153,1.9372795820236206
8,154,1.944602131843567
8,155,1.960965871810913
8,156,2.0098438262939453
8,157,2.039574384689331
8,158,2.2273149490356445
8,159,1.567836046218872
8,160,2.376828193664551
8,161,2.394784450531006
8,162,1.9819673299789429
8,163,2.1894333362579346
8,164,2.5406837463378906
8,165,1.8663649559020996
8,166,1.8304228782653809
8,167,1.9280314445495605
8,168,2.166144609451294
8,169,1.7987370491027832
8,170,1.9209433794021606
8,171,2.068406581878662
8,172,2.342822313308716
8,173,2.232149124145508
8,174,1.8774276971817017
8,175,2.1159868240356445
8,176,1.6312739849090576
8,177,1.7694793939590454
8,178,1.9108853340148926
8,179,2.2153267860412598
8,180,1.8257418870925903
8,181,2.1384243965148926
8,182,2.6459860801696777
8,183,2.336434841156006
8,184,2.536278009414673
8,185,1.922990322113037
8,186,2.156741142272949
8,187,2.181684732437134
8,188,2.29556941986084
8,189,2.4790587425231934
8,190,2.274231433868408
8,191,2.2951507568359375
8,192,2.1842668056488037
8,193,2.2674851417541504
8,194,1.8568518161773682
8,195,1.6667119264602661
8,196,1.708641767501831
8,197,2.493948459625244
8,198,2.177373170852661
8,199,2.372371196746826
8,200,2.0046238899230957
8,201,2.270745038986206
8,202,2.0946755409240723
8,203,2.3936009407043457
8,204,2.173107147216797
8,205,2.4349172115325928
8,206,2.2780652046203613
8,207,2.0742404460906982
8,208,2.6193106174468994
8,209,2.019693374633789
8,210,2.1768176555633545
8,211,2.438544273376465
8,212,2.1160337924957275
8,213,2.4193308353424072
8,214,2.5647871494293213
8,215,2.0064425468444824
8,216,2.4974262714385986
8,217,2.222923517227173
8,218,2.2583789825439453
8,219,2.3664674758911133
8,220,2.165686845779419
8,221,2.1020607948303223
8,222,1.9636974334716797
8,223,1.7207050323486328
8,224,1.9056999683380127
8,225,2.512967109680176
8,226,2.002790689468384
8,227,2.238398790359497
8,228,1.9761533737182617
8,229,2.0714895725250244
8,230,2.388068199157715
8,231,2.346795082092285
8,232,1.9331612586975098
8,233,2.046809673309326
8,234,2.0991783142089844
8,235,2.2810659408569336
8,236,2.2122130393981934
8,237,1.7457729578018188
8,238,2.233030319213867
8,239,2.676287889480591
8,240,2.2402403354644775
8,241,1.9286580085754395
8,242,1.7872998714447021
8,243,1.8239517211914062
8,244,2.3736658096313477
8,245,2.15486741065979
8,246,2.4258217811584473
8,247,1.9702043533325195
8,248,2.277118682861328
8,249,2.1177549362182617
8,250,1.7585020065307617
8,251,1.8069331645965576
8,252,2.3365540504455566
8,253,2.6421284675598145
8,254,2.015756130218506
8,255,2.119874954223633
8,256,2.2412683963775635
8,257,2.3319900035858154
8,258,2.2478508949279785
8,259,2.17226243019104
8,260,1.866436243057251
8,261,2.4085652828216553
8,262,1.9094802141189575
8,263,2.7389044761657715
8,264,1.675083041191101
8,265,2.017272710800171
8,266,1.9969706535339355
8,267,2.0983424186706543
8,268,1.875691294670105
8,269,1.8370044231414795
8,270,1.9664084911346436
8,271,2.1194658279418945
8,272,2.5544497966766357
8,273,1.9486024379730225
8,274,2.8509469032287598
8,275,1.85201895236969
8,276,2.5401453971862793
8,277,2.529715061187744
8,278,1.733817219734192
8,279,2.4053595066070557
8,280,1.867173671722412
8,281,1.9153803586959839
8,282,1.7989091873168945
8,283,2.3348662853240967
8,284,2.0197582244873047
8,285,2.263578414916992
8,286,2.4094433784484863
8,287,1.7385270595550537
8,288,2.0313868522644043
8,289,2.401167869567871
8,290,2.021359920501709
8,291,2.3769874572753906
8,292,2.0997841358184814
8,293,2.033611536026001
8,294,2.0749502182006836
8,295,1.9633808135986328
8,296,2.072519063949585
8,297,1.9673011302947998
8,298,2.173919439315796
8,299,2.210716962814331
8,300,1.9865572452545166
8,301,1.9141709804534912
8,302,2.1316914558410645
8,303,2.5841755867004395
8,304,1.9409081935882568
8,305,1.5939993858337402
8,306,2.558222532272339
8,307,2.2209949493408203
8,308,2.1995341777801514
8,309,2.1608572006225586
8,310,1.8120542764663696
8,311,2.113582134246826
9,0,1.813107967376709
9,1,2.3647656440734863
9,2,2.0267744064331055
9,3,1.9087226390838623
9,4,2.29952335357666
9,5,1.9958339929580688
9,6,2.168149948120117
9,7,1.96030855178833
9,8,2.3252110481262207
9,9,2.0601422786712646
9,10,2.325338840484619
9,11,2.3591747283935547
9,12,2.195496082305908
9,13,2.136094570159912
9,14,1.8774898052215576
9,15,1.7020337581634521
9,16,2.008944034576416
9,17,1.9891774654388428
9,18,1.7916239500045776
9,19,2.2923102378845215
9,20,2.0997583866119385
9,21,1.8895121812820435
9,22,2.1299681663513184
9,23,1.695202350616455
9,24,1.926030158996582
9,25,1.7060434818267822
9,26,1.8827404975891113
9,27,1.8223717212677002
9,28,2.0591907501220703
9,29,2.077418088912964
9,30,2.3211936950683594
9,31,2.314753532409668
9,32,1.980805516242981
9,33,1.9476577043533325
9,34,2.292323112487793
9,35,1.7326438426971436
9,36,1.9622137546539307
9,37,2.2399539947509766
9,38,2.1035196781158447
9,39,2.1356379985809326
9,40,1.8701939582824707
9,41,2.3066961765289307
9,42,1.7302082777023315
9,43,2.1491780281066895
9,44,1.8696620464324951
9,45,2.0897138118743896
9,46,2.0742053985595703
9,47,2.0755887031555176
9,48,2.3518850803375244
9,49,1.9129798412322998
9,50,1.6180154085159302
9,51,2.2745728492736816
9,52,2.2120251655578613
9,53,1.9966459274291992
9,54,2.173187732696533
9,55,1.9939647912979126
9,56,2.169501781463623
9,57,2.118694305419922
9,58,2.038980007171631
9,59,2.4566688537597656
9,60,2.5007529258728027
9,61,2.1573314666748047
9,62,2.1514077186584473
9,63,1.7658116817474365
9,64,2.509256601333618
9,65,1.8075861930847168
9,66,1.760934591293335
9,67,2.4318313598632812
9,68,2.0675241947174072
9,69,2.159121036529541
9,70,2.024651527404785
9,71,2.2563538551330566
9,72,2.552952766418457
9,73,1.5210765600204468
9,74,2.2321877479553223
9,75,2.0884039402008057
9,76,1.5750811100006104
9,77,2.297757625579834
9,78,1.8709707260131836
9,79,2.29152250289917
9,80,1.6263437271118164
9,81,2.4365296363830566
9,82,2.1446292400360107
9,83,1.8518033027648926
9,84,1.7220561504364014
9,85,1.7819013595581055
9,86,2.1086769104003906
9,87,2.3149466514587402
9,88,2.262402057647705
9,89,2.175806760787964
9,90,1.9356292486190796
9,91,2.1480188369750977
9,92,2.03934907913208
9,93,1.596608281135559
9,94,2.21134090423584
9,95,1.6330478191375732
9,96,2.037097930908203
9,97,1.8153083324432373
9,98,2.3168535232543945
9,99,1.9451801776885986
9,100,1.9718672037124634
9,101,2.006035089492798
9,102,1.9992260932922363
9,103,1.7961373329162598
9,104,2.233829975128174
9,105,1.904296875
9,106,2.8499486446380615
9,107,2.0283472537994385
9,108,1.8600337505340576
9,109,2.4632930755615234
9,110,1.9872891902923584
9,111,2.1077489852905273
9,112,2.1780569553375244
9,113,1.6133489608764648
9,114,2.1455819606781006
9,115,2.161109447479248
9,116,2.117746353149414
9,117,1.8981764316558838
9,118,2.0463762283325195
9,119,2.3020143508911133
9,120,2.1879191398620605
9,121,2.1956753730773926
9,122,2.0428686141967773
9,123,1.653661847114563
9,124,1.915321707725525
9,125,2.3417134284973145
9,126,2.256049394607544
9,127,1.9689706563949585
9,128,2.1049466133117676
9,129,2.283071756362915
9,130,1.9599823951721191
9,131,1.7695121765136719
9,132,1.944004774093628
9,133,1.8344873189926147
9,134,2.0361084938049316
9,135,1.9544365406036377
9,136,2.301886558532715
9,137,2.060647964477539
9,138,1.9242948293685913
9,139,2.3135242462158203
9,140,1.9719743728637695
9,141,2.048048496246338
9,142,1.7277727127075195
9,143,2.6653318405151367
9,144,2.014983892440796
9,145,2.2400856018066406
9,146,2.009913444519043
9,147,2.260425567626953
9,148,2.0642249584198
9,149,2.542678117752075
9,150,1.6297754049301147
9,151,2.290750503540039
9,152,2.023770332336426
9,153,2.0431294441223145
9,154,1.9396076202392578
9,155,2.261017322540283
9,156,2.089498519897461
9,157,2.287224531173706
9,158,2.1540591716766357
9,159,2.4407713413238525
9,160,2.3546741008758545
9,161,2.0189127922058105
9,162,1.9347188472747803
9,163,1.8870127201080322
9,164,1.8031522035598755
9,165,2.5194151401519775
9,166,1.6128501892089844
9,167,1.904886245727539
9,168,2.1586318016052246
9,169,1.8204593658447266
9,170,2.452420473098755
9,171,1.5366542339324951
9,172,1.799593448638916
9,173,1.6458494663238525
9,174,1.9950482845306396
9,175,2.7336301803588867
9,176,2.3769402503967285
9,177,2.299729347229004
9,178,2.1799192428588867
9,179,2.4596996307373047
9,180,2.086052417755127
9,181,2.120065927505493
9,182,2.3894498348236084
9,183,2.1868789196014404
9,184,2.085224151611328
9,185,2.029656410217285
9,186,2.5120482444763184
9,187,2.3907480239868164
9,188,2.2139031887054443
9,189,1.9825739860534668
9,190,1.918473720550537
9,191,2.122922658920288
9,192,1.9529645442962646
9,193,1.990594506263733
9,194,2.001434803009033
9,195,2.2418675422668457
9,196,1.8261849880218506
9,197,1.6448466777801514
9,198,2.0800492763519287
9,199,2.406898021697998
9,200,2.093730926513672
9,201,2.108745574951172
9,202,2.110327959060669
9,203,2.1264564990997314
9,204,2.5412392616271973
9,205,2.2446506023406982
9,206,2.096768379211426
9,207,2.1693267822265625
9,208,1.897535800933838
9,209,2.2013278007507324
9,210,1.9247751235961914
9,211,2.042829990386963
9,212,1.9036778211593628
9,213,2.3796162605285645
9,214,2.2756898403167725
9,215,1.9518041610717773
9,216,2.2164292335510254
9,217,2.230762243270874
9,218,2.5738399028778076
9,219,2.445329427719116
9,220,1.8706086874008179
9,221,2.196485996246338
9,222,2.4831786155700684
9,223,1.7701642513275146
9,224,2.182769536972046
9,225,2.203925132751465
9,226,2.143688678741455
9,227,2.041367530822754
9,228,2.2224721908569336
9,229,1.9601037502288818
9,230,1.7430050373077393
9,231,1.9541289806365967
9,232,1.8364286422729492
9,233,1.9608137607574463
9,234,2.4322404861450195
9,235,1.9496052265167236
9,236,1.7790088653564453
9,237,1.881988525390625
9,238,2.075307846069336
9,239,2.0765302181243896
9,240,2.2727832794189453
9,241,2.456425666809082
9,242,2.340599298477173
9,243,2.6463680267333984
9,244,2.291929006576538
9,245,1.8395590782165527
9,246,2.773646354675293
9,247,1.7415671348571777
9,248,2.031691074371338
9,249,2.144937515258789
9,250,2.5864434242248535
9,251,2.269087553024292
9,252,1.8876988887786865
9,253,1.9164509773254395
9,254,1.907315969467163
9,255,2.1061813831329346
9,256,2.345170021057129
9,257,2.2733945846557617
9,258,1.7959120273590088
9,259,2.322597026824951
9,260,2.268913984298706
9,261,2.0377087593078613
9,262,2.11700439453125
9,263,2.1339101791381836
9,264,2.4947452545166016
9,265,2.164301633834839
9,266,2.141867160797119
9,267,1.7906713485717773
9,268,1.7648569345474243
9,269,1.937494158744812
9,270,2.3483214378356934
9,271,2.4586524963378906
9,272,2.1496968269348145
9,273,1.9406533241271973
9,274,1.7176339626312256
9,275,2.107518434524536
9,276,2.044870376586914
9,277,1.9658632278442383
9,278,2.11041522026062
9,279,2.2613115310668945
9,280,1.9373176097869873
9,281,2.2489078044891357
9,282,2.118907928466797
9,283,2.561919689178467
9,284,2.115030288696289
9,285,2.451748847961426
9,286,1.8976624011993408
9,287,1.9303373098373413
9,288,1.8803662061691284
9,289,1.7125847339630127
9,290,2.135190010070801
9,291,2.166037082672119
9,292,2.2360363006591797
9,293,2.2245123386383057
9,294,2.103030204772949
9,295,2.127030849456787
9,296,1.9130362272262573
9,297,1.7986655235290527
9,298,2.0126724243164062
9,299,2.131406784057617
9,300,1.6834332942962646
9,301,2.14475679397583
9,302,2.225785255432129
9,303,1.908524751663208
9,304,2.0441884994506836
9,305,2.581650733947754
9,306,1.9853501319885254
9,307,1.7784123420715332
9,308,2.1182548999786377
9,309,1.5882867574691772
9,310,2.6736397743225098
9,311,2.056147575378418
10,0,1.9248685836791992
10,1,1.9804258346557617
10,2,2.0387837886810303
10,3,2.0061287879943848
10,4,1.809453010559082
10,5,1.9054014682769775
10,6,2.0934691429138184
10,7,2.014326810836792
10,8,1.824415683746338
10,9,2.496067762374878
10,10,2.3989741802215576
10,11,2.4125380516052246
10,12,1.8632116317749023
10,13,1.6595370769500732
10,14,1.921661615371704
10,15,2.0374512672424316
10,16,2.098501205444336
10,17,1.6717710494995117
10,18,1.8582186698913574
10,19,2.1379308700561523
10,20,2.120093822479248
10,21,1.8379971981048584
10,22,1.9337886571884155
10,23,1.8384928703308105
10,24,1.8033742904663086
10,25,1.6948473453521729
10,26,2.1363744735717773
10,27,2.107008218765259
10,28,1.687337875366211
10,29,2.2436015605926514
10,30,1.9705531597137451
10,31,2.5778841972351074
10,32,1.958754301071167
10,33,1.5907251834869385
10,34,1.9755027294158936
10,35,1.7655999660491943
10,36,2.3346428871154785
10,37,2.457286834716797
10,38,2.437654495239258
10,39,2.0293407440185547
10,40,2.0546789169311523
10,41,2.22574782371521
10,42,2.387265205383301
10,43,2.002960443496704
10,44,1.8882153034210205
10,45,2.0923445224761963
10,46,2.5103726387023926
10,47,2.0247912406921387
10,48,1.6796847581863403
10,49,2.1842241287231445
10,50,2.0321192741394043
10,51,1.9273133277893066
10,52,1.9325981140136719
10,53,2.1006109714508057
10,54,1.9255156517028809
10,55,1.7834370136260986
10,56,1.7285996675491333
10,57,1.919024109840393
10,58,1.7808446884155273
10,59,2.311443328857422
10,60,1.9103031158447266
10,61,2.148771047592163
10,62,2.0072150230407715
10,63,2.0105183124542236
10,64,2.5473709106445312
10,65,2.0916903018951416
10,66,2.0453102588653564
10,67,2.215062141418457
10,68,1.791688084602356
10,69,2.1706247329711914
10,70,1.9074478149414062
10,71,1.991613507270813
10,72,2.188868761062622
10,73,2.0187463760375977
10,74,2.2100563049316406
10,75,1.8942115306854248
10,76,1.7923650741577148
10,77,2.1969501972198486
10,78,2.2475028038024902
10,79,2.0467569828033447
10,80,2.2582943439483643
10,81,1.9369450807571411
10,82,2.0613670349121094
10,83,1.943518877029419
10,84,2.421273708343506
10,85,1.6698086261749268
10,86,2.0257489681243896
10,87,2.4146528244018555
10,88,1.9514524936676025
10,89,2.280564069747925
10,90,1.8122451305389404
10,91,1.8251514434814453
10,92,1.8675469160079956
10,93,1.7350268363952637
10,94,2.266094923019409
10,95,2.2217226028442383
10,96,2.0062336921691895
10,97,2.194007158279419
10,98,2.418320417404175
10,99,1.850283145904541
10,100,2.1947102546691895
10,101,2.051356792449951
10,102,2.4746034145355225
10,103,1.9966667890548706
10,104,1.8890118598937988
10,105,2.0111289024353027
10,106,1.7011463642120361
10,107,2.0697834491729736
10,108,1.9891459941864014
10,109,2.225897789001465
10,110,2.110184669494629
10,111,1.8891079425811768
10,112,1.8011747598648071
10,113,2.1854753494262695
10,114,1.7468743324279785
10,115,2.0280768871307373
10,116,1.9199720621109009
10,117,2.2401609420776367
10,118,1.9122331142425537
10,119,1.6735728979110718
10,120,1.9870045185089111
10,121,2.101454257965088
10,122,1.7964733839035034
10,123,2.195990562438965
10,124,2.335881233215332
10,125,2.1983585357666016
10,126,1.972472071647644
10,127,2.5626158714294434
10,128,2.021368980407715
10,129,1.9726676940917969
10,130,3.1705594062805176
10,131,2.2456257343292236
10,132,1.9332760572433472
10,133,2.3168702125549316
10,134,2.23109769821167
10,135,1.7621487379074097
10,136,2.5271902084350586
10,137,2.050412893295288
10,138,1.7310023307800293
10,139,2.0749051570892334
10,140,1.8739748001098633
10,141,1.9072197675704956
10,142,2.076164484024048
10,143,1.9597327709197998
10,144,2.0756282806396484
10,145,1.9770547151565552
10,146,1.7899205684661865
10,147,2.1189680099487305
10,148,2.1882452964782715
10,149,1.9479703903198242
10,150,2.1226806640625
10,151,1.7662899494171143
10,152,2.6325550079345703
10,153,2.299307346343994
10,154,1.6575567722320557
10,155,2.1784262657165527
10,156,1.9309887886047363
10,157,2.2720069885253906
10,158,2.04891037940979
10,159,2.0652804374694824
10,160,2.055232286453247
10,161,1.9304718971252441
10,162,2.0151844024658203
10,163,2.0742242336273193
10,164,2.065181016921997
10,165,1.8329483270645142
10,166,2.029106378555298
10,167,2.1306300163269043
10,168,2.0193448066711426
10,169,2.1637749671936035
10,170,2.2566943168640137
10,171,2.1006112098693848
10,172,2.2085533142089844
10,173,2.672055959701538
10,174,1.9328043460845947
10,175,1.7361862659454346
10,176,1.7613122463226318
10,177,2.269904375076294
10,178,1.485905408859253
10,179,2.055054187774658
10,180,1.8911352157592773
10,181,1.855194330215454
10,182,2.0661091804504395
10,183,1.9010241031646729
10,184,2.5834527015686035
10,185,1.857567310333252
10,186,1.981474757194519
10,187,1.5804535150527954
10,188,1.9575185775756836
10,189,1.8685039281845093
10,190,1.8466615676879883
10,191,2.08158802986145
10,192,2.314728260040283
10,193,1.9648367166519165
10,194,1.5702747106552124
10,195,1.8360843658447266
10,196,1.717091679573059
10,197,1.7328224182128906
10,198,1.919994831085205
10,199,2.093090534210205
10,200,2.3402328491210938
10,201,1.9864028692245483
10,202,1.6177066564559937
10,203,2.090909004211426
10,204,1.8454443216323853
10,205,2.5468711853027344
10,206,1.8031734228134155
10,207,2.4313836097717285
10,208,1.9163439273834229
10,209,2.1231276988983154
10,210,1.7612287998199463
10,211,1.8762526512145996
10,212,1.8358488082885742
10,213,1.927051305770874
10,214,2.059997081756592
10,215,1.7793633937835693
10,216,1.984796166419983
10,217,2.3741769790649414
10,218,2.015692949295044
10,219,1.9389197826385498
10,220,1.7971783876419067
10,221,2.033475160598755
10,222,1.8649358749389648
10,223,2.1800241470336914
10,224,2.0359246730804443
10,225,2.077744483947754
10,226,1.7800843715667725
10,227,1.783799409866333
10,228,2.2940640449523926
10,229,2.107865571975708
10,230,1.864062786102295
10,231,2.355670928955078
10,232,2.0776479244232178
10,233,1.7132359743118286
10,234,1.8524296283721924
10,235,1.9148715734481812
10,236,1.6584326028823853
10,237,2.3340282440185547
10,238,1.783522367477417
10,239,1.5904769897460938
10,240,1.899753451347351
10,241,2.1235265731811523
10,242,1.798283338546753
10,243,2.3923306465148926
10,244,2.3062915802001953
10,245,1.9573144912719727
10,246,2.5640244483947754
10,247,1.672450304031372
10,248,2.083122730255127
10,249,2.0807299613952637
10,250,2.081308603286743
10,251,1.7349646091461182
10,252,2.2006680965423584
10,253,1.7583928108215332
10,254,2.2573680877685547
10,255,1.7710881233215332
10,256,2.135995864868164
10,257,1.4675328731536865
10,258,1.5771414041519165
10,259,2.0668606758117676
10,260,1.9052674770355225
10,261,2.3454666137695312
10,262,1.9252103567123413
10,263,2.0269155502319336
10,264,1.8704543113708496
10,265,1.601361870765686
10,266,2.2242560386657715
10,267,2.209684371948242
10,268,1.816831111907959
10,269,1.8697583675384521
10,270,2.071939468383789
10,271,1.8693645000457764
10,272,2.387768268585205
10,273,1.7415814399719238
10,274,1.9522266387939453
10,275,1.8907208442687988
10,276,2.0911478996276855
10,277,2.22475528717041
10,278,1.831809163093567
10,279,2.003514289855957
10,280,2.3273587226867676
10,281,2.0322039127349854
10,282,2.028902530670166
10,283,2.40814208984375
10,284,2.160067558288574
10,285,1.6410118341445923
10,286,1.8698067665100098
10,287,1.8645294904708862
10,288,2.127446413040161
10,289,1.9633615016937256
10,290,1.9447603225708008
10,291,1.7398000955581665
10,292,1.7753119468688965
10,293,2.141056537628174
10,294,2.087723731994629
10,295,2.085510015487671
10,296,2.0578317642211914
10,297,1.9850517511367798
10,298,1.7753894329071045
10,299,1.7060104608535767
10,300,2.3204331398010254
10,301,1.8876445293426514
10,302,1.4630825519561768
10,303,2.097872018814087
10,304,1.976554036140442
10,305,2.3640151023864746
10,306,1.641224980354309
10,307,2.132899522781372
10,308,2.3637595176696777
10,309,2.122142791748047
10,310,1.9717724323272705
10,311,1.5745952129364014
11,0,2.126948356628418
11,1,2.2262697219848633
11,2,1.8760881423950195
11,3,2.070840835571289
11,4,2.173527717590332
11,5,2.1702404022216797
11,6,1.7368628978729248
11,7,2.1809887886047363
11,8,1.7537157535552979
11,9,2.4571619033813477
11,10,1.895221471786499
11,11,1.9026861190795898
11,12,2.278989791870117
11,13,1.9749712944030762
11,14,2.0495681762695312
11,15,2.523772716522217
11,16,2.009077548980713
11,17,2.433418035507202
11,18,1.9402592182159424
11,19,1.7140144109725952
11,20,2.2190401554107666
11,21,1.9942927360534668
11,22,2.1298630237579346
11,23,1.8038148880004883
11,24,1.8550163507461548
11,25,1.8020379543304443
11,26,2.119536876678467
11,27,2.0426828861236572
11,28,2.034355640411377
11,29,2.197438955307007
11,30,2.431459426879883
11,31,2.72037410736084
11,32,1.9559998512268066
11,33,1.8478748798370361
11,34,1.7847583293914795
11,35,1.4871597290039062
11,36,2.0351104736328125
11,37,2.1074934005737305
11,38,2.330578088760376
11,39,2.4131650924682617
11,40,1.5770658254623413
11,41,2.1797244548797607
11,42,1.7559244632720947
11,43,1.7472736835479736
11,44,2.6350460052490234
11,45,1.7259786128997803
11,46,2.1097922325134277
11,47,2.0456411838531494
11,48,1.8005585670471191
11,49,2.3729987144470215
11,50,2.178511142730713
11,51,2.1621756553649902
11,52,2.2670469284057617
11,53,1.8708420991897583
11,54,2.0063209533691406
11,55,1.6044666767120361
11,56,1.9240964651107788
11,57,1.9133098125457764
11,58,2.2725765705108643
11,59,2.021517276763916
11,60,1.5999841690063477
11,61,1.8107709884643555
11,62,1.9626429080963135
11,63,1.9672014713287354
11,64,1.9394766092300415
11,65,1.9230170249938965
11,66,1.8111913204193115
11,67,2.023766040802002
11,68,2.261739492416382
11,69,2.177351951599121
11,70,1.6223790645599365
11,71,1.9226748943328857
11,72,2.067516803741455
11,73,1.9737815856933594
11,74,1.8063468933105469
11,75,1.4649951457977295
11,76,1.87445068359375
11,77,1.8047020435333252
11,78,1.8826615810394287
11,79,2.016796350479126
11,80,1.908926248550415
11,81,1.8557690382003784
11,82,2.570114850997925
11,83,1.7049753665924072
11,84,2.3529419898986816
11,85,1.660449504852295
11,86,2.008026599884033
11,87,2.094052791595459
11,88,1.802930474281311
11,89,2.033407211303711
11,90,1.8509013652801514
11,91,1.751649260520935
11,92,2.000662088394165
11,93,1.8340833187103271
11,94,2.057243824005127
11,95,1.841944932937622
11,96,1.6629912853240967
11,97,1.7484098672866821
11,98,1.8551933765411377
11,99,1.8488353490829468
11,100,1.7794053554534912
11,101,1.6166515350341797
11,102,1.7987360954284668
11,103,1.9266046285629272
11,104,1.8873759508132935
11,105,2.0401382446289062
11,106,2.113945245742798
11,107,2.1165380477905273
11,108,1.8183069229125977
11,109,2.0951995849609375
11,110,2.501248359680176
11,111,1.8276638984680176
11,112,1.8547096252441406
11,113,1.7666382789611816
11,114,1.815986156463623
11,115,1.9293549060821533
11,116,1.6313912868499756
11,117,2.7585694789886475
11,118,1.6482996940612793
11,119,1.794054388999939
11,120,2.0123350620269775
11,121,2.152966022491455
11,122,1.8100392818450928
11,123,2.2747511863708496
11,124,1.9090311527252197
11,125,2.1676814556121826
11,126,2.4122049808502197
11,127,1.865856409072876
11,128,1.8899946212768555
11,129,2.0865087509155273
11,130,1.7295986413955688
11,131,1.7187445163726807
11,132,1.7936947345733643
11,133,2.041325330734253
11,134,2.0092411041259766
11,135,1.9945390224456787
11,136,2.124403953552246
11,137,2.0584840774536133
11,138,2.1141457557678223
11,139,2.518460273742676
11,140,1.9917240142822266
11,141,2.099562644958496
11,142,1.6684043407440186
11,143,2.0010390281677246
11,144,1.934360146522522
11,145,1.8874502182006836
11,146,1.5908498764038086
11,147,2.039419651031494
11,148,2.0832865238189697
11,149,1.9849581718444824
11,150,1.937968134880066
11,151,1.9167201519012451
11,152,1.696812391281128
11,153,1.825624942779541
11,154,1.7595268487930298
11,155,1.9481173753738403
11,156,2.196491003036499
11,157,2.1583571434020996
11,158,1.9703595638275146
11,159,1.8292489051818848
11,160,1.6647422313690186
11,161,1.6847561597824097
11,162,1.6774513721466064
11,163,2.01180362701416
11,164,2.0670394897460938
11,165,2.0610132217407227
11,166,1.8724112510681152
11,167,2.074042320251465
11,168,1.7725422382354736
11,169,2.1312928199768066
11,170,2.1239027976989746
11,171,1.977299690246582
11,172,1.5701502561569214
11,173,1.9130266904830933
11,174,2.438650608062744
11,175,1.8512401580810547
11,176,1.654956579208374
11,177,2.1921615600585938
11,178,1.9735276699066162
11,179,2.044001340866089
11,180,2.1969447135925293
11,181,2.1317689418792725
11,182,1.774648904800415
11,183,2.4151086807250977
11,184,2.158785581588745
11,185,2.007307529449463
11,186,2.0625860691070557
11,187,2.4033946990966797
11,188,1.7669620513916016
11,189,1.8513898849487305
11,190,1.8741602897644043
11,191,2.4756064414978027
11,192,2.027362585067749
11,193,2.0174269676208496
11,194,1.8450069427490234
11,195,2.0610692501068115
11,196,1.999509334564209
11,197,1.8331563472747803
11,198,1.7188962697982788
11,199,2.1081511974334717
11,200,2.202173948287964
11,201,1.811918020248413
11,202,1.7936408519744873
11,203,1.587633728981018
11,204,2.25850772857666
11,205,1.637221336364746
11,206,2.092810869216919
11,207,1.8685755729675293
11,208,1.7100672721862793
11,209,1.712834119796753
11,210,2.065119743347168
11,211,1.8208379745483398
11,212,2.01920485496521
11,213,2.218715190887451
11,214,1.7557373046875
11,215,2.212549924850464
11,216,2.01918363571167
11,217,2.106839179992676
11,218,2.1977286338806152
11,219,2.278449535369873
11,220,1.9632463455200195
11,221,2.192169666290283
11,222,1.7814898490905762
11,223,2.3675284385681152
11,224,1.9746766090393066
11,225,2.4071619510650635
11,226,1.9434810876846313
11,227,1.9270317554473877
11,228,2.4900779724121094
11,229,1.7869913578033447
11,230,2.402453899383545
11,231,2.198364734649658
11,232,1.7995173931121826
11,233,2.1646640300750732
11,234,1.9183845520019531
11,235,1.9035849571228027
11,236,1.8930397033691406
11,237,2.348550319671631
11,238,2.1636247634887695
11,239,1.70379638671875
11,240,1.8403961658477783
11,241,2.0202488899230957
11,242,2.2497165203094482
11,243,1.9427591562271118
11,244,1.72479248046875
11,245,2.094651222229004
11,246,2.280478000640869
11,247,1.9233661890029907
11,248,2.0167922973632812
11,249,1.7177367210388184
11,250,2.1531829833984375
11,251,1.8494454622268677
11,252,1.8340740203857422
11,253,1.6213600635528564
11,254,2.1091208457946777
11,255,2.0482144355773926
11,256,2.2191390991210938
11,257,1.9904134273529053
11,258,1.515716552734375
11,259,2.4043068885803223
11,260,2.11092472076416
11,261,1.9363516569137573
11,262,2.1080241203308105
11,263,1.923469066619873
11,264,1.8516478538513184
11,265,2.094877243041992
11,266,1.909448266029358
11,267,2.130934000015259
11,268,2.202362537384033
11,269,2.083415985107422
11,270,1.7043209075927734
11,271,1.755648136138916
11,272,2.2013702392578125
11,273,2.2531697750091553
11,274,1.836377739906311
11,275,1.933892011642456
11,276,1.9022374153137207
11,277,1.630274772644043
11,278,1.9294557571411133
11,279,1.4204199314117432
11,280,2.056159496307373
11,281,2.021143913269043
11,282,1.9013596773147583
11,283,1.7208963632583618
11,284,1.500535249710083
11,285,1.8063693046569824
11,286,1.9682731628417969
11,287,1.9294931888580322
11,288,2.65625262260437
11,289,1.7038320302963257
11,290,1.6319139003753662
11,291,1.945824384689331
11,292,1.7304924726486206
11,293,1.9220812320709229
11,294,2.28192138671875
11,295,1.853067398071289
11,296,2.1719958782196045
11,297,2.0069003105163574
11,298,1.6719231605529785
11,299,1.5867066383361816
11,300,2.1594951152801514
11,301,1.9773668050765991
11,302,2.227391481399536
11,303,2.2785110473632812
11,304,2.4476099014282227
11,305,1.6913597583770752
11,306,1.471349835395813
11,307,1.981323003768921
11,308,2.410132884979248
11,309,2.2910780906677246
11,310,2.205260753631592
11,311,1.87050199508667
12,0,2.1503355503082275
12,1,1.8579624891281128
12,2,1.7409309148788452
12,3,2.0340757369995117
12,4,1.6760098934173584
12,5,2.079043388366699
12,6,2.0045223236083984
12,7,2.0703063011169434
12,8,1.9586862325668335
12,9,2.207864284515381
12,10,1.6675883531570435
12,11,2.2805323600769043
12,12,2.033095359802246
12,13,1.6436011791229248
12,14,2.0550191402435303
12,15,2.4053468704223633
12,16,2.1823246479034424
12,17,1.7738046646118164
12,18,1.966021180152893
12,19,1.5750806331634521
12,20,2.016188144683838
12,21,1.6157135963439941
12,22,1.8012964725494385
12,23,2.026522397994995
12,24,2.0956146717071533
12,25,2.020822525024414
12,26,1.9860479831695557
12,27,1.9795645475387573
12,28,1.9245295524597168
12,29,2.514267683029175
12,30,1.6859030723571777
12,31,1.9462676048278809
12,32,2.1523962020874023
12,33,2.318403482437134
12,34,1.9499574899673462
12,35,1.8584985733032227
12,36,2.3130428791046143
12,37,1.8521827459335327
12,38,1.7632280588150024
12,39,1.7866829633712769
12,40,1.7388150691986084
12,41,1.8843185901641846
12,42,2.0873494148254395
12,43,1.7679600715637207
12,44,1.668487548828125
12,45,1.6761980056762695
12,46,2.0857908725738525
12,47,1.6962220668792725
12,48,2.1540937423706055
12,49,1.9433462619781494
12,50,1.603951334953308
12,51,1.8658432960510254
12,52,2.084730625152588
12,53,1.5741561651229858
12,54,1.722247838973999
12,55,2.107783079147339
12,56,1.8024747371673584
12,57,1.8086962699890137
12,58,2.0920846462249756
12,59,2.22883939743042
12,60,2.083637237548828
12,61,1.873277187347412
12,62,1.9022691249847412
12,63,2.315049409866333
12,64,1.8269062042236328
12,65,1.8224633932113647
12,66,1.7366278171539307
12,67,2.456052541732788
12,68,2.1919100284576416
12,69,1.9193111658096313
12,70,1.8241050243377686
12,71,2.0532169342041016
12,72,2.0119872093200684
12,73,2.1552517414093018
12,74,1.4670612812042236
12,75,2.0532593727111816
12,76,2.473910331726074
12,77,2.0276474952697754
12,78,1.924570083618164
12,79,1.5854030847549438
12,80,2.062962532043457
12,81,1.9746330976486206
12,82,1.9206279516220093
12,83,2.1715831756591797
12,84,1.965744972229004
12,85,1.9525907039642334
12,86,2.2784342765808105
12,87,2.0259087085723877
12,88,1.8446290493011475
12,89,1.5245025157928467
12,90,1.655681848526001
12,91,1.7852190732955933
12,92,1.914695143699646
12,93,1.9035439491271973
12,94,1.5895541906356812
12,95,2.4055464267730713
12,96,1.9331328868865967
12,97,2.067162036895752
12,98,2.0522193908691406
12,99,2.1108269691467285
12,100,2.1807754039764404
12,101,1.9971539974212646
12,102,1.7824022769927979
12,103,2.0530471801757812
12,104,2.2472972869873047
12,105,1.9315199851989746
12,106,1.8951661586761475
12,107,1.9089593887329102
12,108,1.8582557439804077
12,109,2.122789144515991
12,110,2.212658405303955
12,111,2.2773313522338867
12,112,2.1584434509277344
12,113,1.7784223556518555
12,114,1.5233348608016968
12,115,2.144378423690796
12,116,2.0336666107177734
12,117,1.6419498920440674
12,118,1.6031532287597656
12,119,2.1653518676757812
12,120,1.7829245328903198
12,121,2.060288667678833
12,122,1.8794806003570557
12,123,2.385521173477173
12,124,1.619562029838562
12,125,1.9721181392669678
12,126,1.8882112503051758
12,127,1.7517122030258179
12,128,1.750288724899292
12,129,1.7905006408691406
12,130,2.0344977378845215
12,131,1.8107328414916992
12,132,1.8191964626312256
12,133,1.6574397087097168
12,134,1.8007763624191284
12,135,1.6979037523269653
12,136,1.8898723125457764
12,137,1.7609899044036865
12,138,1.8198273181915283
12,139,1.9125933647155762
12,140,1.9154306650161743
12,141,1.974080204963684
12,142,1.5421119928359985
12,143,1.997132658958435
12,144,2.0711913108825684
12,145,1.6011672019958496
12,146,1.832052230834961
12,147,1.6773473024368286
12,148,1.580427646636963
12,149,1.9184871912002563
12,150,1.6622461080551147
12,151,1.9564745426177979
12,152,1.8883819580078125
12,153,2.0372395515441895
12,154,1.6809934377670288
12,155,1.8531033992767334
12,156,1.908569097518921
12,157,1.7096798419952393
12,158,1.955047845840454
12,159,1.6735042333602905
12,160,1.6148216724395752
12,161,2.1016523838043213
12,162,2.2039389610290527
12,163,1.7448978424072266
12,164,1.7389624118804932
12,165,1.6797094345092773
12,166,2.0188398361206055
12,167,1.861706018447876
12,168,2.051421642303467
12,169,1.9113762378692627
12,170,1.8958075046539307
12,171,2.1479196548461914
12,172,1.754558801651001
12,173,1.8993967771530151
12,174,1.9449505805969238
12,175,2.0112175941467285
12,176,2.0039772987365723
12,177,1.8411684036254883
12,178,1.708453893661499
12,179,1.7758654356002808
12,180,2.1703906059265137
12,181,2.197009563446045
12,182,2.227090835571289
12,183,1.644500970840454
12,184,1.9896736145019531
12,185,1.9028127193450928
12,186,1.9726418256759644
12,187,2.245835781097412
12,188,1.7443408966064453
12,189,2.1645805835723877
12,190,1.861414909362793
12,191,1.5973222255706787
12,192,1.9628924131393433
12,193,1.6262779235839844
12,194,2.299386501312256
12,195,1.7367433309555054
12,196,1.9275846481323242
12,197,1.9437763690948486
12,198,1.9277162551879883
12,199,1.7729332447052002
12,200,2.216580390930176
12,201,1.6880877017974854
12,202,1.4623603820800781
12,203,2.243727922439575
12,204,1.8789924383163452
12,205,2.0524966716766357
12,206,1.6584162712097168
12,207,1.6064624786376953
12,208,2.11419415473938
12,209,1.7944550514221191
12,210,2.2012808322906494
12,211,1.9630719423294067
12,212,2.176952362060547
12,213,1.7998846769332886
12,214,1.9239342212677002
12,215,1.8688156604766846
12,216,2.2821624279022217
12,217,2.6657261848449707
12,218,2.0495991706848145
12,219,1.9013372659683228
12,220,2.4249513149261475
12,221,1.9624649286270142
12,222,1.8632426261901855
12,223,1.8421621322631836
12,224,1.9173640012741089
12,225,1.852781057357788
12,226,1.808570146560669
12,227,2.180215835571289
12,228,2.0283613204956055
12,229,1.8130888938903809
12,230,2.0910210609436035
12,231,1.8149840831756592
12,232,2.093128204345703
12,233,1.8397796154022217
12,234,2.217468023300171
12,235,2.0360519886016846
12,236,1.9984089136123657
12,237,1.8148093223571777
12,238,2.0004377365112305
12,239,1.7724769115447998
12,240,2.189321279525757
12,241,1.9978139400482178
12,242,1.6023730039596558
12,243,1.7321515083312988
12,244,2.183565616607666
12,245,1.9064838886260986
12,246,1.5456078052520752
12,247,1.7565464973449707
12,248,2.049678325653076
12,249,2.1892919540405273
12,250,1.9763954877853394
12,251,1.7155629396438599
12,252,1.8881453275680542
12,253,2.482408046722412
12,254,2.185549259185791
12,255,2.1442465782165527
12,256,1.8967605829238892
12,257,1.7805637121200562
12,258,2.2209646701812744
12,259,1.8309738636016846
12,260,2.1674768924713135
12,261,1.9704205989837646
12,262,1.8936412334442139
12,263,1.630476951599121
12,264,1.9083675146102905
12,265,1.719092607498169
12,266,2.072540283203125
12,267,1.5523014068603516
12,268,1.9971349239349365
12,269,1.9553855657577515
12,270,1.6946265697479248
12,271,1.6636369228363037
12,272,2.216639995574951
12,273,1.6184287071228027
12,274,1.7071988582611084
12,275,2.0760884284973145
12,276,1.6507363319396973
12,277,2.099597454071045
12,278,1.6830265522003174
12,279,1.8524198532104492
12,280,1.3669753074645996
12,281,1.7198584079742432
12,282,1.9333845376968384
12,283,2.2661123275756836
12,284,1.7836322784423828
12,285,1.7761197090148926
12,286,1.9196274280548096
12,287,1.7017242908477783
12,288,2.1714494228363037
12,289,1.5607776641845703
12,290,2.3625411987304688
12,291,2.4431324005126953
12,292,1.8198860883712769
12,293,2.3343493938446045
12,294,1.8872753381729126
12,295,1.8186886310577393
12,296,1.7605440616607666
12,297,2.075296401977539
12,298,1.9691358804702759
12,299,2.115412950515747
12,300,1.9342641830444336
12,301,2.427748680114746
12,302,1.8012406826019287
12,303,1.7451047897338867
12,304,1.8263156414031982
12,305,1.6645596027374268
12,306,2.2380454540252686
12,307,2.5136773586273193
12,308,1.7851765155792236
12,309,2.1463465690612793
12,310,2.403489112854004
12,311,1.564591646194458
13,0,1.932539463043213
13,1,1.7286286354064941
13,2,2.1125659942626953
13,3,1.7572026252746582
13,4,1.7598657608032227
13,5,2.0088891983032227
13,6,2.0565710067749023
13,7,1.8270175457000732
13,8,2.031696081161499
13,9,2.126800537109375
13,10,2.1089773178100586
13,11,1.8257182836532593
13,12,1.656172275543213
13,13,1.6259229183197021
13,14,1.9655117988586426
13,15,1.6754443645477295
13,16,2.3294334411621094
13,17,1.617962121963501
13,18,2.029357433319092
13,19,2.2035117149353027
13,20,2.0119364261627197
13,21,1.8255863189697266
13,22,2.189572811126709
13,23,2.121572732925415
13,24,2.111759662628174
13,25,2.0294835567474365
13,26,1.867617130279541
13,27,1.9287972450256348
13,28,2.6062848567962646
13,29,2.2143707275390625
13,30,1.9561423063278198
13,31,2.16117000579834
13,32,1.758177638053894
13,33,2.1848177909851074
13,34,2.0176138877868652
13,35,2.0386486053466797
13,36,1.9642298221588135
13,37,1.6643168926239014
13,38,1.9767451286315918
13,39,1.656134843826294
13,40,1.775442361831665
13,41,1.76541268825531
13,42,1.7347767353057861
13,43,1.8981579542160034
13,44,1.9549564123153687
13,45,1.85273277759552
13,46,1.9498896598815918
13,47,1.6962504386901855
13,48,2.1473758220672607
13,49,2.154712677001953
13,50,2.0747604370117188
13,51,1.8034274578094482
13,52,2.3112778663635254
13,53,2.1073272228240967
13,54,2.0603251457214355
13,55,1.923737645149231
13,56,1.7391183376312256
13,57,1.4295090436935425
13,58,1.7054029703140259
13,59,2.153341770172119
13,60,2.131190299987793
13,61,1.546127200126648
13,62,1.752173662185669
13,63,1.4881805181503296
13,64,1.9557039737701416
13,65,2.0083651542663574
13,66,1.9600615501403809
13,67,1.956716775894165
13,68,1.7016701698303223
13,69,1.624341607093811
13,70,1.7136352062225342
13,71,1.780242919921875
13,72,1.6202384233474731
13,73,1.721484661102295
13,74,2.227687358856201
13,75,1.8726773262023926
13,76,1.697505235671997
13,77,1.9726104736328125
13,78,1.6935983896255493
13,79,1.8987914323806763
13,80,1.607001543045044
13,81,1.8259968757629395
13,82,1.5854414701461792
13,83,2.211641311645508
13,84,1.800067663192749
13,85,2.1852707862854004
13,86,2.0783143043518066
13,87,2.463793992996216
13,88,1.8585400581359863
13,89,1.7826741933822632
13,90,2.169574737548828
13,91,1.719193696975708
13,92,1.6473416090011597
13,93,1.6379480361938477
13,94,1.3580641746520996
13,95,1.8355709314346313
13,96,1.8296458721160889
13,97,1.870957612991333
13,98,1.7786527872085571
13,99,2.0335466861724854
13,100,1.9917185306549072
13,101,1.9526821374893188
13,102,1.6317756175994873
13,103,2.2257347106933594
13,104,1.581327199935913
13,105,2.0309441089630127
13,106,2.233175754547119
13,107,1.8161303997039795
13,108,1.879629135131836
13,109,2.2530415058135986
13,110,2.477409601211548
13,111,1.8668328523635864
13,112,1.7118879556655884
13,113,2.3316264152526855
13,114,2.221362352371216
13,115,1.8426575660705566
13,116,2.3971943855285645
13,117,2.053107261657715
13,118,2.1119039058685303
13,119,1.730180025100708
13,120,1.9680595397949219
13,121,1.9546247720718384
13,122,1.9203366041183472
13,123,1.757286787033081
13,124,2.2198688983917236
13,125,1.9865304231643677
13,126,1.7169630527496338
13,127,1.865282416343689
13,128,1.8838026523590088
13,129,1.5770176649093628
13,130,2.019537925720215
13,131,1.9523260593414307
13,132,1.5536123514175415
13,133,2.186239719390869
13,134,1.924399971961975
13,135,1.862975835800171
13,136,1.746460199356079
13,137,1.8046607971191406
13,138,2.600564479827881
13,139,1.5700087547302246
13,140,1.5804013013839722
13,141,1.7895221710205078
13,142,1.7645552158355713
13,143,1.8667734861373901
13,144,2.1705739498138428
13,145,1.4682729244232178
13,146,1.6240777969360352
13,147,1.6850922107696533
13,148,1.6801941394805908
13,149,1.754939317703247
13,150,1.8977549076080322
13,151,1.5857473611831665
13,152,2.0990548133850098
13,153,1.7429041862487793
13,154,1.498692274093628
13,155,1.8531696796417236
13,156,1.7024083137512207
13,157,1.8928816318511963
13,158,2.1854915618896484
13,159,2.1377785205841064
13,160,1.5968427658081055
13,161,1.7388771772384644
13,162,1.8546078205108643
13,163,2.2108631134033203
13,164,1.8376529216766357
13,165,1.8025643825531006
13,166,1.826147437095642
13,167,2.1825203895568848
13,168,1.9296607971191406
13,169,1.8236217498779297
13,170,1.8439311981201172
13,171,1.5217633247375488
13,172,1.658583641052246
13,173,1.9637326002120972
13,174,1.9376875162124634
13,175,1.7237775325775146
13,176,1.9518938064575195
13,177,1.8249273300170898
13,178,1.897076964378357
13,179,2.1304914951324463
13,180,1.9799153804779053
13,181,1.7253217697143555
13,182,1.7853106260299683
13,183,1.8830797672271729
13,184,1.696730613708496
13,185,1.738954782485962
13,186,1.9208383560180664
13,187,2.2306578159332275
13,188,1.913982629776001
13,189,2.74961519241333
13,190,2.066340923309326
13,191,2.045410394668579
13,192,1.998421311378479
13,193,1.6760162115097046
13,194,1.9815788269042969
13,195,1.7164642810821533
13,196,2.0313124656677246
13,197,1.73231840133667
13,198,1.8545846939086914
13,199,1.8932873010635376
13,200,1.6676241159439087
13,201,1.8833504915237427
13,202,1.8499858379364014
13,203,2.1406266689300537
13,204,2.0124258995056152
13,205,1.9477108716964722
13,206,1.471344232559204
13,207,1.8285143375396729
13,208,1.6928606033325195
13,209,2.1217637062072754
13,210,1.8847441673278809
13,211,1.7119243144989014
13,212,1.8614609241485596
13,213,1.6907446384429932
13,214,1.9014146327972412
13,215,1.6010258197784424
13,216,2.17824649810791
13,217,2.3524374961853027
13,218,1.783862829208374
13,219,1.9641942977905273
13,220,2.1134581565856934
13,221,2.1311333179473877
13,222,1.8505334854125977
13,223,1.9989027976989746
13,224,2.3063292503356934
13,225,2.1790614128112793
13,226,2.609562873840332
13,227,1.4299025535583496
13,228,1.8004987239837646
13,229,2.0463082790374756
13,230,2.0099620819091797
13,231,1.738712191581726
13,232,1.8749032020568848
13,233,1.9788986444473267
13,234,1.5029244422912598
13,235,1.736005187034607
13,236,1.8601114749908447
13,237,1.9382404088974
13,238,1.731541395187378
13,239,2.0802390575408936
13,240,2.020937442779541
13,241,1.6875559091567993
13,242,1.7848339080810547
13,243,1.5873119831085205
13,244,2.0250580310821533
13,245,1.9532309770584106
13,246,2.0697789192199707
13,247,1.8581390380859375
13,248,1.653911828994751
13,249,1.6111884117126465
13,250,2.1997230052948
13,251,2.054124116897583
13,252,1.9635405540466309
13,253,1.8610446453094482
13,254,1.6734025478363037
13,255,1.7833256721496582
13,256,1.9789416790008545
13,257,1.9302948713302612
13,258,2.4269092082977295
13,259,1.8578194379806519
13,260,1.884287714958191
13,261,2.0888590812683105
13,262,2.116454601287842
13,263,1.7302725315093994
13,264,1.6996097564697266
13,265,1.7478656768798828
13,266,1.9759315252304077
13,267,1.9757020473480225
13,268,1.8797680139541626
13,269,2.016979455947876
13,270,1.5000920295715332
13,271,1.5842862129211426
13,272,1.978450059890747
13,273,1.5364887714385986
13,274,1.630540132522583
13,275,1.786523699760437
13,276,1.6898140907287598
13,277,1.8706636428833008
13,278,1.6322531700134277
13,279,1.7869620323181152
13,280,1.9000201225280762
13,281,1.765972375869751
13,282,1.7204984426498413
13,283,1.8592196702957153
13,284,1.818009376525879
13,285,1.9620444774627686
13,286,1.8829997777938843
13,287,1.9221161603927612
13,288,1.7196588516235352
13,289,2.169074535369873
13,290,1.893606185913086
13,291,2.3694324493408203
13,292,1.7778348922729492
13,293,1.8203048706054688
13,294,1.897965431213379
13,295,2.1147103309631348
13,296,2.200204372406006
13,297,1.7074278593063354
13,298,1.5775316953659058
13,299,2.1184277534484863
13,300,2.1273159980773926
13,301,1.7746598720550537
13,302,1.6440496444702148
13,303,1.7241902351379395
13,304,1.5996601581573486
13,305,1.8097214698791504
13,306,1.8764772415161133
13,307,1.6583375930786133
13,308,1.5986164808273315
13,309,1.9114010334014893
13,310,1.8235905170440674
13,311,1.828191876411438
14,0,1.5433776378631592
14,1,1.6875334978103638
14,2,1.5788092613220215
14,3,1.6737602949142456
14,4,1.945704698562622
14,5,1.6791362762451172
14,6,1.7944433689117432
14,7,1.9100806713104248
14,8,1.9226399660110474
14,9,1.889389991760254
14,10,1.8059728145599365
14,11,1.9360977411270142
14,12,1.5189512968063354
14,13,1.4865643978118896
14,14,1.7971277236938477
14,15,2.0788040161132812
14,16,1.949152946472168
14,17,2.2344582080841064
14,18,2.1031627655029297
14,19,1.857548475265503
14,20,1.945168375968933
14,21,2.490513324737549
14,22,2.023444890975952
14,23,1.9251279830932617
14,24,1.6379930973052979
14,25,1.6202569007873535
14,26,1.7458751201629639
14,27,1.8620765209197998
14,28,1.6255428791046143
14,29,1.9617035388946533
14,30,1.7554134130477905
14,31,2.0749006271362305
14,32,1.9150906801223755
14,33,2.443244218826294
14,34,2.0721521377563477
14,35,2.3217902183532715
14,36,1.7110097408294678
14,37,1.6169986724853516
14,38,2.6374661922454834
14,39,1.6107676029205322
14,40,1.962217092514038
14,41,2.0901081562042236
14,42,2.38065505027771
14,43,2.7219815254211426
14,44,1.9999948740005493
14,45,1.8388725519180298
14,46,1.7516251802444458
14,47,1.819854974746704
14,48,1.901910424232483
14,49,1.931044340133667
14,50,1.6705492734909058
14,51,2.0876011848449707
14,52,2.062617063522339
14,53,1.7887423038482666
14,54,1.8109207153320312
14,55,1.8403348922729492
14,56,1.7766122817993164
14,57,1.5631283521652222
14,58,1.9958643913269043
14,59,1.850080966949463
14,60,1.6019190549850464
14,61,1.6494228839874268
14,62,2.069408655166626
14,63,1.629740595817566
14,64,1.5957034826278687
14,65,1.425142526626587
14,66,1.7868525981903076
14,67,1.6989701986312866
14,68,1.8775581121444702
14,69,1.746527910232544
14,70,2.091506004333496
14,71,1.806494951248169
14,72,1.6822305917739868
14,73,1.6044490337371826
14,74,1.8122731447219849
14,75,1.9434223175048828
14,76,1.7387253046035767
14,77,1.6441082954406738
14,78,1.8309739828109741
14,79,2.0020737648010254
14,80,1.6154687404632568
14,81,1.4441335201263428
14,82,1.746593952178955
14,83,2.2006583213806152
14,84,2.0243873596191406
14,85,2.1323437690734863
14,86,2.215066909790039
14,87,1.8596287965774536
14,88,1.8194501399993896
14,89,1.8064630031585693
14,90,1.6819889545440674
14,91,1.8482612371444702
14,92,1.5471221208572388
14,93,1.7595527172088623
14,94,1.7355871200561523
14,95,1.6484038829803467
14,96,1.6317346096038818
14,97,2.067842483520508
14,98,2.029258966445923
14,99,1.959627628326416
14,100,2.3039815425872803
14,101,1.7532567977905273
14,102,1.5372676849365234
14,103,1.6185619831085205
14,104,1.94460928440094
14,105,2.001596212387085
14,106,1.8995716571807861
14,107,1.7415597438812256
14,108,1.5349690914154053
14,109,1.4575544595718384
14,110,1.6414344310760498
14,111,2.06494140625
14,112,2.442049264907837
14,113,1.8685439825057983
14,114,2.227736473083496
14,115,1.5036523342132568
14,116,2.2323760986328125
14,117,1.9572930335998535
14,118,1.6589210033416748
14,119,1.6206371784210205
14,120,1.793330430984497
14,121,1.6036486625671387
14,122,1.8764152526855469
14,123,1.9435206651687622
14,124,1.6897428035736084
14,125,2.1540606021881104
14,126,1.7471075057983398
14,127,1.9937704801559448
14,128,2.2244038581848145
14,129,1.5829756259918213
14,130,2.0366740226745605
14,131,2.1758873462677
14,132,2.0470211505889893
14,133,2.045947551727295
14,134,1.897474765777588
14,135,1.7152905464172363
14,136,1.815464973449707
14,137,2.202963352203369
14,138,2.5008533000946045
14,139,1.9066541194915771
14,140,2.2798550128936768
14,141,2.256101608276367
14,142,1.9339216947555542
14,143,1.907916784286499
14,144,1.616670846939087
14,145,1.8689990043640137
14,146,1.6658666133880615
14,147,2.031411647796631
14,148,1.826361894607544
14,149,2.2567501068115234
14,150,1.7022089958190918
14,151,2.095489501953125
14,152,1.6854889392852783
14,153,1.8505003452301025
14,154,1.966813564300537
14,155,2.244420051574707
14,156,2.195981502532959
14,157,1.8709290027618408
14,158,2.2471604347229004
14,159,1.6448755264282227
14,160,1.7326984405517578
14,161,1.6634647846221924
14,162,1.5837393999099731
14,163,1.753258466720581
14,164,2.1413426399230957
14,165,2.0103530883789062
14,166,2.139892339706421
14,167,1.8058768510818481
14,168,1.651162028312683
14,169,1.8696022033691406
14,170,2.33225154876709
14,171,1.9805728197097778
14,172,1.6700468063354492
14,173,1.8242000341415405
14,174,1.97621488571167
14,175,1.8775675296783447
14,176,1.6501853466033936
14,177,1.9931361675262451
14,178,2.0945239067077637
14,179,1.8372962474822998
14,180,2.0783591270446777
14,181,1.9305460453033447
14,182,1.7239925861358643
14,183,1.7587084770202637
14,184,1.6985722780227661
14,185,1.6589627265930176
14,186,2.0223324298858643
14,187,1.673357605934143
14,188,2.031571865081787
14,189,1.8814330101013184
14,190,2.40524959564209
14,191,1.7103123664855957
14,192,2.034311294555664
14,193,1.6958980560302734
14,194,1.8931444883346558
14,195,2.0190229415893555
14,196,2.247877836227417
14,197,1.4507670402526855
14,198,1.6468753814697266
14,199,1.9993642568588257
14,200,1.389204740524292
14,201,1.860320806503296
14,202,1.9210621118545532
14,203,1.899789810180664
14,204,1.7082691192626953
14,205,1.9501816034317017
14,206,1.7272593975067139
14,207,1.539661169052124
14,208,2.2578091621398926
14,209,1.4909343719482422
14,210,1.854004979133606
14,211,2.488123893737793
14,212,1.8110018968582153
14,213,1.4303231239318848
14,214,1.8681232929229736
14,215,1.7477645874023438
14,216,1.7634243965148926
14,217,1.920283555984497
14,218,1.8969292640686035
14,219,1.6888127326965332
14,220,1.7679760456085205
14,221,1.7048413753509521
14,222,1.5181562900543213
14,223,1.7509206533432007
14,224,2.3283557891845703
14,225,2.1733882427215576
14,226,1.8363122940063477
14,227,1.7211638689041138
14,228,1.8081172704696655
14,229,1.7601333856582642
14,230,2.096529722213745
14,231,1.7102830410003662
14,232,2.1484522819519043
14,233,1.5701031684875488
14,234,2.486309766769409
14,235,1.6724421977996826
14,236,2.0066490173339844
14,237,2.0141611099243164
14,238,1.7583646774291992
14,239,2.018731117248535
14,240,1.9274344444274902
14,241,1.6308836936950684
14,242,2.225823163986206
14,243,1.777604341506958
14,244,2.112180233001709
14,245,2.00631046295166
14,246,1.5792958736419678
14,247,2.0558154582977295
14,248,1.8372559547424316
14,249,1.6569761037826538
14,250,2.3798635005950928
14,251,2.1770758628845215
14,252,1.4519908428192139
14,253,1.5783076286315918
14,254,2.2108001708984375
14,255,2.191323757171631
14,256,1.8632510900497437
14,257,1.7505152225494385
14,258,2.341050386428833
14,259,2.1435513496398926
14,260,2.050105571746826
14,261,1.891018033027649
14,262,2.010019302368164
14,263,1.821767807006836
14,264,2.132366180419922
14,265,1.6525254249572754
14,266,1.8189090490341187
14,267,1.6494694948196411
14,268,2.2470226287841797
14,269,1.5399837493896484
14,270,1.6374188661575317
14,271,1.7225642204284668
14,272,1.8348402976989746
14,273,1.7836016416549683
14,274,2.0416183471679688
14,275,2.1153018474578857
14,276,2.3373517990112305
14,277,2.118171453475952
14,278,1.6968331336975098
14,279,1.7910860776901245
14,280,1.6961365938186646
14,281,1.799176573753357
14,282,1.8101415634155273
14,283,1.8766114711761475
14,284,1.940980076789856
14,285,1.8043272495269775
14,286,1.8035310506820679
14,287,1.9015218019485474
14,288,2.1287765502929688
14,289,1.6248737573623657
14,290,1.9243459701538086
14,291,2.094757080078125
14,292,1.6650443077087402
14,293,1.9260934591293335
14,294,2.4052562713623047
14,295,1.8316771984100342
14,296,1.8614592552185059
14,297,1.9175670146942139
14,298,1.7752201557159424
14,299,2.0986998081207275
14,300,1.979032278060913
14,301,1.5695123672485352
14,302,1.6108794212341309
14,303,1.6431527137756348
14,304,1.4418537616729736
14,305,1.6227072477340698
14,306,1.9229336977005005
14,307,1.9341495037078857
14,308,1.925352692604065
14,309,1.5268127918243408
14,310,1.6949145793914795
14,311,2.0620999336242676
15,0,2.2646842002868652
15,1,1.7497057914733887
15,2,1.8882346153259277
15,3,1.9053270816802979
15,4,1.5481538772583008
15,5,1.471577763557434
15,6,1.9192047119140625
15,7,1.504294514656067
15,8,2.333054780960083
15,9,1.9087181091308594
15,10,1.9724829196929932
15,11,1.7695937156677246
15,12,2.086991786956787
15,13,1.6787973642349243
15,14,2.008697986602783
15,15,1.365614414215088
15,16,1.7521936893463135
15,17,1.8264278173446655
15,18,1.7571167945861816
15,19,1.6651787757873535
15,20,1.7850029468536377
15,21,2.0510778427124023
15,22,1.6889111995697021
15,23,1.9527100324630737
15,24,1.6972984075546265
15,25,1.8059635162353516
15,26,1.5707042217254639
15,27,1.9599496126174927
15,28,1.6459131240844727
15,29,1.6646299362182617
15,30,1.8745942115783691
15,31,1.8246395587921143
15,32,1.8904471397399902
15,33,1.6009492874145508
15,34,2.0341148376464844
15,35,1.797942876815796
15,36,1.7961196899414062
15,37,1.6042494773864746
15,38,1.5377376079559326
15,39,1.8675651550292969
15,40,1.7497501373291016
15,41,1.761373519897461
15,42,2.049206256866455
15,43,1.5057556629180908
15,44,2.079827070236206
15,45,1.5847222805023193
15,46,1.6377160549163818
15,47,1.8065216541290283
15,48,1.9703388214111328
15,49,1.547672986984253
15,50,1.9040806293487549
15,51,1.6842920780181885
15,52,1.5689983367919922
15,53,1.9463505744934082
15,54,1.7434182167053223
15,55,1.7234824895858765
15,56,1.6746814250946045
15,57,1.5018060207366943
15,58,1.775966763496399
15,59,1.7346142530441284
15,60,1.7684261798858643
15,61,1.914797067642212
15,62,1.6627390384674072
15,63,1.5269749164581299
15,64,1.4363727569580078
15,65,1.7956560850143433
15,66,2.1050796508789062
15,67,2.451317310333252
15,68,1.5370924472808838
15,69,1.699735403060913
15,70,1.533577561378479
15,71,1.8498167991638184
15,72,2.1523778438568115
15,73,1.6979007720947266
15,74,1.6385962963104248
15,75,2.2978739738464355
15,76,2.358534097671509
15,77,1.7885446548461914
15,78,1.8406000137329102
15,79,1.8397918939590454
15,80,1.7157983779907227
15,81,1.4839844703674316
15,82,1.902531385421753
15,83,1.9421387910842896
15,84,1.677222728729248
15,85,1.6642897129058838
15,86,1.8080806732177734
15,87,1.9727070331573486
15,88,1.6498231887817383
15,89,2.0191853046417236
15,90,1.6923081874847412
15,91,1.8222723007202148
15,92,1.5268495082855225
15,93,2.12455415725708
15,94,1.9249961376190186
15,95,1.6661560535430908
15,96,1.847391128540039
15,97,2.4750189781188965
15,98,1.5602811574935913
15,99,1.7398490905761719
15,100,1.7798212766647339
15,101,1.7923802137374878
15,102,1.5512666702270508
15,103,1.6794750690460205
15,104,1.9095678329467773
15,105,1.3445241451263428
15,106,1.7155992984771729
15,107,1.5342655181884766
15,108,1.7326231002807617
15,109,1.591714859008789
15,110,1.8684284687042236
15,111,1.864303469657898
15,112,1.6459951400756836
15,113,1.7938549518585205
15,114,1.909174919128418
15,115,1.6988835334777832
15,116,2.019907236099243
15,117,1.6000635623931885
15,118,1.5270118713378906
15,119,1.7974716424942017
15,120,1.321855068206787
15,121,1.6541693210601807
15,122,1.7329058647155762
15,123,1.6120069026947021
15,124,2.315498113632202
15,125,1.7248401641845703
15,126,1.6032025814056396
15,127,2.120088577270508
15,128,2.0559463500976562
15,129,1.6117171049118042
15,130,1.766839861869812
15,131,1.7223390340805054
15,132,2.0804386138916016
15,133,1.891038417816162
15,134,1.7166972160339355
15,135,2.063059091567993
15,136,1.620354413986206
15,137,1.9530526399612427
15,138,1.6893466711044312
15,139,1.7542644739151
15,140,2.3484902381896973
15,141,1.6141775846481323
15,142,2.114767074584961
15,143,2.0253734588623047
15,144,1.758653998374939
15,145,1.9139635562896729
15,146,2.0112361907958984
15,147,2.3727126121520996
15,148,1.7366838455200195
15,149,2.0196852684020996
15,150,1.393327236175537
15,151,1.6885764598846436
15,152,2.163412570953369
15,153,1.7275453805923462
15,154,2.1927404403686523
15,155,1.8600094318389893
15,156,2.1966958045959473
15,157,1.7251834869384766
15,158,1.9220726490020752
15,159,2.0452022552490234
15,160,1.5595026016235352
15,161,1.687198519706726
15,162,1.7872084379196167
15,163,2.189847946166992
15,164,1.9475724697113037
15,165,1.805997371673584
15,166,1.7183290719985962
15,167,1.972663164138794
15,168,1.399902105331421
15,169,1.803514003753662
15,170,1.760056734085083
15,171,1.92405366897583
15,172,1.9094600677490234
15,173,2.0105814933776855
15,174,1.75179123878479
15,175,1.8840845823287964
15,176,1.7889151573181152
15,177,1.8232645988464355
15,178,2.0147879123687744
15,179,1.617551565170288
15,180,1.7179536819458008
15,181,1.7982125282287598
15,182,2.043806552886963
15,183,1.836940050125122
15,184,2.1152448654174805
15,185,1.4626879692077637
15,186,2.1909923553466797
15,187,1.7528958320617676
15,188,2.1426901817321777
15,189,2.084766149520874
15,190,1.8170599937438965
15,191,1.9729132652282715
15,192,1.4059324264526367
15,193,1.8729701042175293
15,194,1.6528019905090332
15,195,1.6727529764175415
15,196,1.965566635131836
15,197,1.739704966545105
15,198,2.1825060844421387
15,199,1.782379388809204
15,200,1.7440463304519653
15,201,2.1236281394958496
15,202,1.803106427192688
15,203,1.6421916484832764
15,204,1.8669402599334717
15,205,2.0114378929138184
15,206,1.953826665878296
15,207,1.5323295593261719
15,208,1.6324598789215088
15,209,1.7020994424819946
15,210,1.5920183658599854
15,211,1.6284960508346558
15,212,1.871774435043335
15,213,1.6450746059417725
15,214,1.849452257156372
15,215,1.7500152587890625
15,216,1.6402989625930786
15,217,1.6015501022338867
15,218,1.687753438949585
15,219,2.002279758453369
15,220,1.8901680707931519
15,221,1.8877930641174316
15,222,1.803624153137207
15,223,1.4631903171539307
15,224,2.3407702445983887
15,225,1.6972160339355469
15,226,1.6740143299102783
15,227,1.7047550678253174
15,228,1.7065274715423584
15,229,1.982640266418457
15,230,1.889996886253357
15,231,1.909602403640747
15,232,1.7167739868164062
15,233,2.1902763843536377
15,234,1.6742208003997803
15,235,2.074990749359131
15,236,1.8065624237060547
15,237,1.593881368637085
15,238,1.6226463317871094
15,239,2.2106337547302246
15,240,1.8590853214263916
15,241,2.284114360809326
15,242,1.6547099351882935
15,243,1.6487514972686768
15,244,2.1519508361816406
15,245,1.9085253477096558
15,246,2.057661294937134
15,247,1.9297422170639038
15,248,1.7193632125854492
15,249,2.082024097442627
15,250,1.7669525146484375
15,251,1.7306684255599976
15,252,2.0758261680603027
15,253,2.121687889099121
15,254,1.780102014541626
15,255,1.4331563711166382
15,256,1.6829606294631958
15,257,2.3582091331481934
15,258,2.100010871887207
15,259,1.5616834163665771
15,260,2.1169161796569824
15,261,1.7432594299316406
15,262,1.8141400814056396
15,263,1.53236985206604
15,264,1.5958908796310425
15,265,2.0701770782470703
15,266,1.8553102016448975
15,267,1.7331037521362305
15,268,1.8952717781066895
15,269,2.1609866619110107
15,270,1.7953968048095703
15,271,1.922289252281189
15,272,1.8121830224990845
15,273,2.057649612426758
15,274,2.071686029434204
15,275,1.502051591873169
15,276,1.7077662944793701
15,277,1.8389387130737305
15,278,1.7227187156677246
15,279,2.2354140281677246
15,280,2.2613654136657715
15,281,1.767209529876709
15,282,1.5423235893249512
15,283,2.13240385055542
15,284,1.8710379600524902
15,285,1.7425410747528076
15,286,1.5188415050506592
15,287,1.6769081354141235
15,288,1.5547006130218506
15,289,2.0005502700805664
15,290,1.6936912536621094
15,291,1.7932130098342896
15,292,1.4777143001556396
15,293,1.6220219135284424
15,294,1.7091186046600342
15,295,2.2408928871154785
15,296,1.964094638824463
15,297,1.6508439779281616
15,298,1.4377940893173218
15,299,2.086312770843506
15,300,2.079251527786255
15,301,2.059924602508545
15,302,1.6060268878936768
15,303,1.746370553970337
15,304,1.728987455368042
15,305,1.6167099475860596
15,306,1.9520834684371948
15,307,1.5226882696151733
15,308,2.114213228225708
15,309,2.0243570804595947
15,310,1.884637475013733
15,311,1.821315050125122
16,0,1.925830602645874
16,1,1.8015162944793701
16,2,1.7310924530029297
16,3,1.691333532333374
16,4,2.008915662765503
16,5,1.612734079360962
16,6,1.6317108869552612
16,7,1.5921461582183838
16,8,1.7983334064483643
16,9,1.76417076587677
16,10,1.989642858505249
16,11,1.6901607513427734
16,12,2.0430779457092285
16,13,2.0722298622131348
16,14,1.6363345384597778
16,15,1.9643104076385498
16,16,1.8386608362197876
16,17,2.07816743850708
16,18,1.9021257162094116
16,19,1.7960395812988281
16,20,1.9303861856460571
16,21,1.7290849685668945
16,22,1.8287758827209473
16,23,1.6469827890396118
16,24,1.3826984167099
16,25,1.4961166381835938
16,26,1.5045310258865356
16,27,2.085934638977051
16,28,1.8993310928344727
16,29,2.0641963481903076
16,30,1.9936742782592773
16,31,1.7298552989959717
16,32,1.690169095993042
16,33,1.6656410694122314
16,34,2.0713396072387695
16,35,1.6644766330718994
16,36,1.7411751747131348
16,37,1.5361336469650269
16,38,2.090357780456543
16,39,1.7111032009124756
16,40,1.8162468671798706
16,41,1.633205533027649
16,42,1.7588880062103271
16,43,1.7183103561401367
16,44,1.906542420387268
16,45,2.1351563930511475
16,46,1.9550206661224365
16,47,1.5274324417114258
16,48,1.979440450668335
16,49,1.8259434700012207
16,50,1.9737733602523804
16,51,1.8212862014770508
16,52,1.8788670301437378
16,53,1.6133772134780884
16,54,2.0796008110046387
16,55,1.6076469421386719
16,56,1.6576740741729736
16,57,1.7106926441192627
16,58,1.8335390090942383
16,59,1.6503139734268188
16,60,1.856123924255371
16,61,1.7099707126617432
16,62,2.020388126373291
16,63,1.9887497425079346
16,64,1.9186639785766602
16,65,1.7415714263916016
16,66,1.9725277423858643
16,67,1.8044084310531616
16,68,1.4908523559570312
16,69,1.578956961631775
16,70,1.9592169523239136
16,71,1.8268446922302246
16,72,1.663804292678833
16,73,1.7887132167816162
16,74,1.8094464540481567
16,75,1.7043774127960205
16,76,1.549177646636963
16,77,1.6709260940551758
16,78,2.3175694942474365
16,79,1.371628761291504
16,80,1.6732556819915771
16,81,1.710458755493164
16,82,1.9836761951446533
16,83,1.709040880203247
16,84,1.61876380443573
16,85,1.8166195154190063
16,86,1.7112281322479248
16,87,1.6514770984649658
16,88,2.15189528465271
16,89,1.527224063873291
16,90,1.5275814533233643
16,91,1.6831495761871338
16,92,1.6931999921798706
16,93,1.7715978622436523
16,94,1.7829378843307495
16,95,1.6024271249771118
16,96,1.8142821788787842
16,97,1.7059986591339111
16,98,1.7914283275604248
16,99,1.7171478271484375
16,100,1.7831501960754395
16,101,1.504352331161499
16,102,1.5589808225631714
16,103,1.9254969358444214
16,104,1.8610823154449463
16,105,1.705848217010498
16,106,1.3652327060699463
16,107,2.2051875591278076
16,108,1.6158148050308228
16,109,1.4626836776733398
16,110,1.780852198600769
16,111,1.5464133024215698
16,112,1.7477532625198364
16,113,1.752732276916504
16,114,1.6080902814865112
16,115,1.744397521018982
16,116,2.045299768447876
16,117,1.988537311553955
16,118,1.3491735458374023
16,119,1.8883776664733887
16,120,1.5454833507537842
16,121,1.957707405090332
16,122,1.8304554224014282
16,123,1.5251474380493164
16,124,1.8893327713012695
16,125,1.892167091369629
16,126,2.033156633377075
16,127,1.8109018802642822
16,128,1.8905268907546997
16,129,1.576099157333374
16,130,1.8384263515472412
16,131,1.6815519332885742
16,132,1.6341907978057861
16,133,1.7816908359527588
16,134,1.5271767377853394
16,135,2.0489919185638428
16,136,2.2021379470825195
16,137,2.0913352966308594
16,138,1.6376841068267822
16,139,1.7827082872390747
16,140,1.7823313474655151
16,141,1.9401031732559204
16,142,1.6777911186218262
16,143,1.6521141529083252
16,144,1.8818941116333008
16,145,1.9764792919158936
16,146,1.7944650650024414
16,147,1.7049973011016846
16,148,1.954066276550293
16,149,1.9748625755310059
16,150,1.7312402725219727
16,151,1.745227575302124
16,152,1.854842185974121
16,153,1.8733947277069092
16,154,1.6095731258392334
16,155,1.590367078781128
16,156,1.7390005588531494
16,157,2.153470039367676
16,158,1.6399896144866943
16,159,1.552532434463501
16,160,1.7849293947219849
16,161,1.8749350309371948
16,162,1.527745008468628
16,163,1.8339531421661377
16,164,1.7857462167739868
16,165,1.999187707901001
16,166,1.928635835647583
16,167,1.9796943664550781
16,168,1.7132377624511719
16,169,1.3982306718826294
16,170,2.3487696647644043
16,171,1.5474646091461182
16,172,1.7670073509216309
16,173,1.7691926956176758
16,174,1.903135061264038
16,175,1.9309139251708984
16,176,1.6307942867279053
16,177,1.8152928352355957
16,178,1.8528385162353516
16,179,1.6945323944091797
16,180,1.8031177520751953
16,181,1.7155731916427612
16,182,1.7484614849090576
16,183,1.8409632444381714
16,184,1.6174179315567017
16,185,1.5822994709014893
16,186,1.9161522388458252
16,187,1.707066297531128
16,188,1.5706989765167236
16,189,1.4903020858764648
16,190,1.5775957107543945
16,191,2.0368571281433105
16,192,1.8483362197875977
16,193,2.2727386951446533
16,194,1.8717198371887207
16,195,2.4314680099487305
16,196,1.825075387954712
16,197,1.7816731929779053
16,198,1.9012250900268555
16,199,1.68477201461792
16,200,1.3286125659942627
16,201,2.0092124938964844
16,202,1.7517669200897217
16,203,1.7455615997314453
16,204,1.6082797050476074
16,205,2.0267367362976074
16,206,1.8751161098480225
16,207,1.7075533866882324
16,208,1.712875247001648
16,209,1.923577904701233
16,210,1.7683197259902954
16,211,1.9332382678985596
16,212,1.537232756614685
16,213,1.870744228363037
16,214,1.7847933769226074
16,215,1.819380521774292
16,216,1.6363418102264404
16,217,1.7686610221862793
16,218,2.027301788330078
16,219,1.94186532497406
16,220,1.9381811618804932
16,221,1.6932438611984253
16,222,2.031750440597534
16,223,1.8635220527648926
16,224,1.4513142108917236
16,225,1.4238568544387817
16,226,1.7141989469528198
16,227,1.5740243196487427
16,228,1.9626820087432861
16,229,2.065455675125122
16,230,1.6134495735168457
16,231,1.7405465841293335
16,232,1.6762571334838867
16,233,1.6181645393371582
16,234,1.7294024229049683
16,235,1.4257861375808716
16,236,1.6729979515075684
16,237,1.7318987846374512
16,238,1.5631580352783203
16,239,1.623313307762146
16,240,1.6778976917266846
16,241,1.623457908630371
16,242,2.0334818363189697
16,243,1.5415409803390503
16,244,1.7147728204727173
16,245,1.799246907234192
16,246,1.5980544090270996
16,247,1.9325664043426514
16,248,1.6564946174621582
16,249,2.1313393115997314
16,250,1.6214680671691895
16,251,1.357938289642334
16,252,1.584993600845337
16,253,1.533231496810913
16,254,1.7731444835662842
16,255,1.7760748863220215
16,256,1.8530222177505493
16,257,1.9420535564422607
16,258,1.8243664503097534
16,259,2.2482361793518066
16,260,1.234818458557129
16,261,2.0545787811279297
16,262,1.9162123203277588
16,263,1.7770614624023438
16,264,1.8395307064056396
16,265,1.7480602264404297
16,266,1.5317598581314087
16,267,1.777916431427002
16,268,2.020479917526245
16,269,2.1089868545532227
16,270,1.667832851409912
16,271,1.2195615768432617
16,272,1.7175370454788208
16,273,1.8042080402374268
16,274,1.6999866962432861
16,275,1.7427341938018799
16,276,1.9389774799346924
16,277,1.645020604133606
16,278,2.0376317501068115
16,279,2.0634331703186035
16,280,2.060516595840454
16,281,1.8353967666625977
16,282,1.7315584421157837
16,283,1.7992103099822998
16,284,1.5438668727874756
16,285,1.7431418895721436
16,286,2.106398105621338
16,287,1.503781795501709
16,288,1.9584156274795532
16,289,1.7030222415924072
16,290,1.698993444442749
16,291,1.7211774587631226
16,292,1.5132818222045898
16,293,1.7353428602218628
16,294,1.6822559833526611
16,295,1.3521416187286377
16,296,1.5361905097961426
16,297,1.7616921663284302
16,298,1.8253846168518066
16,299,2.0273518562316895
16,300,1.4823517799377441
16,301,2.1130614280700684
16,302,1.8406062126159668
16,303,1.6398335695266724
16,304,1.9182605743408203
16,305,1.9754716157913208
16,306,1.7079157829284668
16,307,1.6086333990097046
16,308,1.7911373376846313
16,309,1.9975336790084839
16,310,1.5272376537322998
16,311,1.4507920742034912
17,0,1.8798577785491943
17,1,1.4660148620605469
17,2,1.5834639072418213
17,3,1.6785011291503906
17,4,1.8391478061676025
17,5,1.8996789455413818
17,6,1.7820096015930176
17,7,1.659841537475586
17,8,2.0551066398620605
17,9,2.0572187900543213
17,10,1.6345852613449097
17,11,1.6512820720672607
17,12,1.6947410106658936
17,13,1.5631803274154663
17,14,1.5828176736831665
17,15,1.3611054420471191
17,16,1.9353854656219482
17,17,1.7161896228790283
17,18,1.7838083505630493
17,19,1.500145435333252
17,20,1.7340152263641357
17,21,1.9491910934448242
17,22,1.8272600173950195
17,23,1.4722588062286377
17,24,2.3773059844970703
17,25,1.8226900100708008
17,26,1.6062660217285156
17,27,1.668891429901123
17,28,1.67243492603302
17,29,1.8265118598937988
17,30,1.788459062576294
17,31,1.638676643371582
17,32,1.886408805847168
17,33,2.0414562225341797
17,34,1.5101497173309326
17,35,1.7572691440582275
17,36,1.6555484533309937
17,37,1.9114636182785034
17,38,1.6570730209350586
17,39,1.857033133506775
17,40,1.643791913986206
17,41,1.8364460468292236
17,42,1.9985332489013672
17,43,1.9518711566925049
17,44,1.9066612720489502
17,45,2.192639112472534
17,46,1.9114400148391724
17,47,1.4907234907150269
17,48,1.5169551372528076
17,49,1.765272855758667
17,50,1.5977249145507812
17,51,1.7919930219650269
17,52,1.4963643550872803
17,53,1.5538184642791748
17,54,2.1172308921813965
17,55,2.0992891788482666
17,56,2.033158779144287
17,57,1.5335640907287598
17,58,1.6522237062454224
17,59,1.5527071952819824
17,60,1.6059958934783936
17,61,1.6981287002563477
17,62,2.0490028858184814
17,63,1.768235445022583
17,64,1.6429204940795898
17,65,1.9362422227859497
17,66,1.5786960124969482
17,67,1.9670510292053223
17,68,1.5636082887649536
17,69,1.5894649028778076
17,70,1.4767991304397583
17,71,1.674370527267456
17,72,1.7757261991500854
17,73,1.7796192169189453
17,74,1.7695558071136475
17,75,1.6673989295959473
17,76,1.6924092769622803
17,77,1.8650634288787842
17,78,1.9478745460510254
17,79,1.5565630197525024
17,80,1.7468681335449219
17,81,1.9054129123687744
17,82,1.657128095626831
17,83,1.63194739818573
17,84,1.5175058841705322
17,85,2.073756217956543
17,86,1.5807889699935913
17,87,1.5155725479125977
17,88,2.222102165222168
17,89,1.3586106300354004
17,90,1.4680914878845215
17,91,1.538784146308899
17,92,1.9879651069641113
17,93,1.733536720275879
17,94,1.6779098510742188
17,95,1.9577652215957642
17,96,1.6569688320159912
17,97,2.1971569061279297
17,98,1.705312728881836
17,99,1.8526477813720703
17,100,1.9882924556732178
17,101,2.0668692588806152
17,102,1.7697550058364868
17,103,1.681117296218872
17,104,1.7436895370483398
17,105,1.575939416885376
17,106,2.0750293731689453
17,107,1.7989959716796875
17,108,1.4197702407836914
17,109,1.5607795715332031
17,110,1.7453627586364746
17,111,2.0701770782470703
17,112,1.4344149827957153
17,113,1.7724907398223877
17,114,1.9103195667266846
17,115,1.7968294620513916
17,116,1.7322990894317627
17,117,2.0065114498138428
17,118,1.7873886823654175
17,119,1.7120131254196167
17,120,1.93889582157135
17,121,1.6652874946594238
17,122,1.5954481363296509
17,123,1.933651328086853
17,124,2.0020079612731934
17,125,1.9066349267959595
17,126,1.6547298431396484
17,127,1.7248666286468506
17,128,1.7317194938659668
17,129,1.7536242008209229
17,130,1.6414833068847656
17,131,1.7725372314453125
17,132,1.7813529968261719
17,133,1.7221143245697021
17,134,1.4703822135925293
17,135,2.0412561893463135
17,136,1.590997338294983
17,137,1.8555843830108643
17,138,1.7601659297943115
17,139,1.9187724590301514
17,140,1.6130893230438232
17,141,1.6909961700439453
17,142,1.620700716972351
17,143,1.7214515209197998
17,144,1.7960189580917358
17,145,1.7958393096923828
17,146,1.5784997940063477
17,147,1.7063878774642944
17,148,1.659541130065918
17,149,1.6848373413085938
17,150,2.2656822204589844
17,151,1.4730533361434937
17,152,1.871084213256836
17,153,1.6012135744094849
17,154,1.9945040941238403
17,155,1.7900927066802979
17,156,1.6302568912506104
17,157,1.733790636062622
17,158,1.6965631246566772
17,159,1.8702069520950317
17,160,1.576461672782898
17,161,1.7583222389221191
17,162,1.6677567958831787
17,163,1.8109304904937744
17,164,1.6096426248550415
17,165,1.8392045497894287
17,166,1.6874549388885498
17,167,1.6669840812683105
17,168,2.0178239345550537
17,169,1.7813981771469116
17,170,1.5889945030212402
17,171,1.725325107574463
17,172,1.7840107679367065
17,173,2.0757761001586914
17,174,1.7928693294525146
17,175,1.7026758193969727
17,176,2.0754706859588623
17,177,1.855232834815979
17,178,1.8297245502471924
17,179,2.2478411197662354
17,180,1.8178210258483887
17,181,1.8516178131103516
17,182,2.2546353340148926
17,183,1.321259617805481
17,184,1.7047889232635498
17,185,1.8174573183059692
17,186,1.731947898864746
17,187,1.9953981637954712
17,188,1.879716157913208
17,189,1.7198158502578735
17,190,1.8896576166152954
17,191,1.6565186977386475
17,192,1.5913751125335693
17,193,1.941986083984375
17,194,1.704436182975769
17,195,1.7553915977478027
17,196,1.6926250457763672
17,197,1.9589977264404297
17,198,1.629645824432373
17,199,1.4600403308868408
17,200,1.7538957595825195
17,201,1.8270353078842163
17,202,1.639678716659546
17,203,1.770775318145752
17,204,1.8432692289352417
17,205,1.6796910762786865
17,206,2.0007543563842773
17,207,1.724914312362671
17,208,1.6424386501312256
17,209,1.6557085514068604
17,210,1.4860479831695557
17,211,1.7393791675567627
17,212,2.280813455581665
17,213,2.0142669677734375
17,214,1.6209989786148071
17,215,1.5324777364730835
17,216,1.6076805591583252
17,217,1.4948065280914307
17,218,1.7115195989608765
17,219,2.1398844718933105
17,220,1.7024141550064087
17,221,2.089338541030884
17,222,1.6216752529144287
17,223,1.4640498161315918
17,224,1.6704466342926025
17,225,1.8893814086914062
17,226,2.0258615016937256
17,227,1.5895276069641113
17,228,1.844254493713379
17,229,1.8116501569747925
17,230,1.8621259927749634
17,231,2.235875129699707
17,232,1.95818030834198
17,233,2.3814139366149902
17,234,1.6794228553771973
17,235,1.8639466762542725
17,236,1.6253461837768555
17,237,1.8109674453735352
17,238,1.927121639251709
17,239,1.652990460395813
17,240,1.5939393043518066
17,241,1.5706874132156372
17,242,1.7488336563110352
17,243,1.8595781326293945
17,244,1.6414852142333984
17,245,1.8999779224395752
17,246,1.9113893508911133
17,247,1.3579463958740234
17,248,1.6518347263336182
17,249,1.7611079216003418
17,250,1.4875664710998535
17,251,2.342928409576416
17,252,2.1596763134002686
17,253,1.8860399723052979
17,254,1.7241361141204834
17,255,1.699016809463501
17,256,1.7838845252990723
17,257,1.424484133720398
17,258,1.7081236839294434
17,259,1.6889225244522095
17,260,1.5229198932647705
17,261,1.8804689645767212
17,262,1.7913548946380615
17,263,1.4121818542480469
17,264,2.0732855796813965
17,265,1.6210949420928955
17,266,1.8268240690231323
17,267,1.9478905200958252
17,268,1.6767144203186035
17,269,1.635101318359375
17,270,1.809109091758728
17,271,1.9256680011749268
17,272,1.4430075883865356
17,273,1.852304220199585
17,274,1.9952099323272705
17,275,2.0840835571289062
17,276,1.4163308143615723
17,277,1.3709262609481812
17,278,1.6988728046417236
17,279,1.8700971603393555
17,280,1.5986813306808472
17,281,1.5027897357940674
17,282,1.67537260055542
17,283,1.9253454208374023
17,284,1.6260632276535034
17,285,1.6113189458847046
17,286,1.4832789897918701
17,287,2.1663317680358887
17,288,1.6221951246261597
17,289,2.1921348571777344
17,290,1.6568145751953125
17,291,1.8722398281097412
17,292,2.0717248916625977
17,293,1.531761884689331
17,294,2.4873404502868652
17,295,1.8653841018676758
17,296,1.671971321105957
17,297,1.7132868766784668
17,298,2.3190829753875732
17,299,1.5751283168792725
17,300,1.6639070510864258
17,301,2.1922805309295654
17,302,2.026123046875
17,303,1.2662148475646973
17,304,2.0025501251220703
17,305,1.7230303287506104
17,306,1.8979451656341553
17,307,1.696493148803711
17,308,1.847663164138794
17,309,1.833967924118042
17,310,1.9842365980148315
17,311,1.7373628616333008
18,0,2.2299437522888184
18,1,1.661576509475708
18,2,1.817501187324524
18,3,1.485321283340454
18,4,1.6804852485656738
18,5,1.4671026468276978
18,6,2.3130340576171875
18,7,1.5193737745285034
18,8,1.5320155620574951
18,9,1.8911300897598267
18,10,1.557948350906372
18,11,1.581179141998291
18,12,1.607395887374878
18,13,1.6763896942138672
18,14,1.7027207612991333
18,15,1.7706760168075562
18,16,1.6330846548080444
18,17,1.585907220840454
18,18,1.745903730392456
18,19,1.6467082500457764
18,20,1.6370271444320679
18,21,1.7743620872497559
18,22,1.5776586532592773
18,23,1.7178611755371094
18,24,2.0067524909973145
18,25,1.7313354015350342
18,26,1.9527896642684937
18,27,1.6316134929656982
18,28,1.6144415140151978
18,29,1.9772038459777832
18,30,1.4013999700546265
18,31,2.0970146656036377
18,32,1.6476171016693115
18,33,1.8370952606201172
18,34,2.330350875854492
18,35,1.411128282546997
18,36,1.521634578704834
18,37,1.6144347190856934
18,38,1.6802445650100708
18,39,1.88105046749115
18,40,1.576049566268921
18,41,1.640066385269165
18,42,1.9123705625534058
18,43,1.7905656099319458
18,44,2.0396275520324707
18,45,1.715846061706543
18,46,1.981390357017517
18,47,1.6306371688842773
18,48,1.7169806957244873
18,49,1.908050298690796
18,50,1.668888807296753
18,51,1.8142011165618896
18,52,1.8082332611083984
18,53,1.9552249908447266
18,54,2.003481864929199
18,55,1.8296293020248413
18,56,1.7341749668121338
18,57,1.5554568767547607
18,58,1.927584171295166
18,59,1.4389933347702026
18,60,1.7627067565917969
18,61,1.726175308227539
18,62,1.4392205476760864
18,63,1.9016335010528564
18,64,1.7916266918182373
18,65,2.250492572784424
18,66,1.801804780960083
18,67,1.5905694961547852
18,68,1.7998127937316895
18,69,1.7054846286773682
18,70,1.9442689418792725
18,71,1.6583921909332275
18,72,1.7547452449798584
18,73,1.5837297439575195
18,74,1.6135603189468384
18,75,1.6241682767868042
18,76,1.5661356449127197
18,77,1.7095589637756348
18,78,1.4925755262374878
18,79,1.9402979612350464
18,80,1.64137601852417
18,81,1.5741918087005615
18,82,1.8319200277328491
18,83,1.8276550769805908
18,84,1.5741592645645142
18,85,1.7935876846313477
18,86,1.7117763757705688
18,87,1.75661301612854
18,88,2.10660719871521
18,89,2.09735107421875
18,90,1.7871248722076416
18,91,2.28678560256958
18,92,1.8678786754608154
18,93,1.600642442703247
18,94,1.6056725978851318
18,95,1.6068227291107178
18,96,1.9151612520217896
18,97,1.7884151935577393
18,98,1.332930326461792
18,99,1.8470940589904785
18,100,1.7564892768859863
18,101,1.5989713668823242
18,102,1.4720683097839355
18,103,1.795039415359497
18,104,1.916749358177185
18,105,1.5362451076507568
18,106,2.0365819931030273
18,107,1.7389559745788574
18,108,1.7981841564178467
18,109,1.36175537109375
18,110,1.5365288257598877
18,111,1.3084181547164917
18,112,1.4259610176086426
18,113,1.5132231712341309
18,114,1.7513302564620972
18,115,2.020073890686035
18,116,1.7309057712554932
18,117,1.4972304105758667
18,118,1.7809066772460938
18,119,1.4488089084625244
18,120,1.7622520923614502
18,121,1.466482162475586
18,122,1.9452569484710693
18,123,1.7602708339691162
18,124,1.988433599472046
18,125,1.6567845344543457
18,126,1.7768218517303467
18,127,1.8584269285202026
18,128,2.177816390991211
18,129,2.1256890296936035
18,130,1.5599116086959839
18,131,1.7814266681671143
18,132,1.8013253211975098
18,133,1.7577152252197266
18,134,1.4142839908599854
18,135,1.8207547664642334
18,136,1.8460379838943481
18,137,2.3635201454162598
18,138,1.5599124431610107
18,139,1.7468316555023193
18,140,1.7269515991210938
18,141,1.6762069463729858
18,142,1.641042947769165
18,143,1.617722749710083
18,144,1.4921979904174805
18,145,1.6883387565612793
18,146,1.7468945980072021
18,147,1.6980499029159546
18,148,1.6400372982025146
18,149,1.5662401914596558
18,150,1.6146204471588135
18,151,1.6872296333312988
18,152,2.0632243156433105
18,153,1.3794101476669312
18,154,1.7649224996566772
18,155,1.9895813465118408
18,156,1.9110088348388672
18,157,1.8302431106567383
18,158,1.9172643423080444
18,159,1.907153606414795
18,160,1.5589362382888794
18,161,1.8931409120559692
18,162,1.4569969177246094
18,163,1.6117653846740723
18,164,1.8750790357589722
18,165,1.792717695236206
18,166,1.7817516326904297
18,167,1.4488966464996338
18,168,2.068556785583496
18,169,2.2982711791992188
18,170,1.558640718460083
18,171,1.8455140590667725
18,172,1.8811215162277222
18,173,1.9951589107513428
18,174,2.0522069931030273
18,175,1.694598913192749
18,176,2.0050957202911377
18,177,1.800369381904602
18,178,1.6265602111816406
18,179,2.0968682765960693
18,180,1.6855483055114746
18,181,1.8038051128387451
18,182,1.7999539375305176
18,183,1.6895159482955933
18,184,1.9586882591247559
18,185,2.0623862743377686
18,186,1.6071674823760986
18,187,1.4549473524093628
18,188,1.5918196439743042
18,189,1.6577036380767822
18,190,2.083385944366455
18,191,2.1529314517974854
18,192,1.4586156606674194
18,193,1.9349640607833862
18,194,1.6430351734161377
18,195,1.7173012495040894
18,196,1.8909610509872437
18,197,1.5922014713287354
18,198,1.446803092956543
18,199,1.4870948791503906
18,200,1.4018571376800537
18,201,1.6573907136917114
18,202,1.62416672706604
18,203,1.648463487625122
18,204,1.8810715675354004
18,205,1.4416859149932861
18,206,1.7956271171569824
18,207,1.7071967124938965
18,208,2.0204544067382812
18,209,1.4967213869094849
18,210,1.6894757747650146
18,211,2.069972515106201
18,212,1.8968708515167236
18,213,1.7287875413894653
18,214,1.767525315284729
18,215,1.8817291259765625
18,216,1.8641119003295898
18,217,1.437018871307373
18,218,1.8679927587509155
18,219,2.006974220275879
18,220,1.8891791105270386
18,221,1.4693138599395752
18,222,1.9269189834594727
18,223,1.536892056465149
18,224,1.5539274215698242
18,225,1.6278414726257324
18,226,1.4170856475830078
18,227,1.9202706813812256
18,228,1.6210277080535889
18,229,1.841933012008667
18,230,1.468525767326355
18,231,1.8894883394241333
18,232,1.9441722631454468
18,233,1.5203993320465088
18,234,1.6120615005493164
18,235,1.4983752965927124
18,236,1.3478457927703857
18,237,1.5384224653244019
18,238,1.8557765483856201
18,239,1.9067153930664062
18,240,1.524482011795044
18,241,1.6074409484863281
18,242,1.6088531017303467
18,243,1.5783889293670654
18,244,1.6929304599761963
18,245,1.5247547626495361
18,246,1.7581729888916016
18,247,1.4958832263946533
18,248,2.071727752685547
18,249,1.6024487018585205
18,250,1.3107527494430542
18,251,1.540670394897461
18,252,1.4850718975067139
18,253,1.7697864770889282
18,254,1.4607129096984863
18,255,1.7253360748291016
18,256,1.8241863250732422
18,257,1.5259950160980225
18,258,1.6336791515350342
18,259,1.77467679977417
18,260,1.7732092142105103
18,261,1.4906479120254517
18,262,1.958021879196167
18,263,2.193742275238037
18,264,1.7225226163864136
18,265,1.834118366241455
18,266,1.7352769374847412
18,267,2.200399160385132
18,268,1.4805517196655273
18,269,2.263195037841797
18,270,1.5902295112609863
18,271,1.7718400955200195
18,272,2.0946998596191406
18,273,2.354912042617798
18,274,1.8432319164276123
18,275,1.7789995670318604
18,276,1.6312881708145142
18,277,1.6149048805236816
18,278,1.4246888160705566
18,279,1.7411119937896729
18,280,2.061554193496704
18,281,1.5448532104492188
18,282,1.8602769374847412
18,283,1.5542070865631104
18,284,1.7116477489471436
18,285,1.8351191282272339
18,286,1.7332959175109863
18,287,1.6314842700958252
18,288,1.7300193309783936
18,289,1.4333646297454834
18,290,1.982733964920044
18,291,1.6349551677703857
18,292,1.6806402206420898
18,293,1.2040352821350098
18,294,1.3442453145980835
18,295,1.7396987676620483
18,296,1.9386253356933594
18,297,1.7075448036193848
18,298,2.1905312538146973
18,299,1.522956132888794
18,300,1.5714373588562012
18,301,1.8796988725662231
18,302,1.866571068763733
18,303,1.4335193634033203
18,304,1.8122518062591553
18,305,1.6984779834747314
18,306,2.0626745223999023
18,307,1.5112740993499756
18,308,1.6801607608795166
18,309,2.0140609741210938
18,310,1.694019079208374
18,311,2.238744020462036
19,0,1.8031612634658813
19,1,1.681522011756897
19,2,1.3657541275024414
19,3,1.4928698539733887
19,4,1.7174780368804932
19,5,1.6385266780853271
19,6,1.7183548212051392
19,7,1.4673908948898315
19,8,1.3746423721313477
19,9,1.8891996145248413
19,10,2.1836578845977783
19,11,1.4518470764160156
19,12,1.7219386100769043
19,13,1.7001943588256836
19,14,1.6897623538970947
19,15,1.909367561340332
19,16,1.6509188413619995
19,17,1.451533555984497
19,18,1.6556254625320435
19,19,1.7959113121032715
19,20,1.4887287616729736
19,21,1.312652826309204
19,22,1.5063493251800537
19,23,1.735915184020996
19,24,1.3835890293121338
19,25,1.775223731994629
19,26,1.9763401746749878
19,27,1.766836404800415
19,28,1.6547832489013672
19,29,1.735215425491333
19,30,1.5281836986541748
19,31,1.4128361940383911
19,32,1.4704725742340088
19,33,1.738579273223877
19,34,1.4622588157653809
19,35,1.5910565853118896
19,36,2.011185646057129
19,37,1.8493354320526123
19,38,1.4935426712036133
19,39,1.6588633060455322
19,40,1.3110415935516357
19,41,1.4730726480484009
19,42,1.4194036722183228
19,43,1.7271881103515625
19,44,1.9582034349441528
19,45,2.028010368347168
19,46,1.9324361085891724
19,47,1.5707101821899414
19,48,1.580315351486206
19,49,1.8327202796936035
19,50,1.5528135299682617
19,51,1.529447078704834
19,52,1.7585170269012451
19,53,1.731706142425537
19,54,1.8596116304397583
19,55,1.6906907558441162
19,56,2.021441698074341
19,57,1.7265005111694336
19,58,1.5928409099578857
19,59,2.0593738555908203
19,60,1.8321577310562134
19,61,2.0159504413604736
19,62,1.5500925779342651
19,63,1.6596797704696655
19,64,1.361732006072998
19,65,1.595686674118042
19,66,1.92173433303833
19,67,1.5632392168045044
19,68,1.6839522123336792
19,69,1.6989078521728516
19,70,1.7065398693084717
19,71,1.803913950920105
19,72,1.424528956413269
19,73,2.1677379608154297
19,74,2.291675329208374
19,75,1.683193564414978
19,76,1.634873867034912
19,77,1.7403090000152588
19,78,2.0108022689819336
19,79,2.148465871810913
19,80,1.4937574863433838
19,81,1.5334376096725464
19,82,1.6555620431900024
19,83,1.7751646041870117
19,84,1.7740994691848755
19,85,2.0923190116882324
19,86,2.144719362258911
19,87,1.5731103420257568
19,88,2.025448799133301
19,89,1.6998546123504639
19,90,1.4372668266296387
19,91,1.6260050535202026
19,92,1.4173847436904907
19,93,1.7026375532150269
19,94,1.4249603748321533
19,95,1.547846794128418
19,96,2.019066333770752
19,97,1.5555287599563599
19,98,1.7575123310089111
19,99,1.7822856903076172
19,100,1.954398274421692
19,101,2.0534305572509766
19,102,1.5206966400146484
19,103,1.7789946794509888
19,104,1.8539330959320068
19,105,1.5148017406463623
19,106,1.7764332294464111
19,107,1.7695457935333252
19,108,1.875918984413147
19,109,1.6466906070709229
19,110,1.5218627452850342
19,111,1.5120735168457031
19,112,1.9644184112548828
19,113,1.5850419998168945
19,114,2.182765007019043
19,115,1.8005729913711548
19,116,1.6656557321548462
19,117,1.9667412042617798
19,118,1.7223491668701172
19,119,1.7740799188613892
19,120,1.5713214874267578
19,121,1.7108042240142822
19,122,1.845231533050537
19,123,1.4935133457183838
19,124,2.0941810607910156
19,125,1.8542184829711914
19,126,1.7908294200897217
19,127,1.9318361282348633
19,128,2.1069953441619873
19,129,1.5609638690948486
19,130,1.5106995105743408
19,131,1.7932542562484741
19,132,1.5726375579833984
19,133,1.6317667961120605
19,134,1.687258243560791
19,135,1.58951735496521
19,136,1.643125057220459
19,137,1.6085798740386963
19,138,1.8604823350906372
19,139,1.4997978210449219
19,140,1.8758571147918701
19,141,1.62937593460083
19,142,2.0570266246795654
19,143,1.5782314538955688
19,144,1.8065893650054932
19,145,1.5153052806854248
19,146,1.4128297567367554
19,147,1.878829836845398
19,148,1.899026870727539
19,149,1.8118313550949097
19,150,1.4833747148513794
19,151,1.5124268531799316
19,152,1.9194235801696777
19,153,2.1199893951416016
19,154,1.9216084480285645
19,155,1.593571424484253
19,156,1.4594579935073853
19,157,1.8143919706344604
19,158,1.8263461589813232
19,159,1.3060603141784668
19,160,2.073314905166626
19,161,1.5241925716400146
19,162,1.4960947036743164
19,163,1.6528956890106201
19,164,1.7693578004837036
19,165,1.6642364263534546
19,166,1.5218281745910645
19,167,1.412819743156433
19,168,1.855264663696289
19,169,1.8826193809509277
19,170,1.7757582664489746
19,171,2.319309949874878
19,172,2.0768039226531982
19,173,1.820760726928711
19,174,1.6662344932556152
19,175,1.994234561920166
19,176,1.7527143955230713
19,177,1.6868526935577393
19,178,1.6542026996612549
19,179,1.9367077350616455
19,180,1.7464091777801514
19,181,1.7299349308013916
19,182,1.8101757764816284
19,183,1.7225019931793213
19,184,1.5314894914627075
19,185,1.6018786430358887
19,186,1.8327243328094482
19,187,2.445934534072876
19,188,1.7303390502929688
19,189,1.8173034191131592
19,190,1.4656689167022705
19,191,1.7231380939483643
19,192,1.6190038919448853
19,193,1.7367404699325562
19,194,1.3485373258590698
19,195,1.777638554573059
19,196,2.4624011516571045
19,197,1.5928642749786377
19,198,1.7684792280197144
19,199,1.7482990026474
19,200,1.5035486221313477
19,201,1.6182265281677246
19,202,1.56663179397583
19,203,1.8580617904663086
19,204,1.8400204181671143
19,205,1.9505629539489746
19,206,1.520472526550293
19,207,1.7939233779907227
19,208,1.684725046157837
19,209,1.873420238494873
19,210,1.5165061950683594
19,211,1.4862881898880005
19,212,1.4601056575775146
19,213,1.5645380020141602
19,214,1.9192636013031006
19,215,1.7761123180389404
19,216,1.974446415901184
19,217,1.8860924243927002
19,218,2.2410731315612793
19,219,1.6521837711334229
19,220,1.730284333229065
19,221,1.6474964618682861
19,222,1.641510248184204
19,223,1.4297387599945068
19,224,2.0084965229034424
19,225,1.7426494359970093
19,226,1.6393287181854248
19,227,1.8376489877700806
19,228,1.6590344905853271
19,229,1.6660387516021729
19,230,1.6290767192840576
19,231,1.761597990989685
19,232,1.958820104598999
19,233,1.363290786743164
19,234,1.7351231575012207
19,235,1.6015832424163818
19,236,1.4965161085128784
19,237,1.8650809526443481
19,238,1.5332722663879395
19,239,2.0216221809387207
19,240,2.097141742706299
19,241,1.5908881425857544
19,242,1.8506630659103394
19,243,2.010368585586548
19,244,1.760144591331482
19,245,1.7972214221954346
19,246,2.1668264865875244
19,247,1.5674681663513184
19,248,1.5017004013061523
19,249,1.3700876235961914
19,250,1.9410223960876465
19,251,1.7428550720214844
19,252,1.5918161869049072
19,253,1.9242572784423828
19,254,1.8120965957641602
19,255,1.9550504684448242
19,256,1.908560037612915
19,257,1.8150848150253296
19,258,1.7236034870147705
19,259,1.458915114402771
19,260,1.6295688152313232
19,261,1.505262017250061
19,262,1.5292913913726807
19,263,1.75148344039917
19,264,1.588474988937378
19,265,1.6895737648010254
19,266,1.5711708068847656
19,267,1.8309283256530762
19,268,1.6099450588226318
19,269,1.693679928779602
19,270,1.5653605461120605
19,271,1.6233940124511719
19,272,1.7510366439819336
19,273,1.7746632099151611
19,274,2.0577592849731445
19,275,1.7449429035186768
19,276,1.856330394744873
19,277,1.4709937572479248
19,278,1.97349214553833
19,279,1.887202501296997
19,280,1.7389928102493286
19,281,1.779238224029541
19,282,1.7611099481582642
19,283,1.7966512441635132
19,284,1.838747501373291
19,285,1.5672662258148193
19,286,1.5094740390777588
19,287,2.0363287925720215
19,288,1.4357866048812866
19,289,1.431260585784912
19,290,1.6736894845962524
19,291,1.5512101650238037
19,292,1.8857570886611938
19,293,1.6120657920837402
19,294,1.6463532447814941
19,295,1.6011630296707153
19,296,2.053633689880371
19,297,1.9705454111099243
19,298,1.7259894609451294
19,299,1.590282917022705
19,300,1.7850781679153442
19,301,2.061706781387329
19,302,1.876396894454956
19,303,1.6856799125671387
19,304,1.397857666015625
19,305,1.605881690979004
19,306,1.7635163068771362
19,307,1.7651207447052002
19,308,1.6313176155090332
19,309,1.8506780862808228
19,310,1.8385871648788452
19,311,1.4383214712142944
20,0,1.7302824258804321
20,1,1.5767096281051636
20,2,1.5163795948028564
20,3,1.7046153545379639
20,4,1.5741448402404785
20,5,1.768756628036499
20,6,1.950148582458496
20,7,1.6480379104614258
20,8,1.5135524272918701
20,9,1.7132387161254883
20,10,2.215428352355957
20,11,1.5982509851455688
20,12,1.57521653175354
20,13,1.3773396015167236
20,14,2.006542921066284
20,15,1.7074553966522217
20,16,1.5261735916137695
20,17,1.5175881385803223
20,18,1.5034685134887695
20,19,1.5247890949249268
20,20,1.632378339767456
20,21,1.4886643886566162
20,22,1.8650095462799072
20,23,1.6854736804962158
20,24,1.6006802320480347
20,25,1.2426908016204834
20,26,1.7627464532852173
20,27,1.8282551765441895
20,28,2.155421257019043
20,29,1.6817665100097656
20,30,1.8812828063964844
20,31,2.0932374000549316
20,32,1.6918987035751343
20,33,1.6140751838684082
20,34,1.836989402770996
20,35,1.3257685899734497
20,36,1.9149446487426758
20,37,2.0918891429901123
20,38,1.753751277923584
20,39,1.591198444366455
20,40,1.7026011943817139
20,41,1.4797571897506714
20,42,2.147916793823242
20,43,1.72727370262146
20,44,1.9247550964355469
20,45,1.3660366535186768
20,46,1.4265046119689941
20,47,1.5880882740020752
20,48,1.8501708507537842
20,49,2.143181085586548
20,50,1.7936465740203857
20,51,1.5956459045410156
20,52,1.4234766960144043
20,53,1.7631804943084717
20,54,1.731067180633545
20,55,1.5737509727478027
20,56,1.7820184230804443
20,57,1.4039076566696167
20,58,1.7012114524841309
20,59,1.9903655052185059
20,60,1.9348981380462646
20,61,1.4731976985931396
20,62,1.7381078004837036
20,63,1.4130107164382935
20,64,1.319907546043396
20,65,1.5020010471343994
20,66,1.630098581314087
20,67,1.6477410793304443
20,68,1.727067470550537
20,69,2.0794837474823
20,70,1.8218657970428467
20,71,1.6512529850006104
20,72,1.806459665298462
20,73,1.8244909048080444
20,74,1.936877965927124
20,75,1.3781789541244507
20,76,1.7051600217819214
20,77,1.8039419651031494
20,78,1.7413907051086426
20,79,1.905668020248413
20,80,1.4564933776855469
20,81,1.67832350730896
20,82,1.4733364582061768
20,83,1.672125220298767
20,84,1.6724634170532227
20,85,1.89251708984375
20,86,2.0503835678100586
20,87,1.869596242904663
20,88,1.8406529426574707
20,89,1.4348140954971313
20,90,1.867971420288086
20,91,1.6406300067901611
20,92,2.041411876678467
20,93,1.9569368362426758
20,94,1.4472285509109497
20,95,1.9301011562347412
20,96,1.8263189792633057
20,97,1.9147834777832031
20,98,1.6997103691101074
20,99,1.8097213506698608
20,100,1.7414371967315674
20,101,1.6314210891723633
20,102,1.5277740955352783
20,103,1.5308419466018677
20,104,1.7608839273452759
20,105,1.824655532836914
20,106,1.3979485034942627
20,107,1.4342968463897705
20,108,1.858363389968872
20,109,1.565035343170166
20,110,1.6959478855133057
20,111,1.838416576385498
20,112,1.5053482055664062
20,113,1.7245733737945557
20,114,2.0817995071411133
20,115,1.5256352424621582
20,116,1.5978182554244995
20,117,2.0238475799560547
20,118,2.1463420391082764
20,119,1.8532044887542725
20,120,1.5607178211212158
20,121,1.3637226819992065
20,122,2.000009059906006
20,123,1.4105498790740967
20,124,1.9343352317810059
20,125,1.8630386590957642
20,126,1.7674881219863892
20,127,1.5344789028167725
20,128,1.7831698656082153
20,129,1.6768238544464111
20,130,1.4847304821014404
20,131,1.5779805183410645
20,132,1.6646807193756104
20,133,1.7219419479370117
20,134,1.5348904132843018
20,135,1.7047346830368042
20,136,1.561898946762085
20,137,1.7896374464035034
20,138,1.794342279434204
20,139,1.5006043910980225
20,140,1.639263391494751
20,141,1.6884677410125732
20,142,1.7333829402923584
20,143,1.6812852621078491
20,144,2.0776548385620117
20,145,1.5120675563812256
20,146,1.913772702217102
20,147,1.511869192123413
20,148,1.6256327629089355
20,149,1.6154835224151611
20,150,1.8572181463241577
20,151,1.8930938243865967
20,152,1.3506040573120117
20,153,1.8526840209960938
20,154,1.5360479354858398
20,155,1.5317903757095337
20,156,1.5505189895629883
20,157,1.4775688648223877
20,158,1.6780911684036255
20,159,1.666591763496399
20,160,1.7155265808105469
20,161,1.44486665725708
20,162,1.8158973455429077
20,163,1.6991674900054932
20,164,1.636229157447815
20,165,2.0464181900024414
20,166,2.026495933532715
20,167,1.552457571029663
20,168,1.5350120067596436
20,169,1.7849581241607666
20,170,1.8089921474456787
20,171,1.684896469116211
20,172,1.8453160524368286
20,173,1.6861789226531982
20,174,1.939415693283081
20,175,1.7832279205322266
20,176,1.9182811975479126
20,177,1.518642783164978
20,178,1.6668028831481934
20,179,1.6025912761688232
20,180,1.808548927307129
20,181,1.3171865940093994
20,182,1.8564200401306152
20,183,1.8454575538635254
20,184,2.0756802558898926
20,185,1.915529727935791
20,186,2.034788131713867
20,187,2.0093231201171875
20,188,1.4648640155792236
20,189,1.4639992713928223
20,190,1.9735264778137207
20,191,1.692326545715332
20,192,1.8014650344848633
20,193,1.998971939086914
20,194,1.8411262035369873
20,195,1.6767064332962036
20,196,1.7126121520996094
20,197,1.837019443511963
20,198,1.5084681510925293
20,199,1.5391652584075928
20,200,1.4559544324874878
20,201,1.6103068590164185
20,202,1.3662075996398926
20,203,1.9128146171569824
20,204,1.747031569480896
20,205,1.7235562801361084
20,206,1.5237317085266113
20,207,1.8089145421981812
20,208,1.653001308441162
20,209,1.5268993377685547
20,210,1.7521569728851318
20,211,1.9901597499847412
20,212,1.7953801155090332
20,213,1.5054823160171509
20,214,1.6952011585235596
20,215,1.4803235530853271
20,216,1.7179591655731201
20,217,1.759629249572754
20,218,1.5630625486373901
20,219,2.2499239444732666
20,220,1.863492488861084
20,221,2.04013729095459
20,222,2.039698839187622
20,223,1.6658719778060913
20,224,1.6451456546783447
20,225,1.8215888738632202
20,226,1.690304160118103
20,227,1.6934456825256348
20,228,1.9050583839416504
20,229,1.2588839530944824
20,230,1.9168856143951416
20,231,1.7347908020019531
20,232,1.8480396270751953
20,233,1.7778308391571045
20,234,1.399108648300171
20,235,1.8747334480285645
20,236,1.661433219909668
20,237,1.9024051427841187
20,238,1.8725528717041016
20,239,1.8836605548858643
20,240,1.3630987405776978
20,241,1.7395817041397095
20,242,1.7489044666290283
20,243,1.5832300186157227
20,244,1.7055270671844482
20,245,1.879738211631775
20,246,1.5463194847106934
20,247,1.586836338043213
20,248,1.7294230461120605
20,249,1.8523167371749878
20,250,2.551637649536133
20,251,1.930375576019287
20,252,1.5361956357955933
20,253,1.7990816831588745
20,254,1.8550233840942383
20,255,2.1485466957092285
20,256,1.4218881130218506
20,257,2.100329875946045
20,258,1.9745012521743774
20,259,1.8277575969696045
20,260,2.217679738998413
20,261,1.7476470470428467
20,262,1.8127686977386475
20,263,1.834839105606079
20,264,1.911902904510498
20,265,1.4190189838409424
20,266,2.247014284133911
20,267,1.7270514965057373
20,268,1.6011435985565186
20,269,1.5961542129516602
20,270,1.2737748622894287
20,271,1.7733162641525269
20,272,1.5947668552398682
20,273,2.2140865325927734
20,274,1.8407385349273682
20,275,1.9946599006652832
20,276,2.0004475116729736
20,277,1.6780660152435303
20,278,1.6105144023895264
20,279,1.520922064781189
20,280,1.7367280721664429
20,281,1.492061734199524
20,282,1.8087751865386963
20,283,1.825199007987976
20,284,1.6470261812210083
20,285,1.5085535049438477
20,286,1.7209022045135498
20,287,1.5654840469360352
20,288,1.6666805744171143
20,289,1.749995231628418
20,290,1.2755323648452759
20,291,1.5934350490570068
20,292,1.9306784868240356
20,293,1.3076319694519043
20,294,1.728581428527832
20,295,1.4614670276641846
20,296,1.7739250659942627
20,297,1.7082138061523438
20,298,1.7381935119628906
20,299,1.8373816013336182
20,300,1.6370400190353394
20,301,1.4834327697753906
20,302,1.3418364524841309
20,303,1.7053049802780151
20,304,1.403287649154663
20,305,1.7428332567214966
20,306,1.4809410572052002
20,307,1.6419600248336792
20,308,1.8134148120880127
20,309,1.9073207378387451
20,310,1.6464495658874512
20,311,1.7122540473937988
21,0,1.9202063083648682
21,1,1.3054256439208984
21,2,1.5578192472457886
21,3,1.5778475999832153
21,4,1.6819355487823486
21,5,1.608659029006958
21,6,1.8464865684509277
21,7,1.6200542449951172
21,8,1.411991834640503
21,9,1.9538853168487549
21,10,1.6252435445785522
21,11,1.7075773477554321
21,12,1.7007746696472168
21,13,1.7450079917907715
21,14,1.765267014503479
21,15,1.7197219133377075
21,16,1.737337589263916
21,17,1.4563777446746826
21,18,1.7301312685012817
21,19,1.3707382678985596
21,20,1.6878490447998047
21,21,1.5014488697052002
21,22,1.6263140439987183
21,23,1.4184856414794922
21,24,1.553499698638916
21,25,1.5196759700775146
21,26,1.923366904258728
21,27,1.6425716876983643
21,28,1.7155580520629883
21,29,1.7019798755645752
21,30,1.7483729124069214
21,31,1.6337432861328125
21,32,1.4456011056900024
21,33,1.564475178718567
21,34,1.443342924118042
21,35,2.0513558387756348
21,36,1.4889627695083618
21,37,1.637531042098999
21,38,1.4331233501434326
21,39,1.5727144479751587
21,40,2.140756607055664
21,41,1.7823485136032104
21,42,1.581460952758789
21,43,1.6815266609191895
21,44,1.773179054260254
21,45,1.7281157970428467
21,46,1.32390558719635
21,47,1.6291309595108032
21,48,1.4391183853149414
21,49,2.0252466201782227
21,50,1.6426304578781128
21,51,1.894565224647522
21,52,2.0539298057556152
21,53,1.3097389936447144
21,54,1.756401777267456
21,55,1.5399177074432373
21,56,1.792609691619873
21,57,1.552478313446045
21,58,1.709505558013916
21,59,1.3205273151397705
21,60,1.5558576583862305
21,61,1.6450622081756592
21,62,1.5143369436264038
21,63,1.6689618825912476
21,64,1.3580634593963623
21,65,1.6357868909835815
21,66,1.7381374835968018
21,67,1.6069962978363037
21,68,1.6100540161132812
21,69,2.184680223464966
21,70,1.5299286842346191
21,71,1.9932184219360352
21,72,2.0501489639282227
21,73,1.7303454875946045
21,74,2.1728272438049316
21,75,1.7283449172973633
21,76,2.036078453063965
21,77,1.7043910026550293
21,78,1.305898904800415
21,79,1.7172179222106934
21,80,1.742207407951355
21,81,1.8397406339645386
21,82,1.9544605016708374
21,83,1.4863327741622925
21,84,1.6214063167572021
21,85,1.4897739887237549
21,86,1.5572373867034912
21,87,1.6683814525604248
21,88,1.7409098148345947
21,89,1.555419683456421
21,90,1.5141007900238037
21,91,1.6543477773666382
21,92,1.8552908897399902
21,93,1.6879692077636719
21,94,1.8437986373901367
21,95,1.8431988954544067
21,96,1.487325668334961
21,97,1.641053318977356
21,98,1.5249971151351929
21,99,1.8846086263656616
21,100,1.7899413108825684
21,101,1.639427661895752
21,102,1.4941985607147217
21,103,1.7033412456512451
21,104,1.5658513307571411
21,105,2.094059944152832
21,106,1.8706185817718506
21,107,1.7151968479156494
21,108,1.8744508028030396
21,109,1.4132230281829834
21,110,1.8980145454406738
21,111,1.562518835067749
21,112,1.7163903713226318
21,113,1.7460567951202393
21,114,1.8642280101776123
21,115,1.7809394598007202
21,116,1.4425475597381592
21,117,1.693535327911377
21,118,1.7357048988342285
21,119,1.4834539890289307
21,120,1.4089345932006836
21,121,1.9637410640716553
21,122,1.9427721500396729
21,123,1.8254072666168213
21,124,1.9510340690612793
21,125,1.7953202724456787
21,126,1.5706753730773926
21,127,1.9723410606384277
21,128,2.1241509914398193
21,129,1.569615364074707
21,130,1.895601749420166
21,131,1.9669935703277588
21,132,1.6283215284347534
21,133,1.5165414810180664
21,134,1.7924280166625977
21,135,1.7709054946899414
21,136,1.9264588356018066
21,137,1.3424749374389648
21,138,1.794994592666626
21,139,1.7993524074554443
21,140,1.349562644958496
21,141,1.6241247653961182
21,142,1.9480242729187012
21,143,1.3901948928833008
21,144,1.4773588180541992
21,145,1.7496168613433838
21,146,1.53421950340271
21,147,1.3876941204071045
21,148,1.5758546590805054
21,149,1.7797746658325195
21,150,1.4543864727020264
21,151,1.8318876028060913
21,152,1.7558183670043945
21,153,1.7731289863586426
21,154,2.1711204051971436
21,155,1.5862655639648438
21,156,1.462178349494934
21,157,1.7391878366470337
21,158,1.5909056663513184
21,159,2.07177734375
21,160,1.7166693210601807
21,161,2.111353635787964
21,162,1.5012354850769043
21,163,1.5908031463623047
21,164,1.7223008871078491
21,165,1.844558596611023
21,166,1.438704252243042
21,167,2.129117965698242
21,168,1.9129829406738281
21,169,1.5427312850952148
21,170,1.3998925685882568
21,171,1.4663853645324707
21,172,1.9303309917449951
21,173,2.0058562755584717
21,174,1.9233100414276123
21,175,2.2414698600769043
21,176,1.6801608800888062
21,177,1.6056675910949707
21,178,1.7937836647033691
21,179,1.886557698249817
21,180,1.8617231845855713
21,181,1.6726171970367432
21,182,1.5222344398498535
21,183,1.8367400169372559
21,184,1.9122024774551392
21,185,1.5785033702850342
21,186,1.7423028945922852
21,187,1.6167643070220947
21,188,1.822482943534851
21,189,1.7688329219818115
21,190,1.6609723567962646
21,191,1.9067673683166504
21,192,2.008836269378662
21,193,1.6626029014587402
21,194,1.5034136772155762
21,195,1.7946221828460693
21,196,1.691939115524292
21,197,1.4765052795410156
21,198,1.8692264556884766
21,199,1.5394172668457031
21,200,1.6024644374847412
21,201,1.8780839443206787
21,202,1.6185792684555054
21,203,1.6939170360565186
21,204,1.951028823852539
21,205,1.7790313959121704
21,206,1.4671300649642944
21,207,1.5611605644226074
21,208,1.9733927249908447
21,209,1.7218726873397827
21,210,1.758773684501648
21,211,1.673837661743164
21,212,1.5821510553359985
21,213,1.5214097499847412
21,214,1.545198917388916
21,215,1.7041730880737305
21,216,1.7160868644714355
21,217,1.6455318927764893
21,218,1.5361084938049316
21,219,1.4754420518875122
21,220,1.5036009550094604
21,221,1.5730817317962646
21,222,1.8275712728500366
21,223,1.7581658363342285
21,224,1.6615943908691406
21,225,1.8214439153671265
21,226,1.6045972108840942
21,227,1.9008457660675049
21,228,1.8272724151611328
21,229,1.5960371494293213
21,230,1.690453052520752
21,231,1.5027344226837158
21,232,1.8266687393188477
21,233,1.7059695720672607
21,234,1.9363278150558472
21,235,1.7124978303909302
21,236,1.3455443382263184
21,237,1.800450086593628
21,238,1.6854496002197266
21,239,1.2579717636108398
21,240,1.6933908462524414
21,241,1.7585808038711548
21,242,1.8422807455062866
21,243,1.5497117042541504
21,244,1.7733832597732544
21,245,1.8726136684417725
21,246,1.6113231182098389
21,247,1.448441982269287
21,248,1.7520418167114258
21,249,1.7929091453552246
21,250,1.4202203750610352
21,251,1.8514660596847534
21,252,1.9264824390411377
21,253,1.387373924255371
21,254,1.504908561706543
21,255,1.4110069274902344
21,256,1.7945221662521362
21,257,2.3391010761260986
21,258,1.5199790000915527
21,259,1.4235355854034424
21,260,1.7267024517059326
21,261,1.3240630626678467
21,262,1.4933934211730957
21,263,1.7494838237762451
21,264,2.0547351837158203
21,265,1.8562003374099731
21,266,1.3557453155517578
21,267,1.2735204696655273
21,268,1.2311711311340332
21,269,1.6092884540557861
21,270,1.4174628257751465
21,271,1.4025613069534302
21,272,2.0500106811523438
21,273,2.0326426029205322
21,274,2.135693311691284
21,275,1.7537026405334473
21,276,1.6452419757843018
21,277,2.104372978210449
21,278,2.119314193725586
21,279,1.4230999946594238
21,280,1.8980647325515747
21,281,1.9758267402648926
21,282,2.042278528213501
21,283,1.5496187210083008
21,284,1.7587180137634277
21,285,1.8103392124176025
21,286,1.8345551490783691
21,287,1.6914293766021729
21,288,1.4708399772644043
21,289,2.2769181728363037
21,290,1.9710496664047241
21,291,1.3866701126098633
21,292,2.2906174659729004
21,293,1.5115631818771362
21,294,1.4675395488739014
21,295,1.6308282613754272
21,296,1.7292349338531494
21,297,2.0583314895629883
21,298,1.6966063976287842
21,299,1.6244326829910278
21,300,1.6941673755645752
21,301,1.6570770740509033
21,302,1.510310411453247
21,303,1.6869748830795288
21,304,1.6321032047271729
21,305,1.6601088047027588
21,306,1.6000667810440063
21,307,1.60524582862854
21,308,1.4813637733459473
21,309,1.6665805578231812
21,310,1.9465036392211914
21,311,1.5841693878173828
22,0,1.7251060009002686
22,1,1.774476170539856
22,2,1.6356185674667358
22,3,1.4752264022827148
22,4,1.628644585609436
22,5,1.6353144645690918
22,6,1.8533596992492676
22,7,1.534235954284668
22,8,1.6790611743927002
22,9,1.6141695976257324
22,10,1.5997008085250854
22,11,1.9085296392440796
22,12,1.5789344310760498
22,13,1.7092961072921753
22,14,1.7577518224716187
22,15,1.5555379390716553
22,16,1.7061541080474854
22,17,1.500986933708191
22,18,1.6463658809661865
22,19,1.5797412395477295
22,20,1.69580078125
22,21,1.9512455463409424
22,22,1.7411837577819824
22,23,1.6015232801437378
22,24,1.9192042350769043
22,25,1.7097339630126953
22,26,1.8242297172546387
22,27,1.3392221927642822
22,28,1.931244134902954
22,29,1.355055809020996
22,30,1.4882309436798096
22,31,1.604006290435791
22,32,1.7214207649230957
22,33,1.4685089588165283
22,34,1.2528257369995117
22,35,2.0545899868011475
22,36,1.6723504066467285
22,37,1.9029972553253174
22,38,2.0201313495635986
22,39,1.626807451248169
22,40,1.9045606851577759
22,41,1.655757188796997
22,42,1.7634713649749756
22,43,1.537509560585022
22,44,2.1768581867218018
22,45,1.9376566410064697
22,46,1.584812879562378
22,47,1.6513690948486328
22,48,1.8528668880462646
22,49,1.7041910886764526
22,50,1.6214269399642944
22,51,1.4511690139770508
22,52,1.673053503036499
22,53,1.5867528915405273
22,54,1.6803476810455322
22,55,1.3836674690246582
22,56,1.6327075958251953
22,57,1.4588806629180908
22,58,1.732002854347229
22,59,1.5424306392669678
22,60,1.650386095046997
22,61,1.7276358604431152
22,62,1.4967936277389526
22,63,1.3302838802337646
22,64,1.3280614614486694
22,65,1.9036530256271362
22,66,1.37019681930542
22,67,1.6108096837997437
22,68,1.673546552658081
22,69,1.5595684051513672
22,70,1.5557708740234375
22,71,1.6491501331329346
22,72,2.0153968334198
22,73,1.6897714138031006
22,74,1.6815820932388306
22,75,1.589895486831665
22,76,1.9583675861358643
22,77,1.8351150751113892
22,78,2.1815481185913086
22,79,2.2438182830810547
22,80,1.936025857925415
22,81,1.4244635105133057
22,82,1.510861873626709
22,83,1.7046159505844116
22,84,1.9371449947357178
22,85,1.2771804332733154
22,86,1.9678735733032227
22,87,1.4116514921188354
22,88,1.7654494047164917
22,89,1.6294397115707397
22,90,2.1698122024536133
22,91,1.784400463104248
22,92,1.6538935899734497
22,93,1.4561150074005127
22,94,1.727135419845581
22,95,1.6440213918685913
22,96,1.6076624393463135
22,97,1.6704133749008179
22,98,1.3892192840576172
22,99,1.6723865270614624
22,100,1.4272382259368896
22,101,1.7006680965423584
22,102,1.5739820003509521
22,103,1.4899958372116089
22,104,1.6859742403030396
22,105,1.6023690700531006
22,106,1.4484599828720093
22,107,2.0081379413604736
22,108,1.4913723468780518
22,109,1.7757145166397095
22,110,1.7054003477096558
22,111,1.6276984214782715
22,112,1.578446865081787
22,113,1.7592004537582397
22,114,1.7653615474700928
22,115,1.5026370286941528
22,116,2.1735033988952637
22,117,1.4315125942230225
22,118,1.4953625202178955
22,119,1.9456005096435547
22,120,1.524883508682251
22,121,1.6793293952941895
22,122,1.7904913425445557
22,123,1.7118034362792969
22,124,1.5822407007217407
22,125,1.446355938911438
22,126,1.93678879737854
22,127,1.50839102268219
22,128,1.5780997276306152
22,129,1.593996286392212
22,130,1.8682286739349365
22,131,1.820194959640503
22,132,1.8019485473632812
22,133,1.796748399734497
22,134,2.155583620071411
22,135,1.8587504625320435
22,136,1.6280879974365234
22,137,2.283949851989746
22,138,1.630308985710144
22,139,1.6650683879852295
22,140,1.617445707321167
22,141,1.6863486766815186
22,142,1.5086419582366943
22,143,1.660325527191162
22,144,1.5705997943878174
22,145,1.6435860395431519
22,146,1.4383721351623535
22,147,1.5028400421142578
22,148,1.7093963623046875
22,149,1.5259392261505127
22,150,1.5971322059631348
22,151,1.794497013092041
22,152,1.4815261363983154
22,153,1.5990346670150757
22,154,1.9260245561599731
22,155,1.690127968788147
22,156,1.9439927339553833
22,157,1.983913779258728
22,158,1.438488245010376
22,159,1.4217394590377808
22,160,2.013378858566284
22,161,1.46644926071167
22,162,1.5090734958648682
22,163,1.446124792098999
22,164,1.6246538162231445
22,165,1.5397567749023438
22,166,1.3678090572357178
22,167,1.7957265377044678
22,168,1.423189401626587
22,169,1.5789341926574707
22,170,1.6343989372253418
22,171,1.7606630325317383
22,172,1.862595558166504
22,173,2.1335561275482178
22,174,1.7378113269805908
22,175,1.5484287738800049
22,176,1.5308239459991455
22,177,1.8911244869232178
22,178,1.768507957458496
22,179,1.496415615081787
22,180,1.8885687589645386
22,181,1.5316481590270996
22,182,2.021562337875366
22,183,1.6624114513397217
22,184,1.6643269062042236
22,185,1.819270133972168
22,186,1.557681679725647
22,187,1.5959577560424805
22,188,1.5902769565582275
22,189,1.427203893661499
22,190,1.6980953216552734
22,191,1.8326845169067383
22,192,1.9284749031066895
22,193,1.8256258964538574
22,194,1.5386338233947754
22,195,1.555344820022583
22,196,1.4451451301574707
22,197,1.4924890995025635
22,198,1.4791810512542725
22,199,1.575218677520752
22,200,1.7859704494476318
22,201,1.3749120235443115
22,202,1.5143084526062012
22,203,1.8147543668746948
22,204,1.6801197528839111
22,205,1.719865083694458
22,206,1.5705586671829224
22,207,1.7338142395019531
22,208,1.5726184844970703
22,209,1.4040718078613281
22,210,1.6819274425506592
22,211,1.7550525665283203
22,212,1.3808913230895996
22,213,1.5967717170715332
22,214,1.4614803791046143
22,215,1.6095280647277832
22,216,1.4053728580474854
22,217,1.659867525100708
22,218,1.7331750392913818
22,219,1.5552319288253784
22,220,1.545297622680664
22,221,1.4717544317245483
22,222,1.5907373428344727
22,223,1.5504553318023682
22,224,1.682805061340332
22,225,1.325155258178711
22,226,1.686117172241211
22,227,1.4954544305801392
22,228,1.3127477169036865
22,229,2.045440673828125
22,230,1.960100769996643
22,231,1.612912893295288
22,232,1.6560640335083008
22,233,1.7651095390319824
22,234,1.3200490474700928
22,235,1.499680995941162
22,236,1.5349915027618408
22,237,1.7400925159454346
22,238,2.058856964111328
22,239,1.4214694499969482
22,240,1.7388834953308105
22,241,2.3575663566589355
22,242,1.527231216430664
22,243,2.00950288772583
22,244,1.9502567052841187
22,245,1.8629181385040283
22,246,1.7162079811096191
22,247,1.7303647994995117
22,248,1.4323256015777588
22,249,1.5995607376098633
22,250,1.400688648223877
22,251,1.6703894138336182
22,252,1.780396580696106
22,253,1.687821388244629
22,254,1.3833732604980469
22,255,1.8912445306777954
22,256,1.9237000942230225
22,257,1.779496669769287
22,258,1.9261164665222168
22,259,2.0338683128356934
22,260,1.8344006538391113
22,261,1.6835836172103882
22,262,1.5271626710891724
22,263,1.3690752983093262
22,264,1.6093961000442505
22,265,1.664610505104065
22,266,1.7941828966140747
22,267,1.9179284572601318
22,268,1.5387215614318848
22,269,1.513526201248169
22,270,1.4129002094268799
22,271,1.740947961807251
22,272,2.0082802772521973
22,273,1.5869555473327637
22,274,1.672761082649231
22,275,1.8399732112884521
22,276,1.5569899082183838
22,277,1.597995400428772
22,278,1.739510178565979
22,279,1.6407718658447266
22,280,1.5177208185195923
22,281,1.8724745512008667
22,282,1.6086547374725342
22,283,1.5185375213623047
22,284,1.4728507995605469
22,285,1.7064249515533447
22,286,1.7987349033355713
22,287,1.7370184659957886
22,288,1.5069700479507446
22,289,1.4899885654449463
22,290,1.7510477304458618
22,291,1.6754727363586426
22,292,1.7761948108673096
22,293,1.423917293548584
22,294,1.3838400840759277
22,295,1.386852741241455
22,296,1.7607595920562744
22,297,1.8404878377914429
22,298,1.7528650760650635
22,299,1.8848400115966797
22,300,1.4442225694656372
22,301,1.614065408706665
22,302,1.8116976022720337
22,303,1.502331018447876
22,304,1.8009148836135864
22,305,1.521677017211914
22,306,1.8124721050262451
22,307,1.7461426258087158
22,308,1.7060084342956543
22,309,1.6053972244262695
22,310,1.762786626815796
22,311,2.356154441833496
23,0,1.5776615142822266
23,1,1.5566473007202148
23,2,1.5600786209106445
23,3,1.3234139680862427
23,4,1.5950891971588135
23,5,1.441413164138794
23,6,1.360649824142456
23,7,1.657120704650879
23,8,1.6102700233459473
23,9,1.7154960632324219
23,10,2.1620049476623535
23,11,1.6823279857635498
23,12,1.5560442209243774
23,13,1.4775049686431885
23,14,1.5827051401138306
23,15,1.5070714950561523
23,16,1.990035057067871
23,17,1.719480037689209
23,18,1.4464834928512573
23,19,1.399749517440796
23,20,1.931037187576294
23,21,1.824873685836792
23,22,1.514809489250183
23,23,1.4962117671966553
23,24,1.5729008913040161
23,25,1.6073964834213257
23,26,1.5837392807006836
23,27,1.5530116558074951
23,28,1.5769846439361572
23,29,1.6310967206954956
23,30,1.4238736629486084
23,31,1.6132702827453613
23,32,1.8315716981887817
23,33,2.1641154289245605
23,34,1.5806868076324463
23,35,1.5186617374420166
23,36,1.2444056272506714
23,37,1.6254417896270752
23,38,1.9057738780975342
23,39,1.7282185554504395
23,40,1.5616036653518677
23,41,1.5067366361618042
23,42,1.4757261276245117
23,43,1.6627461910247803
23,44,1.51393461227417
23,45,1.5104107856750488
23,46,1.5576072931289673
23,47,1.867472529411316
23,48,1.6452614068984985
23,49,2.0907421112060547
23,50,1.4688599109649658
23,51,1.6457207202911377
23,52,1.586318850517273
23,53,1.5383381843566895
23,54,1.6108736991882324
23,55,1.4537498950958252
23,56,1.5659470558166504
23,57,1.6508128643035889
23,58,1.5990188121795654
23,59,1.6797173023223877
23,60,1.6460025310516357
23,61,1.6442323923110962
23,62,1.8078259229660034
23,63,1.415076732635498
23,64,1.8020923137664795
23,65,1.5379856824874878
23,66,2.018594980239868
23,67,1.4842917919158936
23,68,1.4276559352874756
23,69,1.52016282081604
23,70,2.3334553241729736
23,71,1.7598695755004883
23,72,1.835057258605957
23,73,1.5929226875305176
23,74,1.6991444826126099
23,75,1.3921741247177124
23,76,1.6022045612335205
23,77,1.6606509685516357
23,78,1.7789686918258667
23,79,1.70204758644104
23,80,1.7262195348739624
23,81,1.9570540189743042
23,82,1.5941766500473022
23,83,1.8283292055130005
23,84,2.0856266021728516
23,85,1.9123425483703613
23,86,1.9739902019500732
23,87,1.7534570693969727
23,88,1.813867449760437
23,89,1.3550611734390259
23,90,1.6821506023406982
23,91,1.7701447010040283
23,92,1.6733613014221191
23,93,1.6516401767730713
23,94,1.6094965934753418
23,95,1.646399974822998
23,96,1.3317941427230835
23,97,1.5880126953125
23,98,1.6961884498596191
23,99,1.6427836418151855
23,100,1.6982617378234863
23,101,1.7140560150146484
23,102,1.5399572849273682
23,103,1.571401596069336
23,104,1.6455445289611816
23,105,2.1619255542755127
23,106,1.5877809524536133
23,107,1.574963927268982
23,108,1.5137171745300293
23,109,1.8173798322677612
23,110,1.798638105392456
23,111,1.7472853660583496
23,112,1.3385686874389648
23,113,1.5843322277069092
23,114,1.9877738952636719
23,115,1.8735451698303223
23,116,1.5079998970031738
23,117,1.9651730060577393
23,118,1.256385087966919
23,119,1.4341866970062256
23,120,1.7116155624389648
23,121,1.767478585243225
23,122,2.2327873706817627
23,123,1.3551146984100342
23,124,1.5980544090270996
23,125,1.7754077911376953
23,126,1.3042912483215332
23,127,1.6798675060272217
23,128,1.510596752166748
23,129,1.8938262462615967
23,130,1.68501615524292
23,131,1.790391206741333
23,132,1.4149227142333984
23,133,1.3293507099151611
23,134,1.4134690761566162
23,135,1.7523150444030762
23,136,1.5437268018722534
23,137,1.690089464187622
23,138,1.6552536487579346
23,139,1.4276175498962402
23,140,1.7065435647964478
23,141,1.774696707725525
23,142,1.9520589113235474
23,143,1.5470190048217773
23,144,1.6901743412017822
23,145,1.4630972146987915
23,146,1.6977818012237549
23,147,1.7540867328643799
23,148,1.6553928852081299
23,149,1.6630103588104248
23,150,1.4294342994689941
23,151,1.720947027206421
23,152,1.869805932044983
23,153,1.5676848888397217
23,154,1.3568670749664307
23,155,1.4610767364501953
23,156,1.22810959815979
23,157,1.1411144733428955
23,158,1.648437261581421
23,159,1.5424282550811768
23,160,1.665656566619873
23,161,1.603387713432312
23,162,1.538084864616394
23,163,1.5311427116394043
23,164,1.7615165710449219
23,165,1.6131972074508667
23,166,1.9941779375076294
23,167,1.6618424654006958
23,168,1.4798029661178589
23,169,1.4499998092651367
23,170,1.8660753965377808
23,171,1.6241717338562012
23,172,1.3854031562805176
23,173,1.4507980346679688
23,174,1.586012363433838
23,175,1.446462631225586
23,176,1.5871483087539673
23,177,1.6239604949951172
23,178,1.727925181388855
23,179,1.4731074571609497
23,180,1.240877628326416
23,181,1.5276782512664795
23,182,2.128154754638672
23,183,1.5763248205184937
23,184,1.7266836166381836
23,185,1.9332143068313599
23,186,1.4262363910675049
23,187,1.6308543682098389
23,188,1.6378064155578613
23,189,1.589160680770874
23,190,2.192918539047241
23,191,1.6382255554199219
23,192,1.7169427871704102
23,193,1.6047725677490234
23,194,1.638564109802246
23,195,1.6086905002593994
23,196,1.5111877918243408
23,197,1.8904404640197754
23,198,1.4808719158172607
23,199,1.6287156343460083
23,200,1.7690091133117676
23,201,1.6940078735351562
23,202,1.6289386749267578
23,203,1.5373013019561768
23,204,1.6659421920776367
23,205,1.494999647140503
23,206,1.589063048362732
23,207,1.5248792171478271
23,208,1.5725406408309937
23,209,1.4431707859039307
23,210,1.6331260204315186
23,211,1.4176483154296875
23,212,1.6740070581436157
23,213,2.4898321628570557
23,214,2.1852807998657227
23,215,1.6300840377807617
23,216,1.8308988809585571
23,217,1.8072497844696045
23,218,1.706242561340332
23,219,1.6749916076660156
23,220,2.020336627960205
23,221,1.6340880393981934
23,222,1.473060131072998
23,223,1.7130417823791504
23,224,1.3859950304031372
23,225,1.568732500076294
23,226,1.6943163871765137
23,227,1.4686744213104248
23,228,1.5833789110183716
23,229,1.3903083801269531
23,230,1.778639316558838
23,231,1.5635039806365967
23,232,1.5415928363800049
23,233,1.434093952178955
23,234,1.4725518226623535
23,235,1.790724754333496
23,236,1.6871862411499023
23,237,2.0749058723449707
23,238,1.5685129165649414
23,239,1.3340654373168945
23,240,1.5581903457641602
23,241,1.4104814529418945
23,242,1.4983086585998535
23,243,1.682621955871582
23,244,1.945040225982666
23,245,1.3047385215759277
23,246,1.5570402145385742
23,247,1.384003758430481
23,248,1.495801568031311
23,249,1.6468136310577393
23,250,1.44822359085083
23,251,1.5193146467208862
23,252,1.599578619003296
23,253,1.6068793535232544
23,254,1.3399581909179688
23,255,2.034177541732788
23,256,1.9462854862213135
23,257,1.8862230777740479
23,258,1.2504373788833618
23,259,1.4958691596984863
23,260,1.6685218811035156
23,261,1.692248821258545
23,262,1.875503420829773
23,263,1.7254961729049683
23,264,1.5403509140014648
23,265,1.644279956817627
23,266,1.5574617385864258
23,267,1.5664479732513428
23,268,1.6249592304229736
23,269,1.7237021923065186
23,270,1.5750770568847656
23,271,1.7801201343536377
23,272,1.8445038795471191
23,273,1.5639667510986328
23,274,1.596122145652771
23,275,1.7889785766601562
23,276,1.663956880569458
23,277,1.5265697240829468
23,278,1.6566568613052368
23,279,1.8786182403564453
23,280,1.8799726963043213
23,281,1.753183364868164
23,282,1.6275652647018433
23,283,1.5005600452423096
23,284,1.4564173221588135
23,285,1.5544483661651611
23,286,1.6858210563659668
23,287,1.9925472736358643
23,288,1.765608310699463
23,289,1.5533287525177002
23,290,1.680433750152588
23,291,1.6186439990997314
23,292,1.6715312004089355
23,293,1.503340482711792
23,294,2.2890570163726807
23,295,1.42179536819458
23,296,1.5859907865524292
23,297,1.7467520236968994
23,298,1.6165952682495117
23,299,1.9849307537078857
23,300,1.8569915294647217
23,301,1.5890111923217773
23,302,2.016057014465332
23,303,1.6149859428405762
23,304,1.6080491542816162
23,305,1.8357977867126465
23,306,1.7343287467956543
23,307,1.5735830068588257
23,308,1.8275506496429443
23,309,1.4668500423431396
23,310,1.2623552083969116
23,311,1.6863791942596436
24,0,1.7578251361846924
24,1,1.3971365690231323
24,2,1.5110278129577637
24,3,1.2461501359939575
24,4,1.863487958908081
24,5,1.6590237617492676
24,6,1.7123947143554688
24,7,1.7296595573425293
24,8,1.3020505905151367
24,9,1.8314809799194336
24,10,1.781933069229126
24,11,2.0802483558654785
24,12,1.7941489219665527
24,13,1.349656581878662
24,14,1.5252984762191772
24,15,1.806837797164917
24,16,1.539340853691101
24,17,1.959680199623108
24,18,1.5402352809906006
24,19,1.571098804473877
24,20,1.4703549146652222
24,21,2.0220303535461426
24,22,1.5836970806121826
24,23,1.6475834846496582
24,24,1.4874606132507324
24,25,1.5451732873916626
24,26,1.8931610584259033
24,27,1.5629994869232178
24,28,1.4928476810455322
24,29,1.8222582340240479
24,30,1.4674170017242432
24,31,1.721297025680542
24,32,1.3783111572265625
24,33,1.664196491241455
24,34,1.6553332805633545
24,35,1.9328396320343018
24,36,1.4062520265579224
24,37,1.4487318992614746
24,38,1.5002634525299072
24,39,1.5336114168167114
24,40,1.5038505792617798
24,41,1.5625865459442139
24,42,1.7388827800750732
24,43,1.462308406829834
24,44,1.4968931674957275
24,45,1.8011319637298584
24,46,1.6813018321990967
24,47,1.7996526956558228
24,48,1.529088020324707
24,49,1.765151023864746
24,50,1.531252384185791
24,51,1.4839977025985718
24,52,1.4714629650115967
24,53,1.859275460243225
24,54,1.8309500217437744
24,55,1.5348881483078003
24,56,1.6889913082122803
24,57,1.8226747512817383
24,58,1.7072926759719849
24,59,1.4392390251159668
24,60,1.4824491739273071
24,61,1.5594756603240967
24,62,2.1247637271881104
24,63,1.6040568351745605
24,64,1.3908109664916992
24,65,1.7824985980987549
24,66,1.6007964611053467
24,67,1.5469114780426025
24,68,1.5846298933029175
24,69,1.7612522840499878
24,70,1.7495322227478027
24,71,1.9002165794372559
24,72,1.5577255487442017
24,73,1.5656518936157227
24,74,1.524329423904419
24,75,1.6361453533172607
24,76,1.528699278831482
24,77,1.6679728031158447
24,78,1.7067691087722778
24,79,1.2422025203704834
24,80,1.7883903980255127
24,81,1.5824490785598755
24,82,1.4848129749298096
24,83,1.565077304840088
24,84,1.4576349258422852
24,85,1.5799068212509155
24,86,1.6765804290771484
24,87,1.9078609943389893
24,88,1.4636101722717285
24,89,1.6866118907928467
24,90,1.5897785425186157
24,91,1.4715423583984375
24,92,1.4877026081085205
24,93,1.2794933319091797
24,94,1.356224775314331
24,95,1.3323941230773926
24,96,1.5202488899230957
24,97,2.347756862640381
24,98,1.5804846286773682
24,99,1.4837278127670288
24,100,1.7105920314788818
24,101,1.7145088911056519
24,102,1.5191186666488647
24,103,1.6871354579925537
24,104,1.8356900215148926
24,105,1.6854004859924316
24,106,1.8130455017089844
24,107,1.819392204284668
24,108,1.8389110565185547
24,109,1.7857468128204346
24,110,1.5096771717071533
24,111,1.3596646785736084
24,112,2.0754926204681396
24,113,1.420501947402954
24,114,1.6043193340301514
24,115,1.5591862201690674
24,116,1.441690444946289
24,117,1.7265799045562744
24,118,1.3639676570892334
24,119,1.9036500453948975
24,120,2.1579132080078125
24,121,1.7809064388275146
24,122,1.5339226722717285
24,123,1.5550874471664429
24,124,1.4485671520233154
24,125,1.6347160339355469
24,126,1.4929180145263672
24,127,1.5265744924545288
24,128,1.8726820945739746
24,129,1.5870842933654785
24,130,1.837445855140686
24,131,1.4278305768966675
24,132,1.5138787031173706
24,133,1.5394753217697144
24,134,1.728760004043579
24,135,1.4194200038909912
24,136,1.7648241519927979
24,137,1.6262011528015137
24,138,1.411952257156372
24,139,1.8301578760147095
24,140,1.498689889907837
24,141,1.6000659465789795
24,142,1.8362617492675781
24,143,1.5719865560531616
24,144,1.3908393383026123
24,145,1.5608758926391602
24,146,1.8735542297363281
24,147,1.7155628204345703
24,148,1.9652841091156006
24,149,1.7794032096862793
24,150,1.5433785915374756
24,151,1.8187612295150757
24,152,1.4881083965301514
24,153,1.5597187280654907
24,154,1.5484434366226196
24,155,1.3671114444732666
24,156,1.8085253238677979
24,157,1.727232813835144
24,158,1.6958324909210205
24,159,1.5514731407165527
24,160,1.6050283908843994
24,161,1.6501599550247192
24,162,1.8764781951904297
24,163,1.8914732933044434
24,164,1.6570096015930176
24,165,1.4581433534622192
24,166,1.9159590005874634
24,167,1.7224817276000977
24,168,1.2440532445907593
24,169,1.635547399520874
24,170,1.7339797019958496
24,171,1.717590093612671
24,172,1.9186826944351196
24,173,1.622882604598999
24,174,1.7922089099884033
24,175,1.7194031476974487
24,176,1.8603384494781494
24,177,1.8230810165405273
24,178,1.6099724769592285
24,179,1.6923683881759644
24,180,1.4571330547332764
24,181,2.009564161300659
24,182,1.7077794075012207
24,183,1.6631841659545898
24,184,1.7737464904785156
24,185,1.5932409763336182
24,186,1.6443250179290771
24,187,1.6658711433410645
24,188,1.5502071380615234
24,189,1.6069170236587524
24,190,1.8115758895874023
24,191,1.8075705766677856
24,192,1.582123041152954
24,193,1.4513652324676514
24,194,1.5585768222808838
24,195,1.982283115386963
24,196,1.3784658908843994
24,197,1.5198981761932373
24,198,1.6650514602661133
24,199,1.8861995935440063
24,200,1.7115230560302734
24,201,1.748894214630127
24,202,1.9274107217788696
24,203,1.5896730422973633
24,204,1.5554485321044922
24,205,1.5667788982391357
24,206,1.491163730621338
24,207,1.5802831649780273
24,208,1.4411205053329468
24,209,1.5603358745574951
24,210,1.4794429540634155
24,211,1.624079704284668
24,212,1.4148037433624268
24,213,1.7657438516616821
24,214,1.5106475353240967
24,215,1.9567525386810303
24,216,1.6965268850326538
24,217,1.3506470918655396
24,218,1.683598518371582
24,219,1.951673984527588
24,220,1.546553134918213
24,221,1.5372728109359741
24,222,1.3741575479507446
24,223,1.6629188060760498
24,224,1.5400452613830566
24,225,2.0408666133880615
24,226,1.6257076263427734
24,227,1.4808273315429688
24,228,1.5668909549713135
24,229,1.721039056777954
24,230,1.4505410194396973
24,231,1.7804769277572632
24,232,1.666553020477295
24,233,1.815302848815918
24,234,1.5795660018920898
24,235,1.6828627586364746
24,236,1.6815800666809082
24,237,1.4739476442337036
24,238,1.540086269378662
24,239,1.7420833110809326
24,240,1.821167230606079
24,241,1.7332674264907837
24,242,1.955983281135559
24,243,1.6144795417785645
24,244,1.6446022987365723
24,245,1.6826772689819336
24,246,1.5153443813323975
24,247,1.4910738468170166
24,248,1.7838366031646729
24,249,1.4176671504974365
24,250,2.0291225910186768
24,251,1.5080013275146484
24,252,1.6892186403274536
24,253,2.0657260417938232
24,254,1.5899238586425781
24,255,1.6784377098083496
24,256,1.3760128021240234
24,257,1.3637642860412598
24,258,1.7355241775512695
24,259,1.750882625579834
24,260,1.351250171661377
24,261,1.261947751045227
24,262,1.4133484363555908
24,263,1.748875379562378
24,264,1.3389062881469727
24,265,1.3429739475250244
24,266,1.4029313325881958
24,267,1.6024866104125977
24,268,1.5655934810638428
24,269,1.8858985900878906
24,270,1.7108551263809204
24,271,1.5658981800079346
24,272,1.6578395366668701
24,273,1.4612946510314941
24,274,1.4268649816513062
24,275,1.7931301593780518
24,276,1.5710179805755615
24,277,1.7720050811767578
24,278,1.85133695602417
24,279,1.6925660371780396
24,280,1.5711283683776855
24,281,1.7338923215866089
24,282,1.7771614789962769
24,283,1.8472983837127686
24,284,1.6471681594848633
24,285,1.716500997543335
24,286,1.8771631717681885
24,287,1.8570970296859741
24,288,1.4215939044952393
24,289,1.4614603519439697
24,290,1.6781549453735352
24,291,1.484635829925537
24,292,1.521064043045044
24,293,1.699183464050293
24,294,1.654549479484558
24,295,2.149308443069458
24,296,1.580662727355957
24,297,1.493222713470459
24,298,1.5676233768463135
24,299,1.5431768894195557
24,300,1.385772705078125
24,301,1.5355638265609741
24,302,1.2511460781097412
24,303,1.4693677425384521
24,304,1.7406136989593506
24,305,1.6144850254058838
24,306,1.6486631631851196
24,307,1.6676051616668701
24,308,1.775496006011963
24,309,2.12282395362854
24,310,2.30263090133667
24,311,1.437997817993164
25,0,1.2911083698272705
25,1,1.4876939058303833
25,2,1.5114332437515259
25,3,1.348851203918457
25,4,1.5205433368682861
25,5,1.4323551654815674
25,6,1.578718662261963
25,7,1.3505405187606812
25,8,1.633457899093628
25,9,1.5198731422424316
25,10,1.540013313293457
25,11,1.4859650135040283
25,12,1.617469072341919
25,13,1.4693822860717773
25,14,1.4911949634552002
25,15,1.4062963724136353
25,16,1.6717023849487305
25,17,1.9850897789001465
25,18,1.6654469966888428
25,19,1.4011781215667725
25,20,1.5722582340240479
25,21,1.9427907466888428
25,22,1.6330130100250244
25,23,1.4742019176483154
25,24,1.6800167560577393
25,25,1.490159034729004
25,26,1.4501302242279053
25,27,1.5747456550598145
25,28,1.4273231029510498
25,29,1.5859531164169312
25,30,1.6080904006958008
25,31,1.863811731338501
25,32,1.55279541015625
25,33,1.7219016551971436
25,34,1.3657758235931396
25,35,1.618037223815918
25,36,1.743293285369873
25,37,1.4877984523773193
25,38,1.546344518661499
25,39,1.3619117736816406
25,40,1.4870305061340332
25,41,1.4946757555007935
25,42,1.5835270881652832
25,43,1.3439640998840332
25,44,1.971439242362976
25,45,1.3594863414764404
25,46,1.6629118919372559
25,47,1.3860588073730469
25,48,1.4589189291000366
25,49,1.573815107345581
25,50,1.7376322746276855
25,51,1.4204978942871094
25,52,1.4926300048828125
25,53,1.4794851541519165
25,54,1.5183032751083374
25,55,1.5441585779190063
25,56,1.3917994499206543
25,57,1.6234204769134521
25,58,1.593951940536499
25,59,1.7109867334365845
25,60,1.5238617658615112
25,61,1.4469060897827148
25,62,1.4349031448364258
25,63,1.7215551137924194
25,64,1.7802067995071411
25,65,1.731844186782837
25,66,1.411675214767456
25,67,1.429591178894043
25,68,1.548087239265442
25,69,1.613435983657837
25,70,1.769702672958374
25,71,1.362597107887268
25,72,1.6365017890930176
25,73,1.522331714630127
25,74,1.8538424968719482
25,75,1.4753856658935547
25,76,1.6970388889312744
25,77,1.4631389379501343
25,78,2.0114903450012207
25,79,1.6208665370941162
25,80,1.8751410245895386
25,81,1.3984832763671875
25,82,1.4810104370117188
25,83,1.3862199783325195
25,84,1.4789302349090576
25,85,1.4738719463348389
25,86,1.7210407257080078
25,87,1.5578207969665527
25,88,1.3957113027572632
25,89,1.9812195301055908
25,90,1.434768795967102
25,91,1.5730700492858887
25,92,1.6541454792022705
25,93,1.754197120666504
25,94,1.5209414958953857
25,95,1.4829182624816895
25,96,1.7454599142074585
25,97,1.7810695171356201
25,98,1.7703646421432495
25,99,1.548283338546753
25,100,1.2749899625778198
25,101,1.5577528476715088
25,102,1.608175277709961
25,103,1.3446519374847412
25,104,1.4990124702453613
25,105,1.7058308124542236
25,106,1.6877672672271729
25,107,1.663367748260498
25,108,1.7911574840545654
25,109,1.7532321214675903
25,110,1.468936800956726
25,111,1.7650424242019653
25,112,1.384812593460083
25,113,1.5284909009933472
25,114,1.7942068576812744
25,115,2.0485267639160156
25,116,1.3934900760650635
25,117,1.7045462131500244
25,118,1.3982747793197632
25,119,1.5655126571655273
25,120,1.790884017944336
25,121,1.5045487880706787
25,122,1.5755245685577393
25,123,1.729365348815918
25,124,1.5229955911636353
25,125,1.4855170249938965
25,126,1.597217082977295
25,127,1.7319787740707397
25,128,1.5201404094696045
25,129,1.5441224575042725
25,130,1.5127133131027222
25,131,1.6150639057159424
25,132,1.5699877738952637
25,133,1.8659807443618774
25,134,1.4098457098007202
25,135,1.5959491729736328
25,136,1.414631724357605
25,137,1.5816338062286377
25,138,1.6328431367874146
25,139,1.682541847229004
25,140,1.8402119874954224
25,141,1.6606900691986084
25,142,1.5829389095306396
25,143,1.862228512763977
25,144,1.3785984516143799
25,145,1.6146901845932007
25,146,1.5964066982269287
25,147,1.5167146921157837
25,148,1.7364656925201416
25,149,1.3296862840652466
25,150,1.749822735786438
25,151,1.4473111629486084
25,152,1.615736484527588
25,153,1.7191524505615234
25,154,1.7160077095031738
25,155,1.6255524158477783
25,156,1.6150012016296387
25,157,1.8784534931182861
25,158,1.3961725234985352
25,159,1.8817981481552124
25,160,1.5490813255310059
25,161,1.7554175853729248
25,162,1.3799608945846558
25,163,1.6919829845428467
25,164,2.0345041751861572
25,165,1.6447150707244873
25,166,1.8879870176315308
25,167,2.0124266147613525
25,168,1.793465256690979
25,169,1.9361560344696045
25,170,1.5669541358947754
25,171,1.4679806232452393
25,172,1.8214364051818848
25,173,1.634855031967163
25,174,1.982131838798523
25,175,1.4916627407073975
25,176,1.7926056385040283
25,177,1.5641462802886963
25,178,1.6682263612747192
25,179,1.4045298099517822
25,180,1.6451011896133423
25,181,1.6086649894714355
25,182,1.976876974105835
25,183,1.704864740371704
25,184,1.6134450435638428
25,185,1.6943624019622803
25,186,1.9718408584594727
25,187,1.7079105377197266
25,188,1.6085790395736694
25,189,1.303138256072998
25,190,1.7241950035095215
25,191,1.5194685459136963
25,192,1.5788381099700928
25,193,1.738327980041504
25,194,2.317812919616699
25,195,1.706587553024292
25,196,2.133361577987671
25,197,1.325861930847168
25,198,1.6157034635543823
25,199,1.7175495624542236
25,200,1.6415363550186157
25,201,1.9089909791946411
25,202,1.3478015661239624
25,203,1.5548663139343262
25,204,1.586348056793213
25,205,1.4884766340255737
25,206,1.4938054084777832
25,207,1.9065769910812378
25,208,1.7043941020965576
25,209,1.586236834526062
25,210,1.6009427309036255
25,211,1.798403024673462
25,212,1.5106327533721924
25,213,1.385985255241394
25,214,1.7335450649261475
25,215,1.5862858295440674
25,216,1.5946214199066162
25,217,1.6704609394073486
25,218,1.5934046506881714
25,219,1.6438052654266357
25,220,1.6553980112075806
25,221,1.588302493095398
25,222,1.4991446733474731
25,223,1.6669666767120361
25,224,1.4701271057128906
25,225,1.5861084461212158
25,226,1.711700201034546
25,227,1.5505123138427734
25,228,1.9162232875823975
25,229,1.6566448211669922
25,230,1.5108715295791626
25,231,1.7068085670471191
25,232,1.8180863857269287
25,233,1.564673900604248
25,234,1.6385034322738647
25,235,1.7438371181488037
25,236,1.394615650177002
25,237,1.7004632949829102
25,238,1.5511248111724854
25,239,1.789243221282959
25,240,1.4092674255371094
25,241,1.4999876022338867
25,242,1.5675230026245117
25,243,1.6942923069000244
25,244,1.6531802415847778
25,245,1.3951151371002197
25,246,2.012638568878174
25,247,1.679025650024414
25,248,1.6024549007415771
25,249,1.726245403289795
25,250,1.543712854385376
25,251,1.585498571395874
25,252,1.8090416193008423
25,253,1.860448956489563
25,254,1.9186275005340576
25,255,1.9561803340911865
25,256,1.4157549142837524
25,257,1.7778360843658447
25,258,1.7771899700164795
25,259,1.6565077304840088
25,260,1.4685628414154053
25,261,1.9371906518936157
25,262,1.769223690032959
25,263,1.4134283065795898
25,264,1.6301519870758057
25,265,1.5523561239242554
25,266,1.4552414417266846
25,267,1.6007108688354492
25,268,1.7422912120819092
25,269,1.849670171737671
25,270,1.4547228813171387
25,271,1.9518675804138184
25,272,2.140277862548828
25,273,1.5663219690322876
25,274,1.4728710651397705
25,275,1.7378791570663452
25,276,1.666623830795288
25,277,1.772226095199585
25,278,1.6115217208862305
25,279,1.572155237197876
25,280,1.2013847827911377
25,281,1.790781021118164
25,282,1.3000824451446533
25,283,1.9958735704421997
25,284,1.9243000745773315
25,285,1.5940356254577637
25,286,1.9013843536376953
25,287,1.7604248523712158
25,288,1.6171693801879883
25,289,1.5124061107635498
25,290,1.5470527410507202
25,291,1.751277208328247
25,292,1.6701335906982422
25,293,1.6830875873565674
25,294,1.8449435234069824
25,295,1.6551837921142578
25,296,1.6677045822143555
25,297,1.8331303596496582
25,298,1.64078950881958
25,299,1.7096037864685059
25,300,2.072995662689209
25,301,1.5007672309875488
25,302,1.8137502670288086
25,303,1.6406317949295044
25,304,1.5615825653076172
25,305,1.664907455444336
25,306,2.061495780944824
25,307,1.865943193435669
25,308,1.6342413425445557
25,309,1.362187147140503
25,310,1.8597255945205688
25,311,1.739769458770752
26,0,1.8393025398254395
26,1,1.3747961521148682
26,2,1.5542967319488525
26,3,1.3007586002349854
26,4,1.7144328355789185
26,5,1.8584519624710083
26,6,1.6220886707305908
26,7,1.72377610206604
26,8,1.680999755859375
26,9,1.8126652240753174
26,10,1.4731051921844482
26,11,1.6516356468200684
26,12,1.6038440465927124
26,13,1.7491295337677002
26,14,1.5593831539154053
26,15,1.7202951908111572
26,16,1.6706159114837646
26,17,1.5868430137634277
26,18,1.7324304580688477
26,19,1.405364751815796
26,20,1.3023617267608643
26,21,1.6242061853408813
26,22,1.5892021656036377
26,23,1.6845450401306152
26,24,1.7417675256729126
26,25,1.7023344039916992
26,26,2.0392844676971436
26,27,1.518207311630249
26,28,1.7033535242080688
26,29,1.767975091934204
26,30,1.783776879310608
26,31,1.5709972381591797
26,32,1.8480693101882935
26,33,1.798730492591858
26,34,1.3026173114776611
26,35,1.3731493949890137
26,36,1.6364076137542725
26,37,1.3847870826721191
26,38,1.7799296379089355
26,39,1.5394612550735474
26,40,1.3398046493530273
26,41,1.65602445602417
26,42,1.4404914379119873
26,43,1.4942286014556885
26,44,1.6668763160705566
26,45,1.5058326721191406
26,46,1.7388032674789429
26,47,1.3952505588531494
26,48,1.6078592538833618
26,49,1.6834135055541992
26,50,1.487295389175415
26,51,1.4736223220825195
26,52,2.2902159690856934
26,53,1.553317666053772
26,54,1.405056118965149
26,55,1.6554497480392456
26,56,1.4949626922607422
26,57,1.637925386428833
26,58,1.6242954730987549
26,59,1.7712620496749878
26,60,1.5184342861175537
26,61,1.5545741319656372
26,62,1.740062952041626
26,63,1.5812883377075195
26,64,1.6495649814605713
26,65,1.4631900787353516
26,66,1.887894868850708
26,67,1.3101792335510254
26,68,1.392469048500061
26,69,1.7822054624557495
26,70,1.8380558490753174
26,71,1.4737721681594849
26,72,1.4889105558395386
26,73,1.8608462810516357
26,74,1.512560486793518
26,75,1.47526216506958
26,76,2.1058804988861084
26,77,1.9365766048431396
26,78,1.694077730178833
26,79,1.4525361061096191
26,80,1.7619473934173584
26,81,1.8807886838912964
26,82,1.6530187129974365
26,83,1.5764403343200684
26,84,1.5454940795898438
26,85,1.3269903659820557
26,86,1.6921684741973877
26,87,1.7811474800109863
26,88,1.5241917371749878
26,89,1.6076774597167969
26,90,1.9966762065887451
26,91,1.442138433456421
26,92,1.4830527305603027
26,93,1.3400299549102783
26,94,1.4690639972686768
26,95,1.8619532585144043
26,96,1.6616634130477905
26,97,1.5116198062896729
26,98,1.4797439575195312
26,99,1.4914588928222656
26,100,1.704683780670166
26,101,1.7740309238433838
26,102,1.9117647409439087
26,103,1.6351902484893799
26,104,1.4392850399017334
26,105,1.7816956043243408
26,106,1.3466514348983765
26,107,1.5417628288269043
26,108,1.8422822952270508
26,109,1.3600248098373413
26,110,1.5023329257965088
26,111,1.4943277835845947
26,112,1.432454228401184
26,113,1.5681426525115967
26,114,1.543079137802124
26,115,1.6800127029418945
26,116,1.6442447900772095
26,117,1.555455207824707
26,118,1.6434037685394287
26,119,1.6327035427093506
26,120,1.5365545749664307
26,121,1.6689362525939941
26,122,1.6705963611602783
26,123,1.420310616493225
26,124,1.7133269309997559
26,125,1.711294174194336
26,126,1.7260620594024658
26,127,1.4725136756896973
26,128,1.6819097995758057
26,129,1.3931734561920166
26,130,1.6062922477722168
26,131,1.434221625328064
26,132,1.5789649486541748
26,133,1.7066806554794312
26,134,2.0169060230255127
26,135,1.4140424728393555
26,136,1.2832024097442627
26,137,1.4749504327774048
26,138,1.3982036113739014
26,139,1.565711498260498
26,140,1.3920553922653198
26,141,1.4526474475860596
26,142,1.59161376953125
26,143,1.652998685836792
26,144,1.3951985836029053
26,145,1.7844148874282837
26,146,1.4634602069854736
26,147,1.4183964729309082
26,148,1.5099856853485107
26,149,1.8466730117797852
26,150,1.6030125617980957
26,151,1.672408103942871
26,152,1.6266369819641113
26,153,1.7167425155639648
26,154,1.3707853555679321
26,155,1.5533047914505005
26,156,1.4054381847381592
26,157,1.834483027458191
26,158,1.8527535200119019
26,159,1.5817211866378784
26,160,1.6476093530654907
26,161,1.3787789344787598
26,162,1.4127678871154785
26,163,1.4453039169311523
26,164,1.651137113571167
26,165,1.7381486892700195
26,166,1.5542430877685547
26,167,1.6526927947998047
26,168,2.180528163909912
26,169,1.4217116832733154
26,170,1.6878483295440674
26,171,1.6202173233032227
26,172,1.9356186389923096
26,173,1.480980396270752
26,174,1.7188800573349
26,175,2.04190731048584
26,176,1.5157582759857178
26,177,1.7298073768615723
26,178,1.6954114437103271
26,179,1.5940773487091064
26,180,1.2928667068481445
26,181,1.7994794845581055
26,182,1.9329830408096313
26,183,1.6728347539901733
26,184,1.955815315246582
26,185,1.531336784362793
26,186,1.4716823101043701
26,187,1.4715646505355835
26,188,1.6979351043701172
26,189,1.4751206636428833
26,190,1.4890249967575073
26,191,1.5432994365692139
26,192,1.5206291675567627
26,193,1.778444766998291
26,194,1.6001806259155273
26,195,1.801184892654419
26,196,2.099644184112549
26,197,1.646391749382019
26,198,1.9193905591964722
26,199,1.7753148078918457
26,200,1.6944069862365723
26,201,1.5181245803833008
26,202,1.9756567478179932
26,203,1.8515337705612183
26,204,1.5032601356506348
26,205,1.741239070892334
26,206,1.684556484222412
26,207,1.703352451324463
26,208,1.7515170574188232
26,209,1.3296613693237305
26,210,1.5917389392852783
26,211,1.572869062423706
26,212,1.8257999420166016
26,213,1.4063845872879028
26,214,1.394559621810913
26,215,1.6132774353027344
26,216,1.3252506256103516
26,217,1.7558119297027588
26,218,1.46651029586792
26,219,1.755444884300232
26,220,1.686604380607605
26,221,1.6989836692810059
26,222,1.4793307781219482
26,223,1.8015143871307373
26,224,1.6559343338012695
26,225,1.574326753616333
26,226,1.8202465772628784
26,227,1.7712597846984863
26,228,1.679762840270996
26,229,1.6821271181106567
26,230,2.0552124977111816
26,231,1.459259033203125
26,232,1.5074400901794434
26,233,1.3855890035629272
26,234,1.422943353652954
26,235,1.4493727684020996
26,236,1.9631251096725464
26,237,1.4998095035552979
26,238,1.5696625709533691
26,239,1.3458781242370605
26,240,1.4797618389129639
26,241,1.81210196018219
26,242,1.54367196559906
26,243,1.7718493938446045
26,244,1.608236312866211
26,245,1.5524940490722656
26,246,1.7263766527175903
26,247,1.5689021348953247
26,248,1.6309869289398193
26,249,1.8027892112731934
26,250,1.4988608360290527
26,251,1.7191948890686035
26,252,1.6405706405639648
26,253,1.512035608291626
26,254,1.9561735391616821
26,255,1.6061127185821533
26,256,1.6845283508300781
26,257,1.4381983280181885
26,258,1.5613384246826172
26,259,1.9261362552642822
26,260,1.5988357067108154
26,261,1.7607595920562744
26,262,1.8693822622299194
26,263,1.4008102416992188
26,264,1.6348484754562378
26,265,1.464596152305603
26,266,1.6258316040039062
26,267,1.7688212394714355
26,268,1.5928709506988525
26,269,1.6837873458862305
26,270,1.3189122676849365
26,271,1.7066795825958252
26,272,1.4485414028167725
26,273,1.8163342475891113
26,274,1.6599533557891846
26,275,1.6224322319030762
26,276,1.634199619293213
26,277,1.6894763708114624
26,278,1.6446146965026855
26,279,1.8205890655517578
26,280,1.416152000427246
26,281,1.7157646417617798
26,282,1.4947919845581055
26,283,1.4943652153015137
26,284,1.4750005006790161
26,285,1.346301555633545
26,286,1.6311564445495605
26,287,1.4905333518981934
26,288,1.8749104738235474
26,289,1.7080764770507812
26,290,1.5465654134750366
26,291,1.7354735136032104
26,292,1.6302247047424316
26,293,1.3880746364593506
26,294,1.3532450199127197
26,295,1.602520227432251
26,296,1.2461252212524414
26,297,1.3329509496688843
26,298,1.6712548732757568
26,299,1.4020295143127441
26,300,1.8433949947357178
26,301,1.8550816774368286
26,302,1.4632480144500732
26,303,1.4613760709762573
26,304,1.5003643035888672
26,305,1.560671329498291
26,306,1.499014973640442
26,307,1.697934627532959
26,308,1.6397829055786133
26,309,1.5533552169799805
26,310,1.4207595586776733
26,311,1.8677318096160889
27,0,1.641714334487915
27,1,1.4765874147415161
27,2,1.8619232177734375
27,3,1.4826958179473877
27,4,1.5125300884246826
27,5,1.4171619415283203
27,6,1.3648028373718262
27,7,1.7169245481491089
27,8,1.4012887477874756
27,9,1.3820056915283203
27,10,1.613958716392517
27,11,1.7454359531402588
27,12,1.9780011177062988
27,13,1.2143510580062866
27,14,1.630882978439331
27,15,1.6649625301361084
27,16,1.6237396001815796
27,17,1.297417163848877
27,18,1.3636071681976318
27,19,1.5061324834823608
27,20,1.562611699104309
27,21,1.4855605363845825
27,22,1.4498629570007324
27,23,1.643432378768921
27,24,1.3471074104309082
27,25,1.7120728492736816
27,26,1.459671139717102
27,27,1.258542776107788
27,28,1.4519014358520508
27,29,1.4806692600250244
27,30,2.065542221069336
27,31,1.4558287858963013
27,32,1.8200592994689941
27,33,1.2847981452941895
27,34,1.591182827949524
27,35,1.401710867881775
27,36,1.4030935764312744
27,37,1.5133082866668701
27,38,1.8657011985778809
27,39,1.6799042224884033
27,40,1.4733028411865234
27,41,1.5630134344100952
27,42,1.6460431814193726
27,43,1.4320553541183472
27,44,1.9179900884628296
27,45,1.5028945207595825
27,46,1.4177708625793457
27,47,2.071881055831909
27,48,1.3860619068145752
27,49,1.3531426191329956
27,50,1.598969578742981
27,51,1.3955206871032715
27,52,1.663241982460022
27,53,1.29256272315979
27,54,1.4836502075195312
27,55,1.4830210208892822
27,56,1.549346685409546
27,57,1.5132379531860352
27,58,1.5018062591552734
27,59,1.4094491004943848
27,60,2.183443069458008
27,61,1.422899842262268
27,62,1.6181756258010864
27,63,1.5813859701156616
27,64,1.5008821487426758
27,65,1.6335396766662598
27,66,1.3894715309143066
27,67,1.4682915210723877
27,68,1.3338279724121094
27,69,1.5344672203063965
27,70,1.5503816604614258
27,71,1.6354478597640991
27,72,1.6259723901748657
27,73,1.5663659572601318
27,74,1.453251838684082
27,75,1.6694660186767578
27,76,1.7425868511199951
27,77,1.4016070365905762
27,78,1.5314397811889648
27,79,1.654800295829773
27,80,2.1277737617492676
27,81,1.4027197360992432
27,82,1.5574853420257568
27,83,1.473386287689209
27,84,1.6852715015411377
27,85,1.6822230815887451
27,86,1.5298020839691162
27,87,1.4531713724136353
27,88,1.4462090730667114
27,89,1.8402776718139648
27,90,1.3995692729949951
27,91,1.5464327335357666
27,92,1.9113733768463135
27,93,1.6329150199890137
27,94,1.69736647605896
27,95,1.4441670179367065
27,96,1.3770170211791992
27,97,1.8669885396957397
27,98,1.3854697942733765
27,99,1.6576378345489502
27,100,1.458423137664795
27,101,1.6088542938232422
27,102,1.4445817470550537
27,103,1.754164218902588
27,104,1.8828649520874023
27,105,1.3382227420806885
27,106,1.531109094619751
27,107,1.2865192890167236
27,108,1.9049248695373535
27,109,1.4980363845825195
27,110,1.672055959701538
27,111,1.4579617977142334
27,112,1.509843349456787
27,113,1.4931613206863403
27,114,1.378167986869812
27,115,1.6781227588653564
27,116,1.4896447658538818
27,117,1.710679054260254
27,118,1.569143533706665
27,119,1.5009443759918213
27,120,1.3849568367004395
27,121,1.5767595767974854
27,122,1.4792509078979492
27,123,1.3873324394226074
27,124,1.3794951438903809
27,125,1.5476653575897217
27,126,1.511222243309021
27,127,1.7611708641052246
27,128,1.3493106365203857
27,129,1.3453097343444824
27,130,1.602041482925415
27,131,1.5245423316955566
27,132,1.616927146911621
27,133,1.515507698059082
27,134,1.5837390422821045
27,135,1.6410608291625977
27,136,2.269090175628662
27,137,1.574315071105957
27,138,1.6673288345336914
27,139,1.5201952457427979
27,140,1.5214046239852905
27,141,1.3993942737579346
27,142,1.4227174520492554
27,143,1.2591376304626465
27,144,1.6132144927978516
27,145,1.4952974319458008
27,146,1.4296232461929321
27,147,1.5717203617095947
27,148,2.059931993484497
27,149,1.6441173553466797
27,150,1.734568476676941
27,151,1.3595776557922363
27,152,1.7922992706298828
27,153,1.8477857112884521
27,154,1.5957438945770264
27,155,1.4838862419128418
27,156,1.6072230339050293
27,157,1.7618498802185059
27,158,1.4084150791168213
27,159,1.4890778064727783
27,160,1.3988268375396729
27,161,1.963539481163025
27,162,1.402665138244629
27,163,1.6579614877700806
27,164,1.410642147064209
27,165,1.79192316532135
27,166,1.563679575920105
27,167,1.5569519996643066
27,168,1.4994099140167236
27,169,1.6350973844528198
27,170,1.4769129753112793
27,171,1.4348289966583252
27,172,1.5724897384643555
27,173,1.3167028427124023
27,174,1.3557641506195068
27,175,1.5923501253128052
27,176,1.579345941543579
27,177,1.4405438899993896
27,178,1.348273515701294
27,179,1.822585940361023
27,180,1.6733478307724
27,181,1.69368577003479
27,182,1.609867811203003
27,183,1.4351534843444824
27,184,1.7276759147644043
27,185,1.390836477279663
27,186,1.9031310081481934
27,187,1.355884313583374
27,188,1.7744503021240234
27,189,2.029766082763672
27,190,1.4460577964782715
27,191,1.3477184772491455
27,192,1.3675795793533325
27,193,1.600752592086792
27,194,1.6176478862762451
27,195,1.506266713142395
27,196,1.505456566810608
27,197,1.5622010231018066
27,198,1.5382740497589111
27,199,1.3754491806030273
27,200,1.410649299621582
27,201,1.4938017129898071
27,202,1.4215654134750366
27,203,1.6919524669647217
27,204,1.507975697517395
27,205,1.5025935173034668
27,206,1.4182913303375244
27,207,1.538192629814148
27,208,1.3910768032073975
27,209,1.882473111152649
27,210,1.8765761852264404
27,211,1.4134955406188965
27,212,1.3039665222167969
27,213,1.6218197345733643
27,214,1.509692907333374
27,215,1.3058687448501587
27,216,1.8609306812286377
27,217,1.5456960201263428
27,218,1.5104396343231201
27,219,1.5787184238433838
27,220,1.2718825340270996
27,221,1.4751791954040527
27,222,1.4978365898132324
27,223,1.5971524715423584
27,224,1.6110163927078247
27,225,1.6200885772705078
27,226,1.548852562904358
27,227,1.5718591213226318
27,228,1.6385226249694824
27,229,1.9960402250289917
27,230,1.7015129327774048
27,231,1.2851853370666504
27,232,1.2900242805480957
27,233,1.3668065071105957
27,234,1.6619720458984375
27,235,1.5747461318969727
27,236,1.5282565355300903
27,237,1.3632432222366333
27,238,1.3530468940734863
27,239,1.5440959930419922
27,240,1.5920522212982178
27,241,2.10494327545166
27,242,1.5327386856079102
27,243,1.5516502857208252
27,244,1.5672080516815186
27,245,1.6285362243652344
27,246,1.6355159282684326
27,247,1.4095375537872314
27,248,1.5385165214538574
27,249,1.5586907863616943
27,250,1.5515532493591309
27,251,1.5437321662902832
27,252,1.5439945459365845
27,253,1.5317492485046387
27,254,1.2794299125671387
27,255,1.326055884361267
27,256,1.6133960485458374
27,257,1.734492540359497
27,258,1.6087350845336914
27,259,1.8277256488800049
27,260,1.6947953701019287
27,261,1.6072355508804321
27,262,1.9743887186050415
27,263,1.8448516130447388
27,264,1.3610138893127441
27,265,1.5445060729980469
27,266,1.495718240737915
27,267,1.5091001987457275
27,268,1.8407368659973145
27,269,1.7945125102996826
27,270,1.846636414527893
27,271,1.4597430229187012
27,272,1.610745906829834
27,273,2.004434108734131
27,274,1.3847904205322266
27,275,1.4908034801483154
27,276,1.3730329275131226
27,277,1.5363408327102661
27,278,1.7564506530761719
27,279,1.600294589996338
27,280,1.3707566261291504
27,281,1.9842188358306885
27,282,1.5126709938049316
27,283,1.4568841457366943
27,284,1.6219990253448486
27,285,1.7120888233184814
27,286,1.8268266916275024
27,287,1.2856945991516113
27,288,1.5103650093078613
27,289,1.549638271331787
27,290,1.6324703693389893
27,291,1.707992672920227
27,292,1.6576142311096191
27,293,1.4779953956604004
27,294,1.9951974153518677
27,295,1.3907606601715088
27,296,1.6889159679412842
27,297,1.2369108200073242
27,298,2.029780387878418
27,299,1.4012744426727295
27,300,2.049377918243408
27,301,1.5455338954925537
27,302,1.7943235635757446
27,303,1.2525877952575684
27,304,2.050081729888916
27,305,1.7002732753753662
27,306,1.334373950958252
27,307,1.532141923904419
27,308,1.573831558227539
27,309,2.063671112060547
27,310,1.602486252784729
27,311,1.5879318714141846
28,0,1.4278591871261597
28,1,1.8291733264923096
28,2,1.5815300941467285
28,3,1.3867216110229492
28,4,2.051966905593872
28,5,1.4602062702178955
28,6,1.6312146186828613
28,7,1.5076608657836914
28,8,1.410483479499817
28,9,1.5218713283538818
28,10,1.5471062660217285
28,11,1.6453862190246582
28,12,1.7694413661956787
28,13,2.024195909500122
28,14,1.4214346408843994
28,15,1.718967080116272
28,16,1.415450096130371
28,17,1.4912514686584473
28,18,1.3087936639785767
28,19,1.5853749513626099
28,20,1.8394843339920044
28,21,1.6191763877868652
28,22,1.5440932512283325
28,23,1.5865728855133057
28,24,1.6808321475982666
28,25,1.5038442611694336
28,26,1.7973237037658691
28,27,1.417938470840454
28,28,1.37514066696167
28,29,1.3990516662597656
28,30,1.5571057796478271
28,31,1.4610426425933838
28,32,2.1283328533172607
28,33,1.700063943862915
28,34,1.7918800115585327
28,35,1.308873176574707
28,36,1.4125354290008545
28,37,1.2936216592788696
28,38,1.6154555082321167
28,39,1.7138844728469849
28,40,1.3903651237487793
28,41,1.489485502243042
28,42,1.4092280864715576
28,43,1.6113611459732056
28,44,1.7675312757492065
28,45,1.69453763961792
28,46,1.305103063583374
28,47,1.623051404953003
28,48,1.5151336193084717
28,49,1.285591721534729
28,50,1.5273184776306152
28,51,1.5040395259857178
28,52,1.6308770179748535
28,53,1.9938095808029175
28,54,1.3984637260437012
28,55,1.619676113128662
28,56,1.660182237625122
28,57,1.5419763326644897
28,58,1.7871158123016357
28,59,1.952528715133667
28,60,1.4002726078033447
28,61,1.5290911197662354
28,62,1.7029776573181152
28,63,1.9150002002716064
28,64,1.4870326519012451
28,65,1.2965726852416992
28,66,1.7511836290359497
28,67,1.8386008739471436
28,68,1.4118907451629639
28,69,1.5728020668029785
28,70,1.5651702880859375
28,71,1.692699909210205
28,72,1.3343671560287476
28,73,1.5720430612564087
28,74,1.4605457782745361
28,75,1.3322060108184814
28,76,1.50336492061615
28,77,1.5040912628173828
28,78,1.4365118741989136
28,79,1.5484681129455566
28,80,1.4018833637237549
28,81,1.4208545684814453
28,82,1.4900450706481934
28,83,1.4732517004013062
28,84,1.5852497816085815
28,85,1.3932468891143799
28,86,1.4673292636871338
28,87,1.6851258277893066
28,88,1.5355896949768066
28,89,1.526576280593872
28,90,1.553071141242981
28,91,1.4233746528625488
28,92,1.5319230556488037
28,93,1.3574490547180176
28,94,1.3842107057571411
28,95,1.833967924118042
28,96,1.684211015701294
28,97,1.718724250793457
28,98,1.3678323030471802
28,99,1.2988266944885254
28,100,1.5970033407211304
28,101,1.270216464996338
28,102,1.4758362770080566
28,103,1.3284211158752441
28,104,1.7902746200561523
28,105,1.9554684162139893
28,106,1.9181995391845703
28,107,1.4347724914550781
28,108,1.6834661960601807
28,109,1.478647232055664
28,110,1.6349339485168457
28,111,1.6784241199493408
28,112,1.4335172176361084
28,113,1.4807875156402588
28,114,1.2650667428970337
28,115,1.385254144668579
28,116,1.6183366775512695
28,117,1.5032131671905518
28,118,1.5439642667770386
28,119,1.5292363166809082
28,120,1.361466884613037
28,121,1.7157472372055054
28,122,2.110687255859375
28,123,1.5856572389602661
28,124,1.4735920429229736
28,125,1.7420778274536133
28,126,1.2780646085739136
28,127,1.4196922779083252
28,128,1.524345874786377
28,129,1.7292948961257935
28,130,1.6457126140594482
28,131,1.779329776763916
28,132,1.469074010848999
28,133,1.5021882057189941
28,134,1.957846999168396
28,135,1.71443510055542
28,136,1.4736080169677734
28,137,1.7118315696716309
28,138,1.6797646284103394
28,139,1.6586716175079346
28,140,1.587815761566162
28,141,1.5442856550216675
28,142,1.7423280477523804
28,143,1.5765588283538818
28,144,1.6299506425857544
28,145,1.8096015453338623
28,146,1.5283010005950928
28,147,1.6073116064071655
28,148,1.7261675596237183
28,149,1.5096267461776733
28,150,1.517270565032959
28,151,1.350022315979004
28,152,1.7732291221618652
28,153,1.2196011543273926
28,154,1.5464428663253784
28,155,1.5053921937942505
28,156,1.462029218673706
28,157,1.511078953742981
28,158,1.644554853439331
28,159,1.7316173315048218
28,160,2.0334858894348145
28,161,1.600825548171997
28,162,1.727139949798584
28,163,1.6832078695297241
28,164,1.5644556283950806
28,165,1.4144408702850342
28,166,1.5451184511184692
28,167,1.4350321292877197
28,168,1.6602039337158203
28,169,1.3715349435806274
28,170,1.596900224685669
28,171,1.4027704000473022
28,172,1.6006832122802734
28,173,1.6439564228057861
28,174,1.540924072265625
28,175,1.8794113397598267
28,176,1.6724181175231934
28,177,1.4588366746902466
28,178,1.285317301750183
28,179,1.6412429809570312
28,180,1.4562851190567017
28,181,1.4539625644683838
28,182,1.9644105434417725
28,183,2.1297504901885986
28,184,1.4213143587112427
28,185,1.6061636209487915
28,186,1.4659438133239746
28,187,1.7242637872695923
28,188,1.5999983549118042
28,189,1.3506650924682617
28,190,1.7495003938674927
28,191,1.3765451908111572
28,192,1.529411792755127
28,193,1.7347407341003418
28,194,1.471170425415039
28,195,1.6502463817596436
28,196,1.2089729309082031
28,197,1.539631724357605
28,198,1.4883828163146973
28,199,1.761354923248291
28,200,1.514167308807373
28,201,1.7668447494506836
28,202,1.3830914497375488
28,203,1.6803412437438965
28,204,1.9402743577957153
28,205,1.905181646347046
28,206,1.6177829504013062
28,207,1.578800082206726
28,208,1.3978033065795898
28,209,1.636812686920166
28,210,1.9025062322616577
28,211,1.6252161264419556
28,212,1.5543041229248047
28,213,1.6476070880889893
28,214,1.3266537189483643
28,215,1.4809348583221436
28,216,1.8770374059677124
28,217,1.5872905254364014
28,218,1.7256038188934326
28,219,1.5747780799865723
28,220,1.464142918586731
28,221,1.9935845136642456
28,222,1.467944622039795
28,223,1.7821834087371826
28,224,1.366126298904419
28,225,1.3472716808319092
28,226,1.668358325958252
28,227,1.651094913482666
28,228,1.5531346797943115
28,229,1.8000953197479248
28,230,1.6170485019683838
28,231,1.941378116607666
28,232,1.4588145017623901
28,233,1.8071266412734985
28,234,1.4016610383987427
28,235,1.477705717086792
28,236,1.7415646314620972
28,237,1.5668621063232422
28,238,1.6198420524597168
28,239,1.2436227798461914
28,240,1.6094415187835693
28,241,1.7073800563812256
28,242,1.6081602573394775
28,243,1.299502968788147
28,244,1.6367594003677368
28,245,1.5378605127334595
28,246,1.531903624534607
28,247,1.86323881149292
28,248,1.6737372875213623
28,249,1.7818255424499512
28,250,1.452518343925476
28,251,1.437401294708252
28,252,1.4614806175231934
28,253,1.7534613609313965
28,254,1.661468267440796
28,255,1.7118091583251953
28,256,1.8265624046325684
28,257,1.6095056533813477
28,258,1.462890625
28,259,1.7356925010681152
28,260,1.3918488025665283
28,261,1.308523178100586
28,262,1.4026544094085693
28,263,1.3988902568817139
28,264,1.8411657810211182
28,265,2.1125593185424805
28,266,1.6300525665283203
28,267,1.5390191078186035
28,268,1.4761135578155518
28,269,1.4062724113464355
28,270,1.6744122505187988
28,271,1.3364968299865723
28,272,1.7860510349273682
28,273,1.564660668373108
28,274,1.4824862480163574
28,275,1.50412118434906
28,276,1.435721755027771
28,277,1.3934528827667236
28,278,1.3884618282318115
28,279,1.587597370147705
28,280,1.4328641891479492
28,281,1.4530365467071533
28,282,1.4859967231750488
28,283,1.4386663436889648
28,284,1.3572851419448853
28,285,1.7518887519836426
28,286,1.6085219383239746
28,287,1.580942153930664
28,288,1.4931412935256958
28,289,1.4467984437942505
28,290,1.7413694858551025
28,291,1.5355916023254395
28,292,1.4780445098876953
28,293,1.640829086303711
28,294,1.5529338121414185
28,295,1.9693539142608643
28,296,1.2518553733825684
28,297,1.8044891357421875
28,298,1.450350046157837
28,299,1.1681797504425049
28,300,1.4669901132583618
28,301,1.4836479425430298
28,302,2.12416672706604
28,303,1.46876859664917
28,304,1.343421220779419
28,305,1.705148458480835
28,306,1.8539645671844482
28,307,1.582177996635437
28,308,1.4805020093917847
28,309,2.2017903327941895
28,310,1.407084584236145
28,311,1.335136890411377
29,0,1.5444746017456055
29,1,1.6633625030517578
29,2,1.6899759769439697
29,3,1.358957052230835
29,4,1.4741464853286743
29,5,1.710468053817749
29,6,1.478752851486206
29,7,1.4472901821136475
29,8,1.4598232507705688
29,9,1.3624823093414307
29,10,1.7362350225448608
29,11,1.6466474533081055
29,12,1.2531400918960571
29,13,1.4678103923797607
29,14,1.7108540534973145
29,15,1.4132905006408691
29,16,1.4551982879638672
29,17,1.5252959728240967
29,18,1.5886783599853516
29,19,1.5443507432937622
29,20,1.482161283493042
29,21,1.6896817684173584
29,22,1.5254838466644287
29,23,1.3682218790054321
29,24,1.5574690103530884
29,25,1.5373344421386719
29,26,1.4996401071548462
29,27,1.2302592992782593
29,28,1.7058663368225098
29,29,1.6161425113677979
29,30,1.3137340545654297
29,31,1.3585997819900513
29,32,1.451812982559204
29,33,1.4861598014831543
29,34,1.4597485065460205
29,35,2.016096830368042
29,36,1.7103731632232666
29,37,1.4615237712860107
29,38,1.704483985900879
29,39,1.6615240573883057
29,40,1.723151445388794
29,41,1.3849313259124756
29,42,1.8450082540512085
29,43,1.5410950183868408
29,44,1.4694428443908691
29,45,1.3589931726455688
29,46,1.6097038984298706
29,47,1.9680346250534058
29,48,1.4110713005065918
29,49,1.719354510307312
29,50,1.7377252578735352
29,51,1.7188496589660645
29,52,1.6662843227386475
29,53,1.5184775590896606
29,54,1.355454921722412
29,55,1.2595475912094116
29,56,1.6093040704727173
29,57,1.799174189567566
29,58,1.6202611923217773
29,59,1.6804089546203613
29,60,1.7922422885894775
29,61,1.3406081199645996
29,62,1.6052170991897583
29,63,1.4037208557128906
29,64,1.3195321559906006
29,65,1.4404854774475098
29,66,1.3276124000549316
29,67,1.4384875297546387
29,68,1.3019551038742065
29,69,1.5182652473449707
29,70,1.452141523361206
29,71,1.5765676498413086
29,72,1.3351569175720215
29,73,1.5662789344787598
29,74,1.490393877029419
29,75,1.3730913400650024
29,76,1.6576333045959473
29,77,1.6362351179122925
29,78,1.4949742555618286
29,79,1.6842875480651855
29,80,1.4321117401123047
29,81,1.6559381484985352
29,82,1.4727396965026855
29,83,1.3582727909088135
29,84,1.6830729246139526
29,85,1.2535011768341064
29,86,1.6132296323776245
29,87,1.6762933731079102
29,88,1.6115877628326416
29,89,1.3273169994354248
29,90,1.2925546169281006
29,91,1.748394250869751
29,92,1.4253098964691162
29,93,1.9062347412109375
29,94,1.500643014907837
29,95,1.591856598854065
29,96,1.5023934841156006
29,97,1.3235173225402832
29,98,1.6732242107391357
29,99,1.5114030838012695
29,100,1.823876142501831
29,101,1.470560073852539
29,102,1.714377999305725
29,103,1.4068622589111328
29,104,1.4889347553253174
29,105,1.2868213653564453
29,106,1.4620587825775146
29,107,1.555694818496704
29,108,1.4834686517715454
29,109,1.531693458557129
29,110,1.426750659942627
29,111,1.5125377178192139
29,112,1.4957585334777832
29,113,1.5425249338150024
29,114,1.4508119821548462
29,115,1.762460470199585
29,116,1.3107328414916992
29,117,1.7820532321929932
29,118,1.2990559339523315
29,119,1.5538623332977295
29,120,1.371815800666809
29,121,1.2554610967636108
29,122,1.3080097436904907
29,123,1.3468873500823975
29,124,1.7577900886535645
29,125,1.5966681241989136
29,126,1.5666449069976807
29,127,1.484466791152954
29,128,1.6076669692993164
29,129,1.3774142265319824
29,130,1.8192849159240723
29,131,1.349005103111267
29,132,1.36820387840271
29,133,1.5279691219329834
29,134,1.7091574668884277
29,135,1.9176770448684692
29,136,1.4541213512420654
29,137,1.0812422037124634
29,138,1.3486120700836182
29,139,1.3388586044311523
29,140,1.8173413276672363
29,141,1.5770461559295654
29,142,1.651606559753418
29,143,1.4912166595458984
29,144,1.697399377822876
29,145,1.3877310752868652
29,146,1.440929889678955
29,147,1.5835914611816406
29,148,1.73329496383667
29,149,1.5704902410507202
29,150,1.6038488149642944
29,151,1.390389084815979
29,152,1.502949595451355
29,153,1.5870858430862427
29,154,1.513455867767334
29,155,1.8727147579193115
29,156,1.3460958003997803
29,157,1.6197350025177002
29,158,1.4733085632324219
29,159,1.7735202312469482
29,160,1.7256801128387451
29,161,1.6127570867538452
29,162,1.612689733505249
29,163,1.5356727838516235
29,164,1.4797282218933105
29,165,1.6431856155395508
29,166,1.4916353225708008
29,167,1.4610509872436523
29,168,1.3764209747314453
29,169,1.5667004585266113
29,170,1.3531403541564941
29,171,1.575561285018921
29,172,1.4055545330047607
29,173,1.3399587869644165
29,174,1.262092113494873
29,175,1.6189738512039185
29,176,1.480704426765442
29,177,1.6910672187805176
29,178,1.7785987854003906
29,179,1.7099227905273438
29,180,1.3659528493881226
29,181,1.394782304763794
29,182,1.580886721611023
29,183,1.479673147201538
29,184,1.520263433456421
29,185,1.3359375
29,186,1.45857834815979
29,187,1.270611047744751
29,188,1.4314329624176025
29,189,1.7393338680267334
29,190,1.724507212638855
29,191,1.4325568675994873
29,192,1.4078443050384521
29,193,1.2832554578781128
29,194,1.9790852069854736
29,195,1.5200796127319336
29,196,1.7020971775054932
29,197,1.2883546352386475
29,198,2.089766263961792
29,199,1.4259284734725952
29,200,1.7074651718139648
29,201,1.4991285800933838
29,202,1.6112771034240723
29,203,1.5446956157684326
29,204,1.667412281036377
29,205,1.4696481227874756
29,206,2.110262393951416
29,207,1.5418450832366943
29,208,1.583315372467041
29,209,1.684237003326416
29,210,1.6242061853408813
29,211,1.5893858671188354
29,212,1.6608715057373047
29,213,1.5027796030044556
29,214,1.4148292541503906
29,215,1.5627198219299316
29,216,1.285274624824524
29,217,1.496239423751831
29,218,1.41486394405365
29,219,1.6797287464141846
29,220,1.444974422454834
29,221,1.5002716779708862
29,222,1.709824562072754
29,223,1.2973536252975464
29,224,1.6675407886505127
29,225,1.5472748279571533
29,226,1.5422943830490112
29,227,1.4783070087432861
29,228,1.6464264392852783
29,229,1.4621812105178833
29,230,1.5781140327453613
29,231,1.256803274154663
29,232,1.9199440479278564
29,233,1.4424550533294678
29,234,1.8634114265441895
29,235,1.6235017776489258
29,236,1.388422966003418
29,237,1.5395913124084473
29,238,1.4252331256866455
29,239,1.8363690376281738
29,240,1.5143496990203857
29,241,1.6219754219055176
29,242,1.5986727476119995
29,243,1.658512830734253
29,244,1.4123821258544922
29,245,1.6266448497772217
29,246,1.4441179037094116
29,247,1.7260074615478516
29,248,1.5243287086486816
29,249,1.383580207824707
29,250,1.8209589719772339
29,251,1.606201410293579
29,252,1.4557511806488037
29,253,1.3733155727386475
29,254,1.5649142265319824
29,255,1.7237718105316162
29,256,1.665257215499878
29,257,1.5447468757629395
29,258,1.4649930000305176
29,259,1.731870412826538
29,260,1.1786510944366455
29,261,1.651627779006958
29,262,1.3444018363952637
29,263,1.5217804908752441
29,264,1.6136195659637451
29,265,1.805595874786377
29,266,1.6756852865219116
29,267,1.4472112655639648
29,268,1.6744823455810547
29,269,1.5182740688323975
29,270,1.676086187362671
29,271,1.7945369482040405
29,272,1.430188775062561
29,273,1.8492531776428223
29,274,1.361664056777954
29,275,1.697815179824829
29,276,1.8072534799575806
29,277,1.33052659034729
29,278,1.2293007373809814
29,279,1.57929265499115
29,280,1.3882957696914673
29,281,1.608511209487915
29,282,1.5568755865097046
29,283,1.3519232273101807
29,284,1.532278299331665
29,285,1.4796348810195923
29,286,1.5864615440368652
29,287,1.6911945343017578
29,288,1.3436822891235352
29,289,1.3156099319458008
29,290,1.866105556488037
29,291,1.4658970832824707
29,292,1.4673577547073364
29,293,1.6176481246948242
29,294,1.446015477180481
29,295,1.4917774200439453
29,296,1.5489401817321777
29,297,1.3568737506866455
29,298,1.4139214754104614
29,299,1.500732183456421
29,300,1.3407652378082275
29,301,1.5404558181762695
29,302,1.6168036460876465
29,303,1.96652090549469
29,304,1.55849289894104
29,305,1.6007142066955566
29,306,1.6265383958816528
29,307,1.5577031373977661
29,308,1.4332783222198486
29,309,1.5628178119659424
29,310,1.7936491966247559
29,311,1.4843926429748535
30,0,1.476447343826294
30,1,1.566059947013855
30,2,1.2634638547897339
30,3,1.2863659858703613
30,4,1.6595158576965332
30,5,1.4256929159164429
30,6,1.3295490741729736
30,7,1.7057499885559082
30,8,1.672872543334961
30,9,1.4123326539993286
30,10,1.6237268447875977
30,11,1.559131145477295
30,12,1.3838467597961426
30,13,1.3054356575012207
30,14,1.8013029098510742
30,15,1.5161319971084595
30,16,1.7894787788391113
30,17,1.7317712306976318
30,18,1.6511746644973755
30,19,1.4920973777770996
30,20,1.5596753358840942
30,21,1.7904515266418457
30,22,1.5061149597167969
30,23,1.1794776916503906
30,24,1.6910462379455566
30,25,1.3577723503112793
30,26,1.4320297241210938
30,27,1.4579102993011475
30,28,1.564792275428772
30,29,1.3827693462371826
30,30,1.4519308805465698
30,31,1.390336513519287
30,32,1.4927102327346802
30,33,1.4190497398376465
30,34,1.745188593864441
30,35,1.5422114133834839
30,36,1.5563637018203735
30,37,1.4881727695465088
30,38,1.751986026763916
30,39,1.9149783849716187
30,40,1.387223243713379
30,41,1.4245729446411133
30,42,1.3713366985321045
30,43,1.5191856622695923
30,44,1.440676212310791
30,45,1.5636167526245117
30,46,1.2950047254562378
30,47,1.87576425075531
30,48,1.6294288635253906
30,49,1.3014413118362427
30,50,1.6617567539215088
30,51,1.2553491592407227
30,52,1.462544560432434
30,53,1.462221384048462
30,54,1.5095733404159546
30,55,1.5431783199310303
30,56,1.487566351890564
30,57,1.5300588607788086
30,58,1.614729642868042
30,59,1.4741710424423218
30,60,1.7036998271942139
30,61,1.6740400791168213
30,62,1.2066783905029297
30,63,1.3890788555145264
30,64,1.3165333271026611
30,65,1.3679100275039673
30,66,1.3499350547790527
30,67,1.4083213806152344
30,68,1.442878007888794
30,69,1.6927967071533203
30,70,1.3691773414611816
30,71,1.4839451313018799
30,72,1.8558143377304077
30,73,1.5601588487625122
30,74,1.9933726787567139
30,75,1.248152494430542
30,76,1.4509097337722778
30,77,1.336341381072998
30,78,1.4730104207992554
30,79,1.3942370414733887
30,80,1.9578065872192383
30,81,1.4972647428512573
30,82,1.4415448904037476
30,83,1.4446797370910645
30,84,2.1732177734375
30,85,1.6580052375793457
30,86,1.8001238107681274
30,87,1.2413668632507324
30,88,1.3547532558441162
30,89,1.8999481201171875
30,90,1.4895436763763428
30,91,1.7185152769088745
30,92,1.3300429582595825
30,93,1.27152419090271
30,94,1.5608137845993042
30,95,1.4768116474151611
30,96,1.380897045135498
30,97,1.3706333637237549
30,98,1.3481112718582153
30,99,1.362791657447815
30,100,1.4344100952148438
30,101,1.4692697525024414
30,102,1.6645641326904297
30,103,1.5453822612762451
30,104,1.679283618927002
30,105,1.7048604488372803
30,106,1.5924303531646729
30,107,1.5042675733566284
30,108,1.624650239944458
30,109,1.6383094787597656
30,110,1.4816017150878906
30,111,1.659897804260254
30,112,1.5932961702346802
30,113,1.4799180030822754
30,114,1.7285515069961548
30,115,1.4291242361068726
30,116,1.5991320610046387
30,117,1.3553123474121094
30,118,1.415418028831482
30,119,1.6566503047943115
30,120,1.7450964450836182
30,121,1.7699025869369507
30,122,1.6454440355300903
30,123,1.371415615081787
30,124,1.4644695520401
30,125,1.574676752090454
30,126,1.4506242275238037
30,127,1.3990693092346191
30,128,1.7637895345687866
30,129,1.3632962703704834
30,130,1.5814299583435059
30,131,1.7185554504394531
30,132,1.891649603843689
30,133,1.4193627834320068
30,134,1.4214938879013062
30,135,1.4670817852020264
30,136,1.688979148864746
30,137,1.6029620170593262
30,138,1.6521743535995483
30,139,1.8709845542907715
30,140,1.5372209548950195
30,141,1.454674243927002
30,142,1.6795328855514526
30,143,1.4353773593902588
30,144,1.5629085302352905
30,145,1.2384657859802246
30,146,1.8493365049362183
30,147,1.536696434020996
30,148,1.309399127960205
30,149,1.4510133266448975
30,150,1.4236962795257568
30,151,1.4923481941223145
30,152,1.8266656398773193
30,153,1.3775546550750732
30,154,1.5340075492858887
30,155,1.5751632452011108
30,156,1.4320393800735474
30,157,1.6582881212234497
30,158,1.5388479232788086
30,159,1.6691477298736572
30,160,1.4573404788970947
30,161,1.4592467546463013
30,162,1.8704838752746582
30,163,1.5158989429473877
30,164,1.5160341262817383
30,165,1.5412535667419434
30,166,1.645266056060791
30,167,1.78226900100708
30,168,1.6328518390655518
30,169,1.501837968826294
30,170,1.6065914630889893
30,171,1.5972163677215576
30,172,1.3961820602416992
30,173,1.4325177669525146
30,174,1.6344325542449951
30,175,1.5277211666107178
30,176,1.6564958095550537
30,177,1.6471151113510132
30,178,1.3924298286437988
30,179,1.5873810052871704
30,180,1.4879677295684814
30,181,1.379012107849121
30,182,1.5483617782592773
30,183,1.7791543006896973
30,184,1.4778640270233154
30,185,1.2664563655853271
30,186,1.3550008535385132
30,187,1.4907793998718262
30,188,1.5015076398849487
30,189,1.6963045597076416
30,190,1.5079479217529297
30,191,1.4702544212341309
30,192,1.501456379890442
30,193,1.5225472450256348
30,194,1.439399242401123
30,195,1.8352255821228027
30,196,1.7588380575180054
30,197,1.7757457494735718
30,198,1.574779987335205
30,199,1.5746322870254517
30,200,1.6019320487976074
30,201,1.5647995471954346
30,202,1.5764038562774658
30,203,1.7184607982635498
30,204,1.384266972541809
30,205,1.593796730041504
30,206,1.669433355331421
30,207,1.4903769493103027
30,208,1.3898745775222778
30,209,1.699705719947815
30,210,1.8184316158294678
30,211,1.4019012451171875
30,212,1.6539580821990967
30,213,1.2402740716934204
30,214,1.5414197444915771
30,215,1.5266467332839966
30,216,1.6074836254119873
30,217,1.6135679483413696
30,218,1.43007493019104
30,219,1.5088672637939453
30,220,1.4442777633666992
30,221,1.4582958221435547
30,222,1.4728262424468994
30,223,1.598765254020691
30,224,1.379868507385254
30,225,1.472813367843628
30,226,1.6358866691589355
30,227,1.6882667541503906
30,228,1.2822805643081665
30,229,1.2787678241729736
30,230,1.5659916400909424
30,231,1.4943994283676147
30,232,1.5363140106201172
30,233,1.7530004978179932
30,234,1.901635766029358
30,235,1.815995454788208
30,236,1.2187639474868774
30,237,1.712615966796875
30,238,1.3143658638000488
30,239,1.541417121887207
30,240,1.4509036540985107
30,241,1.6321115493774414
30,242,1.8379287719726562
30,243,1.403329849243164
30,244,1.4088975191116333
30,245,1.49275803565979
30,246,1.3590904474258423
30,247,1.664046287536621
30,248,1.2436420917510986
30,249,1.3163292407989502
30,250,1.3174397945404053
30,251,1.344308614730835
30,252,1.6436216831207275
30,253,1.7655014991760254
30,254,1.9084662199020386
30,255,1.6756982803344727
30,256,1.5958998203277588
30,257,1.4702057838439941
30,258,1.6383227109909058
30,259,1.3168374300003052
30,260,1.5514464378356934
30,261,1.4969637393951416
30,262,1.5293605327606201
30,263,1.445007085800171
30,264,1.821794033050537
30,265,1.555097222328186
30,266,1.7293678522109985
30,267,1.5239143371582031
30,268,1.5045135021209717
30,269,1.2628085613250732
30,270,1.487694501876831
30,271,1.4393491744995117
30,272,1.5376615524291992
30,273,1.7002226114273071
30,274,1.4780058860778809
30,275,1.8126262426376343
30,276,1.460852861404419
30,277,1.5637266635894775
30,278,1.5148895978927612
30,279,1.5030044317245483
30,280,1.626879096031189
30,281,1.462591290473938
30,282,1.508666753768921
30,283,1.4349596500396729
30,284,1.6767351627349854
30,285,2.1688544750213623
30,286,1.4162802696228027
30,287,1.6480367183685303
30,288,1.2980234622955322
30,289,1.8923101425170898
30,290,1.433044672012329
30,291,1.5162245035171509
30,292,1.7346593141555786
30,293,1.3397709131240845
30,294,1.8060705661773682
30,295,1.6786590814590454
30,296,1.7112442255020142
30,297,1.641587734222412
30,298,1.6411234140396118
30,299,1.783733606338501
30,300,1.3274126052856445
30,301,1.4462873935699463
30,302,1.5417301654815674
30,303,1.478975534439087
30,304,1.8361411094665527
30,305,1.6822237968444824
30,306,1.3591324090957642
30,307,1.273682713508606
30,308,1.4661037921905518
30,309,1.4301011562347412
30,310,1.548279047012329
30,311,1.7299869060516357
31,0,1.36164391040802
31,1,1.2992639541625977
31,2,1.397902250289917
31,3,1.9899474382400513
31,4,1.3739814758300781
31,5,1.6697355508804321
31,6,1.4298057556152344
31,7,2.015035629272461
31,8,1.5621373653411865
31,9,1.45551335811615
31,10,1.4445509910583496
31,11,1.3056273460388184
31,12,1.6375889778137207
31,13,1.4608862400054932
31,14,1.285593032836914
31,15,1.5838606357574463
31,16,1.5624914169311523
31,17,1.7273728847503662
31,18,1.6835449934005737
31,19,1.7070789337158203
31,20,1.4827641248703003
31,21,1.4639759063720703
31,22,1.4041967391967773
31,23,1.5338647365570068
31,24,1.6695905923843384
31,25,1.629394292831421
31,26,1.2085778713226318
31,27,1.1459705829620361
31,28,1.209123969078064
31,29,1.4718295335769653
31,30,1.455146074295044
31,31,1.5115159749984741
31,32,1.492044448852539
31,33,1.4969160556793213
31,34,1.3329658508300781
31,35,1.5441272258758545
31,36,1.6294164657592773
31,37,1.6843451261520386
31,38,1.5520451068878174
31,39,1.3522725105285645
31,40,1.7050585746765137
31,41,1.6118826866149902
31,42,1.59190833568573
31,43,1.333686113357544
31,44,1.4191057682037354
31,45,1.589583158493042
31,46,1.5459556579589844
31,47,1.6955537796020508
31,48,1.4342336654663086
31,49,1.7503033876419067
31,50,1.344034194946289
31,51,1.444744348526001
31,52,1.4691622257232666
31,53,1.406357765197754
31,54,1.3544094562530518
31,55,1.7033946514129639
31,56,1.596855878829956
31,57,1.6573669910430908
31,58,1.6300567388534546
31,59,1.8102176189422607
31,60,1.599367380142212
31,61,1.3871917724609375
31,62,1.468148946762085
31,63,1.3352807760238647
31,64,1.5058057308197021
31,65,1.6081693172454834
31,66,1.5632919073104858
31,67,1.515338659286499
31,68,1.769152045249939
31,69,1.762892723083496
31,70,1.7158968448638916
31,71,1.381460189819336
31,72,1.8720835447311401
31,73,1.678135871887207
31,74,1.6928327083587646
31,75,1.5768907070159912
31,76,1.5957751274108887
31,77,1.6874792575836182
31,78,1.2916643619537354
31,79,1.459580421447754
31,80,1.4446415901184082
31,81,1.6819443702697754
31,82,1.6968756914138794
31,83,1.7323622703552246
31,84,1.6279566287994385
31,85,1.4501237869262695
31,86,1.51954984664917
31,87,1.612348198890686
31,88,1.535189151763916
31,89,1.456535816192627
31,90,1.3735712766647339
31,91,1.5591167211532593
31,92,1.5038938522338867
31,93,1.3150936365127563
31,94,1.5486576557159424
31,95,1.4009089469909668
31,96,1.4829449653625488
31,97,1.5121243000030518
31,98,1.5743217468261719
31,99,1.7245382070541382
31,100,1.80422043800354
31,101,1.2099534273147583
31,102,1.2475701570510864
31,103,1.648295283317566
31,104,1.4630382061004639
31,105,1.6430604457855225
31,106,1.4946516752243042
31,107,1.3927909135818481
31,108,1.5617505311965942
31,109,1.5088543891906738
31,110,1.5597456693649292
31,111,1.6166770458221436
31,112,1.4521584510803223
31,113,1.562326192855835
31,114,1.7249432802200317
31,115,1.4953815937042236
31,116,1.5901246070861816
31,117,1.6782842874526978
31,118,1.4786159992218018
31,119,1.605604887008667
31,120,1.2735353708267212
31,121,2.009274482727051
31,122,1.9922211170196533
31,123,1.5472822189331055
31,124,1.7177932262420654
31,125,1.6399223804473877
31,126,1.4740650653839111
31,127,1.5330331325531006
31,128,1.2101898193359375
31,129,1.3612942695617676
31,130,1.5024595260620117
31,131,1.4729347229003906
31,132,1.6065587997436523
31,133,1.5944963693618774
31,134,1.538245439529419
31,135,1.4250071048736572
31,136,1.3014979362487793
31,137,1.5094881057739258
31,138,1.8214271068572998
31,139,1.4475786685943604
31,140,1.5122617483139038
31,141,1.5455316305160522
31,142,1.3649777173995972
31,143,1.45805025100708
31,144,1.2044117450714111
31,145,1.7420645952224731
31,146,1.4096171855926514
31,147,1.4975666999816895
31,148,1.820272445678711
31,149,1.5250425338745117
31,150,1.6645803451538086
31,151,1.6867876052856445
31,152,1.654207706451416
31,153,1.5179471969604492
31,154,1.7461082935333252
31,155,1.4257898330688477
31,156,1.4532190561294556
31,157,1.5047531127929688
31,158,1.5461223125457764
31,159,1.3852839469909668
31,160,1.3322412967681885
31,161,1.770945429801941
31,162,1.4586026668548584
31,163,1.5300416946411133
31,164,1.2923158407211304
31,165,1.5234856605529785
31,166,1.456993818283081
31,167,1.501905918121338
31,168,1.6562144756317139
31,169,1.3201332092285156
31,170,1.6604361534118652
31,171,1.431844711303711
31,172,1.8977115154266357
31,173,1.3360074758529663
31,174,1.654412031173706
31,175,1.578092098236084
31,176,1.9056317806243896
31,177,1.6395877599716187
31,178,1.364283800125122
31,179,1.5991168022155762
31,180,1.2394554615020752
31,181,1.5025196075439453
31,182,1.430375337600708
31,183,1.5416700839996338
31,184,1.2883281707763672
31,185,1.6348515748977661
31,186,1.602862000465393
31,187,1.6143072843551636
31,188,1.33868408203125
31,189,1.7554762363433838
31,190,1.536274790763855
31,191,1.836338996887207
31,192,1.6461782455444336
31,193,1.4135380983352661
31,194,1.4524319171905518
31,195,1.375566005706787
31,196,1.4915664196014404
31,197,1.5621737241744995
31,198,1.4334690570831299
31,199,1.6596373319625854
31,200,1.4212019443511963
31,201,1.304208755493164
31,202,1.5747712850570679
31,203,1.6029244661331177
31,204,1.609431505203247
31,205,1.4693076610565186
31,206,1.4660500288009644
31,207,1.293566107749939
31,208,1.2835776805877686
31,209,1.4312824010849
31,210,1.6267013549804688
31,211,1.3945934772491455
31,212,1.536752700805664
31,213,1.7299330234527588
31,214,1.7770106792449951
31,215,1.5773720741271973
31,216,1.8476942777633667
31,217,1.7259633541107178
31,218,1.819274663925171
31,219,1.6544265747070312
31,220,1.5137357711791992
31,221,1.3146896362304688
31,222,1.6892671585083008
31,223,1.3116073608398438
31,224,1.3903663158416748
31,225,1.923640251159668
31,226,1.5229277610778809
31,227,1.5508878231048584
31,228,1.8053810596466064
31,229,1.8859853744506836
31,230,1.4061949253082275
31,231,1.5847938060760498
31,232,1.4010473489761353
31,233,1.7460980415344238
31,234,1.7554652690887451
31,235,1.4982140064239502
31,236,1.4399513006210327
31,237,1.5967082977294922
31,238,1.3435626029968262
31,239,1.7587368488311768
31,240,1.5652947425842285
31,241,1.3188719749450684
31,242,1.5134377479553223
31,243,1.3011584281921387
31,244,1.8203814029693604
31,245,1.5488929748535156
31,246,1.593332052230835
31,247,1.540764570236206
31,248,1.638044834136963
31,249,1.3461287021636963
31,250,1.3038957118988037
31,251,1.5749998092651367
31,252,1.4024040699005127
31,253,1.574019432067871
31,254,1.5970823764801025
31,255,1.538138747215271
31,256,1.5305547714233398
31,257,1.918809413909912
31,258,1.3570332527160645
31,259,1.5607091188430786
31,260,1.6677467823028564
31,261,1.7994972467422485
31,262,1.5060062408447266
31,263,1.660715103149414
31,264,1.3983981609344482
31,265,1.237500786781311
31,266,1.5554211139678955
31,267,1.8711953163146973
31,268,1.6973539590835571
31,269,1.7685737609863281
31,270,1.589177131652832
31,271,1.5238914489746094
31,272,1.4340684413909912
31,273,1.5896742343902588
31,274,1.704054832458496
31,275,1.6058133840560913
31,276,1.425897479057312
31,277,1.6129403114318848
31,278,2.0384318828582764
31,279,2.0969886779785156
31,280,1.5010452270507812
31,281,1.4988292455673218
31,282,1.2677687406539917
31,283,1.3218157291412354
31,284,1.5414502620697021
31,285,1.6870254278182983
31,286,1.3814977407455444
31,287,1.3504853248596191
31,288,1.3647392988204956
31,289,1.6857616901397705
31,290,1.5770697593688965
31,291,1.3583794832229614
31,292,1.972949504852295
31,293,1.5531933307647705
31,294,1.3973376750946045
31,295,1.5151605606079102
31,296,1.4123185873031616
31,297,1.4030756950378418
31,298,1.5040724277496338
31,299,1.2915679216384888
31,300,1.743221402168274
31,301,1.496300458908081
31,302,1.6965456008911133
31,303,1.4571058750152588
31,304,1.7340595722198486
31,305,1.5009698867797852
31,306,1.5423418283462524
31,307,1.5185904502868652
31,308,1.5749962329864502
31,309,1.441994547843933
31,310,1.5014917850494385
31,311,1.5230937004089355
32,0,1.181145191192627
32,1,1.624420404434204
32,2,1.5628808736801147
32,3,1.788908839225769
32,4,1.663632869720459
32,5,1.6671148538589478
32,6,1.605921983718872
32,7,1.5943691730499268
32,8,1.7547703981399536
32,9,1.401869773864746
32,10,1.4944566488265991
32,11,1.3146014213562012
32,12,1.4351541996002197
32,13,1.245243787765503
32,14,1.3606053590774536
32,15,1.5946353673934937
32,16,1.3427071571350098
32,17,1.6082234382629395
32,18,1.5903483629226685
32,19,1.5674455165863037
32,20,2.2571823596954346
32,21,1.4037280082702637
32,22,1.3002128601074219
32,23,1.5903140306472778
32,24,1.430680513381958
32,25,1.3651797771453857
32,26,1.5811583995819092
32,27,1.5106738805770874
32,28,1.601754903793335
32,29,1.324495792388916
32,30,1.5116400718688965
32,31,1.7149310111999512
32,32,1.4497828483581543
32,33,1.4793554544448853
32,34,1.4609355926513672
32,35,1.219875693321228
32,36,1.5954337120056152
32,37,1.4955921173095703
32,38,1.3262070417404175
32,39,1.634476900100708
32,40,1.5060229301452637
32,41,1.598502278327942
32,42,1.4924731254577637
32,43,1.4911956787109375
32,44,1.3571094274520874
32,45,1.395909070968628
32,46,1.3770549297332764
32,47,1.391278862953186
32,48,1.5853161811828613
32,49,1.2173969745635986
32,50,1.398606300354004
32,51,1.5835199356079102
32,52,1.5633208751678467
32,53,1.578944206237793
32,54,1.669297218322754
32,55,1.2302894592285156
32,56,1.5908602476119995
32,57,1.690117359161377
32,58,1.436606764793396
32,59,1.8121795654296875
32,60,1.4965053796768188
32,61,1.4513916969299316
32,62,1.5075762271881104
32,63,1.7146856784820557
32,64,1.4422084093093872
32,65,1.318699836730957
32,66,1.3441354036331177
32,67,1.6239354610443115
32,68,1.346494436264038
32,69,1.4017691612243652
32,70,1.4964525699615479
32,71,1.581242561340332
32,72,1.3803629875183105
32,73,1.4079821109771729
32,74,1.4285714626312256
32,75,1.4366822242736816
32,76,1.4096356630325317
32,77,1.4508724212646484
32,78,1.6298508644104004
32,79,1.7970036268234253
32,80,1.2135834693908691
32,81,1.6939506530761719
32,82,1.392408847808838
32,83,1.2713713645935059
32,84,1.4620519876480103
32,85,1.4211065769195557
32,86,1.778640866279602
32,87,1.5263257026672363
32,88,1.403076171875
32,89,1.5137882232666016
32,90,1.4235819578170776
32,91,1.3263808488845825
32,92,1.7823911905288696
32,93,1.4412602186203003
32,94,1.5563864707946777
32,95,1.9329243898391724
32,96,1.4672598838806152
32,97,1.4967914819717407
32,98,1.3391401767730713
32,99,1.394838571548462
32,100,1.4686944484710693
32,101,1.6221046447753906
32,102,1.7604974508285522
32,103,1.445982813835144
32,104,1.2548705339431763
32,105,1.3989319801330566
32,106,1.5828609466552734
32,107,1.5146901607513428
32,108,1.5207102298736572
32,109,1.4296653270721436
32,110,1.3622441291809082
32,111,1.5628620386123657
32,112,1.6570196151733398
32,113,1.9007289409637451
32,114,1.7979193925857544
32,115,1.650127649307251
32,116,1.6115009784698486
32,117,1.5219244956970215
32,118,1.6012115478515625
32,119,1.8597785234451294
32,120,1.392189860343933
32,121,1.5045533180236816
32,122,1.6003515720367432
32,123,1.3289644718170166
32,124,1.4804303646087646
32,125,1.6021645069122314
32,126,1.6343958377838135
32,127,1.6670653820037842
32,128,1.4353997707366943
32,129,1.3054826259613037
32,130,1.4574495553970337
32,131,2.153378963470459
32,132,1.3071072101593018
32,133,1.51627779006958
32,134,1.603189468383789
32,135,1.440467357635498
32,136,1.4243710041046143
32,137,1.6095396280288696
32,138,1.5487960577011108
32,139,1.450350046157837
32,140,1.6435115337371826
32,141,1.5581233501434326
32,142,1.4523940086364746
32,143,1.8567286729812622
32,144,1.4852030277252197
32,145,1.4053459167480469
32,146,1.334847331047058
32,147,1.4659584760665894
32,148,1.3645249605178833
32,149,1.198204755783081
32,150,1.4480924606323242
32,151,1.4031318426132202
32,152,1.3869550228118896
32,153,1.5149964094161987
32,154,1.5960793495178223
32,155,1.4546620845794678
32,156,1.8382391929626465
32,157,1.3604745864868164
32,158,2.109417676925659
32,159,1.5957810878753662
32,160,1.3136937618255615
32,161,1.331985592842102
32,162,1.598114013671875
32,163,1.6514782905578613
32,164,1.7564324140548706
32,165,1.494854211807251
32,166,1.5931401252746582
32,167,1.3852331638336182
32,168,1.3906265497207642
32,169,1.5074424743652344
32,170,1.3743417263031006
32,171,1.9327572584152222
32,172,1.4326727390289307
32,173,1.5328706502914429
32,174,1.4391380548477173
32,175,1.737789273262024
32,176,1.7695902585983276
32,177,1.394324779510498
32,178,1.5178589820861816
32,179,1.4245245456695557
32,180,1.480318307876587
32,181,1.8290066719055176
32,182,1.3098564147949219
32,183,1.674743413925171
32,184,1.4592957496643066
32,185,1.481680154800415
32,186,1.4404157400131226
32,187,1.545122504234314
32,188,1.1723040342330933
32,189,1.259792447090149
32,190,1.5426676273345947
32,191,1.5034620761871338
32,192,1.6733136177062988
32,193,1.6383326053619385
32,194,1.718910813331604
32,195,1.6548957824707031
32,196,1.5102083683013916
32,197,1.7186927795410156
32,198,1.659466028213501
32,199,1.9387593269348145
32,200,1.2552196979522705
32,201,1.591341257095337
32,202,1.4733145236968994
32,203,1.5061523914337158
32,204,1.413944959640503
32,205,1.2588471174240112
32,206,1.327370047569275
32,207,1.5842058658599854
32,208,1.3542728424072266
32,209,1.4351913928985596
32,210,1.5436182022094727
32,211,1.5838828086853027
32,212,1.3761045932769775
32,213,1.754629135131836
32,214,1.6669127941131592
32,215,1.316312313079834
32,216,1.735201358795166
32,217,1.6746317148208618
32,218,1.2087712287902832
32,219,1.712646484375
32,220,1.3638548851013184
32,221,1.5744736194610596
32,222,1.7524722814559937
32,223,1.720229983329773
32,224,1.6233925819396973
32,225,1.5336806774139404
32,226,1.5880348682403564
32,227,1.5956692695617676
32,228,1.440816879272461
32,229,1.3167717456817627
32,230,1.2961864471435547
32,231,1.5142524242401123
32,232,1.4701545238494873
32,233,1.4082565307617188
32,234,1.9731998443603516
32,235,1.4176651239395142
32,236,1.5982351303100586
32,237,1.5389995574951172
32,238,1.2079212665557861
32,239,1.5399175882339478
32,240,1.9207963943481445
32,241,1.4520670175552368
32,242,1.4883241653442383
32,243,1.659917950630188
32,244,1.8125089406967163
32,245,1.293857216835022
32,246,1.3509777784347534
32,247,1.7139089107513428
32,248,1.5625888109207153
32,249,1.4855761528015137
32,250,1.513868808746338
32,251,1.6526105403900146
32,252,1.2806744575500488
32,253,1.4386963844299316
32,254,1.7946510314941406
32,255,1.6705396175384521
32,256,1.4279277324676514
32,257,1.347900152206421
32,258,1.4470124244689941
32,259,1.9335741996765137
32,260,1.5625255107879639
32,261,1.480483055114746
32,262,1.5345804691314697
32,263,1.6754705905914307
32,264,1.7690359354019165
32,265,1.489848017692566
32,266,1.899767279624939
32,267,1.6499722003936768
32,268,1.508278250694275
32,269,1.8476234674453735
32,270,1.7007372379302979
32,271,1.6382606029510498
32,272,1.623121738433838
32,273,1.443699836730957
32,274,1.6363420486450195
32,275,1.6260480880737305
32,276,1.2114109992980957
32,277,1.575272798538208
32,278,1.3060791492462158
32,279,1.3359692096710205
32,280,1.4796552658081055
32,281,1.454282522201538
32,282,1.8529268503189087
32,283,1.937502384185791
32,284,1.4866554737091064
32,285,1.6632319688796997
32,286,1.5688371658325195
32,287,1.354353666305542
32,288,1.5911891460418701
32,289,1.7451677322387695
32,290,1.7473485469818115
32,291,1.5103106498718262
32,292,1.5262610912322998
32,293,1.7901477813720703
32,294,1.4607758522033691
32,295,1.4286024570465088
32,296,1.315809965133667
32,297,1.6000404357910156
32,298,1.456516981124878
32,299,1.464362382888794
32,300,1.5978291034698486
32,301,1.495534896850586
32,302,1.7521123886108398
32,303,1.2708333730697632
32,304,2.0871243476867676
32,305,1.4315741062164307
32,306,1.3538494110107422
32,307,1.6495563983917236
32,308,1.485198736190796
32,309,1.4366230964660645
32,310,1.4474799633026123
32,311,1.6436820030212402
33,0,1.6289006471633911
33,1,1.3530282974243164
33,2,1.4551061391830444
33,3,1.4420406818389893
33,4,1.4346500635147095
33,5,1.549574851989746
33,6,1.4100289344787598
33,7,1.558258056640625
33,8,1.639123797416687
33,9,1.458177089691162
33,10,1.477792739868164
33,11,1.5958203077316284
33,12,1.4963264465332031
33,13,1.535161018371582
33,14,1.6578609943389893
33,15,1.2658947706222534
33,16,1.6923885345458984
33,17,1.2721590995788574
33,18,1.4873473644256592
33,19,1.4832117557525635
33,20,1.5099905729293823
33,21,1.4150927066802979
33,22,1.3834484815597534
33,23,1.3270496129989624
33,24,1.4338569641113281
33,25,1.331994652748108
33,26,1.6169828176498413
33,27,1.3563902378082275
33,28,1.4352881908416748
33,29,1.3467772006988525
33,30,1.5476455688476562
33,31,1.5647112131118774
33,32,1.392164707183838
33,33,1.5326648950576782
33,34,1.3449382781982422
33,35,1.383244276046753
33,36,1.7372380495071411
33,37,1.529909610748291
33,38,1.714460849761963
33,39,1.5151591300964355
33,40,1.525948166847229
33,41,1.571340799331665
33,42,1.4981777667999268
33,43,1.5388145446777344
33,44,1.5310165882110596
33,45,1.3811285495758057
33,46,1.451225996017456
33,47,1.5326225757598877
33,48,1.6435537338256836
33,49,1.4263070821762085
33,50,1.4682073593139648
33,51,1.35483980178833
33,52,1.5380128622055054
33,53,1.6590983867645264
33,54,1.4281885623931885
33,55,1.414762258529663
33,56,1.4516520500183105
33,57,1.298377275466919
33,58,1.7557603120803833
33,59,1.3872849941253662
33,60,1.7306175231933594
33,61,1.4377110004425049
33,62,1.997969150543213
33,63,1.5168263912200928
33,64,1.4084734916687012
33,65,1.4512028694152832
33,66,1.3894264698028564
33,67,1.6554477214813232
33,68,1.4242024421691895
33,69,1.6140377521514893
33,70,1.8652681112289429
33,71,1.4094419479370117
33,72,1.4542266130447388
33,73,1.360947608947754
33,74,1.4829069375991821
33,75,1.250955581665039
33,76,1.5339609384536743
33,77,1.5420259237289429
33,78,1.785305142402649
33,79,1.4607572555541992
33,80,1.9434622526168823
33,81,1.3785802125930786
33,82,1.730538249015808
33,83,1.5113861560821533
33,84,1.5732438564300537
33,85,1.764155626296997
33,86,1.3540408611297607
33,87,1.709865689277649
33,88,1.448183536529541
33,89,1.5376386642456055
33,90,1.4331989288330078
33,91,1.740203619003296
33,92,1.4807807207107544
33,93,1.2347359657287598
33,94,1.4630403518676758
33,95,1.3830950260162354
33,96,1.4560432434082031
33,97,1.455609679222107
33,98,1.5513553619384766
33,99,1.4854397773742676
33,100,1.3719470500946045
33,101,1.8968263864517212
33,102,1.65509033203125
33,103,1.4401521682739258
33,104,1.2929713726043701
33,105,1.7673001289367676
33,106,1.429893970489502
33,107,2.164522647857666
33,108,1.325655460357666
33,109,1.5200159549713135
33,110,1.3875224590301514
33,111,1.9840316772460938
33,112,1.5800176858901978
33,113,1.487701416015625
33,114,1.21697998046875
33,115,1.490877389907837
33,116,1.5306072235107422
33,117,1.5518208742141724
33,118,1.7476634979248047
33,119,1.4722638130187988
33,120,1.434128761291504
33,121,1.813680648803711
33,122,1.5750887393951416
33,123,1.8912794589996338
33,124,1.4588664770126343
33,125,1.5077252388000488
33,126,1.3450590372085571
33,127,2.0073800086975098
33,128,1.6507327556610107
33,129,1.6863703727722168
33,130,1.6843113899230957
33,131,1.3811004161834717
33,132,1.8586604595184326
33,133,1.458004117012024
33,134,1.5782973766326904
33,135,1.3923068046569824
33,136,1.7054407596588135
33,137,1.4081523418426514
33,138,1.474386215209961
33,139,1.3157496452331543
33,140,1.4512405395507812
33,141,1.577280044555664
33,142,1.5541346073150635
33,143,1.389725685119629
33,144,1.5334532260894775
33,145,1.4421497583389282
33,146,1.5305182933807373
33,147,1.475912094116211
33,148,1.5486831665039062
33,149,1.7255616188049316
33,150,1.5460739135742188
33,151,1.5224508047103882
33,152,1.5185816287994385
33,153,1.304255485534668
33,154,1.2543482780456543
33,155,1.6089465618133545
33,156,1.3465590476989746
33,157,1.346618890762329
33,158,1.664303183555603
33,159,1.6201097965240479
33,160,1.2420856952667236
33,161,1.747830867767334
33,162,1.7888309955596924
33,163,1.7659519910812378
33,164,1.3479056358337402
33,165,1.4791786670684814
33,166,1.6526985168457031
33,167,1.7399187088012695
33,168,1.6908035278320312
33,169,1.3072726726531982
33,170,1.3695156574249268
33,171,1.6210544109344482
33,172,1.4296619892120361
33,173,1.449603796005249
33,174,1.466198444366455
33,175,1.525407075881958
33,176,1.356697916984558
33,177,1.5197107791900635
33,178,1.541271686553955
33,179,1.7047330141067505
33,180,1.3457462787628174
33,181,1.394777536392212
33,182,1.3156002759933472
33,183,1.6352930068969727
33,184,1.405850887298584
33,185,1.6932475566864014
33,186,1.399430751800537
33,187,1.3962199687957764
33,188,1.4260666370391846
33,189,1.3122150897979736
33,190,1.4717193841934204
33,191,1.3271563053131104
33,192,1.4067983627319336
33,193,1.2324299812316895
33,194,1.4684748649597168
33,195,1.447161078453064
33,196,1.4015331268310547
33,197,1.322690486907959
33,198,1.443196177482605
33,199,1.5182934999465942
33,200,1.3336238861083984
33,201,1.592968225479126
33,202,1.383509635925293
33,203,1.4561660289764404
33,204,1.265175461769104
33,205,1.431007981300354
33,206,1.8593616485595703
33,207,1.908369779586792
33,208,1.4227666854858398
33,209,1.4696680307388306
33,210,1.8065485954284668
33,211,1.8679063320159912
33,212,1.6267883777618408
33,213,1.54558527469635
33,214,1.9017527103424072
33,215,1.7938752174377441
33,216,1.7017176151275635
33,217,1.717242956161499
33,218,1.2798612117767334
33,219,1.7477567195892334
33,220,1.5743749141693115
33,221,1.6256276369094849
33,222,1.605204701423645
33,223,1.5101797580718994
33,224,1.5119004249572754
33,225,1.3579350709915161
33,226,1.6724021434783936
33,227,1.4159164428710938
33,228,1.4135903120040894
33,229,1.3042222261428833
33,230,1.6176949739456177
33,231,1.2485167980194092
33,232,1.2990037202835083
33,233,1.567282795906067
33,234,1.323868989944458
33,235,1.2733067274093628
33,236,1.2268564701080322
33,237,1.4560517072677612
33,238,1.8266427516937256
33,239,1.6399142742156982
33,240,1.5122731924057007
33,241,1.6406714916229248
33,242,1.8468942642211914
33,243,1.9316380023956299
33,244,1.607203722000122
33,245,1.3857969045639038
33,246,1.482995867729187
33,247,1.5167567729949951
33,248,1.332714319229126
33,249,1.3368587493896484
33,250,1.6921374797821045
33,251,1.5890554189682007
33,252,1.4102542400360107
33,253,1.4773571491241455
33,254,1.485865592956543
33,255,1.5108373165130615
33,256,1.7535066604614258
33,257,1.6244046688079834
33,258,1.451547622680664
33,259,1.7352726459503174
33,260,1.2935218811035156
33,261,1.3852801322937012
33,262,1.939855933189392
33,263,1.590196132659912
33,264,1.2553842067718506
33,265,1.45123291015625
33,266,1.7842745780944824
33,267,1.4824298620224
33,268,1.477076768875122
33,269,1.644578218460083
33,270,1.152331829071045
33,271,1.5061780214309692
33,272,1.3020601272583008
33,273,1.5572521686553955
33,274,1.334954023361206
33,275,1.4824882745742798
33,276,1.5630247592926025
33,277,1.4564437866210938
33,278,1.6909843683242798
33,279,1.1862236261367798
33,280,1.6019365787506104
33,281,1.7567507028579712
33,282,1.439566731452942
33,283,1.2101236581802368
33,284,1.4287176132202148
33,285,1.337200403213501
33,286,1.4662892818450928
33,287,1.2329021692276
33,288,1.3909797668457031
33,289,1.4600830078125
33,290,1.4601597785949707
33,291,1.624612808227539
33,292,1.3547357320785522
33,293,1.3530220985412598
33,294,1.4704644680023193
33,295,1.5551509857177734
33,296,1.3698642253875732
33,297,1.519625186920166
33,298,1.6784641742706299
33,299,1.386059284210205
33,300,1.646787166595459
33,301,1.554795265197754
33,302,1.601640224456787
33,303,1.4864556789398193
33,304,1.306890845298767
33,305,1.4518353939056396
33,306,1.8856399059295654
33,307,1.5752511024475098
33,308,1.6310169696807861
33,309,1.5675735473632812
33,310,1.4697290658950806
33,311,1.7405940294265747
34,0,1.589751124382019
34,1,1.6282812356948853
34,2,1.3960371017456055
34,3,1.3801915645599365
34,4,1.614013910293579
34,5,1.5422797203063965
34,6,1.605055332183838
34,7,1.3681325912475586
34,8,1.4579633474349976
34,9,1.752682089805603
34,10,1.3379508256912231
34,11,1.5982215404510498
34,12,1.6767724752426147
34,13,1.4048696756362915
34,14,1.5101284980773926
34,15,1.5187289714813232
34,16,1.4653480052947998
34,17,1.5630215406417847
34,18,1.4165806770324707
34,19,1.3097221851348877
34,20,1.4098381996154785
34,21,1.941407322883606
34,22,1.280169129371643
34,23,1.493767261505127
34,24,1.5393178462982178
34,25,1.3371351957321167
34,26,1.821298360824585
34,27,1.5675420761108398
34,28,1.380537509918213
34,29,1.388954997062683
34,30,1.5085221529006958
34,31,1.5694243907928467
34,32,1.3722760677337646
34,33,1.613544225692749
34,34,1.6769449710845947
34,35,1.565260410308838
34,36,1.5690451860427856
34,37,1.497643232345581
34,38,1.4243135452270508
34,39,1.6228179931640625
34,40,1.2925090789794922
34,41,1.6396375894546509
34,42,1.5192718505859375
34,43,1.6533209085464478
34,44,1.4588631391525269
34,45,1.3965920209884644
34,46,1.5575767755508423
34,47,1.549385905265808
34,48,1.2105252742767334
34,49,1.5652151107788086
34,50,1.8003790378570557
34,51,1.3015520572662354
34,52,1.7288907766342163
34,53,1.4091711044311523
34,54,1.4204096794128418
34,55,1.6026670932769775
34,56,1.474877119064331
34,57,1.3906176090240479
34,58,1.2970590591430664
34,59,1.5295226573944092
34,60,1.5589842796325684
34,61,1.2656255960464478
34,62,1.2272279262542725
34,63,1.3979195356369019
34,64,1.553199291229248
34,65,1.4261983633041382
34,66,1.4994738101959229
34,67,1.3706755638122559
34,68,1.3490428924560547
34,69,1.492119312286377
34,70,1.1515361070632935
34,71,1.5140776634216309
34,72,1.68681001663208
34,73,1.434354543685913
34,74,1.575317144393921
34,75,1.3095052242279053
34,76,1.4912936687469482
34,77,1.3207039833068848
34,78,1.4198682308197021
34,79,1.7634544372558594
34,80,1.5038440227508545
34,81,1.3614325523376465
34,82,1.4273539781570435
34,83,1.4154256582260132
34,84,1.4573025703430176
34,85,1.3116984367370605
34,86,1.4559590816497803
34,87,1.585479736328125
34,88,2.0048818588256836
34,89,1.4130381345748901
34,90,1.4280495643615723
34,91,1.4775655269622803
34,92,1.981968879699707
34,93,1.7584725618362427
34,94,1.4741880893707275
34,95,1.5307588577270508
34,96,1.5216243267059326
34,97,1.3600850105285645
34,98,1.5939812660217285
34,99,1.554504156112671
34,100,1.53693425655365
34,101,1.2469813823699951
34,102,1.7087643146514893
34,103,1.1603010892868042
34,104,1.448752522468567
34,105,1.5477783679962158
34,106,1.6218161582946777
34,107,1.5141932964324951
34,108,1.4701564311981201
34,109,1.2217496633529663
34,110,1.5223543643951416
34,111,1.434403896331787
34,112,1.474769949913025
34,113,1.7571442127227783
34,114,1.251617431640625
34,115,1.3000757694244385
34,116,1.5269502401351929
34,117,1.34554123878479
34,118,1.3669863939285278
34,119,1.236055850982666
34,120,1.3484920263290405
34,121,1.644871473312378
34,122,1.4562702178955078
34,123,1.597975254058838
34,124,1.4969995021820068
34,125,1.5753238201141357
34,126,1.3020274639129639
34,127,1.5459136962890625
34,128,1.8224766254425049
34,129,1.7958085536956787
34,130,1.2991271018981934
34,131,1.6801846027374268
34,132,1.4894764423370361
34,133,1.6886240243911743
34,134,1.5826470851898193
34,135,1.364701271057129
34,136,1.4636261463165283
34,137,1.715569019317627
34,138,1.648044228553772
34,139,1.4689645767211914
34,140,1.2742894887924194
34,141,1.4823565483093262
34,142,1.3794130086898804
34,143,1.191197156906128
34,144,1.293578863143921
34,145,1.5903546810150146
34,146,1.3585052490234375
34,147,1.5413509607315063
34,148,1.4457731246948242
34,149,1.8167855739593506
34,150,1.408003807067871
34,151,1.436675786972046
34,152,1.3726446628570557
34,153,1.3919861316680908
34,154,1.5010623931884766
34,155,1.3377360105514526
34,156,1.7318154573440552
34,157,1.7985512018203735
34,158,1.3992133140563965
34,159,1.7598059177398682
34,160,1.6858363151550293
34,161,1.301224708557129
34,162,1.183388352394104
34,163,1.7571024894714355
34,164,1.5611768960952759
34,165,1.1195619106292725
34,166,1.3304623365402222
34,167,1.6252059936523438
34,168,1.3851507902145386
34,169,1.4754235744476318
34,170,1.6169259548187256
34,171,1.3764556646347046
34,172,1.5858131647109985
34,173,1.2255139350891113
34,174,1.5770249366760254
34,175,1.2634391784667969
34,176,1.4355652332305908
34,177,1.39372718334198
34,178,1.4222625494003296
34,179,1.5306189060211182
34,180,1.4146173000335693
34,181,1.296201467514038
34,182,1.501376748085022
34,183,1.699960470199585
34,184,1.349350929260254
34,185,1.4817051887512207
34,186,1.3696480989456177
34,187,1.337934970855713
34,188,1.5035552978515625
34,189,1.2575740814208984
34,190,1.2805817127227783
34,191,1.3390662670135498
34,192,1.3689810037612915
34,193,1.511385440826416
34,194,1.2291004657745361
34,195,1.3819628953933716
34,196,2.056953191757202
34,197,1.456176996231079
34,198,1.8031433820724487
34,199,1.3484392166137695
34,200,1.6879923343658447
34,201,1.5042455196380615
34,202,1.3093323707580566
34,203,1.7728482484817505
34,204,1.5786187648773193
34,205,1.4123038053512573
34,206,1.4163880348205566
34,207,1.1801973581314087
34,208,1.6708908081054688
34,209,1.8922667503356934
34,210,1.588905930519104
34,211,1.305441975593567
34,212,1.3698186874389648
34,213,1.2470324039459229
34,214,1.7174503803253174
34,215,1.4634995460510254
34,216,1.4211931228637695
34,217,1.204702615737915
34,218,1.4646174907684326
34,219,1.4245579242706299
34,220,1.5704377889633179
34,221,1.3694381713867188
34,222,1.3929591178894043
34,223,1.7315030097961426
34,224,1.1787067651748657
34,225,1.3500943183898926
34,226,1.4590940475463867
34,227,1.607109785079956
34,228,1.1821866035461426
34,229,1.170511245727539
34,230,1.5925294160842896
34,231,1.5889604091644287
34,232,1.2342708110809326
34,233,1.1366078853607178
34,234,1.3297264575958252
34,235,1.4852356910705566
34,236,1.43505859375
34,237,1.431580901145935
34,238,1.5025043487548828
34,239,1.3230183124542236
34,240,1.3450872898101807
34,241,1.3673133850097656
34,242,1.232520580291748
34,243,1.5844385623931885
34,244,1.301612138748169
34,245,1.5998353958129883
34,246,1.2295324802398682
34,247,1.3825044631958008
34,248,1.6020184755325317
34,249,1.5231595039367676
34,250,1.4077974557876587
34,251,1.3435757160186768
34,252,1.6074432134628296
34,253,1.4220104217529297
34,254,1.6467289924621582
34,255,1.2958720922470093
34,256,1.2598488330841064
34,257,1.4819331169128418
34,258,1.5787608623504639
34,259,1.749090552330017
34,260,1.1935415267944336
34,261,1.6335300207138062
34,262,1.6251598596572876
34,263,1.3825435638427734
34,264,1.4658282995224
34,265,1.2586510181427002
34,266,1.5386474132537842
34,267,1.4983093738555908
34,268,1.4736359119415283
34,269,1.6550426483154297
34,270,1.469686508178711
34,271,1.294875144958496
34,272,1.8189905881881714
34,273,1.6431200504302979
34,274,1.5270295143127441
34,275,1.4217267036437988
34,276,1.5161243677139282
34,277,1.5270276069641113
34,278,1.662442684173584
34,279,1.6031436920166016
34,280,1.7336361408233643
34,281,1.6675381660461426
34,282,1.4201443195343018
34,283,1.467850923538208
34,284,1.6464529037475586
34,285,1.6764932870864868
34,286,1.5483052730560303
34,287,1.624619722366333
34,288,1.5112857818603516
34,289,1.1865599155426025
34,290,1.2058812379837036
34,291,1.5824514627456665
34,292,1.3560500144958496
34,293,1.4894665479660034
34,294,1.432106614112854
34,295,1.486443281173706
34,296,1.438629150390625
34,297,1.471315622329712
34,298,1.523116946220398
34,299,1.4358384609222412
34,300,1.6317534446716309
34,301,1.7949941158294678
34,302,1.5333354473114014
34,303,1.4039099216461182
34,304,1.544345736503601
34,305,1.657715082168579
34,306,1.6180226802825928
34,307,1.600477933883667
34,308,1.4699891805648804
34,309,1.4346837997436523
34,310,1.349090337753296
34,311,1.4811748266220093
35,0,1.3768740892410278
35,1,1.4953123331069946
35,2,1.683998465538025
35,3,1.545578122138977
35,4,1.3120564222335815
35,5,1.6091454029083252
35,6,1.6106386184692383
35,7,1.3415919542312622
35,8,1.5370426177978516
35,9,1.2297981977462769
35,10,1.4993114471435547
35,11,1.3049449920654297
35,12,1.3550422191619873
35,13,1.2812174558639526
35,14,1.3802233934402466
35,15,1.4589638710021973
35,16,1.407823085784912
35,17,1.4026939868927002
35,18,1.2177379131317139
35,19,1.5476157665252686
35,20,1.482725739479065
35,21,1.6503760814666748
35,22,1.7608308792114258
35,23,1.601071834564209
35,24,1.6450291872024536
35,25,1.4049513339996338
35,26,1.5674033164978027
35,27,1.2681877613067627
35,28,1.6925309896469116
35,29,1.4853401184082031
35,30,1.599642276763916
35,31,1.224449872970581
35,32,1.7213919162750244
35,33,1.6918587684631348
35,34,1.4705216884613037
35,35,1.3509559631347656
35,36,1.5980408191680908
35,37,1.526847243309021
35,38,2.1422247886657715
35,39,1.4980751276016235
35,40,2.0969481468200684
35,41,1.571313738822937
35,42,1.3911921977996826
35,43,1.5118882656097412
35,44,1.8525149822235107
35,45,1.6042016744613647
35,46,1.447942852973938
35,47,1.1867351531982422
35,48,1.7756175994873047
35,49,1.3697896003723145
35,50,1.5735700130462646
35,51,1.6646294593811035
35,52,1.3540055751800537
35,53,1.4234833717346191
35,54,1.3159902095794678
35,55,1.510440707206726
35,56,1.6006836891174316
35,57,1.401210069656372
35,58,1.2519478797912598
35,59,1.3438069820404053
35,60,1.6479687690734863
35,61,1.2858046293258667
35,62,1.736006736755371
35,63,1.5158658027648926
35,64,1.4293469190597534
35,65,1.3655699491500854
35,66,1.482335090637207
35,67,1.3363616466522217
35,68,1.6644842624664307
35,69,1.7684797048568726
35,70,1.5869731903076172
35,71,1.3512780666351318
35,72,1.202160358428955
35,73,1.412184238433838
35,74,1.451035737991333
35,75,1.3369827270507812
35,76,1.530550479888916
35,77,1.376440167427063
35,78,1.7433756589889526
35,79,1.4061834812164307
35,80,1.6514663696289062
35,81,1.571887493133545
35,82,1.3787610530853271
35,83,1.6435614824295044
35,84,1.4357335567474365
35,85,2.1071937084198
35,86,1.6438114643096924
35,87,1.5501890182495117
35,88,1.5565855503082275
35,89,1.194352388381958
35,90,1.841842770576477
35,91,1.376343011856079
35,92,1.4836938381195068
35,93,1.4455721378326416
35,94,1.304091215133667
35,95,1.3326637744903564
35,96,1.390333652496338
35,97,1.5769143104553223
35,98,1.5243995189666748
35,99,1.310720682144165
35,100,1.984393835067749
35,101,1.503002405166626
35,102,1.8450369834899902
35,103,1.4648144245147705
35,104,1.6480779647827148
35,105,1.810102939605713
35,106,1.5759978294372559
35,107,1.89969003200531
35,108,1.4871580600738525
35,109,1.4638500213623047
35,110,1.6001853942871094
35,111,1.3599097728729248
35,112,1.38700270652771
35,113,1.388979196548462
35,114,1.3100334405899048
35,115,1.5300803184509277
35,116,1.4439241886138916
35,117,1.406618595123291
35,118,1.321550965309143
35,119,1.5122995376586914
35,120,1.5805543661117554
35,121,1.5032899379730225
35,122,1.4326226711273193
35,123,1.461916208267212
35,124,1.2541253566741943
35,125,1.2721006870269775
35,126,1.9740843772888184
35,127,1.5647695064544678
35,128,1.2923223972320557
35,129,1.4018993377685547
35,130,1.1904187202453613
35,131,1.3851592540740967
35,132,1.8689918518066406
35,133,1.499454379081726
35,134,1.662367343902588
35,135,1.6429393291473389
35,136,1.7460557222366333
35,137,1.292905330657959
35,138,1.3707456588745117
35,139,1.4251253604888916
35,140,1.5359241962432861
35,141,1.4817606210708618
35,142,1.679178237915039
35,143,1.276260495185852
35,144,1.3478970527648926
35,145,1.552093505859375
35,146,1.4090478420257568
35,147,1.2941460609436035
35,148,1.2168244123458862
35,149,1.270612120628357
35,150,1.7121638059616089
35,151,1.415215253829956
35,152,1.453890323638916
35,153,1.1827188730239868
35,154,1.5036017894744873
35,155,1.4753999710083008
35,156,1.5413678884506226
35,157,1.354356050491333
35,158,1.3160338401794434
35,159,1.338700771331787
35,160,1.4355533123016357
35,161,1.3710715770721436
35,162,1.3310086727142334
35,163,1.6540846824645996
35,164,1.4304606914520264
35,165,1.546693205833435
35,166,1.3847105503082275
35,167,1.6715189218521118
35,168,1.400525689125061
35,169,1.523586392402649
35,170,1.4608914852142334
35,171,1.3748557567596436
35,172,1.6626832485198975
35,173,1.4702270030975342
35,174,1.358583927154541
35,175,1.8298885822296143
35,176,1.4277403354644775
35,177,1.7097218036651611
35,178,1.6095242500305176
35,179,1.1757941246032715
35,180,1.225311517715454
35,181,1.650691270828247
35,182,1.3768188953399658
35,183,1.4045716524124146
35,184,1.6205081939697266
35,185,1.4855601787567139
35,186,1.1289538145065308
35,187,1.5052791833877563
35,188,1.3900442123413086
35,189,1.182867169380188
35,190,1.5948314666748047
35,191,1.2848875522613525
35,192,1.4406037330627441
35,193,1.5215628147125244
35,194,1.496496558189392
35,195,1.5186558961868286
35,196,1.3886070251464844
35,197,1.3041279315948486
35,198,1.2322826385498047
35,199,1.319880723953247
35,200,1.3329503536224365
35,201,1.3048210144042969
35,202,1.8169467449188232
35,203,1.5959111452102661
35,204,1.5349689722061157
35,205,1.4694430828094482
35,206,1.5441920757293701
35,207,1.500476360321045
35,208,1.5111640691757202
35,209,1.508968472480774
35,210,1.6258320808410645
35,211,1.4173245429992676
35,212,1.7518210411071777
35,213,1.4164927005767822
35,214,1.8040839433670044
35,215,1.5807290077209473
35,216,1.5947787761688232
35,217,1.3846157789230347
35,218,1.4349822998046875
35,219,1.9331295490264893
35,220,1.573476791381836
35,221,1.2546281814575195
35,222,1.3851406574249268
35,223,1.44773268699646
35,224,1.214489221572876
35,225,1.4637736082077026
35,226,1.6243360042572021
35,227,1.6400535106658936
35,228,1.280346393585205
35,229,1.259440541267395
35,230,1.4309192895889282
35,231,1.3870491981506348
35,232,1.5002093315124512
35,233,1.5378466844558716
35,234,1.5056556463241577
35,235,1.335648775100708
35,236,1.534057855606079
35,237,1.5375430583953857
35,238,1.3806519508361816
35,239,1.313004970550537
35,240,1.8125627040863037
35,241,1.815092921257019
35,242,1.4967055320739746
35,243,1.4267261028289795
35,244,1.5054618120193481
35,245,1.6021935939788818
35,246,1.2701972723007202
35,247,1.4689950942993164
35,248,1.4731695652008057
35,249,1.4782936573028564
35,250,1.532226324081421
35,251,1.3284283876419067
35,252,1.5030279159545898
35,253,1.3627288341522217
35,254,1.4167544841766357
35,255,1.5320003032684326
35,256,1.8916914463043213
35,257,1.3987706899642944
35,258,1.3159083127975464
35,259,1.3330591917037964
35,260,1.4043703079223633
35,261,1.381089210510254
35,262,1.5338804721832275
35,263,1.7101047039031982
35,264,1.6951303482055664
35,265,1.4957376718521118
35,266,1.8243186473846436
35,267,1.1680866479873657
35,268,1.4025295972824097
35,269,1.4556790590286255
35,270,1.595840573310852
35,271,1.6496036052703857
35,272,1.67778742313385
35,273,1.6151187419891357
35,274,1.7105627059936523
35,275,1.4154772758483887
35,276,1.3790606260299683
35,277,1.585557222366333
35,278,1.3555564880371094
35,279,1.5897380113601685
35,280,1.577420949935913
35,281,1.562887191772461
35,282,1.6940734386444092
35,283,1.7512778043746948
35,284,1.7600531578063965
35,285,1.3034204244613647
35,286,1.2991979122161865
35,287,1.6751341819763184
35,288,1.3939075469970703
35,289,1.4124212265014648
35,290,1.304600477218628
35,291,1.5206201076507568
35,292,1.6886112689971924
35,293,1.335062026977539
35,294,1.6914937496185303
35,295,1.4828321933746338
35,296,1.4982178211212158
35,297,1.2163653373718262
35,298,1.5390875339508057
35,299,1.5522679090499878
35,300,1.5696882009506226
35,301,1.8334554433822632
35,302,1.270315408706665
35,303,1.1908024549484253
35,304,1.4521673917770386
35,305,1.305330753326416
35,306,1.4546984434127808
35,307,1.253126621246338
35,308,1.4310296773910522
35,309,1.6098458766937256
35,310,1.441908597946167
35,311,1.52205491065979
36,0,1.508124589920044
36,1,1.3633325099945068
36,2,1.4567475318908691
36,3,1.414776086807251
36,4,1.3102803230285645
36,5,1.5191726684570312
36,6,1.406240701675415
36,7,1.2330081462860107
36,8,1.229793906211853
36,9,1.496671438217163
36,10,1.4352288246154785
36,11,1.4461047649383545
36,12,1.3819384574890137
36,13,1.3318588733673096
36,14,1.2756530046463013
36,15,1.3583483695983887
36,16,1.7138290405273438
36,17,1.3685282468795776
36,18,1.5195605754852295
36,19,1.5218169689178467
36,20,1.5068552494049072
36,21,1.586255669593811
36,22,1.502474308013916
36,23,1.5997650623321533
36,24,1.363762617111206
36,25,1.509340524673462
36,26,1.360175371170044
36,27,1.3057183027267456
36,28,1.5840437412261963
36,29,1.4449503421783447
36,30,1.5808448791503906
36,31,1.7898308038711548
36,32,1.3880419731140137
36,33,1.3417327404022217
36,34,1.4981974363327026
36,35,1.5147595405578613
36,36,1.4542725086212158
36,37,1.477941870689392
36,38,1.4543378353118896
36,39,1.3420100212097168
36,40,1.4055392742156982
36,41,1.2003471851348877
36,42,1.6777074337005615
36,43,1.4888336658477783
36,44,1.562097430229187
36,45,1.368617296218872
36,46,1.3769810199737549
36,47,1.7042678594589233
36,48,1.2984604835510254
36,49,1.4458566904067993
36,50,1.388329267501831
36,51,1.44260573387146
36,52,1.4204654693603516
36,53,1.4114220142364502
36,54,1.8028719425201416
36,55,1.603224515914917
36,56,1.3747776746749878
36,57,1.4589107036590576
36,58,1.6011559963226318
36,59,1.3909378051757812
36,60,1.21137535572052
36,61,1.4146517515182495
36,62,1.455721378326416
36,63,1.521605372428894
36,64,1.2131991386413574
36,65,1.6946322917938232
36,66,1.1162550449371338
36,67,1.5111720561981201
36,68,1.3186235427856445
36,69,1.5079855918884277
36,70,1.2708113193511963
36,71,1.2670345306396484
36,72,1.5718328952789307
36,73,1.330108880996704
36,74,1.7412190437316895
36,75,1.279555320739746
36,76,1.4822492599487305
36,77,1.4494826793670654
36,78,1.6306309700012207
36,79,1.4089059829711914
36,80,1.2864124774932861
36,81,1.366537094116211
36,82,1.2595653533935547
36,83,1.4943073987960815
36,84,1.3352980613708496
36,85,1.2195647954940796
36,86,1.4664742946624756
36,87,1.4516217708587646
36,88,1.3809397220611572
36,89,1.3134009838104248
36,90,1.344519853591919
36,91,1.488314151763916
36,92,1.5060782432556152
36,93,1.3667888641357422
36,94,1.568725347518921
36,95,1.5763888359069824
36,96,1.4110997915267944
36,97,1.5388413667678833
36,98,1.3590351343154907
36,99,1.4071292877197266
36,100,1.501930832862854
36,101,1.5500463247299194
36,102,1.5426366329193115
36,103,1.2966504096984863
36,104,1.5790038108825684
36,105,1.5936602354049683
36,106,1.2386492490768433
36,107,1.5770277976989746
36,108,1.512850284576416
36,109,1.1692078113555908
36,110,1.302645206451416
36,111,1.4386014938354492
36,112,1.2995736598968506
36,113,1.3690294027328491
36,114,1.3940315246582031
36,115,1.1998153924942017
36,116,1.7071006298065186
36,117,1.497546672821045
36,118,1.4718027114868164
36,119,1.4861979484558105
36,120,1.713799238204956
36,121,1.441563606262207
36,122,1.3574947118759155
36,123,1.748795747756958
36,124,1.257581114768982
36,125,1.4639530181884766
36,126,1.6285039186477661
36,127,1.6072934865951538
36,128,1.2810168266296387
36,129,1.4067957401275635
36,130,1.8098359107971191
36,131,1.4739387035369873
36,132,1.2064553499221802
36,133,1.4284605979919434
36,134,1.4185173511505127
36,135,1.353964924812317
36,136,1.871071696281433
36,137,1.622838020324707
36,138,1.672069787979126
36,139,1.2957971096038818
36,140,1.4974327087402344
36,141,1.3476990461349487
36,142,1.423691987991333
36,143,1.6492719650268555
36,144,1.1870830059051514
36,145,1.5076143741607666
36,146,1.4587969779968262
36,147,1.2857187986373901
36,148,1.3663239479064941
36,149,1.39388906955719
36,150,1.2459721565246582
36,151,1.332127332687378
36,152,1.2772583961486816
36,153,1.324370265007019
36,154,1.432276725769043
36,155,1.5556702613830566
36,156,1.4866350889205933
36,157,1.36545991897583
36,158,1.4020824432373047
36,159,1.6788346767425537
36,160,1.4588446617126465
36,161,1.330454707145691
36,162,1.3071320056915283
36,163,1.6273571252822876
36,164,1.389157772064209
36,165,1.3168609142303467
36,166,1.6042304039001465
36,167,1.209350824356079
36,168,1.2988121509552002
36,169,1.2963637113571167
36,170,1.3494274616241455
36,171,1.3997429609298706
36,172,1.2549452781677246
36,173,1.3232567310333252
36,174,1.3558895587921143
36,175,1.418965220451355
36,176,1.552872657775879
36,177,1.411543607711792
36,178,1.20395827293396
36,179,1.5239503383636475
36,180,1.3212859630584717
36,181,1.5896122455596924
36,182,1.2434459924697876
36,183,1.2564148902893066
36,184,1.4031574726104736
36,185,1.4269957542419434
36,186,1.71037757396698
36,187,1.473758339881897
36,188,1.454434871673584
36,189,1.2562222480773926
36,190,1.398782730102539
36,191,1.4795000553131104
36,192,1.7433807849884033
36,193,1.5045130252838135
36,194,1.385169267654419
36,195,1.7925145626068115
36,196,1.3910506963729858
36,197,1.8270788192749023
36,198,1.2917075157165527
36,199,1.3127732276916504
36,200,1.322063684463501
36,201,1.6578679084777832
36,202,1.5205087661743164
36,203,1.3895460367202759
36,204,1.4548261165618896
36,205,1.5360232591629028
36,206,1.7044973373413086
36,207,1.4738240242004395
36,208,1.4798483848571777
36,209,1.586020827293396
36,210,1.3625409603118896
36,211,1.6215527057647705
36,212,1.4875515699386597
36,213,1.4448661804199219
36,214,1.4261746406555176
36,215,1.3742334842681885
36,216,1.2495427131652832
36,217,1.6154780387878418
36,218,1.3021296262741089
36,219,1.457953929901123
36,220,1.450089454650879
36,221,1.6289265155792236
36,222,1.5143945217132568
36,223,1.4965922832489014
36,224,1.5463099479675293
36,225,1.5441597700119019
36,226,1.943487524986267
36,227,1.610357403755188
36,228,1.4672508239746094
36,229,1.5084264278411865
36,230,1.3277174234390259
36,231,1.4262727499008179
36,232,1.2107411623001099
36,233,1.5404903888702393
36,234,1.662229299545288
36,235,1.3962948322296143
36,236,1.6609597206115723
36,237,1.6236798763275146
36,238,1.6025266647338867
36,239,1.2989542484283447
36,240,1.9992846250534058
36,241,1.3337819576263428
36,242,1.541481375694275
36,243,1.6094812154769897
36,244,1.6237380504608154
36,245,1.3806536197662354
36,246,1.5934139490127563
36,247,1.5362474918365479
36,248,1.5970749855041504
36,249,1.3104774951934814
36,250,1.3900690078735352
36,251,1.629401445388794
36,252,1.59086275100708
36,253,1.3997173309326172
36,254,1.2974629402160645
36,255,1.4423739910125732
36,256,1.475085735321045
36,257,1.2731839418411255
36,258,1.4553194046020508
36,259,1.227155327796936
36,260,1.3300690650939941
36,261,1.4805018901824951
36,262,1.4036405086517334
36,263,1.800045371055603
36,264,1.5678938627243042
36,265,1.8246549367904663
36,266,1.2991456985473633
36,267,1.694878101348877
36,268,1.337407112121582
36,269,1.3763222694396973
36,270,1.2257413864135742
36,271,1.6018314361572266
36,272,1.243741512298584
36,273,1.542837381362915
36,274,1.365562915802002
36,275,1.4451192617416382
36,276,1.3786752223968506
36,277,1.3403010368347168
36,278,1.3161287307739258
36,279,1.3785288333892822
36,280,1.4794235229492188
36,281,1.722144365310669
36,282,1.4295904636383057
36,283,1.480820894241333
36,284,1.4605427980422974
36,285,1.1678544282913208
36,286,1.470733880996704
36,287,1.8042436838150024
36,288,1.7056336402893066
36,289,1.4759581089019775
36,290,1.6865437030792236
36,291,1.3607678413391113
36,292,1.4676086902618408
36,293,1.1432805061340332
36,294,1.5572824478149414
36,295,1.5563384294509888
36,296,1.6076745986938477
36,297,1.540847897529602
36,298,1.4220399856567383
36,299,1.6015751361846924
36,300,1.4467577934265137
36,301,1.328122615814209
36,302,1.5469303131103516
36,303,1.4931793212890625
36,304,1.4187458753585815
36,305,1.4160308837890625
36,306,1.2956041097640991
36,307,1.758545160293579
36,308,1.657636046409607
36,309,1.314043641090393
36,310,1.6089222431182861
36,311,1.3813108205795288
37,0,1.4358538389205933
37,1,1.2460813522338867
37,2,1.2381651401519775
37,3,1.60532808303833
37,4,1.267909049987793
37,5,1.2489086389541626
37,6,1.3428566455841064
37,7,1.4763994216918945
37,8,1.6730930805206299
37,9,1.2060322761535645
37,10,1.4641759395599365
37,11,1.3783016204833984
37,12,1.1560002565383911
37,13,1.6302748918533325
37,14,1.7429307699203491
37,15,1.3562954664230347
37,16,1.3560569286346436
37,17,1.4089463949203491
37,18,1.3307061195373535
37,19,1.283631443977356
37,20,1.2258102893829346
37,21,1.46933114528656
37,22,1.5169333219528198
37,23,1.3943397998809814
37,24,1.393350601196289
37,25,1.2819712162017822
37,26,1.3700478076934814
37,27,1.2310326099395752
37,28,1.3397685289382935
37,29,1.914255142211914
37,30,1.466598391532898
37,31,1.405332326889038
37,32,1.538959264755249
37,33,1.2580807209014893
37,34,1.2644556760787964
37,35,1.6815779209136963
37,36,1.6467275619506836
37,37,1.4359761476516724
37,38,1.3439898490905762
37,39,1.2823193073272705
37,40,1.282769799232483
37,41,1.378731369972229
37,42,1.4191094636917114
37,43,1.4900364875793457
37,44,1.5803494453430176
37,45,1.5621484518051147
37,46,1.5486141443252563
37,47,1.582038402557373
37,48,1.473645567893982
37,49,1.5292469263076782
37,50,1.3447742462158203
37,51,1.3835217952728271
37,52,1.8314073085784912
37,53,1.504915714263916
37,54,1.309766411781311
37,55,1.4012527465820312
37,56,1.7303643226623535
37,57,1.4208241701126099
37,58,1.2584048509597778
37,59,1.2518327236175537
37,60,1.9869892597198486
37,61,1.6691235303878784
37,62,1.4215233325958252
37,63,1.4442681074142456
37,64,1.3300156593322754
37,65,1.747454285621643
37,66,1.3321757316589355
37,67,1.3613194227218628
37,68,1.5431472063064575
37,69,1.4856268167495728
37,70,1.2800050973892212
37,71,1.306689739227295
37,72,1.4489390850067139
37,73,1.5064585208892822
37,74,1.6139895915985107
37,75,1.405158281326294
37,76,1.3508986234664917
37,77,1.2673274278640747
37,78,1.4885571002960205
37,79,1.9681246280670166
37,80,1.7702679634094238
37,81,1.5606935024261475
37,82,1.2918879985809326
37,83,1.4369161128997803
37,84,1.759171485900879
37,85,1.3122482299804688
37,86,1.5493299961090088
37,87,1.4649033546447754
37,88,1.604203224182129
37,89,1.572474479675293
37,90,1.5317835807800293
37,91,1.6737523078918457
37,92,1.7168846130371094
37,93,1.2710191011428833
37,94,1.580619215965271
37,95,1.4196674823760986
37,96,1.5439308881759644
37,97,1.4637377262115479
37,98,1.5905373096466064
37,99,1.600527048110962
37,100,1.2588058710098267
37,101,1.148219347000122
37,102,1.4230200052261353
37,103,1.813156247138977
37,104,1.4635124206542969
37,105,1.4201021194458008
37,106,1.1717551946640015
37,107,1.2381486892700195
37,108,1.2453290224075317
37,109,1.2808334827423096
37,110,1.7733142375946045
37,111,1.2139801979064941
37,112,1.433929681777954
37,113,1.6315357685089111
37,114,1.452648401260376
37,115,1.5198900699615479
37,116,1.2164872884750366
37,117,1.295407772064209
37,118,1.530727744102478
37,119,1.3232216835021973
37,120,1.317201852798462
37,121,1.2866311073303223
37,122,1.476081371307373
37,123,1.4506447315216064
37,124,1.3477556705474854
37,125,1.426668405532837
37,126,1.5851904153823853
37,127,1.5752025842666626
37,128,1.5871601104736328
37,129,1.512377142906189
37,130,1.2574965953826904
37,131,1.549132227897644
37,132,1.3204643726348877
37,133,1.565441370010376
37,134,1.4131156206130981
37,135,1.45595121383667
37,136,1.1989836692810059
37,137,1.6357293128967285
37,138,1.297877311706543
37,139,1.2680637836456299
37,140,2.0310909748077393
37,141,1.4546570777893066
37,142,1.2642172574996948
37,143,1.7177057266235352
37,144,1.5618603229522705
37,145,1.6648666858673096
37,146,1.3143463134765625
37,147,1.4439902305603027
37,148,1.313598871231079
37,149,1.6175743341445923
37,150,1.3567030429840088
37,151,1.5516626834869385
37,152,1.3246009349822998
37,153,1.2896339893341064
37,154,1.5030226707458496
37,155,1.3194069862365723
37,156,1.3402018547058105
37,157,1.5727252960205078
37,158,1.590071678161621
37,159,1.867453694343567
37,160,1.4354372024536133
37,161,1.2789115905761719
37,162,1.5407912731170654
37,163,1.4535670280456543
37,164,1.4971895217895508
37,165,1.4785115718841553
37,166,1.7165340185165405
37,167,1.6857328414916992
37,168,1.3225548267364502
37,169,1.3615919351577759
37,170,2.030038356781006
37,171,2.027224063873291
37,172,1.6499359607696533
37,173,1.5247859954833984
37,174,1.741877794265747
37,175,1.3983745574951172
37,176,1.2125849723815918
37,177,1.4519407749176025
37,178,1.5642569065093994
37,179,1.4794015884399414
37,180,1.4057128429412842
37,181,1.523419976234436
37,182,1.3838179111480713
37,183,1.5374975204467773
37,184,1.3822505474090576
37,185,1.5596362352371216
37,186,1.5900708436965942
37,187,1.1978986263275146
37,188,1.4187116622924805
37,189,1.5261433124542236
37,190,1.4545373916625977
37,191,1.37040376663208
37,192,1.3652234077453613
37,193,1.3975448608398438
37,194,1.4347673654556274
37,195,1.2765551805496216
37,196,1.3601936101913452
37,197,1.5631458759307861
37,198,1.422456979751587
37,199,1.2640488147735596
37,200,1.6943562030792236
37,201,1.7846262454986572
37,202,1.5538358688354492
37,203,1.6010509729385376
37,204,1.6941020488739014
37,205,1.4615517854690552
37,206,1.63349449634552
37,207,1.3944549560546875
37,208,1.2266061305999756
37,209,1.5048537254333496
37,210,1.8011436462402344
37,211,1.4832658767700195
37,212,1.3940043449401855
37,213,1.2741845846176147
37,214,1.1707510948181152
37,215,1.6069605350494385
37,216,1.3764233589172363
37,217,1.3132245540618896
37,218,1.3119336366653442
37,219,1.298425555229187
37,220,1.3909165859222412
37,221,1.7516422271728516
37,222,1.6277580261230469
37,223,1.3601404428482056
37,224,1.635071039199829
37,225,1.552299976348877
37,226,1.170304775238037
37,227,1.2802785634994507
37,228,1.3064473867416382
37,229,1.3448095321655273
37,230,1.9510297775268555
37,231,1.543898344039917
37,232,1.3164936304092407
37,233,1.4296033382415771
37,234,1.5645272731781006
37,235,1.2280462980270386
37,236,1.1858254671096802
37,237,1.1466237306594849
37,238,1.640979528427124
37,239,1.2686536312103271
37,240,1.1745387315750122
37,241,1.6030040979385376
37,242,1.270688772201538
37,243,1.2869107723236084
37,244,1.3872663974761963
37,245,1.3780186176300049
37,246,1.3086304664611816
37,247,1.602761149406433
37,248,1.3586297035217285
37,249,1.6210108995437622
37,250,1.7538765668869019
37,251,1.3999122381210327
37,252,1.3564660549163818
37,253,1.2389171123504639
37,254,1.2934428453445435
37,255,1.7605990171432495
37,256,1.6816319227218628
37,257,1.4525682926177979
37,258,1.2407296895980835
37,259,1.5513644218444824
37,260,1.5168519020080566
37,261,1.6568303108215332
37,262,1.3235528469085693
37,263,1.5127668380737305
37,264,1.3938634395599365
37,265,1.272918939590454
37,266,1.2861276865005493
37,267,1.583925485610962
37,268,1.3274240493774414
37,269,1.1963616609573364
37,270,1.6826343536376953
37,271,1.2431519031524658
37,272,1.5898947715759277
37,273,1.3014129400253296
37,274,1.217952013015747
37,275,1.165447473526001
37,276,1.66253662109375
37,277,1.2670410871505737
37,278,1.4827735424041748
37,279,1.536864995956421
37,280,1.1992231607437134
37,281,1.4020073413848877
37,282,1.4365696907043457
37,283,1.2092866897583008
37,284,1.1910713911056519
37,285,1.168256402015686
37,286,1.462633728981018
37,287,1.2393388748168945
37,288,1.2541866302490234
37,289,1.574447512626648
37,290,1.4358911514282227
37,291,1.602478265762329
37,292,1.490871787071228
37,293,1.350266933441162
37,294,1.5881116390228271
37,295,1.4493019580841064
37,296,1.3224875926971436
37,297,1.3633075952529907
37,298,1.3728876113891602
37,299,1.7226142883300781
37,300,1.201573133468628
37,301,1.3555541038513184
37,302,1.3752797842025757
37,303,1.461881160736084
37,304,1.769742488861084
37,305,1.4409093856811523
37,306,1.2024695873260498
37,307,1.4028104543685913
37,308,1.4480435848236084
37,309,1.3597211837768555
37,310,1.3645139932632446
37,311,1.63328218460083
38,0,1.4435515403747559
38,1,1.590552568435669
38,2,1.4353591203689575
38,3,1.469327449798584
38,4,1.4855387210845947
38,5,1.2936525344848633
38,6,1.4579038619995117
38,7,1.2217702865600586
38,8,1.2910220623016357
38,9,1.289893388748169
38,10,1.8569648265838623
38,11,1.3652610778808594
38,12,1.306020975112915
38,13,1.4187198877334595
38,14,1.5962388515472412
38,15,1.277662754058838
38,16,1.6743720769882202
38,17,1.4079463481903076
38,18,1.3081282377243042
38,19,1.3322721719741821
38,20,1.368135690689087
38,21,1.4896130561828613
38,22,1.4300856590270996
38,23,1.3723976612091064
38,24,1.5726799964904785
38,25,1.488938808441162
38,26,1.4273498058319092
38,27,1.5616796016693115
38,28,1.4361099004745483
38,29,2.1034774780273438
38,30,1.5013782978057861
38,31,1.792535424232483
38,32,1.504532814025879
38,33,1.336477518081665
38,34,1.584020733833313
38,35,1.3025379180908203
38,36,1.4748153686523438
38,37,1.48238205909729
38,38,1.7003830671310425
38,39,1.4507577419281006
38,40,1.399118423461914
38,41,1.4130085706710815
38,42,1.7814456224441528
38,43,1.230243444442749
38,44,1.4902422428131104
38,45,1.247323989868164
38,46,1.4382997751235962
38,47,1.4545973539352417
38,48,1.2618787288665771
38,49,1.4201757907867432
38,50,1.1802808046340942
38,51,1.7162142992019653
38,52,1.4021363258361816
38,53,1.3026537895202637
38,54,1.1811336278915405
38,55,1.5416367053985596
38,56,1.721038579940796
38,57,1.4108790159225464
38,58,1.4342496395111084
38,59,1.2563313245773315
38,60,1.2012654542922974
38,61,1.157222032546997
38,62,1.3372383117675781
38,63,1.3753764629364014
38,64,1.6049988269805908
38,65,1.409207820892334
38,66,1.2980375289916992
38,67,1.4138935804367065
38,68,1.4354254007339478
38,69,1.2439332008361816
38,70,1.4114141464233398
38,71,1.4398502111434937
38,72,1.4384793043136597
38,73,1.544800877571106
38,74,1.3344205617904663
38,75,1.490666151046753
38,76,1.2374813556671143
38,77,1.4682304859161377
38,78,1.6152430772781372
38,79,1.4247417449951172
38,80,1.277716875076294
38,81,1.2391245365142822
38,82,1.0510921478271484
38,83,1.4003372192382812
38,84,1.2980879545211792
38,85,1.2457735538482666
38,86,1.4541224241256714
38,87,1.477025032043457
38,88,1.579089641571045
38,89,1.1935633420944214
38,90,1.61468505859375
38,91,1.3230252265930176
38,92,1.3154511451721191
38,93,1.54485023021698
38,94,1.1456489562988281
38,95,1.4790441989898682
38,96,1.4633204936981201
38,97,1.3463735580444336
38,98,1.2101795673370361
38,99,1.5254452228546143
38,100,1.382685899734497
38,101,1.710597038269043
38,102,1.427377700805664
38,103,1.6062278747558594
38,104,1.221382737159729
38,105,1.4552814960479736
38,106,1.5060207843780518
38,107,1.337843656539917
38,108,1.351970911026001
38,109,1.2740235328674316
38,110,1.4595096111297607
38,111,1.5259289741516113
38,112,1.393139123916626
38,113,1.132577657699585
38,114,1.5818339586257935
38,115,1.5096837282180786
38,116,1.857046127319336
38,117,1.2141644954681396
38,118,1.392538070678711
38,119,1.537665605545044
38,120,1.5446937084197998
38,121,1.28962242603302
38,122,1.5912883281707764
38,123,1.580824375152588
38,124,1.4325532913208008
38,125,1.4665424823760986
38,126,1.9151664972305298
38,127,1.3660893440246582
38,128,1.3159246444702148
38,129,1.293813943862915
38,130,1.534036636352539
38,131,1.3022854328155518
38,132,1.7433533668518066
38,133,1.5936836004257202
38,134,1.3614833354949951
38,135,1.4499677419662476
38,136,1.6087082624435425
38,137,1.5394039154052734
38,138,1.408854365348816
38,139,1.2650288343429565
38,140,1.3613862991333008
38,141,1.7064917087554932
38,142,1.405426025390625
38,143,1.8782271146774292
38,144,1.4571614265441895
38,145,1.1814697980880737
38,146,1.5499186515808105
38,147,1.5588936805725098
38,148,1.3777828216552734
38,149,1.6232659816741943
38,150,1.2292453050613403
38,151,1.5237699747085571
38,152,1.6031968593597412
38,153,1.8488743305206299
38,154,1.3410446643829346
38,155,1.7202696800231934
38,156,1.2672970294952393
38,157,1.4179649353027344
38,158,1.2631621360778809
38,159,1.2848397493362427
38,160,1.6296437978744507
38,161,1.5736113786697388
38,162,1.464465856552124
38,163,1.3741624355316162
38,164,1.6431918144226074
38,165,1.522102952003479
38,166,1.7544896602630615
38,167,1.7160216569900513
38,168,1.2964723110198975
38,169,1.832531452178955
38,170,1.3767166137695312
38,171,1.2502632141113281
38,172,1.5307334661483765
38,173,1.3366907835006714
38,174,1.5133867263793945
38,175,1.55365788936615
38,176,1.3757582902908325
38,177,1.3342236280441284
38,178,1.3874139785766602
38,179,1.265960454940796
38,180,1.456009864807129
38,181,1.3022388219833374
38,182,1.4145188331604004
38,183,1.6219402551651
38,184,1.5232142210006714
38,185,1.317417860031128
38,186,1.3264135122299194
38,187,1.455678939819336
38,188,1.5353859663009644
38,189,1.6458461284637451
38,190,1.285813331604004
38,191,1.631671667098999
38,192,1.2580139636993408
38,193,1.3867073059082031
38,194,1.2286152839660645
38,195,1.5813109874725342
38,196,1.4893497228622437
38,197,1.3351151943206787
38,198,1.4004056453704834
38,199,1.5052359104156494
38,200,1.390763759613037
38,201,1.3950555324554443
38,202,1.5159058570861816
38,203,1.432773232460022
38,204,1.9314650297164917
38,205,1.6779545545578003
38,206,1.4942395687103271
38,207,1.3680024147033691
38,208,1.3632221221923828
38,209,1.3462423086166382
38,210,1.682727336883545
38,211,1.2743415832519531
38,212,1.3478410243988037
38,213,1.5308204889297485
38,214,1.628616213798523
38,215,1.373108148574829
38,216,1.6873561143875122
38,217,1.4513486623764038
38,218,1.3647395372390747
38,219,1.297743558883667
38,220,1.5428516864776611
38,221,1.5737684965133667
38,222,1.5404672622680664
38,223,1.711005687713623
38,224,1.4359612464904785
38,225,1.2969701290130615
38,226,1.6450555324554443
38,227,1.325497031211853
38,228,1.620638370513916
38,229,1.6171547174453735
38,230,1.282700777053833
38,231,1.5900237560272217
38,232,1.4318101406097412
38,233,1.2906341552734375
38,234,1.6480168104171753
38,235,1.498713731765747
38,236,1.4093434810638428
38,237,1.533689022064209
38,238,1.4552541971206665
38,239,1.2750815153121948
38,240,1.525045394897461
38,241,1.4183316230773926
38,242,1.4078245162963867
38,243,1.824414849281311
38,244,1.5881385803222656
38,245,1.3582298755645752
38,246,1.6373965740203857
38,247,1.5806992053985596
38,248,1.1787757873535156
38,249,1.3206887245178223
38,250,1.3515652418136597
38,251,1.3198908567428589
38,252,1.5197796821594238
38,253,1.4532465934753418
38,254,1.6684049367904663
38,255,1.8120496273040771
38,256,1.6907293796539307
38,257,1.6073036193847656
38,258,1.5372653007507324
38,259,1.6630711555480957
38,260,1.2192779779434204
38,261,1.5930752754211426
38,262,1.6723334789276123
38,263,1.6270803213119507
38,264,1.3427660465240479
38,265,1.5120465755462646
38,266,1.638054609298706
38,267,1.2667794227600098
38,268,1.4067190885543823
38,269,1.5445175170898438
38,270,1.748425006866455
38,271,1.6069982051849365
38,272,1.4734301567077637
38,273,1.3735837936401367
38,274,1.560965895652771
38,275,1.397108554840088
38,276,1.2760303020477295
38,277,1.6631065607070923
38,278,1.54069983959198
38,279,1.3878710269927979
38,280,1.7030631303787231
38,281,1.277146816253662
38,282,1.7154114246368408
38,283,1.4511432647705078
38,284,1.7655835151672363
38,285,1.395167589187622
38,286,1.5501832962036133
38,287,1.5577502250671387
38,288,1.258334994316101
38,289,1.3742644786834717
38,290,1.3640220165252686
38,291,1.19369375705719
38,292,1.4412297010421753
38,293,1.4425970315933228
38,294,1.55745267868042
38,295,1.4078679084777832
38,296,1.2348064184188843
38,297,1.295068621635437
38,298,1.6123809814453125
38,299,1.1972298622131348
38,300,1.8519744873046875
38,301,1.3749103546142578
38,302,1.4807637929916382
38,303,1.1652874946594238
38,304,1.4814703464508057
38,305,1.2100090980529785
38,306,1.2509528398513794
38,307,1.3047771453857422
38,308,1.6066231727600098
38,309,1.26883065700531
38,310,1.8930864334106445
38,311,1.6015996932983398
39,0,1.5254011154174805
39,1,1.5221154689788818
39,2,1.2544634342193604
39,3,1.2895468473434448
39,4,1.7233281135559082
39,5,1.5547629594802856
39,6,1.3271288871765137
39,7,1.388759732246399
39,8,1.4205716848373413
39,9,1.4843671321868896
39,10,1.8486241102218628
39,11,1.3811900615692139
39,12,1.7648813724517822
39,13,1.669142246246338
39,14,1.339307188987732
39,15,1.3442456722259521
39,16,1.363460898399353
39,17,1.5028924942016602
39,18,1.2069734334945679
39,19,1.6561670303344727
39,20,1.3519246578216553
39,21,1.8029743432998657
39,22,1.6108520030975342
39,23,1.4698431491851807
39,24,1.1375881433486938
39,25,1.4352257251739502
39,26,1.2658166885375977
39,27,1.550309658050537
39,28,1.2948579788208008
39,29,1.2572689056396484
39,30,1.445291519165039
39,31,1.5312683582305908
39,32,1.7189282178878784
39,33,1.1636059284210205
39,34,1.4234827756881714
39,35,1.5168883800506592
39,36,1.6419628858566284
39,37,1.8754918575286865
39,38,1.7851462364196777
39,39,1.5432360172271729
39,40,1.7421376705169678
39,41,1.3581116199493408
39,42,1.5191702842712402
39,43,1.413097858428955
39,44,1.3210394382476807
39,45,1.1582521200180054
39,46,1.2541865110397339
39,47,1.48155677318573
39,48,1.7116358280181885
39,49,1.5668277740478516
39,50,1.588488221168518
39,51,1.5263638496398926
39,52,1.3131153583526611
39,53,1.3144257068634033
39,54,1.4506102800369263
39,55,1.4248085021972656
39,56,1.345539927482605
39,57,1.194433331489563
39,58,1.4182522296905518
39,59,1.1860405206680298
39,60,1.5218234062194824
39,61,1.2794148921966553
39,62,1.4335261583328247
39,63,1.6913913488388062
39,64,1.3851115703582764
39,65,1.4056166410446167
39,66,1.3504958152770996
39,67,1.6202633380889893
39,68,1.6386520862579346
39,69,1.556070327758789
39,70,1.4790942668914795
39,71,1.3782992362976074
39,72,1.5367679595947266
39,73,1.1615431308746338
39,74,1.272580862045288
39,75,1.5423367023468018
39,76,1.4508047103881836
39,77,1.4616025686264038
39,78,1.4610507488250732
39,79,1.1605650186538696
39,80,1.6957741975784302
39,81,1.3824058771133423
39,82,1.2718464136123657
39,83,1.2539499998092651
39,84,1.5271682739257812
39,85,1.226056456565857
39,86,1.435044765472412
39,87,1.5756404399871826
39,88,1.4811416864395142
39,89,1.349210500717163
39,90,1.380507230758667
39,91,1.264634132385254
39,92,1.317018747329712
39,93,1.372828483581543
39,94,1.2775654792785645
39,95,1.429823875427246
39,96,1.425424575805664
39,97,2.136418342590332
39,98,1.3475947380065918
39,99,1.34687340259552
39,100,1.244409203529358
39,101,1.3565993309020996
39,102,1.1551933288574219
39,103,1.28232741355896
39,104,1.4491288661956787
39,105,1.2745381593704224
39,106,1.4231305122375488
39,107,1.3497810363769531
39,108,1.499712347984314
39,109,1.4868884086608887
39,110,1.700150728225708
39,111,1.479292869567871
39,112,1.49251127243042
39,113,1.4808423519134521
39,114,1.42587411403656
39,115,1.2405962944030762
39,116,1.6969382762908936
39,117,1.3564937114715576
39,118,1.3715794086456299
39,119,1.7526639699935913
39,120,1.3527289628982544
39,121,1.343930959701538
39,122,1.3636428117752075
39,123,1.5621440410614014
39,124,1.2000261545181274
39,125,1.54159414768219
39,126,1.346289038658142
39,127,1.1837941408157349
39,128,1.5585784912109375
39,129,1.4343277215957642
39,130,1.9053404331207275
39,131,1.4735794067382812
39,132,1.1907473802566528
39,133,1.4269706010818481
39,134,1.4150692224502563
39,135,1.5261037349700928
39,136,1.3841689825057983
39,137,1.3870086669921875
39,138,1.3965182304382324
39,139,1.9142751693725586
39,140,1.5947301387786865
39,141,1.3939496278762817
39,142,1.4740558862686157
39,143,1.2518415451049805
39,144,1.2730004787445068
39,145,1.6205697059631348
39,146,1.5629329681396484
39,147,1.4909776449203491
39,148,1.2482662200927734
39,149,1.2704496383666992
39,150,1.3076717853546143
39,151,1.3270167112350464
39,152,1.7145233154296875
39,153,1.2578420639038086
39,154,1.529073715209961
39,155,1.1587566137313843
39,156,1.548992395401001
39,157,1.4908617734909058
39,158,1.3966546058654785
39,159,1.1775803565979004
39,160,1.5649809837341309
39,161,1.2727091312408447
39,162,1.6228203773498535
39,163,1.5028588771820068
39,164,1.2901713848114014
39,165,1.3371639251708984
39,166,1.6270195245742798
39,167,1.5330206155776978
39,168,1.247685432434082
39,169,1.4442640542984009
39,170,1.4575841426849365
39,171,1.5389270782470703
39,172,1.470191240310669
39,173,1.336637258529663
39,174,1.5439839363098145
39,175,1.3605194091796875
39,176,1.527298927307129
39,177,1.6832735538482666
39,178,1.4030561447143555
39,179,1.6313289403915405
39,180,1.4630320072174072
39,181,1.5372421741485596
39,182,1.7902716398239136
39,183,1.5235326290130615
39,184,1.156699776649475
39,185,1.389879822731018
39,186,1.363412857055664
39,187,1.2959091663360596
39,188,1.2576494216918945
39,189,1.3000397682189941
39,190,1.5130581855773926
39,191,1.438920259475708
39,192,1.3013043403625488
39,193,1.503352403640747
39,194,1.3617899417877197
39,195,1.5877019166946411
39,196,1.875046730041504
39,197,1.6512396335601807
39,198,1.3715386390686035
39,199,1.839280366897583
39,200,1.5005457401275635
39,201,1.6015031337738037
39,202,1.85001802444458
39,203,1.2613664865493774
39,204,1.2945446968078613
39,205,1.4620728492736816
39,206,1.7195987701416016
39,207,1.5689623355865479
39,208,1.7143025398254395
39,209,1.3124024868011475
39,210,1.5926839113235474
39,211,1.4897511005401611
39,212,1.6301157474517822
39,213,1.7069413661956787
39,214,1.4864177703857422
39,215,1.1940300464630127
39,216,1.4512797594070435
39,217,1.6185064315795898
39,218,1.3789684772491455
39,219,1.4734725952148438
39,220,1.8561220169067383
39,221,1.3308120965957642
39,222,1.5327982902526855
39,223,1.5401527881622314
39,224,1.5682129859924316
39,225,1.3525900840759277
39,226,1.5166206359863281
39,227,1.7201412916183472
39,228,1.4234166145324707
39,229,1.304947853088379
39,230,1.873049259185791
39,231,1.509814739227295
39,232,1.4564696550369263
39,233,1.5518765449523926
39,234,1.6337668895721436
39,235,1.461991548538208
39,236,1.5162901878356934
39,237,1.398129940032959
39,238,1.4747496843338013
39,239,1.2837584018707275
39,240,1.3687827587127686
39,241,1.408089518547058
39,242,1.757847785949707
39,243,1.27755606174469
39,244,1.36746346950531
39,245,1.3778303861618042
39,246,1.6451008319854736
39,247,1.2399541139602661
39,248,1.564894676208496
39,249,1.7225830554962158
39,250,1.594937801361084
39,251,1.4347033500671387
39,252,1.3343536853790283
39,253,1.6489911079406738
39,254,1.1921790838241577
39,255,1.3845624923706055
39,256,1.455975890159607
39,257,1.5679194927215576
39,258,1.4474117755889893
39,259,1.3259658813476562
39,260,1.4980340003967285
39,261,1.3422212600708008
39,262,1.4829685688018799
39,263,1.4641450643539429
39,264,1.3985953330993652
39,265,1.4898395538330078
39,266,1.373002529144287
39,267,1.5970847606658936
39,268,1.3667433261871338
39,269,1.2614150047302246
39,270,1.1356170177459717
39,271,1.2603819370269775
39,272,1.4291936159133911
39,273,1.5141234397888184
39,274,1.2607499361038208
39,275,1.4333417415618896
39,276,1.2796269655227661
39,277,1.2188314199447632
39,278,1.3887605667114258
39,279,1.4083199501037598
39,280,1.492404580116272
39,281,1.8943473100662231
39,282,1.457412838935852
39,283,1.3672144412994385
39,284,1.546271800994873
39,285,1.675607681274414
39,286,1.430301308631897
39,287,1.4339430332183838
39,288,1.40321683883667
39,289,1.523331880569458
39,290,1.4775924682617188
39,291,1.2325994968414307
39,292,1.3159265518188477
39,293,1.3094582557678223
39,294,1.483791708946228
39,295,1.506611704826355
39,296,1.3573176860809326
39,297,1.3666369915008545
39,298,1.282911777496338
39,299,1.6757941246032715
39,300,1.382991075515747
39,301,1.215294361114502
39,302,1.393233060836792
39,303,1.3424080610275269
39,304,1.4555230140686035
39,305,1.338531255722046
39,306,1.5949106216430664
39,307,1.2161266803741455
39,308,1.642618179321289
39,309,1.3165183067321777
39,310,1.2987706661224365
39,311,1.3267486095428467
40,0,1.7188806533813477
40,1,1.4857701063156128
40,2,1.592698335647583
40,3,1.3949118852615356
40,4,1.4300096035003662
40,5,1.7227195501327515
40,6,1.157334804534912
40,7,1.2934184074401855
40,8,1.3004605770111084
40,9,1.4686033725738525
40,10,1.476226806640625
40,11,1.1497070789337158
40,12,1.4925163984298706
40,13,1.3050493001937866
40,14,1.4150032997131348
40,15,1.7347831726074219
40,16,1.3836126327514648
40,17,1.590094804763794
40,18,1.4287772178649902
40,19,1.3896675109863281
40,20,1.5105082988739014
40,21,1.3970956802368164
40,22,1.4504514932632446
40,23,1.4154033660888672
40,24,1.388887882232666
40,25,1.3584542274475098
40,26,1.6418126821517944
40,27,1.7135820388793945
40,28,1.5751559734344482
40,29,1.4108805656433105
40,30,1.6240746974945068
40,31,1.3603025674819946
40,32,1.565201997756958
40,33,1.4791516065597534
40,34,1.8066253662109375
40,35,1.3848448991775513
40,36,1.4502829313278198
40,37,1.3211909532546997
40,38,1.4430429935455322
40,39,1.3630831241607666
40,40,1.1860980987548828
40,41,1.4182536602020264
40,42,1.641902208328247
40,43,1.457566261291504
40,44,1.1722460985183716
40,45,1.1176586151123047
40,46,1.2993520498275757
40,47,1.5286322832107544
40,48,1.6530177593231201
40,49,1.2042427062988281
40,50,1.3805267810821533
40,51,1.5636446475982666
40,52,1.3058665990829468
40,53,1.4936935901641846
40,54,1.551501750946045
40,55,1.4062268733978271
40,56,1.2153664827346802
40,57,1.3406651020050049
40,58,1.3050460815429688
40,59,1.596197485923767
40,60,1.2819520235061646
40,61,1.0762693881988525
40,62,1.4755271673202515
40,63,1.7704143524169922
40,64,1.645111322402954
40,65,1.6797065734863281
40,66,1.5742223262786865
40,67,1.6255640983581543
40,68,1.4916892051696777
40,69,1.3665859699249268
40,70,1.4361519813537598
40,71,1.4062612056732178
40,72,1.446059226989746
40,73,1.4203402996063232
40,74,1.4100115299224854
40,75,1.5042815208435059
40,76,1.5433378219604492
40,77,1.2100907564163208
40,78,1.488477349281311
40,79,1.4208104610443115
40,80,1.1353472471237183
40,81,1.5724838972091675
40,82,1.3549160957336426
40,83,1.5224610567092896
40,84,1.4760973453521729
40,85,1.3231165409088135
40,86,1.7684273719787598
40,87,1.4130877256393433
40,88,1.492594838142395
40,89,1.2381458282470703
40,90,1.4207617044448853
40,91,1.4560604095458984
40,92,1.603173017501831
40,93,1.295454978942871
40,94,1.3889012336730957
40,95,1.5034571886062622
40,96,1.536945104598999
40,97,1.5784772634506226
40,98,1.4991745948791504
40,99,1.4278814792633057
40,100,1.324782371520996
40,101,1.8084943294525146
40,102,1.4918068647384644
40,103,1.4139875173568726
40,104,1.2568435668945312
40,105,1.3399035930633545
40,106,1.3630719184875488
40,107,1.716042160987854
40,108,1.479677438735962
40,109,1.3508951663970947
40,110,1.4919428825378418
40,111,1.3708195686340332
40,112,1.518603801727295
40,113,1.4902679920196533
40,114,1.4629175662994385
40,115,1.450531244277954
40,116,1.7903590202331543
40,117,1.3072184324264526
40,118,1.5437216758728027
40,119,1.543404459953308
40,120,1.546067714691162
40,121,1.2286125421524048
40,122,1.301751732826233
40,123,1.364281415939331
40,124,1.4780833721160889
40,125,1.2914568185806274
40,126,1.6299333572387695
40,127,1.6199897527694702
40,128,1.3368330001831055
40,129,1.2753983736038208
40,130,1.625728726387024
40,131,1.7501001358032227
40,132,1.4898467063903809
40,133,1.296424150466919
40,134,1.4213593006134033
40,135,1.9528433084487915
40,136,1.5822546482086182
40,137,1.6164724826812744
40,138,1.5191125869750977
40,139,1.211847186088562
40,140,1.066523790359497
40,141,1.6462466716766357
40,142,1.792952060699463
40,143,1.6857686042785645
40,144,1.3011051416397095
40,145,1.4059228897094727
40,146,1.869349479675293
40,147,1.4667599201202393
40,148,1.6107878684997559
40,149,1.2789170742034912
40,150,1.4520806074142456
40,151,1.5460028648376465
40,152,1.2707496881484985
40,153,1.3725420236587524
40,154,1.8038806915283203
40,155,1.311694622039795
40,156,1.5286860466003418
40,157,1.446273922920227
40,158,1.4641344547271729
40,159,1.8740036487579346
40,160,1.454711675643921
40,161,1.9948439598083496
40,162,1.429341197013855
40,163,1.7079870700836182
40,164,1.2997188568115234
40,165,1.4726347923278809
40,166,1.2258533239364624
40,167,1.2461330890655518
40,168,1.5237464904785156
40,169,1.498131513595581
40,170,1.4788627624511719
40,171,1.6582567691802979
40,172,1.528860330581665
40,173,1.2615020275115967
40,174,1.4112169742584229
40,175,1.2633267641067505
40,176,1.4725005626678467
40,177,1.2826285362243652
40,178,1.429927945137024
40,179,1.4108517169952393
40,180,1.6792538166046143
40,181,1.1933789253234863
40,182,1.4072377681732178
40,183,1.3854069709777832
40,184,1.5404925346374512
40,185,1.5164761543273926
40,186,1.2846683263778687
40,187,1.6197466850280762
40,188,1.6509872674942017
40,189,1.4092087745666504
40,190,1.3209710121154785
40,191,1.4608771800994873
40,192,1.3822410106658936
40,193,1.5408389568328857
40,194,1.2363152503967285
40,195,1.5970052480697632
40,196,1.4431984424591064
40,197,1.4086973667144775
40,198,1.509082555770874
40,199,1.6593499183654785
40,200,1.5033907890319824
40,201,1.4965605735778809
40,202,1.5160698890686035
40,203,1.1855125427246094
40,204,1.4479678869247437
40,205,1.7565618753433228
40,206,1.4662537574768066
40,207,1.7230608463287354
40,208,1.2497698068618774
40,209,1.534538984298706
40,210,1.2011390924453735
40,211,1.4356343746185303
40,212,1.6639282703399658
40,213,1.481643795967102
40,214,1.4335997104644775
40,215,1.376244306564331
40,216,1.6302666664123535
40,217,1.6258453130722046
40,218,1.6835612058639526
40,219,1.352435827255249
40,220,1.4332246780395508
40,221,1.244145393371582
40,222,1.1628974676132202
40,223,1.5596389770507812
40,224,1.583175539970398
40,225,1.452355146408081
40,226,1.5031298398971558
40,227,1.0828571319580078
40,228,1.2585582733154297
40,229,1.5551505088806152
40,230,1.9312289953231812
40,231,1.4393589496612549
40,232,1.2474738359451294
40,233,1.4285961389541626
40,234,1.3051080703735352
40,235,1.7287518978118896
40,236,1.3633317947387695
40,237,1.4910109043121338
40,238,1.2891496419906616
40,239,1.4263343811035156
40,240,1.36689031124115
40,241,1.218451738357544
40,242,1.2262336015701294
40,243,1.6090655326843262
40,244,1.3567765951156616
40,245,1.241419792175293
40,246,1.3923921585083008
40,247,1.423620343208313
40,248,1.5481696128845215
40,249,1.3512003421783447
40,250,1.77962064743042
40,251,1.7251195907592773
40,252,1.385709524154663
40,253,1.54056715965271
40,254,1.5874395370483398
40,255,1.3499857187271118
40,256,1.5437967777252197
40,257,1.459963083267212
40,258,1.4453437328338623
40,259,1.4191019535064697
40,260,1.27814781665802
40,261,1.54807448387146
40,262,1.4731974601745605
40,263,1.4296176433563232
40,264,1.1666796207427979
40,265,1.5170807838439941
40,266,1.546644926071167
40,267,1.3717634677886963
40,268,1.5172892808914185
40,269,1.5545306205749512
40,270,1.413946509361267
40,271,1.5497374534606934
40,272,1.508866310119629
40,273,1.7352015972137451
40,274,1.426973581314087
40,275,1.4226480722427368
40,276,1.5640604496002197
40,277,1.3234987258911133
40,278,1.4844510555267334
40,279,1.4777108430862427
40,280,1.8915436267852783
40,281,1.1901333332061768
40,282,1.2178958654403687
40,283,1.4654269218444824
40,284,1.413007140159607
40,285,1.3311768770217896
40,286,1.4028408527374268
40,287,1.369344711303711
40,288,1.6850438117980957
40,289,1.627514123916626
40,290,1.460002064704895
40,291,1.8633455038070679
40,292,1.4800289869308472
40,293,1.301923394203186
40,294,1.351454496383667
40,295,1.4092211723327637
40,296,1.2930246591567993
40,297,1.2825119495391846
40,298,1.4459952116012573
40,299,1.4962778091430664
40,300,1.4665851593017578
40,301,1.3243896961212158
40,302,1.351214051246643
40,303,1.4406684637069702
40,304,1.5332748889923096
40,305,1.4962635040283203
40,306,1.4099234342575073
40,307,1.2984473705291748
40,308,1.3396823406219482
40,309,1.4095075130462646
40,310,1.2481145858764648
40,311,1.591134786605835
41,0,1.3362727165222168
41,1,1.7556098699569702
41,2,1.3230786323547363
41,3,1.5381462574005127
41,4,1.4135236740112305
41,5,1.7598605155944824
41,6,1.4671881198883057
41,7,1.6156319379806519
41,8,1.267808437347412
41,9,1.275761365890503
41,10,1.4053962230682373
41,11,1.141653299331665
41,12,1.4190034866333008
41,13,1.1632087230682373
41,14,1.4480488300323486
41,15,1.3614468574523926
41,16,1.690889596939087
41,17,1.5086660385131836
41,18,1.486638069152832
41,19,1.636091947555542
41,20,1.581082820892334
41,21,1.7090799808502197
41,22,1.2555224895477295
41,23,1.3283042907714844
41,24,1.4669342041015625
41,25,1.3332226276397705
41,26,1.8317312002182007
41,27,1.4308075904846191
41,28,1.3703877925872803
41,29,1.4436750411987305
41,30,1.5675243139266968
41,31,1.350921392440796
41,32,1.453913688659668
41,33,1.44919753074646
41,34,1.4020923376083374
41,35,1.3710031509399414
41,36,1.3900933265686035
41,37,1.3302571773529053
41,38,1.3794406652450562
41,39,1.5045580863952637
41,40,1.264897346496582
41,41,1.5635452270507812
41,42,1.3905051946640015
41,43,1.4567432403564453
41,44,1.1940488815307617
41,45,1.4507312774658203
41,46,1.1340256929397583
41,47,1.2961199283599854
41,48,1.192009449005127
41,49,1.4237427711486816
41,50,1.3879046440124512
41,51,1.4515571594238281
41,52,1.2082371711730957
41,53,1.6697015762329102
41,54,1.7367677688598633
41,55,1.3178086280822754
41,56,1.5129578113555908
41,57,1.460850477218628
41,58,1.2013226747512817
41,59,1.708616018295288
41,60,1.7338407039642334
41,61,1.556738257408142
41,62,1.1620056629180908
41,63,1.2491514682769775
41,64,1.1286802291870117
41,65,1.5634398460388184
41,66,1.4951756000518799
41,67,1.4921934604644775
41,68,1.4391489028930664
41,69,1.7108886241912842
41,70,1.7116689682006836
41,71,1.2221035957336426
41,72,1.4693114757537842
41,73,1.482727289199829
41,74,1.3544490337371826
41,75,1.5990625619888306
41,76,1.507873773574829
41,77,1.4797687530517578
41,78,1.4363763332366943
41,79,1.590284824371338
41,80,1.571737289428711
41,81,1.2552874088287354
41,82,1.335817813873291
41,83,1.3181610107421875
41,84,1.4600492715835571
41,85,1.3039071559906006
41,86,1.1166322231292725
41,87,1.2229564189910889
41,88,1.519432544708252
41,89,1.263221025466919
41,90,1.3095213174819946
41,91,1.397547960281372
41,92,1.3982696533203125
41,93,1.5073750019073486
41,94,1.5683584213256836
41,95,1.3517639636993408
41,96,1.606407880783081
41,97,1.399841070175171
41,98,1.4836945533752441
41,99,1.4123353958129883
41,100,1.1904873847961426
41,101,1.6521978378295898
41,102,1.5450063943862915
41,103,1.272099256515503
41,104,1.4807831048965454
41,105,1.1165592670440674
41,106,1.1313976049423218
41,107,1.2013779878616333
41,108,1.5323436260223389
41,109,1.5115256309509277
41,110,1.523383617401123
41,111,1.5184047222137451
41,112,1.400022029876709
41,113,1.6923251152038574
41,114,1.1829171180725098
41,115,1.4145534038543701
41,116,1.3486900329589844
41,117,1.276969313621521
41,118,1.502201795578003
41,119,1.2388173341751099
41,120,1.4085335731506348
41,121,1.0983552932739258
41,122,1.5826048851013184
41,123,1.5026817321777344
41,124,1.7976469993591309
41,125,1.4666845798492432
41,126,1.4716886281967163
41,127,1.3112629652023315
41,128,1.3575507402420044
41,129,1.1247384548187256
41,130,1.4615046977996826
41,131,1.4573583602905273
41,132,1.5606768131256104
41,133,1.397597312927246
41,134,2.074043035507202
41,135,1.5960183143615723
41,136,1.3149464130401611
41,137,1.569338321685791
41,138,1.4106576442718506
41,139,1.1914321184158325
41,140,1.5288307666778564
41,141,1.275944709777832
41,142,1.370149850845337
41,143,1.486148476600647
41,144,1.4405370950698853
41,145,1.5928878784179688
41,146,1.6214287281036377
41,147,1.3688193559646606
41,148,1.4538378715515137
41,149,1.1748651266098022
41,150,1.5956591367721558
41,151,2.1783008575439453
41,152,1.4817371368408203
41,153,1.5296249389648438
41,154,1.66524076461792
41,155,1.2539198398590088
41,156,1.2906192541122437
41,157,1.402623176574707
41,158,1.3485429286956787
41,159,1.304985523223877
41,160,1.5547270774841309
41,161,1.3583903312683105
41,162,1.6267141103744507
41,163,1.42296302318573
41,164,1.3846691846847534
41,165,1.602083683013916
41,166,1.398280143737793
41,167,1.116194486618042
41,168,1.4745354652404785
41,169,1.400362253189087
41,170,1.348211646080017
41,171,1.3314616680145264
41,172,1.294189691543579
41,173,1.141195297241211
41,174,1.2087304592132568
41,175,1.5700123310089111
41,176,1.5316591262817383
41,177,1.2446895837783813
41,178,1.2099392414093018
41,179,1.3935245275497437
41,180,1.5643315315246582
41,181,1.3430438041687012
41,182,1.506434679031372
41,183,1.4096741676330566
41,184,1.3868167400360107
41,185,1.4418392181396484
41,186,1.4819531440734863
41,187,1.5831917524337769
41,188,1.2014988660812378
41,189,1.3316737413406372
41,190,1.7372074127197266
41,191,1.4381206035614014
41,192,1.415037751197815
41,193,1.4982728958129883
41,194,1.1823722124099731
41,195,1.33285653591156
41,196,1.381169319152832
41,197,1.7314701080322266
41,198,1.2330350875854492
41,199,1.2440329790115356
41,200,1.2553274631500244
41,201,1.2958736419677734
41,202,1.679884433746338
41,203,1.4371567964553833
41,204,1.3412070274353027
41,205,1.4039137363433838
41,206,1.4635746479034424
41,207,1.5687639713287354
41,208,1.3751070499420166
41,209,1.4731676578521729
41,210,1.5218214988708496
41,211,1.323775291442871
41,212,1.6401885747909546
41,213,1.8943016529083252
41,214,1.1991175413131714
41,215,1.3374494314193726
41,216,1.4750664234161377
41,217,1.5673935413360596
41,218,1.2077267169952393
41,219,1.4373530149459839
41,220,1.1383261680603027
41,221,1.4224913120269775
41,222,1.3368902206420898
41,223,1.972595453262329
41,224,1.215942621231079
41,225,1.3971439599990845
41,226,1.7500262260437012
41,227,1.2722795009613037
41,228,1.300152063369751
41,229,1.5646785497665405
41,230,1.336397409439087
41,231,1.187045931816101
41,232,1.4310765266418457
41,233,1.3215692043304443
41,234,1.1580315828323364
41,235,1.5834661722183228
41,236,1.7479041814804077
41,237,1.3919758796691895
41,238,1.5114891529083252
41,239,1.2887340784072876
41,240,1.4353139400482178
41,241,1.3105275630950928
41,242,1.7826675176620483
41,243,1.2675926685333252
41,244,1.5267417430877686
41,245,1.1794493198394775
41,246,1.7545251846313477
41,247,1.6996886730194092
41,248,1.1720894575119019
41,249,1.5340206623077393
41,250,1.534041166305542
41,251,1.4150540828704834
41,252,1.4813958406448364
41,253,1.3204498291015625
41,254,1.1249353885650635
41,255,1.3959438800811768
41,256,1.1783537864685059
41,257,1.4244202375411987
41,258,1.1825445890426636
41,259,1.184424638748169
41,260,1.4621434211730957
41,261,1.4712251424789429
41,262,1.5707471370697021
41,263,1.279314398765564
41,264,1.5604922771453857
41,265,1.3918707370758057
41,266,1.6838278770446777
41,267,1.476943016052246
41,268,1.5762282609939575
41,269,1.3217378854751587
41,270,1.4173290729522705
41,271,1.3996319770812988
41,272,1.5413954257965088
41,273,1.173257827758789
41,274,2.038858652114868
41,275,1.3204065561294556
41,276,1.5105959177017212
41,277,1.422577142715454
41,278,1.5039029121398926
41,279,1.5307493209838867
41,280,1.1729965209960938
41,281,1.3316930532455444
41,282,1.6481091976165771
41,283,1.3745131492614746
41,284,1.5179694890975952
41,285,1.444432020187378
41,286,1.5186339616775513
41,287,1.3486130237579346
41,288,1.315758466720581
41,289,1.5931918621063232
41,290,1.3389160633087158
41,291,1.592454195022583
41,292,1.6317243576049805
41,293,1.488847255706787
41,294,1.319031834602356
41,295,1.4781944751739502
41,296,1.5634679794311523
41,297,1.3139266967773438
41,298,1.3729946613311768
41,299,1.811399221420288
41,300,1.2645002603530884
41,301,1.8562357425689697
41,302,1.430159568786621
41,303,1.4575440883636475
41,304,1.2459170818328857
41,305,1.7271428108215332
41,306,1.541367769241333
41,307,1.5509037971496582
41,308,1.3181878328323364
41,309,1.246983528137207
41,310,1.4205094575881958
41,311,1.4965965747833252
42,0,1.312692642211914
42,1,1.3608663082122803
42,2,1.4215664863586426
42,3,1.4277888536453247
42,4,1.558686375617981
42,5,1.400348424911499
42,6,1.3932491540908813
42,7,1.8337042331695557
42,8,1.3459007740020752
42,9,1.3856714963912964
42,10,1.3780066967010498
42,11,1.5608913898468018
42,12,1.5272327661514282
42,13,1.3797451257705688
42,14,1.1885474920272827
42,15,1.3022675514221191
42,16,1.3291618824005127
42,17,1.27506685256958
42,18,1.6072430610656738
42,19,1.479241132736206
42,20,1.4226417541503906
42,21,1.5143929719924927
42,22,1.3410906791687012
42,23,1.614478588104248
42,24,1.1255815029144287
42,25,1.3877544403076172
42,26,1.3996920585632324
42,27,1.461486577987671
42,28,1.4686486721038818
42,29,1.273618221282959
42,30,1.8632851839065552
42,31,1.532578706741333
42,32,1.4903309345245361
42,33,1.2904126644134521
42,34,1.2159231901168823
42,35,1.958284854888916
42,36,1.7054647207260132
42,37,1.5556366443634033
42,38,1.324331283569336
42,39,1.4380638599395752
42,40,1.3790197372436523
42,41,1.4370076656341553
42,42,1.406773328781128
42,43,1.2384685277938843
42,44,1.4707083702087402
42,45,1.306436538696289
42,46,1.4836537837982178
42,47,1.5685410499572754
42,48,1.3190155029296875
42,49,1.402439832687378
42,50,1.8002958297729492
42,51,1.321007251739502
42,52,1.2539416551589966
42,53,1.6005803346633911
42,54,1.294360637664795
42,55,1.666870355606079
42,56,1.3441107273101807
42,57,1.3827930688858032
42,58,1.2379530668258667
42,59,1.4165678024291992
42,60,1.3922479152679443
42,61,1.1213724613189697
42,62,1.2990970611572266
42,63,1.5730489492416382
42,64,1.6155667304992676
42,65,1.3222025632858276
42,66,1.4800610542297363
42,67,1.4182968139648438
42,68,1.5745129585266113
42,69,1.1890885829925537
42,70,1.6317353248596191
42,71,1.4747296571731567
42,72,1.2330960035324097
42,73,1.4959747791290283
42,74,1.3367609977722168
42,75,1.2736430168151855
42,76,1.4522509574890137
42,77,1.3882038593292236
42,78,1.1970257759094238
42,79,1.5424551963806152
42,80,1.2027249336242676
42,81,1.4938077926635742
42,82,1.436137080192566
42,83,1.767620325088501
42,84,1.4070340394973755
42,85,1.3690788745880127
42,86,1.4103145599365234
42,87,1.2861038446426392
42,88,1.4673551321029663
42,89,1.2896349430084229
42,90,1.603951334953308
42,91,1.1291897296905518
42,92,1.3504562377929688
42,93,1.371765375137329
42,94,1.5550751686096191
42,95,1.4731714725494385
42,96,1.4181907176971436
42,97,1.4607564210891724
42,98,1.4395296573638916
42,99,1.355501413345337
42,100,1.1873629093170166
42,101,1.3715026378631592
42,102,1.3276000022888184
42,103,1.323131799697876
42,104,1.3362877368927002
42,105,1.4932351112365723
42,106,1.2971305847167969
42,107,1.8290822505950928
42,108,1.206313967704773
42,109,1.2018144130706787
42,110,1.498411774635315
42,111,1.527273178100586
42,112,1.4676358699798584
42,113,1.8237957954406738
42,114,1.3330929279327393
42,115,1.5692418813705444
42,116,1.3158191442489624
42,117,1.5456417798995972
42,118,1.3550031185150146
42,119,1.8948731422424316
42,120,1.6731071472167969
42,121,1.4216563701629639
42,122,1.2856848239898682
42,123,1.267336130142212
42,124,1.4461079835891724
42,125,1.1635723114013672
42,126,1.2495477199554443
42,127,1.4350435733795166
42,128,1.1590704917907715
42,129,1.3234734535217285
42,130,1.369718074798584
42,131,1.468803882598877
42,132,1.2780609130859375
42,133,1.303659439086914
42,134,1.5156710147857666
42,135,1.653310775756836
42,136,1.3187799453735352
42,137,1.9450111389160156
42,138,1.4896559715270996
42,139,1.3314863443374634
42,140,1.6004393100738525
42,141,1.162057638168335
42,142,1.3954724073410034
42,143,1.3771674633026123
42,144,1.3165132999420166
42,145,1.5722298622131348
42,146,1.5592166185379028
42,147,1.4779280424118042
42,148,1.3326491117477417
42,149,1.3745856285095215
42,150,1.5419598817825317
42,151,1.3686344623565674
42,152,1.2605723142623901
42,153,1.64324951171875
42,154,1.2971587181091309
42,155,1.4127793312072754
42,156,1.2762906551361084
42,157,1.287245273590088
42,158,1.5616565942764282
42,159,1.492720603942871
42,160,1.5612056255340576
42,161,1.4719676971435547
42,162,1.0771211385726929
42,163,1.2038540840148926
42,164,1.407444953918457
42,165,1.3759129047393799
42,166,1.4606105089187622
42,167,1.5855770111083984
42,168,1.5397007465362549
42,169,1.2833187580108643
42,170,1.385664701461792
42,171,1.190093994140625
42,172,1.3447778224945068
42,173,1.8398231267929077
42,174,1.1591037511825562
42,175,1.2023812532424927
42,176,1.3256934881210327
42,177,1.536722183227539
42,178,1.4122018814086914
42,179,1.396037220954895
42,180,1.3034417629241943
42,181,1.4251328706741333
42,182,1.4138314723968506
42,183,1.4646615982055664
42,184,1.388892650604248
42,185,1.457289695739746
42,186,1.500533103942871
42,187,1.4173815250396729
42,188,1.494781494140625
42,189,1.226069450378418
42,190,1.2184768915176392
42,191,1.437347173690796
42,192,1.3535311222076416
42,193,1.5928648710250854
42,194,1.274247169494629
42,195,1.480065941810608
42,196,1.7082065343856812
42,197,1.4940372705459595
42,198,1.2450439929962158
42,199,1.6792097091674805
42,200,1.3365578651428223
42,201,1.3329508304595947
42,202,1.2509615421295166
42,203,1.319749355316162
42,204,1.420083999633789
42,205,1.499162197113037
42,206,1.3573908805847168
42,207,1.3430769443511963
42,208,1.3108350038528442
42,209,1.5729061365127563
42,210,1.4395577907562256
42,211,1.5380398035049438
42,212,1.1317195892333984
42,213,1.3506134748458862
42,214,1.2175235748291016
42,215,1.3500242233276367
42,216,1.396425485610962
42,217,1.6975747346878052
42,218,1.268048644065857
42,219,1.436866044998169
42,220,1.7013487815856934
42,221,1.3022351264953613
42,222,1.4422173500061035
42,223,1.1974496841430664
42,224,1.4614437818527222
42,225,1.3959870338439941
42,226,1.5377305746078491
42,227,1.5296456813812256
42,228,1.2644885778427124
42,229,1.5173758268356323
42,230,1.4584200382232666
42,231,1.7245385646820068
42,232,1.418294906616211
42,233,1.5391011238098145
42,234,1.4873039722442627
42,235,1.5244773626327515
42,236,1.1663174629211426
42,237,1.5301473140716553
42,238,1.2679193019866943
42,239,1.4276275634765625
42,240,1.6234652996063232
42,241,1.239777684211731
42,242,1.3480266332626343
42,243,1.6128385066986084
42,244,1.5386449098587036
42,245,2.0333914756774902
42,246,1.3062124252319336
42,247,1.49936842918396
42,248,1.6095439195632935
42,249,1.0785431861877441
42,250,1.413706660270691
42,251,1.2600077390670776
42,252,1.5382874011993408
42,253,1.4483869075775146
42,254,1.4071719646453857
42,255,1.2175482511520386
42,256,1.433436393737793
42,257,1.6092469692230225
42,258,1.2841293811798096
42,259,1.4187626838684082
42,260,1.1989383697509766
42,261,1.3767645359039307
42,262,1.3924452066421509
42,263,1.2858154773712158
42,264,1.5309910774230957
42,265,1.2996586561203003
42,266,1.4265522956848145
42,267,1.290041208267212
42,268,1.2519147396087646
42,269,1.2821102142333984
42,270,1.3456623554229736
42,271,1.6703100204467773
42,272,1.4067258834838867
42,273,1.7738406658172607
42,274,1.3417375087738037
42,275,1.3167223930358887
42,276,1.1838855743408203
42,277,1.3629460334777832
42,278,1.7984510660171509
42,279,1.7636805772781372
42,280,1.3775790929794312
42,281,1.4105780124664307
42,282,1.3768775463104248
42,283,1.2828882932662964
42,284,1.7126119136810303
42,285,1.1622886657714844
42,286,1.177294135093689
42,287,1.6098101139068604
42,288,1.3704216480255127
42,289,1.41195547580719
42,290,1.6587750911712646
42,291,1.4574847221374512
42,292,1.108826994895935
42,293,1.6324952840805054
42,294,1.179551601409912
42,295,1.2398037910461426
42,296,1.3390531539916992
42,297,1.4460042715072632
42,298,1.5436309576034546
42,299,1.4429128170013428
42,300,1.292333960533142
42,301,1.733880639076233
42,302,1.3157964944839478
42,303,1.3691840171813965
42,304,1.637619137763977
42,305,1.4235775470733643
42,306,1.3490686416625977
42,307,1.3142459392547607
42,308,1.4039082527160645
42,309,1.374617338180542
42,310,1.4126884937286377
42,311,1.441584587097168
43,0,1.041746735572815
43,1,1.472938895225525
43,2,1.3633962869644165
43,3,1.325510025024414
43,4,1.2278685569763184
43,5,1.1932775974273682
43,6,1.295833706855774
43,7,1.3005127906799316
43,8,1.4346415996551514
43,9,1.361912488937378
43,10,1.2587952613830566
43,11,1.2740541696548462
43,12,1.327427625656128
43,13,1.2728424072265625
43,14,1.734008550643921
43,15,1.9303555488586426
43,16,1.8019392490386963
43,17,1.2532310485839844
43,18,1.1715552806854248
43,19,1.488824725151062
43,20,1.5108219385147095
43,21,1.3071908950805664
43,22,1.2016812562942505
43,23,1.5842809677124023
43,24,1.18184232711792
43,25,1.3334773778915405
43,26,1.2463047504425049
43,27,1.2205777168273926
43,28,1.440225601196289
43,29,1.246276617050171
43,30,1.3821598291397095
43,31,1.516252040863037
43,32,1.346860408782959
43,33,1.3214709758758545
43,34,1.4215682744979858
43,35,1.4345513582229614
43,36,1.5155837535858154
43,37,1.485853672027588
43,38,1.3657615184783936
43,39,1.2360469102859497
43,40,1.3673131465911865
43,41,1.4027280807495117
43,42,1.726489543914795
43,43,1.2413991689682007
43,44,1.5757648944854736
43,45,1.2315319776535034
43,46,1.3825485706329346
43,47,1.5604125261306763
43,48,1.2740941047668457
43,49,1.3679420948028564
43,50,1.2051682472229004
43,51,1.1488449573516846
43,52,1.315478801727295
43,53,1.2612838745117188
43,54,1.2981417179107666
43,55,1.6563868522644043
43,56,1.1576356887817383
43,57,1.6426067352294922
43,58,1.203623652458191
43,59,1.4802802801132202
43,60,1.1604459285736084
43,61,1.3862121105194092
43,62,1.307753324508667
43,63,1.4965040683746338
43,64,1.389078140258789
43,65,1.2169742584228516
43,66,1.3199259042739868
43,67,1.3197755813598633
43,68,1.4562394618988037
43,69,1.2682929039001465
43,70,1.4067904949188232
43,71,1.348456859588623
43,72,1.119638442993164
43,73,1.3447448015213013
43,74,1.34102201461792
43,75,1.2220051288604736
43,76,1.3910268545150757
43,77,1.1480408906936646
43,78,1.2337576150894165
43,79,1.2882533073425293
43,80,1.3448786735534668
43,81,1.134552001953125
43,82,1.1692368984222412
43,83,1.479353904724121
43,84,1.2540756464004517
43,85,1.2848058938980103
43,86,1.2917370796203613
43,87,1.403451681137085
43,88,1.2474029064178467
43,89,1.158968448638916
43,90,1.3222894668579102
43,91,1.2736825942993164
43,92,1.4002227783203125
43,93,1.6455801725387573
43,94,1.3927066326141357
43,95,1.3602991104125977
43,96,1.4783179759979248
43,97,1.1435481309890747
43,98,1.1951199769973755
43,99,1.400757908821106
43,100,1.37820565700531
43,101,1.5026724338531494
43,102,1.2687089443206787
43,103,1.2248966693878174
43,104,1.4156255722045898
43,105,1.393436312675476
43,106,1.4962637424468994
43,107,1.1777403354644775
43,108,1.2944995164871216
43,109,1.579355001449585
43,110,1.2750228643417358
43,111,1.439045786857605
43,112,1.3363964557647705
43,113,1.4142266511917114
43,114,1.3301043510437012
43,115,1.2509009838104248
43,116,1.3859883546829224
43,117,1.508156657218933
43,118,1.3152284622192383
43,119,1.4882166385650635
43,120,1.4340786933898926
43,121,1.2452051639556885
43,122,1.332518458366394
43,123,1.1523776054382324
43,124,1.5051474571228027
43,125,1.4281384944915771
43,126,1.6170287132263184
43,127,1.2912572622299194
43,128,1.2877821922302246
43,129,1.3055870532989502
43,130,1.376783847808838
43,131,1.2669823169708252
43,132,1.5296931266784668
43,133,1.4566476345062256
43,134,1.306843876838684
43,135,1.3227338790893555
43,136,1.174785852432251
43,137,1.4148422479629517
43,138,1.3628618717193604
43,139,1.4037518501281738
43,140,1.3986027240753174
43,141,1.290223479270935
43,142,1.425536870956421
43,143,1.5349602699279785
43,144,1.6718828678131104
43,145,1.448246717453003
43,146,1.2374273538589478
43,147,1.2388801574707031
43,148,1.222425937652588
43,149,1.2946414947509766
43,150,1.36940336227417
43,151,1.4870004653930664
43,152,1.2075047492980957
43,153,1.368288278579712
43,154,1.4591283798217773
43,155,1.6281728744506836
43,156,1.3215954303741455
43,157,1.26502525806427
43,158,1.3472105264663696
43,159,1.4505534172058105
43,160,1.3900842666625977
43,161,1.1711483001708984
43,162,1.3805694580078125
43,163,1.1900560855865479
43,164,1.4679934978485107
43,165,1.470640778541565
43,166,1.3899441957473755
43,167,1.0379054546356201
43,168,1.3595507144927979
43,169,1.396694540977478
43,170,1.3135579824447632
43,171,1.5791823863983154
43,172,1.2144091129302979
43,173,1.2883292436599731
43,174,1.3332173824310303
43,175,1.643871784210205
43,176,1.4413928985595703
43,177,1.4487876892089844
43,178,1.5086328983306885
43,179,1.8184540271759033
43,180,1.5919642448425293
43,181,1.543039321899414
43,182,1.3174030780792236
43,183,1.1066243648529053
43,184,1.2248804569244385
43,185,1.4041531085968018
43,186,1.3714063167572021
43,187,1.4526429176330566
43,188,1.244102954864502
43,189,1.5686554908752441
43,190,1.2908141613006592
43,191,1.2317721843719482
43,192,1.5516555309295654
43,193,1.2205030918121338
43,194,1.329874873161316
43,195,1.5700623989105225
43,196,1.3992705345153809
43,197,1.5808753967285156
43,198,1.4135186672210693
43,199,1.2616004943847656
43,200,1.219709873199463
43,201,1.234902262687683
43,202,1.2680983543395996
43,203,1.8839328289031982
43,204,1.2971115112304688
43,205,1.1575000286102295
43,206,1.492790699005127
43,207,1.4422757625579834
43,208,1.2318228483200073
43,209,1.500720500946045
43,210,1.209457278251648
43,211,1.4980942010879517
43,212,1.1575236320495605
43,213,1.2149444818496704
43,214,1.2100622653961182
43,215,1.3883843421936035
43,216,1.1934291124343872
43,217,1.2832199335098267
43,218,1.279626488685608
43,219,1.4190287590026855
43,220,1.3124080896377563
43,221,1.1799354553222656
43,222,1.4203163385391235
43,223,1.3727073669433594
43,224,1.506295919418335
43,225,1.2809922695159912
43,226,1.1860454082489014
43,227,1.2150180339813232
43,228,1.2122308015823364
43,229,1.6084859371185303
43,230,1.4477087259292603
43,231,1.3657881021499634
43,232,1.4776626825332642
43,233,1.5731408596038818
43,234,1.4099326133728027
43,235,1.1545828580856323
43,236,1.4730775356292725
43,237,1.3727052211761475
43,238,1.3105993270874023
43,239,1.480973243713379
43,240,1.72939133644104
43,241,1.311472773551941
43,242,1.305816411972046
43,243,1.5005611181259155
43,244,1.2491450309753418
43,245,1.6622477769851685
43,246,1.3892135620117188
43,247,1.2843043804168701
43,248,1.2477636337280273
43,249,1.3099013566970825
43,250,1.575270652770996
43,251,1.254653811454773
43,252,1.201993465423584
43,253,1.6837393045425415
43,254,1.5797290802001953
43,255,1.1870208978652954
43,256,1.5631439685821533
43,257,1.5908414125442505
43,258,1.6011114120483398
43,259,1.144144058227539
43,260,1.6144014596939087
43,261,1.3705300092697144
43,262,1.3323302268981934
43,263,1.223879337310791
43,264,1.2063846588134766
43,265,1.4345779418945312
43,266,1.4730585813522339
43,267,1.3653655052185059
43,268,1.683421015739441
43,269,1.2642922401428223
43,270,1.3989917039871216
43,271,1.4089508056640625
43,272,1.3483787775039673
43,273,1.2567716836929321
43,274,1.2604308128356934
43,275,1.2658674716949463
43,276,1.474168062210083
43,277,1.3258343935012817
43,278,1.610694169998169
43,279,1.2097954750061035
43,280,1.3421902656555176
43,281,1.533031940460205
43,282,1.68178129196167
43,283,1.2300114631652832
43,284,1.4062411785125732
43,285,1.1904308795928955
43,286,1.51271653175354
43,287,1.4977303743362427
43,288,1.7847745418548584
43,289,1.2838478088378906
43,290,1.288207769393921
43,291,1.1555867195129395
43,292,1.3758747577667236
43,293,1.4890681505203247
43,294,1.3767461776733398
43,295,1.3237903118133545
43,296,1.450890302658081
43,297,1.2970445156097412
43,298,1.215675711631775
43,299,1.450890302658081
43,300,1.3800642490386963
43,301,1.4252526760101318
43,302,1.270171880722046
43,303,1.4344666004180908
43,304,1.2578825950622559
43,305,1.4803657531738281
43,306,1.1981229782104492
43,307,1.33365797996521
43,308,1.231231451034546
43,309,1.3994793891906738
43,310,1.3113505840301514
43,311,1.4513907432556152
44,0,1.5058341026306152
44,1,1.1754331588745117
44,2,1.2949261665344238
44,3,1.4135117530822754
44,4,1.2952001094818115
44,5,1.605378270149231
44,6,1.3866689205169678
44,7,1.3303351402282715
44,8,1.192902684211731
44,9,1.8912712335586548
44,10,1.271576166152954
44,11,1.486716389656067
44,12,1.318652868270874
44,13,1.3934099674224854
44,14,1.244996190071106
44,15,1.2777378559112549
44,16,1.5838913917541504
44,17,1.1323659420013428
44,18,1.3592461347579956
44,19,1.3297443389892578
44,20,1.3806023597717285
44,21,1.219635248184204
44,22,1.2838116884231567
44,23,1.1833386421203613
44,24,1.5651401281356812
44,25,1.322859764099121
44,26,1.38421630859375
44,27,1.1294479370117188
44,28,1.286060094833374
44,29,1.2551134824752808
44,30,1.4656872749328613
44,31,1.7499511241912842
44,32,1.7636981010437012
44,33,1.352536916732788
44,34,1.3926982879638672
44,35,1.2709617614746094
44,36,1.2293238639831543
44,37,1.3686788082122803
44,38,1.4338738918304443
44,39,1.460267186164856
44,40,1.21403169631958
44,41,1.6418768167495728
44,42,1.4741241931915283
44,43,1.367629051208496
44,44,1.4116027355194092
44,45,1.133417010307312
44,46,1.174052119255066
44,47,1.368755578994751
44,48,1.2367796897888184
44,49,1.389695405960083
44,50,1.3374803066253662
44,51,1.149623990058899
44,52,1.5941170454025269
44,53,1.4860198497772217
44,54,1.5784835815429688
44,55,1.3959157466888428
44,56,1.6007955074310303
44,57,1.499153971672058
44,58,1.3587517738342285
44,59,1.174635410308838
44,60,1.4206137657165527
44,61,1.3588658571243286
44,62,1.4847203493118286
44,63,1.456064224243164
44,64,1.3511830568313599
44,65,1.3114228248596191
44,66,1.3951462507247925
44,67,1.1891158819198608
44,68,1.5211247205734253
44,69,1.287422776222229
44,70,1.2675766944885254
44,71,1.3595547676086426
44,72,1.3060548305511475
44,73,1.629521369934082
44,74,1.2108581066131592
44,75,1.3853181600570679
44,76,1.502455234527588
44,77,1.4107511043548584
44,78,1.3447377681732178
44,79,1.5144253969192505
44,80,1.1901146173477173
44,81,1.312981367111206
44,82,1.4429380893707275
44,83,1.461787223815918
44,84,1.341226577758789
44,85,1.2924760580062866
44,86,1.269615650177002
44,87,1.4856064319610596
44,88,1.6937823295593262
44,89,1.3807398080825806
44,90,1.432011604309082
44,91,1.1431381702423096
44,92,1.3720407485961914
44,93,1.4177132844924927
44,94,1.3669712543487549
44,95,1.3645973205566406
44,96,1.1234513521194458
44,97,1.2627363204956055
44,98,1.4902403354644775
44,99,1.4982388019561768
44,100,1.2455487251281738
44,101,1.2399823665618896
44,102,1.3113420009613037
44,103,1.1529616117477417
44,104,1.5194802284240723
44,105,1.3687350749969482
44,106,1.6225214004516602
44,107,1.1228363513946533
44,108,1.4972045421600342
44,109,1.2313096523284912
44,110,1.1416984796524048
44,111,1.309455156326294
44,112,1.5341662168502808
44,113,1.2369484901428223
44,114,1.6283223628997803
44,115,1.53120756149292
44,116,1.51435124874115
44,117,1.1106321811676025
44,118,1.516086459159851
44,119,1.6778757572174072
44,120,1.281592607498169
44,121,1.4720826148986816
44,122,1.4484310150146484
44,123,1.3004573583602905
44,124,1.3429635763168335
44,125,1.367554783821106
44,126,1.3804618120193481
44,127,1.4882477521896362
44,128,1.1731740236282349
44,129,1.371192216873169
44,130,1.4347095489501953
44,131,1.2129071950912476
44,132,1.68265700340271
44,133,1.571122169494629
44,134,1.2460300922393799
44,135,1.3003606796264648
44,136,1.238864541053772
44,137,1.4237432479858398
44,138,1.225992202758789
44,139,1.2631120681762695
44,140,1.3184075355529785
44,141,1.3926390409469604
44,142,1.240524411201477
44,143,1.6418445110321045
44,144,1.4421530961990356
44,145,1.2340604066848755
44,146,1.3796796798706055
44,147,1.5676510334014893
44,148,1.2434213161468506
44,149,1.1439045667648315
44,150,1.407686471939087
44,151,1.3261253833770752
44,152,1.3233168125152588
44,153,1.340430498123169
44,154,1.1000399589538574
44,155,1.2311841249465942
44,156,1.2612676620483398
44,157,1.3387795686721802
44,158,1.3420517444610596
44,159,1.4406003952026367
44,160,1.5495500564575195
44,161,1.302581787109375
44,162,1.4961252212524414
44,163,1.2541784048080444
44,164,1.3273383378982544
44,165,1.5774210691452026
44,166,1.2956463098526
44,167,1.4229867458343506
44,168,1.1235262155532837
44,169,1.4799410104751587
44,170,1.1849766969680786
44,171,1.1834511756896973
44,172,1.4715476036071777
44,173,1.4427869319915771
44,174,1.379647970199585
44,175,1.3254932165145874
44,176,1.3077250719070435
44,177,1.8126869201660156
44,178,1.3372836112976074
44,179,1.338578462600708
44,180,1.431423306465149
44,181,1.2951185703277588
44,182,1.365614414215088
44,183,1.3122985363006592
44,184,1.4800927639007568
44,185,1.3358163833618164
44,186,1.4907722473144531
44,187,1.4546558856964111
44,188,1.4337784051895142
44,189,1.3619245290756226
44,190,1.4246258735656738
44,191,1.7460415363311768
44,192,1.2128984928131104
44,193,1.720892310142517
44,194,1.2677106857299805
44,195,1.2868037223815918
44,196,2.0379185676574707
44,197,1.4466702938079834
44,198,1.4872338771820068
44,199,1.24288010597229
44,200,1.5230028629302979
44,201,1.4020929336547852
44,202,1.5672286748886108
44,203,1.281437873840332
44,204,1.4627652168273926
44,205,1.2356343269348145
44,206,1.6889293193817139
44,207,1.1499360799789429
44,208,1.4610676765441895
44,209,1.5219700336456299
44,210,1.4397907257080078
44,211,1.1082450151443481
44,212,1.3340940475463867
44,213,1.1141725778579712
44,214,1.3653790950775146
44,215,1.2861872911453247
44,216,1.2882531881332397
44,217,1.330477237701416
44,218,1.4659318923950195
44,219,1.3361201286315918
44,220,1.6149823665618896
44,221,1.4371254444122314
44,222,1.654290795326233
44,223,1.0240283012390137
44,224,1.238872766494751
44,225,1.258791208267212
44,226,1.566657304763794
44,227,1.1164298057556152
44,228,1.75606369972229
44,229,1.1615006923675537
44,230,1.4223155975341797
44,231,1.3642339706420898
44,232,1.482060432434082
44,233,1.5250937938690186
44,234,1.277531623840332
44,235,1.3044524192810059
44,236,1.2816803455352783
44,237,1.2569315433502197
44,238,1.4136245250701904
44,239,1.1854380369186401
44,240,1.0868949890136719
44,241,1.6074100732803345
44,242,1.3239153623580933
44,243,1.4274024963378906
44,244,1.3702441453933716
44,245,1.2979077100753784
44,246,1.4228277206420898
44,247,1.5232775211334229
44,248,1.8478553295135498
44,249,1.3888832330703735
44,250,1.3742566108703613
44,251,1.5881325006484985
44,252,1.3421916961669922
44,253,1.1986554861068726
44,254,1.2003501653671265
44,255,1.3345715999603271
44,256,1.199901819229126
44,257,1.5914490222930908
44,258,1.2810388803482056
44,259,1.376077651977539
44,260,1.5546607971191406
44,261,1.5508735179901123
44,262,1.4145596027374268
44,263,1.2841461896896362
44,264,1.3992087841033936
44,265,1.2412387132644653
44,266,1.3262990713119507
44,267,1.692097783088684
44,268,1.444653034210205
44,269,1.3505189418792725
44,270,1.7587077617645264
44,271,1.3333063125610352
44,272,1.2570639848709106
44,273,1.3298962116241455
44,274,1.2506276369094849
44,275,1.2903597354888916
44,276,1.258066177368164
44,277,1.526293396949768
44,278,1.3900270462036133
44,279,1.4733912944793701
44,280,1.3385239839553833
44,281,1.3891109228134155
44,282,1.3999030590057373
44,283,1.2979919910430908
44,284,1.399916648864746
44,285,1.2837694883346558
44,286,1.3282630443572998
44,287,1.2158252000808716
44,288,1.3064312934875488
44,289,1.3659751415252686
44,290,1.3731688261032104
44,291,1.7503807544708252
44,292,1.236286997795105
44,293,1.2758415937423706
44,294,1.3878623247146606
44,295,1.3669095039367676
44,296,1.3872346878051758
44,297,1.2768199443817139
44,298,1.2903324365615845
44,299,1.4100444316864014
44,300,1.3573784828186035
44,301,1.5141260623931885
44,302,1.3039658069610596
44,303,1.5887730121612549
44,304,1.3837344646453857
44,305,1.388298749923706
44,306,1.669572353363037
44,307,1.3709468841552734
44,308,1.3816375732421875
44,309,1.4506826400756836
44,310,2.019282817840576
44,311,1.695447325706482
45,0,1.3015131950378418
45,1,1.389234185218811
45,2,1.474092960357666
45,3,1.323601484298706
45,4,1.6032309532165527
45,5,1.1895819902420044
45,6,1.2938075065612793
45,7,1.4425216913223267
45,8,1.2675631046295166
45,9,1.3104623556137085
45,10,1.2837305068969727
45,11,1.1762733459472656
45,12,1.4470443725585938
45,13,1.3203542232513428
45,14,1.7716538906097412
45,15,1.516822338104248
45,16,1.338301181793213
45,17,1.3441507816314697
45,18,1.417622685432434
45,19,1.590409278869629
45,20,1.342298984527588
45,21,1.2380861043930054
45,22,1.4014079570770264
45,23,1.5303270816802979
45,24,1.1933233737945557
45,25,1.29594087600708
45,26,1.1405198574066162
45,27,1.5384070873260498
45,28,1.1766915321350098
45,29,1.2397581338882446
45,30,1.1474186182022095
45,31,1.4260722398757935
45,32,1.4225263595581055
45,33,1.4502290487289429
45,34,1.231592059135437
45,35,1.3843040466308594
45,36,1.2701594829559326
45,37,1.3268119096755981
45,38,1.132388949394226
45,39,1.3126723766326904
45,40,1.4283959865570068
45,41,1.2928930521011353
45,42,1.3847250938415527
45,43,1.4825356006622314
45,44,1.592071533203125
45,45,1.8941324949264526
45,46,1.189054250717163
45,47,1.4729783535003662
45,48,1.1955814361572266
45,49,1.1256200075149536
45,50,1.522629737854004
45,51,1.4024335145950317
45,52,1.3168683052062988
45,53,1.4281400442123413
45,54,1.3630561828613281
45,55,1.4340431690216064
45,56,1.6528844833374023
45,57,1.1869964599609375
45,58,1.1123566627502441
45,59,1.3319966793060303
45,60,1.568861484527588
45,61,1.3654112815856934
45,62,1.186122179031372
45,63,1.2873989343643188
45,64,1.2319154739379883
45,65,1.3062039613723755
45,66,1.4393806457519531
45,67,1.1855456829071045
45,68,1.4012473821640015
45,69,1.3092410564422607
45,70,1.5234341621398926
45,71,1.79659104347229
45,72,1.5684282779693604
45,73,1.1855424642562866
45,74,1.2843854427337646
45,75,1.1750047206878662
45,76,1.3390016555786133
45,77,1.4188776016235352
45,78,1.1405386924743652
45,79,1.5416613817214966
45,80,1.3891913890838623
45,81,1.2419660091400146
45,82,1.4721770286560059
45,83,1.560502290725708
45,84,1.3215136528015137
45,85,1.5199474096298218
45,86,1.4581382274627686
45,87,1.2654361724853516
45,88,1.441983699798584
45,89,1.2619274854660034
45,90,1.4318935871124268
45,91,1.5943059921264648
45,92,1.2762752771377563
45,93,1.5405962467193604
45,94,1.6744821071624756
45,95,1.365779161453247
45,96,1.3928496837615967
45,97,1.5101615190505981
45,98,1.1917743682861328
45,99,1.3019198179244995
45,100,1.6326743364334106
45,101,1.2721753120422363
45,102,1.3270026445388794
45,103,1.2848827838897705
45,104,1.225961446762085
45,105,1.5376672744750977
45,106,1.1507346630096436
45,107,1.3655421733856201
45,108,1.3136942386627197
45,109,1.068643569946289
45,110,1.265914797782898
45,111,1.3749253749847412
45,112,1.305799961090088
45,113,1.4181268215179443
45,114,1.356764316558838
45,115,1.3064663410186768
45,116,1.3562079668045044
45,117,1.591968297958374
45,118,1.4425218105316162
45,119,1.4577324390411377
45,120,1.7167528867721558
45,121,1.434644103050232
45,122,1.2934249639511108
45,123,1.492173194885254
45,124,1.4565815925598145
45,125,1.2588691711425781
45,126,1.4203345775604248
45,127,1.4532396793365479
45,128,1.3684446811676025
45,129,1.2023627758026123
45,130,1.2136081457138062
45,131,1.3838273286819458
45,132,1.2309558391571045
45,133,1.3735122680664062
45,134,1.3811091184616089
45,135,1.2964048385620117
45,136,1.569190263748169
45,137,1.4303221702575684
45,138,1.4032877683639526
45,139,1.2252439260482788
45,140,1.4891473054885864
45,141,1.5020161867141724
45,142,1.459479570388794
45,143,1.1997640132904053
45,144,1.242685317993164
45,145,1.5697815418243408
45,146,1.3287343978881836
45,147,1.2603750228881836
45,148,1.128442645072937
45,149,1.415069818496704
45,150,1.3805489540100098
45,151,1.3602874279022217
45,152,1.3173638582229614
45,153,1.5169472694396973
45,154,1.5344001054763794
45,155,1.6532516479492188
45,156,1.331055998802185
45,157,1.3300917148590088
45,158,1.4622347354888916
45,159,1.3771824836730957
45,160,1.1909189224243164
45,161,1.2374615669250488
45,162,1.372288703918457
45,163,1.321014642715454
45,164,1.4681305885314941
45,165,1.3810334205627441
45,166,1.524571418762207
45,167,1.3191940784454346
45,168,1.284835934638977
45,169,1.2863187789916992
45,170,1.3955439329147339
45,171,1.3921229839324951
45,172,1.4091873168945312
45,173,1.4758379459381104
45,174,1.39693021774292
45,175,1.3253690004348755
45,176,1.3399126529693604
45,177,1.6536149978637695
45,178,1.592954397201538
45,179,1.2530450820922852
45,180,1.4189943075180054
45,181,1.3720040321350098
45,182,1.2404824495315552
45,183,1.2853155136108398
45,184,1.4145106077194214
45,185,1.3672294616699219
45,186,1.648688554763794
45,187,1.1990928649902344
45,188,1.1675418615341187
45,189,1.3287391662597656
45,190,1.2910070419311523
45,191,1.1802570819854736
45,192,1.692169189453125
45,193,1.3624937534332275
45,194,1.4340837001800537
45,195,1.4374704360961914
45,196,1.4284718036651611
45,197,1.6526788473129272
45,198,1.2385659217834473
45,199,1.430631160736084
45,200,1.3827654123306274
45,201,1.0877506732940674
45,202,1.2398486137390137
45,203,1.7396256923675537
45,204,1.275977611541748
45,205,1.4045363664627075
45,206,1.4035413265228271
45,207,1.1103758811950684
45,208,1.2719457149505615
45,209,1.462148666381836
45,210,1.0948032140731812
45,211,1.291663646697998
45,212,1.615227460861206
45,213,1.2250550985336304
45,214,1.3304152488708496
45,215,1.130072832107544
45,216,1.491583228111267
45,217,1.5124266147613525
45,218,1.4710865020751953
45,219,1.743459939956665
45,220,1.3399293422698975
45,221,1.3591439723968506
45,222,1.4535225629806519
45,223,1.515479564666748
45,224,1.4546421766281128
45,225,1.346862554550171
45,226,1.6005570888519287
45,227,1.7421276569366455
45,228,1.5821025371551514
45,229,1.3047778606414795
45,230,1.5704877376556396
45,231,1.6992754936218262
45,232,1.2476844787597656
45,233,1.6691951751708984
45,234,1.3197381496429443
45,235,1.3796979188919067
45,236,1.3110508918762207
45,237,1.2951395511627197
45,238,1.3244705200195312
45,239,1.2400519847869873
45,240,1.1529481410980225
45,241,1.282650113105774
45,242,1.2991247177124023
45,243,1.3501803874969482
45,244,1.420046329498291
45,245,1.2584196329116821
45,246,1.0754146575927734
45,247,1.37863290309906
45,248,1.3456499576568604
45,249,1.2325433492660522
45,250,1.2165279388427734
45,251,1.4688022136688232
45,252,1.2756942510604858
45,253,1.218126654624939
45,254,1.281733751296997
45,255,1.4291067123413086
45,256,1.218583106994629
45,257,1.4266167879104614
45,258,1.231745719909668
45,259,1.178573489189148
45,260,1.30997896194458
45,261,1.3231836557388306
45,262,1.258516550064087
45,263,1.3713505268096924
45,264,1.2529590129852295
45,265,1.5211598873138428
45,266,1.5021064281463623
45,267,1.2915652990341187
45,268,1.3181318044662476
45,269,1.507479190826416
45,270,1.490030288696289
45,271,1.4313695430755615
45,272,1.6229217052459717
45,273,1.1039159297943115
45,274,1.3422424793243408
45,275,1.3994815349578857
45,276,1.4739258289337158
45,277,1.4588035345077515
45,278,1.3995449542999268
45,279,1.5010300874710083
45,280,1.4905024766921997
45,281,1.372204065322876
45,282,1.21889328956604
45,283,1.380444049835205
45,284,1.372389554977417
45,285,1.301002025604248
45,286,1.4158639907836914
45,287,1.4772295951843262
45,288,1.517202377319336
45,289,1.2833526134490967
45,290,1.2484257221221924
45,291,1.3846935033798218
45,292,1.4312068223953247
45,293,1.2808369398117065
45,294,1.3506652116775513
45,295,1.5787603855133057
45,296,1.3431446552276611
45,297,1.401379108428955
45,298,1.4321527481079102
45,299,1.244112253189087
45,300,1.4848613739013672
45,301,1.2999027967453003
45,302,1.499479055404663
45,303,1.3184036016464233
45,304,1.3909499645233154
45,305,1.422290563583374
45,306,1.276993751525879
45,307,1.4146513938903809
45,308,1.344865322113037
45,309,1.2866909503936768
45,310,1.4291033744812012
45,311,1.2555148601531982
46,0,1.3132596015930176
46,1,1.2218703031539917
46,2,1.2322940826416016
46,3,1.3244233131408691
46,4,1.1671762466430664
46,5,1.3619734048843384
46,6,1.2498664855957031
46,7,1.2478556632995605
46,8,1.6320524215698242
46,9,1.4326226711273193
46,10,1.2127418518066406
46,11,1.3650614023208618
46,12,1.2833319902420044
46,13,1.0793029069900513
46,14,1.20261549949646
46,15,1.4466568231582642
46,16,1.2800824642181396
46,17,1.293910026550293
46,18,1.5274925231933594
46,19,1.3091133832931519
46,20,1.5233500003814697
46,21,1.23727285861969
46,22,1.4933054447174072
46,23,1.2263413667678833
46,24,1.420632243156433
46,25,1.432115077972412
46,26,1.2328760623931885
46,27,1.6377084255218506
46,28,1.2613166570663452
46,29,1.574399709701538
46,30,1.294156551361084
46,31,1.442704200744629
46,32,1.3127899169921875
46,33,1.4224095344543457
46,34,1.4670982360839844
46,35,1.506534457206726
46,36,1.378942608833313
46,37,1.5336850881576538
46,38,1.1893247365951538
46,39,1.4339444637298584
46,40,1.495525598526001
46,41,1.2101092338562012
46,42,1.6534067392349243
46,43,1.523879051208496
46,44,1.4058806896209717
46,45,1.346348524093628
46,46,1.1885526180267334
46,47,1.382927656173706
46,48,1.2725980281829834
46,49,1.2618085145950317
46,50,1.3367493152618408
46,51,1.4634472131729126
46,52,1.269455909729004
46,53,1.3598814010620117
46,54,1.3086438179016113
46,55,1.3153666257858276
46,56,1.461205005645752
46,57,1.5887534618377686
46,58,1.3078153133392334
46,59,1.6205352544784546
46,60,1.5197720527648926
46,61,1.6209816932678223
46,62,1.5749900341033936
46,63,1.7530479431152344
46,64,1.712843894958496
46,65,1.641082763671875
46,66,1.5362608432769775
46,67,1.3229479789733887
46,68,1.5226094722747803
46,69,1.32722806930542
46,70,1.31879723072052
46,71,1.4219796657562256
46,72,1.5688304901123047
46,73,1.566173791885376
46,74,1.2575416564941406
46,75,1.4122061729431152
46,76,1.1439104080200195
46,77,1.6064175367355347
46,78,1.3171464204788208
46,79,1.257533311843872
46,80,1.4583423137664795
46,81,1.5846829414367676
46,82,1.6456472873687744
46,83,1.3664937019348145
46,84,1.2426307201385498
46,85,1.4080846309661865
46,86,1.1579450368881226
46,87,1.6100294589996338
46,88,1.4062070846557617
46,89,1.2994632720947266
46,90,1.4340426921844482
46,91,1.4754207134246826
46,92,1.2528374195098877
46,93,1.3551114797592163
46,94,1.4937934875488281
46,95,1.3447105884552002
46,96,1.732227087020874
46,97,1.2506123781204224
46,98,1.416762113571167
46,99,1.2596442699432373
46,100,1.5339512825012207
46,101,1.2084543704986572
46,102,1.2445988655090332
46,103,1.2414665222167969
46,104,1.0920751094818115
46,105,1.2040449380874634
46,106,1.337744951248169
46,107,1.1023409366607666
46,108,1.3205091953277588
46,109,1.2792632579803467
46,110,1.2502790689468384
46,111,1.547980546951294
46,112,1.1534485816955566
46,113,1.557966947555542
46,114,1.1987189054489136
46,115,1.1936452388763428
46,116,1.581760287284851
46,117,1.279012680053711
46,118,1.340890645980835
46,119,1.320007562637329
46,120,1.1122547388076782
46,121,1.2799826860427856
46,122,1.293094515800476
46,123,1.4186313152313232
46,124,1.1585220098495483
46,125,1.3701146841049194
46,126,1.443206787109375
46,127,1.4499435424804688
46,128,1.3669286966323853
46,129,1.6776187419891357
46,130,1.3883143663406372
46,131,1.6818957328796387
46,132,1.661392331123352
46,133,1.363307237625122
46,134,1.4375770092010498
46,135,1.3811349868774414
46,136,1.4135026931762695
46,137,1.2848320007324219
46,138,1.2609336376190186
46,139,1.2421510219573975
46,140,1.1698137521743774
46,141,1.2484910488128662
46,142,1.4323458671569824
46,143,1.1218953132629395
46,144,1.537135124206543
46,145,1.2126011848449707
46,146,1.2797002792358398
46,147,1.2679462432861328
46,148,1.2850210666656494
46,149,1.3190264701843262
46,150,1.380518913269043
46,151,1.3425045013427734
46,152,1.3189423084259033
46,153,1.342839241027832
46,154,1.468245506286621
46,155,1.1337037086486816
46,156,1.5958882570266724
46,157,1.1778393983840942
46,158,1.5237843990325928
46,159,1.236899971961975
46,160,1.156510591506958
46,161,1.3777015209197998
46,162,1.319197416305542
46,163,1.8429285287857056
46,164,1.468446969985962
46,165,1.1684150695800781
46,166,1.513800859451294
46,167,1.5921096801757812
46,168,1.3547040224075317
46,169,1.433537244796753
46,170,1.2762776613235474
46,171,1.5578174591064453
46,172,1.5314691066741943
46,173,1.3717710971832275
46,174,1.4293133020401
46,175,1.306491732597351
46,176,1.8103069067001343
46,177,1.3193119764328003
46,178,1.5000975131988525
46,179,1.1013737916946411
46,180,1.2374345064163208
46,181,1.3502850532531738
46,182,1.0563905239105225
46,183,1.206992506980896
46,184,1.3896725177764893
46,185,1.1468591690063477
46,186,1.7023100852966309
46,187,1.4412884712219238
46,188,1.4622981548309326
46,189,1.116436243057251
46,190,1.312391996383667
46,191,1.387650728225708
46,192,1.5620794296264648
46,193,1.3101763725280762
46,194,1.3670477867126465
46,195,1.2733654975891113
46,196,1.19854736328125
46,197,1.296034812927246
46,198,1.2994496822357178
46,199,1.2345476150512695
46,200,1.4303529262542725
46,201,1.5344626903533936
46,202,1.2343103885650635
46,203,1.1814546585083008
46,204,1.1767866611480713
46,205,1.530068039894104
46,206,1.2660737037658691
46,207,1.3046064376831055
46,208,1.3477089405059814
46,209,1.3144538402557373
46,210,1.5145602226257324
46,211,1.4276494979858398
46,212,1.5225002765655518
46,213,1.2156623601913452
46,214,1.3514412641525269
46,215,1.4106361865997314
46,216,1.2921721935272217
46,217,1.7995986938476562
46,218,1.7618176937103271
46,219,1.3002345561981201
46,220,1.144021987915039
46,221,1.3619698286056519
46,222,1.3116050958633423
46,223,1.2317408323287964
46,224,1.3588204383850098
46,225,1.3212484121322632
46,226,1.29032564163208
46,227,1.3268673419952393
46,228,1.310861587524414
46,229,1.2561967372894287
46,230,1.5865752696990967
46,231,1.425323247909546
46,232,1.4916936159133911
46,233,1.4890823364257812
46,234,1.2664899826049805
46,235,1.4795920848846436
46,236,1.273159384727478
46,237,1.2936897277832031
46,238,1.4487452507019043
46,239,1.485378384590149
46,240,1.325140118598938
46,241,1.4503419399261475
46,242,1.6062219142913818
46,243,1.4917328357696533
46,244,1.4631102085113525
46,245,1.3489696979522705
46,246,1.1460793018341064
46,247,1.7172445058822632
46,248,1.4290180206298828
46,249,1.2056257724761963
46,250,1.4781999588012695
46,251,1.5868343114852905
46,252,1.2533037662506104
46,253,1.4706883430480957
46,254,1.3030399084091187
46,255,1.4269366264343262
46,256,1.3044782876968384
46,257,1.5783120393753052
46,258,1.3226648569107056
46,259,1.162785291671753
46,260,1.4780325889587402
46,261,1.6397182941436768
46,262,1.1994247436523438
46,263,1.467799186706543
46,264,1.5351660251617432
46,265,1.7003154754638672
46,266,1.5739681720733643
46,267,1.2706923484802246
46,268,1.3224399089813232
46,269,1.204221248626709
46,270,1.2297669649124146
46,271,1.3067598342895508
46,272,1.3779970407485962
46,273,1.6212635040283203
46,274,1.5764274597167969
46,275,1.514202356338501
46,276,1.1276077032089233
46,277,1.0430965423583984
46,278,1.3478645086288452
46,279,1.3381916284561157
46,280,1.2369529008865356
46,281,1.6892781257629395
46,282,1.3365058898925781
46,283,1.5207226276397705
46,284,1.1553995609283447
46,285,1.1077337265014648
46,286,1.4253804683685303
46,287,1.36328125
46,288,1.3062102794647217
46,289,1.3635467290878296
46,290,1.3116568326950073
46,291,1.117943525314331
46,292,1.2857364416122437
46,293,1.4086134433746338
46,294,1.6555089950561523
46,295,1.2627012729644775
46,296,1.3970067501068115
46,297,1.538830041885376
46,298,1.1292603015899658
46,299,1.4487673044204712
46,300,1.5765466690063477
46,301,1.5137358903884888
46,302,1.3313652276992798
46,303,1.5074622631072998
46,304,1.1957590579986572
46,305,1.5740247964859009
46,306,1.4497711658477783
46,307,1.3110973834991455
46,308,1.5523838996887207
46,309,1.288120985031128
46,310,1.4070143699645996
46,311,1.4418952465057373
47,0,1.7296085357666016
47,1,1.4791152477264404
47,2,1.1741740703582764
47,3,1.370445728302002
47,4,1.3946460485458374
47,5,1.351804494857788
47,6,1.6925820112228394
47,7,1.7410268783569336
47,8,1.402268409729004
47,9,1.4285823106765747
47,10,1.2906079292297363
47,11,1.4789018630981445
47,12,1.3374011516571045
47,13,1.354736328125
47,14,1.2710310220718384
47,15,1.348971962928772
47,16,1.4638340473175049
47,17,1.407437801361084
47,18,1.4157705307006836
47,19,1.1287510395050049
47,20,1.4990439414978027
47,21,1.4826645851135254
47,22,1.5415353775024414
47,23,1.3046789169311523
47,24,1.3635317087173462
47,25,1.3988862037658691
47,26,1.3070080280303955
47,27,1.3642313480377197
47,28,1.398594856262207
47,29,1.3017363548278809
47,30,1.3244593143463135
47,31,1.2197679281234741
47,32,1.622986912727356
47,33,1.3160914182662964
47,34,1.3876374959945679
47,35,1.3637360334396362
47,36,1.6446452140808105
47,37,1.2429707050323486
47,38,1.4849249124526978
47,39,1.173386812210083
47,40,1.172624945640564
47,41,1.291137933731079
47,42,1.2425998449325562
47,43,1.3084778785705566
47,44,1.3562133312225342
47,45,1.4404027462005615
47,46,1.3383535146713257
47,47,1.2350622415542603
47,48,1.2654945850372314
47,49,1.4255247116088867
47,50,1.3697679042816162
47,51,1.5319578647613525
47,52,1.408003330230713
47,53,1.3161673545837402
47,54,1.2868304252624512
47,55,1.2483344078063965
47,56,1.326338529586792
47,57,1.3164944648742676
47,58,1.4354174137115479
47,59,1.422572374343872
47,60,1.305285096168518
47,61,1.3995448350906372
47,62,1.3557262420654297
47,63,1.318506121635437
47,64,1.6204777956008911
47,65,1.240993618965149
47,66,1.2234597206115723
47,67,1.5345585346221924
47,68,1.2698453664779663
47,69,1.3664426803588867
47,70,1.333385705947876
47,71,1.6565074920654297
47,72,1.295469045639038
47,73,1.3018786907196045
47,74,1.166793704032898
47,75,1.2898662090301514
47,76,1.0795798301696777
47,77,1.354202389717102
47,78,1.1953784227371216
47,79,1.3027557134628296
47,80,1.4233182668685913
47,81,1.4433214664459229
47,82,1.2854251861572266
47,83,1.1961652040481567
47,84,1.3125319480895996
47,85,1.1873695850372314
47,86,1.4307029247283936
47,87,1.350890874862671
47,88,1.2362451553344727
47,89,1.3572838306427002
47,90,1.4551424980163574
47,91,1.37782621383667
47,92,1.6788355112075806
47,93,1.4646645784378052
47,94,1.171600103378296
47,95,1.3076624870300293
47,96,1.5205674171447754
47,97,1.2413935661315918
47,98,1.311092734336853
47,99,1.385197401046753
47,100,1.589165449142456
47,101,1.2532581090927124
47,102,1.3564221858978271
47,103,1.4226832389831543
47,104,1.3011387586593628
47,105,1.5367380380630493
47,106,1.2900105714797974
47,107,1.4403812885284424
47,108,1.7071516513824463
47,109,1.3514114618301392
47,110,1.3211076259613037
47,111,1.3470127582550049
47,112,1.194764494895935
47,113,1.3808729648590088
47,114,1.6628477573394775
47,115,1.3696424961090088
47,116,1.319366216659546
47,117,1.2951000928878784
47,118,1.3583484888076782
47,119,1.3952045440673828
47,120,1.9031100273132324
47,121,1.4374675750732422
47,122,1.495504379272461
47,123,1.1883437633514404
47,124,1.4973809719085693
47,125,1.330990195274353
47,126,1.4087846279144287
47,127,1.4944356679916382
47,128,1.4717319011688232
47,129,1.2167444229125977
47,130,1.519917607307434
47,131,1.2414605617523193
47,132,1.4948580265045166
47,133,1.4587106704711914
47,134,1.3439373970031738
47,135,1.2129548788070679
47,136,1.4473894834518433
47,137,1.3803133964538574
47,138,1.2259202003479004
47,139,1.2048274278640747
47,140,1.4764999151229858
47,141,1.5609166622161865
47,142,1.3175835609436035
47,143,1.2661328315734863
47,144,1.3475970029830933
47,145,1.2528817653656006
47,146,1.2630937099456787
47,147,1.4143257141113281
47,148,1.468153953552246
47,149,1.5599329471588135
47,150,1.4090746641159058
47,151,1.4464937448501587
47,152,1.229643702507019
47,153,1.143631935119629
47,154,1.6050870418548584
47,155,1.3580238819122314
47,156,1.3453412055969238
47,157,1.6156315803527832
47,158,1.4595205783843994
47,159,1.3437564373016357
47,160,1.19368577003479
47,161,1.2703781127929688
47,162,1.3215270042419434
47,163,1.3111436367034912
47,164,1.5746409893035889
47,165,1.4009320735931396
47,166,1.2286872863769531
47,167,1.1634368896484375
47,168,1.127408504486084
47,169,1.4615423679351807
47,170,1.250387191772461
47,171,1.4141840934753418
47,172,1.2766305208206177
47,173,1.2600220441818237
47,174,1.4799158573150635
47,175,1.565093994140625
47,176,1.3417569398880005
47,177,1.1762135028839111
47,178,1.5013060569763184
47,179,1.3491063117980957
47,180,1.891869306564331
47,181,1.3291563987731934
47,182,1.4705612659454346
47,183,1.1505558490753174
47,184,1.2596625089645386
47,185,1.5809459686279297
47,186,1.271804690361023
47,187,1.3518669605255127
47,188,1.1881271600723267
47,189,1.2623844146728516
47,190,1.3417032957077026
47,191,1.5961861610412598
47,192,1.3024284839630127
47,193,1.224747896194458
47,194,1.3102340698242188
47,195,1.2997052669525146
47,196,1.3305034637451172
47,197,1.4827473163604736
47,198,1.2827870845794678
47,199,1.3999605178833008
47,200,1.337637186050415
47,201,1.3977700471878052
47,202,1.191976547241211
47,203,1.2488136291503906
47,204,1.470990538597107
47,205,1.272611141204834
47,206,1.2583632469177246
47,207,1.461677074432373
47,208,1.635679006576538
47,209,1.2109894752502441
47,210,1.1859279870986938
47,211,1.374635934829712
47,212,1.7062668800354004
47,213,1.3564214706420898
47,214,1.3222689628601074
47,215,1.2910248041152954
47,216,1.1754577159881592
47,217,1.2756409645080566
47,218,1.429046392440796
47,219,1.3682197332382202
47,220,1.3437708616256714
47,221,1.5120184421539307
47,222,1.3341636657714844
47,223,1.3370625972747803
47,224,1.3587417602539062
47,225,1.540968894958496
47,226,1.4999604225158691
47,227,1.1478339433670044
47,228,1.2170400619506836
47,229,1.3067363500595093
47,230,1.3051499128341675
47,231,1.3706974983215332
47,232,1.331665277481079
47,233,1.40818452835083
47,234,1.314180612564087
47,235,1.316831111907959
47,236,1.2572135925292969
47,237,1.1703249216079712
47,238,1.4394569396972656
47,239,1.3180376291275024
47,240,1.2283248901367188
47,241,1.300424337387085
47,242,1.3004615306854248
47,243,1.2765520811080933
47,244,1.2821111679077148
47,245,1.2205642461776733
47,246,1.2440979480743408
47,247,1.380328893661499
47,248,1.469893217086792
47,249,1.501089096069336
47,250,1.1958119869232178
47,251,1.3663372993469238
47,252,1.434659719467163
47,253,1.253790259361267
47,254,1.1467596292495728
47,255,1.1942386627197266
47,256,1.3179395198822021
47,257,1.2453336715698242
47,258,1.243144154548645
47,259,1.4622013568878174
47,260,1.1688015460968018
47,261,1.6405125856399536
47,262,1.4559400081634521
47,263,1.5000759363174438
47,264,1.6371939182281494
47,265,1.2280235290527344
47,266,1.252783179283142
47,267,1.333937644958496
47,268,1.3669376373291016
47,269,1.242288589477539
47,270,1.3749167919158936
47,271,1.5910420417785645
47,272,1.40604567527771
47,273,1.3207457065582275
47,274,1.3043677806854248
47,275,1.355160117149353
47,276,1.2939939498901367
47,277,1.3467059135437012
47,278,1.2235957384109497
47,279,1.1887028217315674
47,280,1.5002485513687134
47,281,1.4297208786010742
47,282,1.3828344345092773
47,283,1.371216058731079
47,284,1.3226350545883179
47,285,1.239920973777771
47,286,1.2414664030075073
47,287,1.2360475063323975
47,288,1.2965373992919922
47,289,1.3624975681304932
47,290,1.3318610191345215
47,291,1.3139824867248535
47,292,1.3767428398132324
47,293,1.290557861328125
47,294,1.823170781135559
47,295,1.3767225742340088
47,296,1.3235831260681152
47,297,1.3689059019088745
47,298,1.5132274627685547
47,299,1.3823418617248535
47,300,1.477940320968628
47,301,1.2899484634399414
47,302,1.357264518737793
47,303,1.411368727684021
47,304,1.2628997564315796
47,305,1.4704017639160156
47,306,1.5910923480987549
47,307,1.1639962196350098
47,308,1.2278778553009033
47,309,1.2740049362182617
47,310,1.1868953704833984
47,311,1.4670641422271729
48,0,1.1366177797317505
48,1,1.306230068206787
48,2,1.1724289655685425
48,3,1.2249326705932617
48,4,1.3356671333312988
48,5,1.4064257144927979
48,6,1.4813145399093628
48,7,1.4539427757263184
48,8,1.2963926792144775
48,9,1.4311041831970215
48,10,1.3748395442962646
48,11,1.5264997482299805
48,12,1.2067217826843262
48,13,1.402106523513794
48,14,1.5011149644851685
48,15,1.530477523803711
48,16,1.384613275527954
48,17,1.381960391998291
48,18,1.6307158470153809
48,19,1.1399563550949097
48,20,1.457430124282837
48,21,1.265271782875061
48,22,1.4362602233886719
48,23,1.4730720520019531
48,24,1.223831057548523
48,25,1.2336313724517822
48,26,1.487905740737915
48,27,1.5113731622695923
48,28,1.3327158689498901
48,29,1.4250258207321167
48,30,1.1035923957824707
48,31,1.1745359897613525
48,32,1.2360690832138062
48,33,1.1834328174591064
48,34,1.2118369340896606
48,35,1.8090250492095947
48,36,1.1315433979034424
48,37,1.605093240737915
48,38,1.2854831218719482
48,39,1.4786043167114258
48,40,1.1190454959869385
48,41,1.203730583190918
48,42,1.1901421546936035
48,43,1.2741594314575195
48,44,1.2885830402374268
48,45,1.3138138055801392
48,46,1.3167246580123901
48,47,1.2338497638702393
48,48,1.2933775186538696
48,49,1.3199950456619263
48,50,1.47660231590271
48,51,1.2926318645477295
48,52,1.4800844192504883
48,53,1.5871728658676147
48,54,1.2180484533309937
48,55,1.0903924703598022
48,56,1.27566397190094
48,57,1.0917282104492188
48,58,1.437131643295288
48,59,1.6267640590667725
48,60,1.2825562953948975
48,61,1.3518266677856445
48,62,1.5304744243621826
48,63,1.1987688541412354
48,64,1.185270071029663
48,65,1.5206693410873413
48,66,1.3164657354354858
48,67,1.4743502140045166
48,68,1.4640922546386719
48,69,1.2155895233154297
48,70,1.316476821899414
48,71,1.3532836437225342
48,72,1.4770302772521973
48,73,1.6453790664672852
48,74,1.4182677268981934
48,75,1.340915560722351
48,76,1.2485886812210083
48,77,1.1600892543792725
48,78,1.4002649784088135
48,79,1.271131992340088
48,80,1.144463300704956
48,81,1.6059929132461548
48,82,1.2706000804901123
48,83,1.0716211795806885
48,84,1.5406172275543213
48,85,1.4163219928741455
48,86,1.2043625116348267
48,87,1.531280279159546
48,88,1.40765380859375
48,89,1.3135954141616821
48,90,1.4950931072235107
48,91,1.3633750677108765
48,92,1.450669288635254
48,93,1.1981008052825928
48,94,1.496706485748291
48,95,1.9603431224822998
48,96,1.4810994863510132
48,97,1.215198040008545
48,98,1.2887340784072876
48,99,1.3068335056304932
48,100,1.5290087461471558
48,101,1.1604080200195312
48,102,1.1457338333129883
48,103,1.3338539600372314
48,104,1.6435012817382812
48,105,1.2789393663406372
48,106,1.1741136312484741
48,107,1.4466453790664673
48,108,1.5983281135559082
48,109,1.1289904117584229
48,110,1.1656994819641113
48,111,1.30143404006958
48,112,1.3605096340179443
48,113,1.2990353107452393
48,114,1.411150574684143
48,115,1.2096372842788696
48,116,1.456371784210205
48,117,1.2393298149108887
48,118,1.7060623168945312
48,119,1.2250537872314453
48,120,1.2023797035217285
48,121,1.2986574172973633
48,122,1.6844364404678345
48,123,1.3980737924575806
48,124,1.2997947931289673
48,125,1.3562254905700684
48,126,1.299585223197937
48,127,1.466590166091919
48,128,1.4245812892913818
48,129,1.320615291595459
48,130,1.3936294317245483
48,131,1.370741844177246
48,132,1.689760684967041
48,133,1.237046718597412
48,134,1.2469106912612915
48,135,1.6904817819595337
48,136,1.133850336074829
48,137,1.1635528802871704
48,138,1.2819699048995972
48,139,1.3520700931549072
48,140,1.237062692642212
48,141,1.1064629554748535
48,142,1.2351016998291016
48,143,1.270528793334961
48,144,1.195265531539917
48,145,1.3061373233795166
48,146,1.2337571382522583
48,147,1.3263373374938965
48,148,1.4580368995666504
48,149,1.3254237174987793
48,150,1.4740099906921387
48,151,1.2992225885391235
48,152,1.8431410789489746
48,153,1.4709398746490479
48,154,1.4364569187164307
48,155,1.3636767864227295
48,156,1.5096572637557983
48,157,1.462019443511963
48,158,1.3946738243103027
48,159,1.198177456855774
48,160,1.4705073833465576
48,161,1.391589879989624
48,162,1.3928265571594238
48,163,1.5405019521713257
48,164,1.5116925239562988
48,165,1.3458034992218018
48,166,1.052610993385315
48,167,1.4234304428100586
48,168,1.1597241163253784
48,169,1.5212788581848145
48,170,1.1764662265777588
48,171,1.2098562717437744
48,172,1.3897038698196411
48,173,1.3329102993011475
48,174,1.1514495611190796
48,175,1.446441650390625
48,176,1.340031623840332
48,177,1.4743659496307373
48,178,1.3916609287261963
48,179,1.2570230960845947
48,180,1.4782044887542725
48,181,1.4762394428253174
48,182,1.5174049139022827
48,183,1.213029146194458
48,184,1.2700741291046143
48,185,1.1544559001922607
48,186,1.5550414323806763
48,187,1.4257678985595703
48,188,1.248232126235962
48,189,1.432077407836914
48,190,1.6196156740188599
48,191,1.503739356994629
48,192,1.5853455066680908
48,193,1.3338332176208496
48,194,1.2132527828216553
48,195,1.2436555624008179
48,196,1.304954171180725
48,197,1.2465276718139648
48,198,1.3090767860412598
48,199,1.2260733842849731
48,200,1.128262996673584
48,201,1.3489010334014893
48,202,1.2541258335113525
48,203,1.3129258155822754
48,204,1.6291052103042603
48,205,1.232682228088379
48,206,1.1004893779754639
48,207,1.389495849609375
48,208,1.281949758529663
48,209,1.3831335306167603
48,210,1.2462407350540161
48,211,1.2447038888931274
48,212,1.2558311223983765
48,213,1.5017170906066895
48,214,1.3349714279174805
48,215,1.3158252239227295
48,216,1.3978636264801025
48,217,1.0442516803741455
48,218,1.203049898147583
48,219,1.4831933975219727
48,220,1.5268675088882446
48,221,1.3183231353759766
48,222,1.5630686283111572
48,223,1.2670423984527588
48,224,1.1042956113815308
48,225,1.2818634510040283
48,226,1.3330976963043213
48,227,1.2303537130355835
48,228,1.3191181421279907
48,229,1.3695156574249268
48,230,1.4636224508285522
48,231,1.5551074743270874
48,232,1.1916913986206055
48,233,1.2270283699035645
48,234,1.382703185081482
48,235,1.384465217590332
48,236,1.2706732749938965
48,237,1.3407111167907715
48,238,1.396598219871521
48,239,1.4771044254302979
48,240,1.3253061771392822
48,241,1.221518635749817
48,242,1.3880703449249268
48,243,1.3550395965576172
48,244,1.3260409832000732
48,245,1.2218518257141113
48,246,1.315812349319458
48,247,1.6118013858795166
48,248,1.281783938407898
48,249,1.3902952671051025
48,250,1.6398258209228516
48,251,1.3435612916946411
48,252,1.36421537399292
48,253,1.4261085987091064
48,254,1.5774569511413574
48,255,1.599946141242981
48,256,1.8574104309082031
48,257,1.3371069431304932
48,258,1.308520793914795
48,259,1.3959509134292603
48,260,1.355273723602295
48,261,1.6208064556121826
48,262,1.2854862213134766
48,263,1.2656490802764893
48,264,1.222241759300232
48,265,1.4165470600128174
48,266,1.4348514080047607
48,267,1.343032717704773
48,268,1.191237449645996
48,269,1.1853338479995728
48,270,1.4796123504638672
48,271,1.3577489852905273
48,272,1.4822373390197754
48,273,1.4122306108474731
48,274,1.542982816696167
48,275,1.2690433263778687
48,276,1.408304214477539
48,277,1.3182475566864014
48,278,1.1480867862701416
48,279,1.3293721675872803
48,280,1.6982959508895874
48,281,1.235243558883667
48,282,1.2676011323928833
48,283,1.2497742176055908
48,284,1.5448815822601318
48,285,1.5328168869018555
48,286,1.236122727394104
48,287,1.6828908920288086
48,288,1.5265767574310303
48,289,1.5111192464828491
48,290,1.4224263429641724
48,291,1.275604486465454
48,292,1.243146538734436
48,293,1.3300178050994873
48,294,1.2524226903915405
48,295,1.3494091033935547
48,296,1.3632187843322754
48,297,1.3581459522247314
48,298,1.3632073402404785
48,299,1.5091955661773682
48,300,1.3449361324310303
48,301,1.328212022781372
48,302,1.269003987312317
48,303,1.3558800220489502
48,304,1.3590660095214844
48,305,1.4385590553283691
48,306,1.261440634727478
48,307,1.4909493923187256
48,308,1.503609538078308
48,309,1.1775094270706177
48,310,1.2962052822113037
48,311,1.4907728433609009
49,0,1.4181969165802002
49,1,1.3129901885986328
49,2,1.4532043933868408
49,3,1.4920250177383423
49,4,1.5320494174957275
49,5,1.2434738874435425
49,6,1.1752375364303589
49,7,1.031036138534546
49,8,1.731473684310913
49,9,1.2911131381988525
49,10,1.1677571535110474
49,11,1.4550974369049072
49,12,1.3591948747634888
49,13,1.2986335754394531
49,14,1.4051737785339355
49,15,1.555999755859375
49,16,1.3979785442352295
49,17,1.4829108715057373
49,18,1.40921950340271
49,19,1.4234020709991455
49,20,1.584757924079895
49,21,1.3692227602005005
49,22,1.2906066179275513
49,23,1.4919325113296509
49,24,1.3863866329193115
49,25,1.2735034227371216
49,26,1.3641623258590698
49,27,1.1834763288497925
49,28,1.46476149559021
49,29,1.3138833045959473
49,30,1.186705470085144
49,31,1.3274486064910889
49,32,1.2063820362091064
49,33,1.1630487442016602
49,34,1.0636768341064453
49,35,1.285189151763916
49,36,1.2043976783752441
49,37,1.3374335765838623
49,38,1.2177807092666626
49,39,1.1079843044281006
49,40,1.044309139251709
49,41,1.0995208024978638
49,42,1.7532696723937988
49,43,1.2238285541534424
49,44,1.199409008026123
49,45,1.4073476791381836
49,46,1.156587839126587
49,47,1.3418749570846558
49,48,1.2340267896652222
49,49,1.28900146484375
49,50,1.723806619644165
49,51,1.0964480638504028
49,52,1.1746172904968262
49,53,1.2801933288574219
49,54,1.2269651889801025
49,55,1.4098423719406128
49,56,1.3119093179702759
49,57,1.212528944015503
49,58,1.3365683555603027
49,59,1.6644718647003174
49,60,1.2007181644439697
49,61,1.2058234214782715
49,62,1.3170288801193237
49,63,1.382008671760559
49,64,1.5755128860473633
49,65,1.2765278816223145
49,66,1.43925142288208
49,67,1.144726276397705
49,68,1.3946011066436768
49,69,1.1686468124389648
49,70,1.2861818075180054
49,71,1.2567719221115112
49,72,1.110478401184082
49,73,1.2164860963821411
49,74,1.1964457035064697
49,75,1.124220848083496
49,76,1.0879051685333252
49,77,1.4558613300323486
49,78,1.3709616661071777
49,79,1.5275416374206543
49,80,1.4463865756988525
49,81,1.1753194332122803
49,82,1.1535184383392334
49,83,1.2497432231903076
49,84,1.2547162771224976
49,85,1.2783671617507935
49,86,1.3384184837341309
49,87,1.330193281173706
49,88,1.569455862045288
49,89,1.2508273124694824
49,90,1.3322199583053589
49,91,1.333230972290039
49,92,1.2358698844909668
49,93,1.617824912071228
49,94,1.3049421310424805
49,95,1.3157455921173096
49,96,1.1585718393325806
49,97,1.4152555465698242
49,98,1.256345272064209
49,99,1.484726905822754
49,100,1.3945255279541016
49,101,1.3325154781341553
49,102,1.325578212738037
49,103,1.198882818222046
49,104,1.3047330379486084
49,105,1.2975735664367676
49,106,1.4919863939285278
49,107,1.5764425992965698
49,108,1.088517189025879
49,109,1.4156036376953125
49,110,1.4442296028137207
49,111,1.1691473722457886
49,112,1.6116344928741455
49,113,1.4387075901031494
49,114,1.4441770315170288
49,115,1.2181766033172607
49,116,1.3592950105667114
49,117,1.4047136306762695
49,118,1.1750564575195312
49,119,1.2552971839904785
49,120,1.0464359521865845
49,121,1.4229209423065186
49,122,1.4205317497253418
49,123,1.1094021797180176
49,124,1.2634353637695312
49,125,1.7049376964569092
49,126,1.5230165719985962
49,127,1.3052480220794678
49,128,1.45672607421875
49,129,1.3492350578308105
49,130,1.3238182067871094
49,131,1.4396226406097412
49,132,1.201006293296814
49,133,1.4997646808624268
49,134,1.345963954925537
49,135,1.3242413997650146
49,136,1.3467204570770264
49,137,1.2991669178009033
49,138,1.586625337600708
49,139,1.4068853855133057
49,140,1.4513509273529053
49,141,1.1925327777862549
49,142,1.2092278003692627
49,143,1.3726321458816528
49,144,1.495025634765625
49,145,1.3100392818450928
49,146,1.2028783559799194
49,147,1.7058215141296387
49,148,1.3832050561904907
49,149,1.5360229015350342
49,150,1.2980118989944458
49,151,1.3480899333953857
49,152,1.32243013381958
49,153,1.4707565307617188
49,154,1.3326245546340942
49,155,1.6082360744476318
49,156,1.2929326295852661
49,157,1.1802998781204224
49,158,1.2696596384048462
49,159,1.175726294517517
49,160,1.5239880084991455
49,161,1.4887127876281738
49,162,1.3268189430236816
49,163,1.6121406555175781
49,164,1.3635177612304688
49,165,1.0924960374832153
49,166,1.3389352560043335
49,167,1.339290976524353
49,168,1.3015711307525635
49,169,1.2319376468658447
49,170,1.2450125217437744
49,171,1.1266913414001465
49,172,1.1874573230743408
49,173,1.3845709562301636
49,174,1.2624595165252686
49,175,1.2809358835220337
49,176,1.157096266746521
49,177,1.4116706848144531
49,178,1.4285318851470947
49,179,1.296247124671936
49,180,1.308199167251587
49,181,1.1683037281036377
49,182,1.6634520292282104
49,183,1.3590104579925537
49,184,1.653855323791504
49,185,1.3672436475753784
49,186,1.2805829048156738
49,187,1.2746326923370361
49,188,1.328791856765747
49,189,1.1782300472259521
49,190,1.1492433547973633
49,191,1.166448950767517
49,192,1.2928476333618164
49,193,1.2755845785140991
49,194,1.3606605529785156
49,195,1.2330667972564697
49,196,1.1354988813400269
49,197,1.260777235031128
49,198,1.4254190921783447
49,199,1.2396644353866577
49,200,1.42713463306427
49,201,1.481736421585083
49,202,1.5353299379348755
49,203,1.3614107370376587
49,204,1.3810956478118896
49,205,1.306193232536316
49,206,1.4592950344085693
49,207,1.4441940784454346
49,208,1.2027931213378906
49,209,1.4752845764160156
49,210,1.3915433883666992
49,211,1.4700937271118164
49,212,1.253063440322876
49,213,1.505521535873413
49,214,1.0898847579956055
49,215,1.3670659065246582
49,216,1.420222520828247
49,217,1.2568144798278809
49,218,1.5842971801757812
49,219,1.2098774909973145
49,220,1.4711575508117676
49,221,1.415499210357666
49,222,1.3652746677398682
49,223,1.212225079536438
49,224,1.504826545715332
49,225,1.4023492336273193
49,226,1.4937667846679688
49,227,1.432698130607605
49,228,1.0247807502746582
49,229,1.4571915864944458
49,230,1.2921466827392578
49,231,1.4689912796020508
49,232,1.4424285888671875
49,233,1.4547227621078491
49,234,1.3070218563079834
49,235,1.2324343919754028
49,236,1.3985297679901123
49,237,1.6952314376831055
49,238,1.3728373050689697
49,239,1.3773696422576904
49,240,1.467574954032898
49,241,1.5394090414047241
49,242,1.2671722173690796
49,243,1.207351565361023
49,244,1.332695484161377
49,245,1.2939128875732422
49,246,1.5273876190185547
49,247,1.4075570106506348
49,248,1.2056931257247925
49,249,1.4954147338867188
49,250,1.398547649383545
49,251,1.2193291187286377
49,252,1.3243968486785889
49,253,1.3211941719055176
49,254,1.6166096925735474
49,255,1.523916482925415
49,256,1.5874254703521729
49,257,1.5905735492706299
49,258,1.6723004579544067
49,259,1.429138422012329
49,260,1.264671802520752
49,261,1.2405273914337158
49,262,1.192514181137085
49,263,1.3932247161865234
49,264,1.390701174736023
49,265,1.3688606023788452
49,266,1.8302985429763794
49,267,1.4647562503814697
49,268,1.3699471950531006
49,269,1.3925691843032837
49,270,1.564071774482727
49,271,1.2750377655029297
49,272,1.2738349437713623
49,273,1.289244532585144
49,274,1.349725604057312
49,275,1.4354976415634155
49,276,1.4524548053741455
49,277,1.5052117109298706
49,278,1.5158253908157349
49,279,1.3274950981140137
49,280,1.260277271270752
49,281,1.5216974020004272
49,282,1.1864869594573975
49,283,1.1668505668640137
49,284,1.2197579145431519
49,285,1.2408097982406616
49,286,1.3625836372375488
49,287,1.6154158115386963
49,288,1.1421085596084595
49,289,1.2461395263671875
49,290,1.1592483520507812
49,291,1.1886850595474243
49,292,1.2438416481018066
49,293,1.2884032726287842
49,294,1.1825850009918213
49,295,1.1614214181900024
49,296,1.4350563287734985
49,297,1.1881005764007568
49,298,1.2804096937179565
49,299,1.1616065502166748
49,300,1.2375307083129883
49,301,1.4808615446090698
49,302,1.4799377918243408
49,303,1.4067225456237793
49,304,1.5845839977264404
49,305,1.357886791229248
49,306,1.6607475280761719
49,307,1.346836805343628
49,308,1.226962685585022
49,309,1.421770453453064
49,310,1.3624582290649414
49,311,1.2458008527755737
50,0,1.2073167562484741
50,1,1.4649765491485596
50,2,1.7677056789398193
50,3,1.117461919784546
50,4,1.479750156402588
50,5,1.3671715259552002
50,6,1.3529868125915527
50,7,1.427781581878662
50,8,1.27274489402771
50,9,1.5057270526885986
50,10,1.4524414539337158
50,11,1.2877310514450073
50,12,1.421736240386963
50,13,1.1534382104873657
50,14,1.5644350051879883
50,15,1.134100079536438
50,16,1.1663872003555298
50,17,1.3937205076217651
50,18,1.1781864166259766
50,19,1.2103347778320312
50,20,1.154811978340149
50,21,1.5272170305252075
50,22,1.2520338296890259
50,23,1.2775137424468994
50,24,1.2933623790740967
50,25,1.1818801164627075
50,26,1.204310655593872
50,27,1.1997871398925781
50,28,1.5011262893676758
50,29,1.1528663635253906
50,30,1.4312108755111694
50,31,1.2713358402252197
50,32,1.488947868347168
50,33,1.3374332189559937
50,34,1.4488608837127686
50,35,1.2565522193908691
50,36,1.3868131637573242
50,37,1.298446774482727
50,38,1.2251527309417725
50,39,1.3778845071792603
50,40,1.3828880786895752
50,41,1.3705296516418457
50,42,1.2445735931396484
50,43,1.146193265914917
50,44,1.429405689239502
50,45,1.4678277969360352
50,46,1.2393372058868408
50,47,1.2935850620269775
50,48,1.3840558528900146
50,49,1.4437482357025146
50,50,1.0608863830566406
50,51,1.395113468170166
50,52,1.3288476467132568
50,53,1.290781021118164
50,54,1.3777737617492676
50,55,1.510180950164795
50,56,1.4477505683898926
50,57,1.092871069908142
50,58,1.471765160560608
50,59,1.4993703365325928
50,60,1.237929344177246
50,61,1.195231318473816
50,62,1.3475316762924194
50,63,1.3830156326293945
50,64,1.4727106094360352
50,65,1.2895389795303345
50,66,1.1882206201553345
50,67,1.3889600038528442
50,68,1.6929184198379517
50,69,1.3832759857177734
50,70,1.1815686225891113
50,71,1.45211660861969
50,72,1.266939401626587
50,73,1.5595219135284424
50,74,1.5067546367645264
50,75,1.299017071723938
50,76,1.3507392406463623
50,77,1.4892046451568604
50,78,1.2516450881958008
50,79,1.4806253910064697
50,80,1.271597981452942
50,81,1.1719169616699219
50,82,1.1527652740478516
50,83,1.5333669185638428
50,84,1.3224740028381348
50,85,1.1824235916137695
50,86,1.1890956163406372
50,87,1.3404974937438965
50,88,1.3884310722351074
50,89,1.447688341140747
50,90,1.1380442380905151
50,91,1.1388112306594849
50,92,1.3733830451965332
50,93,1.1883645057678223
50,94,1.1989166736602783
50,95,1.384568452835083
50,96,1.478700041770935
50,97,1.2694909572601318
50,98,1.3928978443145752
50,99,1.179925799369812
50,100,1.2731852531433105
50,101,1.2267976999282837
50,102,1.4190205335617065
50,103,1.2481310367584229
50,104,1.3226850032806396
50,105,1.2406572103500366
50,106,1.290203332901001
50,107,1.2437018156051636
50,108,1.3450990915298462
50,109,1.4565324783325195
50,110,1.1156177520751953
50,111,1.2177895307540894
50,112,1.0930147171020508
50,113,1.311206340789795
50,114,1.2683935165405273
50,115,1.2320473194122314
50,116,1.289374828338623
50,117,1.3861234188079834
50,118,1.4858932495117188
50,119,1.320850133895874
50,120,1.2280524969100952
50,121,1.321310043334961
50,122,1.20266854763031
50,123,1.2356336116790771
50,124,1.6137863397598267
50,125,1.526749849319458
50,126,1.3512189388275146
50,127,1.1073377132415771
50,128,1.2544279098510742
50,129,1.4265049695968628
50,130,1.4270634651184082
50,131,1.1078377962112427
50,132,1.3293101787567139
50,133,1.1672018766403198
50,134,1.2183400392532349
50,135,1.0817227363586426
50,136,1.6395854949951172
50,137,1.4497854709625244
50,138,1.399903655052185
50,139,1.3374871015548706
50,140,1.2141300439834595
50,141,1.2521418333053589
50,142,1.2481008768081665
50,143,1.4284851551055908
50,144,1.2507612705230713
50,145,1.1870355606079102
50,146,1.1508815288543701
50,147,1.1650663614273071
50,148,1.5114729404449463
50,149,1.3136850595474243
50,150,1.3392338752746582
50,151,1.5005000829696655
50,152,1.460648536682129
50,153,1.283225655555725
50,154,1.5261436700820923
50,155,1.3662347793579102
50,156,1.636894941329956
50,157,1.2334870100021362
50,158,1.3248708248138428
50,159,1.258986234664917
50,160,1.3404114246368408
50,161,1.2765944004058838
50,162,1.244550347328186
50,163,1.1578563451766968
50,164,1.1942784786224365
50,165,1.2429616451263428
50,166,1.408630132675171
50,167,1.2879915237426758
50,168,1.3598814010620117
50,169,1.3831778764724731
50,170,1.1635209321975708
50,171,1.1581878662109375
50,172,1.4582085609436035
50,173,1.1686490774154663
50,174,1.4237843751907349
50,175,1.268424391746521
50,176,1.3419456481933594
50,177,1.403120994567871
50,178,1.2231528759002686
50,179,1.261724829673767
50,180,1.562119722366333
50,181,1.2984790802001953
50,182,1.2897365093231201
50,183,1.370802879333496
50,184,1.2546310424804688
50,185,1.4737610816955566
50,186,1.484858751296997
50,187,1.2652313709259033
50,188,1.2609508037567139
50,189,1.326446533203125
50,190,1.2053287029266357
50,191,1.493499755859375
50,192,1.3311980962753296
50,193,1.4604414701461792
50,194,1.2765350341796875
50,195,1.2137064933776855
50,196,1.3350470066070557
50,197,1.529708981513977
50,198,1.3346325159072876
50,199,1.406339406967163
50,200,1.4588919878005981
50,201,1.423813819885254
50,202,1.4199614524841309
50,203,1.4189839363098145
50,204,1.4347193241119385
50,205,1.3670403957366943
50,206,1.2533953189849854
50,207,1.4636484384536743
50,208,1.4642651081085205
50,209,1.2793926000595093
50,210,1.263361930847168
50,211,1.298776388168335
50,212,1.1366302967071533
50,213,1.3991012573242188
50,214,1.2882964611053467
50,215,1.3658020496368408
50,216,1.3979496955871582
50,217,1.4743664264678955
50,218,1.6186649799346924
50,219,1.3801383972167969
50,220,1.414644479751587
50,221,1.4763555526733398
50,222,1.6977436542510986
50,223,1.0528310537338257
50,224,1.2754831314086914
50,225,1.1974527835845947
50,226,1.211658000946045
50,227,1.4237756729125977
50,228,1.3861933946609497
50,229,1.5111358165740967
50,230,1.3745996952056885
50,231,1.3531440496444702
50,232,1.337655782699585
50,233,1.3891708850860596
50,234,1.322773814201355
50,235,1.2387616634368896
50,236,1.429128885269165
50,237,1.1711910963058472
50,238,1.075596809387207
50,239,1.3448729515075684
50,240,1.3038512468338013
50,241,1.4193379878997803
50,242,1.5230212211608887
50,243,1.2603410482406616
50,244,1.3017771244049072
50,245,1.3194966316223145
50,246,1.400201439857483
50,247,1.187534213066101
50,248,1.145973801612854
50,249,1.2909198999404907
50,250,1.5695687532424927
50,251,1.3161530494689941
50,252,1.2128479480743408
50,253,1.2795809507369995
50,254,1.1860742568969727
50,255,1.369903802871704
50,256,1.4470160007476807
50,257,1.1449613571166992
50,258,1.576902151107788
50,259,1.246213436126709
50,260,1.3228859901428223
50,261,1.5540518760681152
50,262,1.2435297966003418
50,263,1.3399755954742432
50,264,1.1827994585037231
50,265,1.3310374021530151
50,266,1.115038275718689
50,267,1.4074876308441162
50,268,1.2513900995254517
50,269,1.2002924680709839
50,270,1.3284544944763184
50,271,1.313730239868164
50,272,1.3865200281143188
50,273,1.4969043731689453
50,274,1.4693759679794312
50,275,1.6224017143249512
50,276,1.210099697113037
50,277,1.2568480968475342
50,278,1.391824722290039
50,279,1.388390302658081
50,280,1.433240532875061
50,281,1.586482286453247
50,282,1.2410039901733398
50,283,1.446500539779663
50,284,1.3772997856140137
50,285,1.4649302959442139
50,286,1.444731593132019
50,287,1.3669135570526123
50,288,1.3400133848190308
50,289,1.502009391784668
50,290,1.2732758522033691
50,291,1.3883533477783203
50,292,1.2372913360595703
50,293,1.4138250350952148
50,294,1.4109439849853516
50,295,1.3856537342071533
50,296,1.3500163555145264
50,297,1.3457244634628296
50,298,1.217262625694275
50,299,1.2669832706451416
50,300,1.2632700204849243
50,301,1.371181845664978
50,302,1.611901044845581
50,303,1.433253288269043
50,304,1.3801908493041992
50,305,1.4140236377716064
50,306,1.186686635017395
50,307,1.2031536102294922
50,308,1.4182114601135254
50,309,1.245208501815796
50,310,1.3625106811523438
50,311,1.4312138557434082
51,0,1.3183043003082275
51,1,1.4412362575531006
51,2,1.2638719081878662
51,3,1.7198281288146973
51,4,1.2259401082992554
51,5,1.2018474340438843
51,6,1.2203037738800049
51,7,1.094408631324768
51,8,1.3138753175735474
51,9,1.5164003372192383
51,10,1.6018160581588745
51,11,1.0584640502929688
51,12,1.1921911239624023
51,13,1.1451783180236816
51,14,1.4247970581054688
51,15,1.1491740942001343
51,16,1.4189471006393433
51,17,1.222557783126831
51,18,1.2219804525375366
51,19,1.5089104175567627
51,20,1.2222644090652466
51,21,1.3234037160873413
51,22,1.3317781686782837
51,23,1.513171911239624
51,24,1.235866904258728
51,25,1.1425464153289795
51,26,1.5315409898757935
51,27,1.5580871105194092
51,28,1.16825270652771
51,29,1.3538869619369507
51,30,1.1214616298675537
51,31,1.1675641536712646
51,32,1.2414424419403076
51,33,1.3441532850265503
51,34,1.3460042476654053
51,35,1.3753780126571655
51,36,1.3523223400115967
51,37,1.1262518167495728
51,38,1.2224949598312378
51,39,1.4045733213424683
51,40,1.3147848844528198
51,41,1.2975804805755615
51,42,1.1926064491271973
51,43,1.2682634592056274
51,44,1.4162178039550781
51,45,1.3250665664672852
51,46,1.1926956176757812
51,47,1.1836448907852173
51,48,1.1080464124679565
51,49,1.3081510066986084
51,50,1.2780015468597412
51,51,1.5777733325958252
51,52,1.5076807737350464
51,53,1.2220396995544434
51,54,1.591665267944336
51,55,1.0166281461715698
51,56,1.556065320968628
51,57,1.1362645626068115
51,58,1.237756371498108
51,59,1.3919601440429688
51,60,1.3348376750946045
51,61,1.270306944847107
51,62,1.3888084888458252
51,63,1.6333074569702148
51,64,1.436448097229004
51,65,1.872897744178772
51,66,1.341834306716919
51,67,1.2966951131820679
51,68,1.322761058807373
51,69,1.2841721773147583
51,70,1.3502161502838135
51,71,1.3481395244598389
51,72,1.282778024673462
51,73,1.205014944076538
51,74,1.3108429908752441
51,75,1.5265295505523682
51,76,1.8261799812316895
51,77,1.6317895650863647
51,78,1.3523852825164795
51,79,1.4912683963775635
51,80,1.3488068580627441
51,81,1.319944977760315
51,82,1.5510889291763306
51,83,1.1857682466506958
51,84,1.4320250749588013
51,85,1.1692358255386353
51,86,1.1066856384277344
51,87,1.4400432109832764
51,88,1.2337017059326172
51,89,1.3793537616729736
51,90,1.089529037475586
51,91,1.2639110088348389
51,92,1.2064385414123535
51,93,1.4183704853057861
51,94,1.3494348526000977
51,95,1.1386969089508057
51,96,1.363842487335205
51,97,1.2479679584503174
51,98,1.2439121007919312
51,99,1.3489339351654053
51,100,1.3178813457489014
51,101,1.3995895385742188
51,102,1.2421945333480835
51,103,1.1976438760757446
51,104,1.1400566101074219
51,105,1.2886857986450195
51,106,1.2578396797180176
51,107,1.3068631887435913
51,108,1.2209954261779785
51,109,1.7151758670806885
51,110,1.4346442222595215
51,111,1.1389554738998413
51,112,1.462478756904602
51,113,1.3203628063201904
51,114,1.4226360321044922
51,115,1.1697653532028198
51,116,1.5170572996139526
51,117,1.3557205200195312
51,118,1.525879144668579
51,119,1.3160731792449951
51,120,1.2201610803604126
51,121,1.2457144260406494
51,122,1.1904971599578857
51,123,1.240207552909851
51,124,1.1820478439331055
51,125,1.3616559505462646
51,126,1.4465620517730713
51,127,1.3095483779907227
51,128,1.1714625358581543
51,129,1.4105634689331055
51,130,1.405548334121704
51,131,1.4423640966415405
51,132,1.3386731147766113
51,133,1.71120023727417
51,134,1.4123902320861816
51,135,1.2826738357543945
51,136,0.9976000785827637
51,137,1.2549424171447754
51,138,1.1604169607162476
51,139,1.2584601640701294
51,140,1.4033921957015991
51,141,1.3440635204315186
51,142,1.3206253051757812
51,143,1.095714807510376
51,144,1.2532896995544434
51,145,1.3548011779785156
51,146,1.8986482620239258
51,147,1.5572776794433594
51,148,1.3972433805465698
51,149,1.3057790994644165
51,150,1.3699079751968384
51,151,1.1190105676651
51,152,1.2188419103622437
51,153,1.197253942489624
51,154,1.2193666696548462
51,155,1.2841472625732422
51,156,1.2177777290344238
51,157,1.1928356885910034
51,158,1.1505928039550781
51,159,1.2724469900131226
51,160,1.0982744693756104
51,161,1.7556750774383545
51,162,1.1343491077423096
51,163,1.4124609231948853
51,164,1.1266899108886719
51,165,1.7092349529266357
51,166,1.4022293090820312
51,167,1.4498987197875977
51,168,1.277256727218628
51,169,1.204101324081421
51,170,1.1181750297546387
51,171,1.2579400539398193
51,172,1.2341856956481934
51,173,1.3430359363555908
51,174,1.3742822408676147
51,175,1.1677464246749878
51,176,1.8165392875671387
51,177,1.4835665225982666
51,178,1.3932888507843018
51,179,1.2434790134429932
51,180,1.302628517150879
51,181,1.3152568340301514
51,182,1.3300939798355103
51,183,1.3814525604248047
51,184,1.3263672590255737
51,185,1.2640767097473145
51,186,1.1834710836410522
51,187,1.4596681594848633
51,188,1.386507272720337
51,189,1.4568712711334229
51,190,1.1867244243621826
51,191,1.4117038249969482
51,192,1.3011083602905273
51,193,1.1460381746292114
51,194,1.331261396408081
51,195,1.3471273183822632
51,196,1.2588047981262207
51,197,1.4474363327026367
51,198,1.1946403980255127
51,199,1.9313364028930664
51,200,1.2430455684661865
51,201,1.2663662433624268
51,202,1.2988734245300293
51,203,1.265523076057434
51,204,1.3781076669692993
51,205,1.3377933502197266
51,206,1.1596577167510986
51,207,1.2949968576431274
51,208,1.2008638381958008
51,209,1.1840276718139648
51,210,1.5191099643707275
51,211,1.6221020221710205
51,212,0.9906368255615234
51,213,1.4061801433563232
51,214,1.291221022605896
51,215,1.8025524616241455
51,216,1.413085699081421
51,217,1.3729859590530396
51,218,1.0353775024414062
51,219,1.3484171628952026
51,220,1.2028486728668213
51,221,1.5662752389907837
51,222,1.2915101051330566
51,223,1.6059643030166626
51,224,1.613736867904663
51,225,1.3811969757080078
51,226,1.1498366594314575
51,227,1.1901284456253052
51,228,1.1782612800598145
51,229,1.246246576309204
51,230,1.166655421257019
51,231,1.4183781147003174
51,232,1.5249404907226562
51,233,1.3368545770645142
51,234,1.3746964931488037
51,235,1.4008373022079468
51,236,1.3125910758972168
51,237,1.2777683734893799
51,238,1.290970802307129
51,239,1.2766989469528198
51,240,1.2421040534973145
51,241,1.2556853294372559
51,242,1.5092895030975342
51,243,1.8159258365631104
51,244,1.513038158416748
51,245,1.0849368572235107
51,246,1.3530571460723877
51,247,1.3502585887908936
51,248,1.3382065296173096
51,249,1.3419790267944336
51,250,1.2442798614501953
51,251,1.2575511932373047
51,252,1.220786452293396
51,253,1.2612534761428833
51,254,1.2564537525177002
51,255,1.282654047012329
51,256,1.3035587072372437
51,257,1.2231374979019165
51,258,1.3783087730407715
51,259,1.3070309162139893
51,260,1.2736847400665283
51,261,1.4082872867584229
51,262,1.2186357975006104
51,263,1.437195062637329
51,264,1.2657649517059326
51,265,1.3099339008331299
51,266,1.0131945610046387
51,267,1.498054027557373
51,268,1.268606424331665
51,269,1.3221383094787598
51,270,1.3254066705703735
51,271,1.6438722610473633
51,272,1.263491153717041
51,273,1.1614494323730469
51,274,1.078829288482666
51,275,1.194804310798645
51,276,1.3087563514709473
51,277,1.369300365447998
51,278,1.3063938617706299
51,279,1.2784233093261719
51,280,1.3790314197540283
51,281,1.3297808170318604
51,282,1.4147473573684692
51,283,1.2420974969863892
51,284,1.387019157409668
51,285,1.3184800148010254
51,286,1.1723883152008057
51,287,1.4957348108291626
51,288,1.2086106538772583
51,289,1.2863272428512573
51,290,1.6051685810089111
51,291,1.3262336254119873
51,292,1.3566603660583496
51,293,1.3563499450683594
51,294,1.3750829696655273
51,295,1.2858113050460815
51,296,1.2160974740982056
51,297,1.2677369117736816
51,298,1.6016900539398193
51,299,1.5142232179641724
51,300,1.2720454931259155
51,301,1.2788442373275757
51,302,1.2139530181884766
51,303,1.2525283098220825
51,304,1.3127622604370117
51,305,1.4933416843414307
51,306,1.2858695983886719
51,307,1.3446789979934692
51,308,1.2294275760650635
51,309,1.3055076599121094
51,310,1.228377342224121
51,311,1.499656081199646
52,0,1.2818210124969482
52,1,1.1278668642044067
52,2,1.2833020687103271
52,3,1.157338261604309
52,4,1.0584766864776611
52,5,1.3531657457351685
52,6,1.343022108078003
52,7,1.342748999595642
52,8,1.62655508518219
52,9,1.5601398944854736
52,10,1.4640777111053467
52,11,1.3639094829559326
52,12,1.4216904640197754
52,13,1.2558234930038452
52,14,1.192152738571167
52,15,1.1939096450805664
52,16,1.2048743963241577
52,17,1.3356212377548218
52,18,1.3164191246032715
52,19,1.2128703594207764
52,20,1.5090513229370117
52,21,1.3413141965866089
52,22,1.3286030292510986
52,23,1.2115070819854736
52,24,1.8228403329849243
52,25,1.4403975009918213
52,26,1.3582451343536377
52,27,1.7262647151947021
52,28,1.1342120170593262
52,29,1.2519967555999756
52,30,1.6859519481658936
52,31,1.298020601272583
52,32,1.1716521978378296
52,33,1.554102897644043
52,34,1.361647129058838
52,35,1.3140723705291748
52,36,1.7678805589675903
52,37,1.5703562498092651
52,38,1.2147223949432373
52,39,1.2410340309143066
52,40,1.154454231262207
52,41,1.2073266506195068
52,42,1.2759368419647217
52,43,1.4504927396774292
52,44,1.1906118392944336
52,45,1.2033461332321167
52,46,1.240242838859558
52,47,1.3218920230865479
52,48,1.4523457288742065
52,49,1.1026431322097778
52,50,1.3315670490264893
52,51,1.2833335399627686
52,52,1.163525104522705
52,53,1.2709577083587646
52,54,1.3966846466064453
52,55,1.0856661796569824
52,56,1.3719735145568848
52,57,1.212175965309143
52,58,1.2233275175094604
52,59,1.3102548122406006
52,60,1.1017085313796997
52,61,1.2409775257110596
52,62,1.4786250591278076
52,63,1.5067113637924194
52,64,1.0001296997070312
52,65,1.0232617855072021
52,66,1.2857322692871094
52,67,1.5143558979034424
52,68,1.3976956605911255
52,69,1.150408387184143
52,70,1.414987325668335
52,71,1.1715478897094727
52,72,1.1492326259613037
52,73,1.2842882871627808
52,74,1.2190899848937988
52,75,1.259049415588379
52,76,1.165144681930542
52,77,1.3111991882324219
52,78,1.1752612590789795
52,79,1.197555422782898
52,80,1.3895479440689087
52,81,1.264764428138733
52,82,1.2342437505722046
52,83,1.369734287261963
52,84,1.5033682584762573
52,85,1.362081527709961
52,86,1.1413817405700684
52,87,1.1245144605636597
52,88,1.2325174808502197
52,89,1.2095917463302612
52,90,1.2861706018447876
52,91,1.3223228454589844
52,92,1.4418200254440308
52,93,1.2587673664093018
52,94,1.2444336414337158
52,95,1.1080713272094727
52,96,1.240808367729187
52,97,1.3007206916809082
52,98,1.3020446300506592
52,99,1.541595220565796
52,100,1.634484052658081
52,101,1.4496357440948486
52,102,1.271637201309204
52,103,1.5034830570220947
52,104,1.252913475036621
52,105,1.2557488679885864
52,106,1.2559146881103516
52,107,1.0700982809066772
52,108,1.3573322296142578
52,109,1.2841451168060303
52,110,1.158252477645874
52,111,1.2862319946289062
52,112,1.1318358182907104
52,113,1.1024103164672852
52,114,1.2725542783737183
52,115,1.2901654243469238
52,116,1.3252534866333008
52,117,1.5422139167785645
52,118,1.387995719909668
52,119,1.1875172853469849
52,120,1.083356261253357
52,121,1.268890380859375
52,122,1.2489619255065918
52,123,1.1751255989074707
52,124,1.4657529592514038
52,125,1.443411111831665
52,126,1.5189249515533447
52,127,1.3368031978607178
52,128,1.2306854724884033
52,129,1.2658331394195557
52,130,1.3552920818328857
52,131,1.3077399730682373
52,132,1.2020591497421265
52,133,1.4184529781341553
52,134,1.106411337852478
52,135,1.1930937767028809
52,136,1.1778978109359741
52,137,1.4690606594085693
52,138,1.1666802167892456
52,139,1.4155917167663574
52,140,1.263904333114624
52,141,1.1439926624298096
52,142,1.1183805465698242
52,143,1.23123300075531
52,144,1.4624098539352417
52,145,1.7761316299438477
52,146,1.1812498569488525
52,147,1.2545231580734253
52,148,1.2623413801193237
52,149,1.3415286540985107
52,150,1.1382614374160767
52,151,1.1722877025604248
52,152,1.4830937385559082
52,153,1.3811230659484863
52,154,1.3619089126586914
52,155,1.1671029329299927
52,156,1.320077657699585
52,157,1.2677046060562134
52,158,1.3646423816680908
52,159,1.322340726852417
52,160,1.3936923742294312
52,161,1.5018839836120605
52,162,1.2095704078674316
52,163,1.450380563735962
52,164,1.452730417251587
52,165,1.3148598670959473
52,166,1.3703172206878662
52,167,1.5056298971176147
52,168,1.391291618347168
52,169,1.2732765674591064
52,170,1.4987053871154785
52,171,1.3764212131500244
52,172,1.3526999950408936
52,173,1.3982714414596558
52,174,1.249284267425537
52,175,1.3321197032928467
52,176,1.4663017988204956
52,177,1.5658787488937378
52,178,1.1600178480148315
52,179,1.794493317604065
52,180,1.476097583770752
52,181,1.2930407524108887
52,182,1.1727795600891113
52,183,1.2385472059249878
52,184,1.3158636093139648
52,185,1.216132640838623
52,186,1.3253698348999023
52,187,1.4438807964324951
52,188,1.3910647630691528
52,189,1.1846294403076172
52,190,1.484623670578003
52,191,1.2912036180496216
52,192,1.4077414274215698
52,193,1.1461563110351562
52,194,1.4678958654403687
52,195,1.3567030429840088
52,196,1.4007036685943604
52,197,1.4362448453903198
52,198,1.0789580345153809
52,199,1.6743690967559814
52,200,1.3436118364334106
52,201,1.3234376907348633
52,202,1.5028462409973145
52,203,1.3582651615142822
52,204,1.1938198804855347
52,205,1.131604552268982
52,206,1.5152173042297363
52,207,1.1926565170288086
52,208,1.132173776626587
52,209,1.1847360134124756
52,210,1.4737462997436523
52,211,1.4227827787399292
52,212,1.244899868965149
52,213,1.2597975730895996
52,214,1.3579761981964111
52,215,1.3848682641983032
52,216,1.5001585483551025
52,217,1.152642846107483
52,218,1.2407169342041016
52,219,1.208092212677002
52,220,1.3264127969741821
52,221,1.1362048387527466
52,222,1.41780686378479
52,223,1.2678191661834717
52,224,1.579397201538086
52,225,1.130770206451416
52,226,1.3636927604675293
52,227,1.1824461221694946
52,228,1.2593374252319336
52,229,1.0596219301223755
52,230,1.2267259359359741
52,231,1.4351338148117065
52,232,1.25309157371521
52,233,1.4910718202590942
52,234,1.2593896389007568
52,235,1.4031074047088623
52,236,1.4253332614898682
52,237,1.3060543537139893
52,238,1.7364039421081543
52,239,1.2499829530715942
52,240,1.250841498374939
52,241,1.5743242502212524
52,242,1.4379390478134155
52,243,1.5748240947723389
52,244,1.2175500392913818
52,245,1.3567941188812256
52,246,1.3335649967193604
52,247,1.2466366291046143
52,248,1.621983289718628
52,249,1.3331780433654785
52,250,1.2913711071014404
52,251,1.266687035560608
52,252,1.3520077466964722
52,253,1.5267921686172485
52,254,1.2206228971481323
52,255,1.1871007680892944
52,256,1.1561946868896484
52,257,1.4022140502929688
52,258,1.2362415790557861
52,259,1.3335986137390137
52,260,1.3221714496612549
52,261,1.1426210403442383
52,262,1.1649916172027588
52,263,1.183747410774231
52,264,1.224328637123108
52,265,1.2141996622085571
52,266,1.6100571155548096
52,267,1.3878403902053833
52,268,1.499934196472168
52,269,1.222865343093872
52,270,1.3163738250732422
52,271,1.4534244537353516
52,272,1.3218367099761963
52,273,1.8127497434616089
52,274,1.1771001815795898
52,275,1.473790168762207
52,276,1.5472087860107422
52,277,1.2695811986923218
52,278,1.239667296409607
52,279,1.6985340118408203
52,280,1.3450510501861572
52,281,1.132552981376648
52,282,1.5037097930908203
52,283,1.3619664907455444
52,284,1.0767171382904053
52,285,1.1241428852081299
52,286,1.1978018283843994
52,287,1.1644558906555176
52,288,1.5195155143737793
52,289,1.4856842756271362
52,290,1.2036168575286865
52,291,1.2284479141235352
52,292,1.3655390739440918
52,293,1.3077203035354614
52,294,1.1973215341567993
52,295,1.4737944602966309
52,296,1.1203382015228271
52,297,1.1763184070587158
52,298,1.2381319999694824
52,299,1.1780028343200684
52,300,1.1845276355743408
52,301,1.3582501411437988
52,302,1.3950177431106567
52,303,1.447106122970581
52,304,1.3987808227539062
52,305,1.3298454284667969
52,306,1.3088369369506836
52,307,1.3776724338531494
52,308,1.2567343711853027
52,309,1.3525437116622925
52,310,1.0845413208007812
52,311,1.5452063083648682
53,0,1.465532660484314
53,1,1.0777244567871094
53,2,1.0079954862594604
53,3,1.2433476448059082
53,4,1.3268816471099854
53,5,1.127274990081787
53,6,1.4697617292404175
53,7,1.2890565395355225
53,8,1.2143839597702026
53,9,1.1701263189315796
53,10,1.1408617496490479
53,11,1.261448621749878
53,12,1.3711012601852417
53,13,1.1225645542144775
53,14,1.3278486728668213
53,15,1.189725637435913
53,16,1.3780694007873535
53,17,1.3786158561706543
53,18,1.4055856466293335
53,19,1.3459932804107666
53,20,1.53019380569458
53,21,1.4440560340881348
53,22,1.091318130493164
53,23,1.3988096714019775
53,24,1.430384635925293
53,25,1.7009990215301514
53,26,1.1721057891845703
53,27,1.3945567607879639
53,28,1.3881540298461914
53,29,1.2099251747131348
53,30,1.2716143131256104
53,31,1.4888994693756104
53,32,1.0733778476715088
53,33,1.3429949283599854
53,34,1.1476445198059082
53,35,1.0822869539260864
53,36,1.2578068971633911
53,37,1.3797998428344727
53,38,1.1733042001724243
53,39,1.5171798467636108
53,40,1.331855058670044
53,41,1.3070359230041504
53,42,1.2170838117599487
53,43,1.3469194173812866
53,44,1.2881932258605957
53,45,1.4531207084655762
53,46,1.1170246601104736
53,47,1.5168213844299316
53,48,1.2946951389312744
53,49,1.226914644241333
53,50,1.5666865110397339
53,51,1.219153642654419
53,52,1.1355292797088623
53,53,1.343559980392456
53,54,1.1799404621124268
53,55,1.3688298463821411
53,56,1.2155015468597412
53,57,1.3171091079711914
53,58,1.4589042663574219
53,59,1.4961854219436646
53,60,1.2233396768569946
53,61,1.3229386806488037
53,62,1.6502141952514648
53,63,1.2117990255355835
53,64,1.3729422092437744
53,65,1.293268084526062
53,66,1.4338544607162476
53,67,1.2108814716339111
53,68,1.1629657745361328
53,69,1.2547963857650757
53,70,1.409171223640442
53,71,1.2726588249206543
53,72,1.131044864654541
53,73,1.4026002883911133
53,74,1.1346911191940308
53,75,1.2306534051895142
53,76,1.110573410987854
53,77,1.3550817966461182
53,78,1.5696468353271484
53,79,1.2925190925598145
53,80,1.66495943069458
53,81,1.3021159172058105
53,82,1.298811435699463
53,83,1.3967679738998413
53,84,1.2242364883422852
53,85,1.2208280563354492
53,86,1.3690581321716309
53,87,1.413888931274414
53,88,1.727397084236145
53,89,1.3193669319152832
53,90,1.1193888187408447
53,91,1.4332212209701538
53,92,1.2739930152893066
53,93,1.2769839763641357
53,94,1.1234592199325562
53,95,1.3434064388275146
53,96,1.2028580904006958
53,97,1.4630770683288574
53,98,1.2489852905273438
53,99,1.1986503601074219
53,100,1.4987255334854126
53,101,1.5380940437316895
53,102,1.0840977430343628
53,103,1.2829259634017944
53,104,1.1000767946243286
53,105,1.307433843612671
53,106,1.2326802015304565
53,107,1.2240238189697266
53,108,1.3728981018066406
53,109,1.4015986919403076
53,110,1.7351834774017334
53,111,1.3422096967697144
53,112,1.3065216541290283
53,113,1.286910057067871
53,114,1.125899314880371
53,115,1.34287691116333
53,116,1.2294028997421265
53,117,1.2466462850570679
53,118,1.4135096073150635
53,119,1.51816987991333
53,120,1.3156154155731201
53,121,1.2699127197265625
53,122,1.4802699089050293
53,123,1.38517165184021
53,124,1.3526792526245117
53,125,1.3783836364746094
53,126,1.276817798614502
53,127,1.203689455986023
53,128,1.3600797653198242
53,129,1.1020512580871582
53,130,1.4579588174819946
53,131,1.3708100318908691
53,132,1.3384733200073242
53,133,1.3802051544189453
53,134,1.1876188516616821
53,135,1.244189739227295
53,136,1.48687744140625
53,137,1.3763024806976318
53,138,1.4881891012191772
53,139,1.217749834060669
53,140,1.5785412788391113
53,141,1.1707555055618286
53,142,1.425177812576294
53,143,1.2859562635421753
53,144,1.273768424987793
53,145,1.595707893371582
53,146,1.2550668716430664
53,147,1.2315086126327515
53,148,1.221550464630127
53,149,1.3376095294952393
53,150,1.4937217235565186
53,151,1.8018444776535034
53,152,1.1200758218765259
53,153,1.4122569561004639
53,154,1.5698479413986206
53,155,1.3186354637145996
53,156,1.2942711114883423
53,157,1.2490198612213135
53,158,1.4530600309371948
53,159,1.3649280071258545
53,160,1.2756530046463013
53,161,1.2915571928024292
53,162,1.3248248100280762
53,163,1.4219008684158325
53,164,1.3336920738220215
53,165,1.5653581619262695
53,166,1.4236931800842285
53,167,1.1264920234680176
53,168,1.3514610528945923
53,169,1.4303293228149414
53,170,1.2615512609481812
53,171,1.3517100811004639
53,172,1.3315260410308838
53,173,1.3728270530700684
53,174,1.0889030694961548
53,175,1.5956816673278809
53,176,1.1886873245239258
53,177,1.1928598880767822
53,178,1.360196590423584
53,179,1.4069209098815918
53,180,1.19339919090271
53,181,1.3284993171691895
53,182,1.303055763244629
53,183,1.2039902210235596
53,184,1.3302266597747803
53,185,1.253454566001892
53,186,1.363159418106079
53,187,1.413266658782959
53,188,1.1574461460113525
53,189,1.3744041919708252
53,190,1.4912054538726807
53,191,1.6028707027435303
53,192,1.4270803928375244
53,193,1.4139010906219482
53,194,1.4102122783660889
53,195,1.4593514204025269
53,196,1.4491684436798096
53,197,1.4305529594421387
53,198,1.2834819555282593
53,199,1.1742336750030518
53,200,1.2830066680908203
53,201,1.2193517684936523
53,202,1.7386696338653564
53,203,1.3610801696777344
53,204,1.0153990983963013
53,205,1.6045317649841309
53,206,1.2573704719543457
53,207,1.434336543083191
53,208,1.35139799118042
53,209,1.0786806344985962
53,210,1.2319670915603638
53,211,1.1229251623153687
53,212,1.293975830078125
53,213,1.3066582679748535
53,214,1.1816843748092651
53,215,1.4393012523651123
53,216,1.7580350637435913
53,217,1.5021296739578247
53,218,1.290668249130249
53,219,1.5018260478973389
53,220,1.2911999225616455
53,221,1.5773146152496338
53,222,1.2683409452438354
53,223,1.260988712310791
53,224,1.3170678615570068
53,225,1.5450892448425293
53,226,1.2422598600387573
53,227,1.2465345859527588
53,228,1.4534671306610107
53,229,1.121145486831665
53,230,1.490929365158081
53,231,1.527037262916565
53,232,1.441770315170288
53,233,1.4150457382202148
53,234,1.4155418872833252
53,235,1.179232120513916
53,236,1.185304045677185
53,237,1.5515573024749756
53,238,1.2850251197814941
53,239,1.117128610610962
53,240,1.4101147651672363
53,241,1.189566969871521
53,242,1.3558545112609863
53,243,1.628185749053955
53,244,1.7195870876312256
53,245,1.4253671169281006
53,246,1.2685096263885498
53,247,1.2246654033660889
53,248,1.3246269226074219
53,249,1.027289628982544
53,250,1.405045509338379
53,251,1.349968433380127
53,252,1.310856580734253
53,253,1.263023018836975
53,254,1.4550526142120361
53,255,1.0732477903366089
53,256,1.420817255973816
53,257,1.2427922487258911
53,258,1.4944102764129639
53,259,1.4301173686981201
53,260,1.345020055770874
53,261,1.5884077548980713
53,262,1.4410643577575684
53,263,1.270766019821167
53,264,1.3476150035858154
53,265,1.2980321645736694
53,266,1.3552509546279907
53,267,1.19093918800354
53,268,1.1729283332824707
53,269,1.1235120296478271
53,270,1.4626164436340332
53,271,1.2264869213104248
53,272,1.5837066173553467
53,273,1.2453618049621582
53,274,1.262251377105713
53,275,1.2749747037887573
53,276,1.419825792312622
53,277,1.3967819213867188
53,278,1.426692247390747
53,279,1.5038795471191406
53,280,1.3613202571868896
53,281,1.2198387384414673
53,282,1.3476096391677856
53,283,1.436954379081726
53,284,1.4112415313720703
53,285,1.30111825466156
53,286,1.2311636209487915
53,287,1.1942989826202393
53,288,1.4031529426574707
53,289,1.6181931495666504
53,290,1.5106956958770752
53,291,1.0290107727050781
53,292,1.1316171884536743
53,293,1.4186460971832275
53,294,1.4445548057556152
53,295,1.5350782871246338
53,296,1.178022027015686
53,297,1.3013348579406738
53,298,1.431645154953003
53,299,1.6436169147491455
53,300,1.2834177017211914
53,301,1.160489559173584
53,302,1.8007724285125732
53,303,1.4270011186599731
53,304,1.2932415008544922
53,305,1.3978180885314941
53,306,1.1825611591339111
53,307,1.3138518333435059
53,308,1.142049789428711
53,309,1.1024034023284912
53,310,1.4854888916015625
53,311,1.3163611888885498
54,0,1.1871110200881958
54,1,1.3259170055389404
54,2,1.4303797483444214
54,3,1.3498296737670898
54,4,1.5368545055389404
54,5,1.3018059730529785
54,6,1.4943156242370605
54,7,1.2293490171432495
54,8,1.23664391040802
54,9,1.3443763256072998
54,10,1.267813801765442
54,11,1.1116435527801514
54,12,1.3564622402191162
54,13,1.2371655702590942
54,14,1.4857115745544434
54,15,1.543405532836914
54,16,1.1881802082061768
54,17,1.5872600078582764
54,18,1.3171803951263428
54,19,1.1810939311981201
54,20,1.2120072841644287
54,21,1.4378104209899902
54,22,1.0536166429519653
54,23,1.3226783275604248
54,24,1.2467631101608276
54,25,1.484086513519287
54,26,1.2420417070388794
54,27,1.3991847038269043
54,28,1.2909146547317505
54,29,1.1956124305725098
54,30,1.3197276592254639
54,31,1.3477129936218262
54,32,1.4198626279830933
54,33,1.1352792978286743
54,34,1.2602745294570923
54,35,1.2419508695602417
54,36,1.3512829542160034
54,37,1.1685395240783691
54,38,1.616989016532898
54,39,1.209718942642212
54,40,1.300908088684082
54,41,1.4333021640777588
54,42,1.2015231847763062
54,43,1.403518557548523
54,44,1.1362440586090088
54,45,1.6058071851730347
54,46,1.2827200889587402
54,47,1.0918803215026855
54,48,1.1804059743881226
54,49,1.286860704421997
54,50,1.5913294553756714
54,51,1.3402833938598633
54,52,1.3059284687042236
54,53,1.2743390798568726
54,54,1.1862640380859375
54,55,1.3399317264556885
54,56,1.0965882539749146
54,57,1.1607673168182373
54,58,1.1850343942642212
54,59,1.3254852294921875
54,60,1.4180059432983398
54,61,1.1829277276992798
54,62,1.7617683410644531
54,63,1.274133324623108
54,64,1.265005350112915
54,65,1.208669662475586
54,66,1.2287417650222778
54,67,1.5149686336517334
54,68,1.788038730621338
54,69,1.5845589637756348
54,70,1.3272321224212646
54,71,1.2457410097122192
54,72,1.3516771793365479
54,73,1.4318007230758667
54,74,1.2863866090774536
54,75,1.3490843772888184
54,76,1.4468388557434082
54,77,1.2953884601593018
54,78,1.2811229228973389
54,79,1.471570611000061
54,80,1.2433964014053345
54,81,1.1964764595031738
54,82,1.3957111835479736
54,83,1.0116394758224487
54,84,1.1660330295562744
54,85,1.186678409576416
54,86,1.4865336418151855
54,87,1.3269929885864258
54,88,1.2994346618652344
54,89,1.2485746145248413
54,90,1.4116404056549072
54,91,1.102088451385498
54,92,1.280806064605713
54,93,1.0650317668914795
54,94,1.1369848251342773
54,95,1.2353453636169434
54,96,1.3452723026275635
54,97,1.3105921745300293
54,98,1.1096701622009277
54,99,1.3840749263763428
54,100,1.3224835395812988
54,101,1.2583085298538208
54,102,1.3185482025146484
54,103,1.4041827917099
54,104,1.3453543186187744
54,105,1.1184184551239014
54,106,1.053324818611145
54,107,1.5596606731414795
54,108,1.1744701862335205
54,109,1.081100583076477
54,110,1.148449420928955
54,111,1.4264577627182007
54,112,1.44156014919281
54,113,1.3679876327514648
54,114,1.2687993049621582
54,115,1.1070449352264404
54,116,1.161407709121704
54,117,1.2858706712722778
54,118,1.6281330585479736
54,119,1.604287028312683
54,120,1.1411808729171753
54,121,1.2214751243591309
54,122,1.4712109565734863
54,123,1.2867300510406494
54,124,1.3413137197494507
54,125,1.518061876296997
54,126,1.4778478145599365
54,127,1.460641860961914
54,128,1.4845695495605469
54,129,1.2424261569976807
54,130,1.393971562385559
54,131,1.2250416278839111
54,132,1.1767888069152832
54,133,1.3829469680786133
54,134,1.1349793672561646
54,135,1.1811515092849731
54,136,1.2719500064849854
54,137,1.4840657711029053
54,138,1.1497056484222412
54,139,1.368661880493164
54,140,1.2519404888153076
54,141,1.1174906492233276
54,142,1.4089815616607666
54,143,1.6240384578704834
54,144,1.167169213294983
54,145,1.3860833644866943
54,146,1.2114198207855225
54,147,1.2586414813995361
54,148,1.124924659729004
54,149,1.3105837106704712
54,150,1.1732115745544434
54,151,1.461578607559204
54,152,1.2481640577316284
54,153,1.3597205877304077
54,154,1.305628776550293
54,155,1.2644593715667725
54,156,1.1164807081222534
54,157,1.2551589012145996
54,158,1.229158639907837
54,159,1.310646653175354
54,160,1.2513201236724854
54,161,1.3191413879394531
54,162,1.4040563106536865
54,163,1.2623718976974487
54,164,1.4491841793060303
54,165,1.8348661661148071
54,166,1.2877262830734253
54,167,1.2515547275543213
54,168,1.1489179134368896
54,169,1.7128832340240479
54,170,1.1987190246582031
54,171,1.3883541822433472
54,172,1.250504493713379
54,173,1.5140708684921265
54,174,1.1923354864120483
54,175,1.1283477544784546
54,176,1.229918360710144
54,177,1.1751354932785034
54,178,1.4673757553100586
54,179,1.4479036331176758
54,180,1.1196166276931763
54,181,1.2661628723144531
54,182,1.3860597610473633
54,183,1.1788711547851562
54,184,1.3760814666748047
54,185,1.1471062898635864
54,186,1.4805915355682373
54,187,1.3249046802520752
54,188,1.1510391235351562
54,189,1.3112974166870117
54,190,1.3069416284561157
54,191,1.3354475498199463
54,192,1.5488070249557495
54,193,1.4578282833099365
54,194,1.3123044967651367
54,195,1.1637072563171387
54,196,1.2265961170196533
54,197,1.0636026859283447
54,198,1.497169852256775
54,199,1.1050629615783691
54,200,1.4039522409439087
54,201,1.2323169708251953
54,202,1.115904450416565
54,203,1.1975882053375244
54,204,1.0922659635543823
54,205,1.428865909576416
54,206,1.458245873451233
54,207,1.0884144306182861
54,208,1.5623242855072021
54,209,1.2850475311279297
54,210,1.3217921257019043
54,211,1.3120218515396118
54,212,1.2400203943252563
54,213,1.5028674602508545
54,214,1.488297939300537
54,215,1.2809661626815796
54,216,1.5166171789169312
54,217,1.4988219738006592
54,218,1.4003629684448242
54,219,1.4143736362457275
54,220,1.1981656551361084
54,221,1.3064950704574585
54,222,1.202741265296936
54,223,1.4490821361541748
54,224,1.2046823501586914
54,225,1.2588846683502197
54,226,1.200825810432434
54,227,1.1978073120117188
54,228,1.2675883769989014
54,229,1.1903870105743408
54,230,1.3347532749176025
54,231,1.283026933670044
54,232,1.190287470817566
54,233,1.327525019645691
54,234,1.2219178676605225
54,235,1.4130455255508423
54,236,1.2524036169052124
54,237,1.4265828132629395
54,238,1.3259599208831787
54,239,1.515216588973999
54,240,1.3996148109436035
54,241,1.5033016204833984
54,242,1.2371256351470947
54,243,1.2684619426727295
54,244,1.2407840490341187
54,245,1.1517627239227295
54,246,1.1869213581085205
54,247,1.3508780002593994
54,248,1.333505392074585
54,249,1.3219373226165771
54,250,1.4529975652694702
54,251,1.2508149147033691
54,252,1.6368224620819092
54,253,1.2176783084869385
54,254,1.3244972229003906
54,255,1.4203346967697144
54,256,1.599901795387268
54,257,1.1298601627349854
54,258,1.1944398880004883
54,259,1.306164026260376
54,260,1.2527039051055908
54,261,1.5328587293624878
54,262,1.2556450366973877
54,263,1.2311055660247803
54,264,1.494727611541748
54,265,1.2023756504058838
54,266,1.2636642456054688
54,267,1.2399173974990845
54,268,1.2667653560638428
54,269,1.4385054111480713
54,270,1.2702183723449707
54,271,1.1931380033493042
54,272,1.4434335231781006
54,273,1.1472867727279663
54,274,1.0733208656311035
54,275,1.3053700923919678
54,276,1.141160249710083
54,277,1.0945197343826294
54,278,1.4183002710342407
54,279,1.071524977684021
54,280,1.311152696609497
54,281,1.1595704555511475
54,282,1.202647089958191
54,283,1.5418387651443481
54,284,1.1989765167236328
54,285,1.532402515411377
54,286,1.0972137451171875
54,287,1.2284060716629028
54,288,1.3347195386886597
54,289,1.330676555633545
54,290,1.3693718910217285
54,291,1.1947381496429443
54,292,1.2870768308639526
54,293,1.5744500160217285
54,294,1.253226399421692
54,295,1.1750972270965576
54,296,1.082648515701294
54,297,1.3062314987182617
54,298,1.429246425628662
54,299,1.183891773223877
54,300,1.4231070280075073
54,301,1.3339626789093018
54,302,1.2306432723999023
54,303,1.3621525764465332
54,304,1.3960847854614258
54,305,1.4572200775146484
54,306,1.4253885746002197
54,307,1.0608950853347778
54,308,1.2822552919387817
54,309,1.503967046737671
54,310,1.3999443054199219
54,311,1.2373346090316772
55,0,1.077796459197998
55,1,1.2742292881011963
55,2,1.167312741279602
55,3,1.1037299633026123
55,4,1.372097134590149
55,5,1.27153742313385
55,6,1.2206708192825317
55,7,1.2233725786209106
55,8,1.371840476989746
55,9,1.2572824954986572
55,10,1.4682738780975342
55,11,1.3445847034454346
55,12,1.1716704368591309
55,13,1.4597339630126953
55,14,1.3984519243240356
55,15,1.3559492826461792
55,16,1.4013187885284424
55,17,1.245585322380066
55,18,1.334998369216919
55,19,1.212388038635254
55,20,1.210155725479126
55,21,1.375130295753479
55,22,1.2677857875823975
55,23,1.3138628005981445
55,24,1.6465036869049072
55,25,1.296245813369751
55,26,1.2720446586608887
55,27,1.2887632846832275
55,28,1.3108700513839722
55,29,1.1853556632995605
55,30,1.2687101364135742
55,31,1.1998827457427979
55,32,1.424329400062561
55,33,1.4809603691101074
55,34,1.3808465003967285
55,35,1.4402164220809937
55,36,1.4030500650405884
55,37,1.2581062316894531
55,38,1.1734752655029297
55,39,1.4128636121749878
55,40,1.4226568937301636
55,41,1.1637325286865234
55,42,1.4023655652999878
55,43,1.4446861743927002
55,44,1.338040828704834
55,45,1.391263484954834
55,46,1.2185993194580078
55,47,1.2244272232055664
55,48,1.1495076417922974
55,49,1.2212499380111694
55,50,1.1329199075698853
55,51,1.2964119911193848
55,52,1.2423895597457886
55,53,1.1019898653030396
55,54,1.3336999416351318
55,55,1.239924669265747
55,56,1.2199476957321167
55,57,1.2768471240997314
55,58,1.1794651746749878
55,59,1.1328569650650024
55,60,1.1465582847595215
55,61,1.2952299118041992
55,62,1.2415671348571777
55,63,1.1639522314071655
55,64,1.5186738967895508
55,65,1.5092778205871582
55,66,1.374632477760315
55,67,1.0752999782562256
55,68,1.226000189781189
55,69,1.1931445598602295
55,70,1.1186341047286987
55,71,1.3556450605392456
55,72,1.263885498046875
55,73,1.2608232498168945
55,74,1.2013076543807983
55,75,1.3256537914276123
55,76,1.425325632095337
55,77,1.3892250061035156
55,78,1.2836575508117676
55,79,1.3341374397277832
55,80,1.1167980432510376
55,81,1.2444894313812256
55,82,1.4051874876022339
55,83,1.0930793285369873
55,84,1.1816163063049316
55,85,1.2770112752914429
55,86,1.5341328382492065
55,87,1.2590827941894531
55,88,1.4931151866912842
55,89,1.3617740869522095
55,90,1.1328836679458618
55,91,1.2932322025299072
55,92,1.2191760540008545
55,93,1.369760274887085
55,94,1.255176305770874
55,95,1.0799779891967773
55,96,1.2625430822372437
55,97,1.2505552768707275
55,98,1.0733559131622314
55,99,1.3233243227005005
55,100,1.0312120914459229
55,101,1.412489652633667
55,102,1.2917792797088623
55,103,1.4345510005950928
55,104,1.254811406135559
55,105,1.2506303787231445
55,106,1.4742958545684814
55,107,1.232209324836731
55,108,1.3331420421600342
55,109,1.2515449523925781
55,110,1.2135306596755981
55,111,1.4212877750396729
55,112,1.5448131561279297
55,113,1.1487996578216553
55,114,1.5188854932785034
55,115,1.214087724685669
55,116,1.3715124130249023
55,117,1.346163272857666
55,118,1.313009262084961
55,119,1.5159268379211426
55,120,1.2744842767715454
55,121,1.4095571041107178
55,122,1.3849533796310425
55,123,1.8452333211898804
55,124,1.2112493515014648
55,125,1.5602619647979736
55,126,1.1641414165496826
55,127,1.3930422067642212
55,128,1.1193063259124756
55,129,1.4661692380905151
55,130,1.2073278427124023
55,131,1.214369297027588
55,132,1.4289970397949219
55,133,1.4441304206848145
55,134,1.349723219871521
55,135,1.4403140544891357
55,136,1.356290578842163
55,137,1.2733154296875
55,138,1.0768754482269287
55,139,1.6344900131225586
55,140,1.3526586294174194
55,141,1.4593346118927002
55,142,1.298258900642395
55,143,1.262254238128662
55,144,1.4519888162612915
55,145,1.3373279571533203
55,146,1.1067726612091064
55,147,1.4504356384277344
55,148,1.2415447235107422
55,149,1.4149808883666992
55,150,1.4181785583496094
55,151,1.2952234745025635
55,152,1.2452960014343262
55,153,1.3971620798110962
55,154,1.5313313007354736
55,155,1.3100426197052002
55,156,1.3072764873504639
55,157,1.5522351264953613
55,158,1.925297737121582
55,159,1.276508092880249
55,160,1.2784098386764526
55,161,1.4320497512817383
55,162,1.2032666206359863
55,163,1.2249606847763062
55,164,1.1491730213165283
55,165,1.1787351369857788
55,166,1.734148621559143
55,167,1.301009178161621
55,168,1.4998838901519775
55,169,1.4225592613220215
55,170,1.213576078414917
55,171,1.3574585914611816
55,172,1.4394900798797607
55,173,1.2374961376190186
55,174,1.2898857593536377
55,175,1.2261688709259033
55,176,1.3608338832855225
55,177,1.194582462310791
55,178,1.303621530532837
55,179,1.1240267753601074
55,180,1.4547665119171143
55,181,1.1524378061294556
55,182,1.3614723682403564
55,183,1.1244984865188599
55,184,1.5341607332229614
55,185,1.3299208879470825
55,186,1.1684393882751465
55,187,1.1970762014389038
55,188,1.3020861148834229
55,189,1.1552927494049072
55,190,1.439133882522583
55,191,1.1521705389022827
55,192,1.4864461421966553
55,193,1.2211129665374756
55,194,1.308466911315918
55,195,1.3188629150390625
55,196,1.3024953603744507
55,197,1.3201364278793335
55,198,1.4053714275360107
55,199,1.474341869354248
55,200,1.2640795707702637
55,201,1.1882736682891846
55,202,1.324965000152588
55,203,1.150449275970459
55,204,1.294635534286499
55,205,1.4134225845336914
55,206,1.3817174434661865
55,207,1.549298644065857
55,208,1.3925950527191162
55,209,1.2101432085037231
55,210,1.4301114082336426
55,211,1.3686000108718872
55,212,1.4286757707595825
55,213,1.4326415061950684
55,214,1.2036067247390747
55,215,1.2106599807739258
55,216,1.1550216674804688
55,217,1.077484130859375
55,218,1.0875253677368164
55,219,1.1745938062667847
55,220,1.535326361656189
55,221,1.25503671169281
55,222,1.1360008716583252
55,223,1.6620943546295166
55,224,1.377105474472046
55,225,1.3919117450714111
55,226,1.391655445098877
55,227,1.1342474222183228
55,228,1.158776879310608
55,229,1.2701294422149658
55,230,1.3328070640563965
55,231,1.2081298828125
55,232,1.253751277923584
55,233,1.3186161518096924
55,234,1.2441397905349731
55,235,1.2736735343933105
55,236,1.3647891283035278
55,237,1.0816199779510498
55,238,1.2331284284591675
55,239,1.280302882194519
55,240,1.2781291007995605
55,241,1.3964431285858154
55,242,1.225136160850525
55,243,1.3463045358657837
55,244,1.679241418838501
55,245,1.4311330318450928
55,246,1.5049283504486084
55,247,1.3690134286880493
55,248,1.1325026750564575
55,249,1.1445666551589966
55,250,1.390934944152832
55,251,1.0682343244552612
55,252,1.1660912036895752
55,253,1.2994385957717896
55,254,1.329925775527954
55,255,1.1896847486495972
55,256,1.306595802307129
55,257,1.3948743343353271
55,258,1.3170192241668701
55,259,1.1841862201690674
55,260,1.215787410736084
55,261,1.1599630117416382
55,262,1.082396388053894
55,263,1.1256093978881836
55,264,1.1713484525680542
55,265,1.1862602233886719
55,266,1.404502034187317
55,267,1.0920300483703613
55,268,1.304282546043396
55,269,1.4005050659179688
55,270,1.4241918325424194
55,271,1.564377784729004
55,272,1.1362712383270264
55,273,1.1828908920288086
55,274,1.1787577867507935
55,275,1.210917592048645
55,276,1.2991267442703247
55,277,1.2162317037582397
55,278,1.2344245910644531
55,279,1.1745984554290771
55,280,1.6295995712280273
55,281,1.3517556190490723
55,282,1.1835368871688843
55,283,1.1122806072235107
55,284,1.2808005809783936
55,285,1.323430061340332
55,286,1.0573259592056274
55,287,1.3928675651550293
55,288,1.2950263023376465
55,289,1.2002226114273071
55,290,1.1121159791946411
55,291,1.2148911952972412
55,292,1.6168622970581055
55,293,1.2982597351074219
55,294,1.4932200908660889
55,295,1.2797349691390991
55,296,1.3007748126983643
55,297,1.1158004999160767
55,298,1.1515297889709473
55,299,1.484684944152832
55,300,1.3334590196609497
55,301,1.3369407653808594
55,302,1.5301601886749268
55,303,1.2842082977294922
55,304,1.6104869842529297
55,305,1.323364496231079
55,306,1.1911150217056274
55,307,1.664533257484436
55,308,1.3116192817687988
55,309,1.1840996742248535
55,310,1.5663671493530273
55,311,1.3813786506652832
56,0,1.198142170906067
56,1,1.3574739694595337
56,2,1.4493916034698486
56,3,1.4438776969909668
56,4,1.3898298740386963
56,5,1.1893234252929688
56,6,1.3965485095977783
56,7,1.0437030792236328
56,8,1.268418788909912
56,9,1.219674825668335
56,10,1.5687131881713867
56,11,1.4785287380218506
56,12,1.430302381515503
56,13,1.4262938499450684
56,14,1.2852116823196411
56,15,1.3003907203674316
56,16,1.208572268486023
56,17,1.4028913974761963
56,18,1.1642545461654663
56,19,1.146334171295166
56,20,1.1576929092407227
56,21,1.2943341732025146
56,22,1.397476315498352
56,23,1.209374189376831
56,24,1.2285187244415283
56,25,1.2484394311904907
56,26,1.4053125381469727
56,27,1.2264305353164673
56,28,1.3701989650726318
56,29,1.3983840942382812
56,30,1.1873055696487427
56,31,1.1306493282318115
56,32,1.2896332740783691
56,33,1.4274178743362427
56,34,1.3369953632354736
56,35,1.1456382274627686
56,36,1.3441888093948364
56,37,1.191453218460083
56,38,1.104934811592102
56,39,1.4082701206207275
56,40,1.2470788955688477
56,41,1.3168020248413086
56,42,1.3625026941299438
56,43,1.1862276792526245
56,44,1.3923707008361816
56,45,1.4006104469299316
56,46,1.5287278890609741
56,47,1.1165236234664917
56,48,1.1486144065856934
56,49,1.337144136428833
56,50,1.4534506797790527
56,51,1.4970877170562744
56,52,1.205022931098938
56,53,1.3202574253082275
56,54,1.207815170288086
56,55,1.3080708980560303
56,56,1.2033649682998657
56,57,1.2739492654800415
56,58,1.2022898197174072
56,59,1.320043921470642
56,60,1.2996618747711182
56,61,1.1348017454147339
56,62,1.362064242362976
56,63,1.1545286178588867
56,64,1.181612253189087
56,65,1.4973628520965576
56,66,1.3609654903411865
56,67,1.2772839069366455
56,68,1.6016225814819336
56,69,1.3311247825622559
56,70,1.1913434267044067
56,71,1.178879976272583
56,72,1.1416146755218506
56,73,1.1530539989471436
56,74,1.1865183115005493
56,75,1.0843044519424438
56,76,1.2737176418304443
56,77,1.3083875179290771
56,78,1.2732166051864624
56,79,1.2653543949127197
56,80,1.3186910152435303
56,81,1.2343177795410156
56,82,1.2608150243759155
56,83,1.111219048500061
56,84,1.5921893119812012
56,85,1.2611678838729858
56,86,1.36124587059021
56,87,1.2268307209014893
56,88,1.2585790157318115
56,89,1.1392364501953125
56,90,1.4145559072494507
56,91,1.1300114393234253
56,92,1.4088714122772217
56,93,1.0456697940826416
56,94,1.1801053285598755
56,95,1.4576129913330078
56,96,1.2405400276184082
56,97,1.4484436511993408
56,98,1.1650211811065674
56,99,1.3976783752441406
56,100,1.052750825881958
56,101,1.1621149778366089
56,102,1.3725392818450928
56,103,1.3407628536224365
56,104,1.411668300628662
56,105,1.1837228536605835
56,106,1.6364896297454834
56,107,1.1045072078704834
56,108,1.1628906726837158
56,109,1.080634593963623
56,110,1.2252659797668457
56,111,1.0373420715332031
56,112,1.296901822090149
56,113,1.1645771265029907
56,114,1.4459701776504517
56,115,1.1200757026672363
56,116,1.0351464748382568
56,117,1.2560291290283203
56,118,1.2041966915130615
56,119,1.173158884048462
56,120,1.4992460012435913
56,121,1.1818052530288696
56,122,1.1398836374282837
56,123,1.185774326324463
56,124,1.3577468395233154
56,125,1.4829888343811035
56,126,1.2887403964996338
56,127,1.046018123626709
56,128,1.215624213218689
56,129,1.0237905979156494
56,130,1.4617146253585815
56,131,1.2789932489395142
56,132,1.4818968772888184
56,133,1.161478877067566
56,134,1.3615251779556274
56,135,1.1719176769256592
56,136,1.4711742401123047
56,137,1.297386884689331
56,138,1.4800002574920654
56,139,1.2752773761749268
56,140,1.2973885536193848
56,141,1.5108375549316406
56,142,1.5384509563446045
56,143,1.3502172231674194
56,144,1.7050914764404297
56,145,1.4176652431488037
56,146,1.310917615890503
56,147,1.2424793243408203
56,148,1.052244782447815
56,149,1.3058116436004639
56,150,1.2636061906814575
56,151,1.279852271080017
56,152,1.366961121559143
56,153,1.3336224555969238
56,154,1.0922789573669434
56,155,1.2142343521118164
56,156,1.341416358947754
56,157,1.5446140766143799
56,158,1.3888072967529297
56,159,1.4067766666412354
56,160,1.2915376424789429
56,161,1.1912450790405273
56,162,1.5548095703125
56,163,1.397596001625061
56,164,1.2839292287826538
56,165,1.2422857284545898
56,166,1.4347693920135498
56,167,1.142147421836853
56,168,1.408039927482605
56,169,1.2096946239471436
56,170,1.2489726543426514
56,171,1.1557424068450928
56,172,1.2611225843429565
56,173,1.1487785577774048
56,174,1.4804151058197021
56,175,1.3264760971069336
56,176,0.969173789024353
56,177,1.1630091667175293
56,178,1.3910596370697021
56,179,1.2090277671813965
56,180,1.208324909210205
56,181,1.0464484691619873
56,182,1.4170169830322266
56,183,1.4105278253555298
56,184,1.194969654083252
56,185,1.10567045211792
56,186,1.0659120082855225
56,187,1.1552047729492188
56,188,1.19850492477417
56,189,1.3127872943878174
56,190,1.1066052913665771
56,191,1.0711536407470703
56,192,1.1537582874298096
56,193,1.2560927867889404
56,194,1.4056675434112549
56,195,1.3051092624664307
56,196,1.3213832378387451
56,197,1.2068579196929932
56,198,1.242850661277771
56,199,1.3689496517181396
56,200,1.3756303787231445
56,201,1.2321250438690186
56,202,1.3171107769012451
56,203,1.5072357654571533
56,204,1.2760422229766846
56,205,1.233900785446167
56,206,1.5025078058242798
56,207,1.4294860363006592
56,208,1.4426424503326416
56,209,1.2038369178771973
56,210,1.1509172916412354
56,211,1.1807947158813477
56,212,1.6232283115386963
56,213,1.1145390272140503
56,214,1.372908115386963
56,215,1.227007269859314
56,216,1.0649986267089844
56,217,1.2727502584457397
56,218,1.437976360321045
56,219,1.1707576513290405
56,220,1.2173715829849243
56,221,1.2458596229553223
56,222,1.3520190715789795
56,223,1.2850658893585205
56,224,1.403957724571228
56,225,1.2730998992919922
56,226,1.3000853061676025
56,227,1.4398071765899658
56,228,1.3568060398101807
56,229,1.118058681488037
56,230,1.2081453800201416
56,231,1.609917402267456
56,232,1.0488882064819336
56,233,1.4647369384765625
56,234,1.421509027481079
56,235,1.5004297494888306
56,236,1.191968321800232
56,237,1.4204468727111816
56,238,1.4388703107833862
56,239,1.6891427040100098
56,240,1.332672357559204
56,241,1.3948347568511963
56,242,1.1333234310150146
56,243,1.2144187688827515
56,244,1.224226951599121
56,245,1.2221417427062988
56,246,1.302659034729004
56,247,1.2251625061035156
56,248,1.3475245237350464
56,249,1.4444928169250488
56,250,1.1381115913391113
56,251,1.407508134841919
56,252,1.4190902709960938
56,253,1.2410989999771118
56,254,1.311098337173462
56,255,1.241166591644287
56,256,1.1755810976028442
56,257,1.2534213066101074
56,258,1.400803804397583
56,259,1.3038969039916992
56,260,1.3851077556610107
56,261,1.4915003776550293
56,262,1.2584294080734253
56,263,1.497132658958435
56,264,1.3220770359039307
56,265,1.2403563261032104
56,266,1.309086799621582
56,267,1.307975172996521
56,268,1.322784423828125
56,269,1.330742597579956
56,270,1.3435165882110596
56,271,1.2109297513961792
56,272,1.3606183528900146
56,273,1.0861644744873047
56,274,1.1081926822662354
56,275,1.2143311500549316
56,276,1.8078171014785767
56,277,1.1964423656463623
56,278,1.2935590744018555
56,279,1.1635901927947998
56,280,1.2686927318572998
56,281,1.4632574319839478
56,282,1.5497658252716064
56,283,1.180944800376892
56,284,1.1713016033172607
56,285,1.2108193635940552
56,286,1.5131986141204834
56,287,1.1650539636611938
56,288,1.4340893030166626
56,289,1.1069910526275635
56,290,1.5750129222869873
56,291,1.485538125038147
56,292,1.201887845993042
56,293,1.3046122789382935
56,294,1.2472338676452637
56,295,1.1450152397155762
56,296,1.4045889377593994
56,297,1.1987382173538208
56,298,1.5392426252365112
56,299,1.6012611389160156
56,300,1.2508233785629272
56,301,1.2200098037719727
56,302,1.1513144969940186
56,303,1.099302053451538
56,304,1.4151551723480225
56,305,1.149045705795288
56,306,1.2111562490463257
56,307,1.1817611455917358
56,308,1.3247381448745728
56,309,1.2116165161132812
56,310,1.333879828453064
56,311,1.3819067478179932
57,0,1.3205628395080566
57,1,1.4409518241882324
57,2,1.2493760585784912
57,3,1.0799025297164917
57,4,1.3309564590454102
57,5,1.236178994178772
57,6,1.3238670825958252
57,7,1.1460880041122437
57,8,1.3438711166381836
57,9,1.3614226579666138
57,10,1.2722110748291016
57,11,1.4176766872406006
57,12,1.3034443855285645
57,13,1.2241594791412354
57,14,1.1064589023590088
57,15,1.1815458536148071
57,16,1.2735486030578613
57,17,1.2098623514175415
57,18,1.2452151775360107
57,19,1.1128462553024292
57,20,1.1836297512054443
57,21,1.2977341413497925
57,22,1.165635347366333
57,23,1.4452158212661743
57,24,1.2747464179992676
57,25,1.273608922958374
57,26,1.2216229438781738
57,27,1.2730233669281006
57,28,1.0923292636871338
57,29,1.1914277076721191
57,30,1.3015772104263306
57,31,1.3025721311569214
57,32,1.4423112869262695
57,33,1.279819369316101
57,34,1.2124351263046265
57,35,1.5256264209747314
57,36,1.3793351650238037
57,37,1.0961759090423584
57,38,1.1378140449523926
57,39,1.065582036972046
57,40,1.5116426944732666
57,41,1.227677583694458
57,42,1.1346429586410522
57,43,1.2966115474700928
57,44,1.0893980264663696
57,45,1.1901946067810059
57,46,1.2494076490402222
57,47,1.336963176727295
57,48,1.3206701278686523
57,49,1.133044958114624
57,50,1.1060434579849243
57,51,1.0524773597717285
57,52,1.2254745960235596
57,53,1.112958550453186
57,54,1.293483018875122
57,55,1.2482041120529175
57,56,1.260642647743225
57,57,1.151626706123352
57,58,1.6639628410339355
57,59,1.1011264324188232
57,60,1.2620809078216553
57,61,1.4621467590332031
57,62,1.3127480745315552
57,63,1.3676042556762695
57,64,1.0580281019210815
57,65,1.0681430101394653
57,66,1.191117286682129
57,67,1.1273908615112305
57,68,1.336970567703247
57,69,1.0842018127441406
57,70,1.2308783531188965
57,71,1.1303963661193848
57,72,1.2129745483398438
57,73,1.425671100616455
57,74,1.1448113918304443
57,75,1.3599495887756348
57,76,1.1010606288909912
57,77,1.4547091722488403
57,78,1.6688154935836792
57,79,1.4090569019317627
57,80,1.2780969142913818
57,81,1.2472953796386719
57,82,1.306102991104126
57,83,1.4101834297180176
57,84,1.4308595657348633
57,85,1.1790121793746948
57,86,1.210636854171753
57,87,1.3046960830688477
57,88,1.556976079940796
57,89,1.3174277544021606
57,90,1.3782870769500732
57,91,1.2268328666687012
57,92,1.2752995491027832
57,93,1.3044064044952393
57,94,1.2010266780853271
57,95,1.0900968313217163
57,96,1.1380999088287354
57,97,1.2587552070617676
57,98,1.4053592681884766
57,99,1.1429119110107422
57,100,1.2587653398513794
57,101,1.2490836381912231
57,102,1.704129934310913
57,103,1.409738540649414
57,104,1.3593413829803467
57,105,1.2881122827529907
57,106,1.2343415021896362
57,107,1.705373764038086
57,108,1.4596021175384521
57,109,1.4623867273330688
57,110,1.2240022420883179
57,111,1.1530718803405762
57,112,1.2742640972137451
57,113,1.1713871955871582
57,114,1.3687551021575928
57,115,1.1984118223190308
57,116,1.1729631423950195
57,117,1.148425579071045
57,118,1.1967681646347046
57,119,1.327467441558838
57,120,1.5332388877868652
57,121,1.0784680843353271
57,122,1.109998106956482
57,123,1.273707628250122
57,124,1.0861575603485107
57,125,1.3830161094665527
57,126,1.4280250072479248
57,127,1.200490951538086
57,128,1.2874797582626343
57,129,1.3680654764175415
57,130,1.224047064781189
57,131,1.245086431503296
57,132,1.2870302200317383
57,133,1.425033450126648
57,134,1.2340208292007446
57,135,1.4087958335876465
57,136,1.3366048336029053
57,137,1.3915681838989258
57,138,1.2029080390930176
57,139,1.3878276348114014
57,140,1.201002836227417
57,141,1.4167194366455078
57,142,1.2771135568618774
57,143,1.2219150066375732
57,144,1.192521095275879
57,145,1.356454610824585
57,146,1.4166135787963867
57,147,1.2951533794403076
57,148,1.1773006916046143
57,149,1.3115090131759644
57,150,1.0386946201324463
57,151,1.1607544422149658
57,152,1.0506932735443115
57,153,1.0545233488082886
57,154,1.1912989616394043
57,155,1.4008965492248535
57,156,1.4158844947814941
57,157,1.283745288848877
57,158,1.2981772422790527
57,159,1.2458386421203613
57,160,1.345272183418274
57,161,1.244876742362976
57,162,1.3079391717910767
57,163,1.271021842956543
57,164,1.4305033683776855
57,165,1.267637848854065
57,166,1.0950678586959839
57,167,1.4041918516159058
57,168,1.208899974822998
57,169,1.2478904724121094
57,170,1.2792086601257324
57,171,1.2787948846817017
57,172,1.1468379497528076
57,173,1.1997952461242676
57,174,1.4696874618530273
57,175,1.2962831258773804
57,176,1.4549965858459473
57,177,1.3148953914642334
57,178,1.2948331832885742
57,179,1.308913230895996
57,180,1.5234954357147217
57,181,1.2348943948745728
57,182,1.244796633720398
57,183,1.1789852380752563
57,184,1.0250818729400635
57,185,1.1089138984680176
57,186,1.341031551361084
57,187,1.1028006076812744
57,188,1.1036936044692993
57,189,1.130119800567627
57,190,1.3385419845581055
57,191,1.2220755815505981
57,192,1.277734637260437
57,193,1.142594337463379
57,194,1.071998119354248
57,195,1.5311915874481201
57,196,1.5054377317428589
57,197,1.332775354385376
57,198,1.1980643272399902
57,199,1.3855481147766113
57,200,1.2789138555526733
57,201,1.139153242111206
57,202,1.3636295795440674
57,203,1.5113317966461182
57,204,1.2038917541503906
57,205,1.1242414712905884
57,206,1.3294525146484375
57,207,1.3313322067260742
57,208,1.2321343421936035
57,209,1.5903369188308716
57,210,1.2198076248168945
57,211,1.3401484489440918
57,212,1.3623071908950806
57,213,1.4747309684753418
57,214,1.1361221075057983
57,215,1.2313038110733032
57,216,1.1826037168502808
57,217,1.2455099821090698
57,218,1.3517272472381592
57,219,1.2995256185531616
57,220,1.137266993522644
57,221,1.1840816736221313
57,222,1.596968412399292
57,223,1.5229060649871826
57,224,1.3938926458358765
57,225,1.3958253860473633
57,226,1.2591543197631836
57,227,1.2851378917694092
57,228,1.4061329364776611
57,229,1.2856652736663818
57,230,1.2605457305908203
57,231,1.487185001373291
57,232,1.1466847658157349
57,233,1.3691956996917725
57,234,1.4446548223495483
57,235,1.454909086227417
57,236,1.6737167835235596
57,237,1.0968965291976929
57,238,1.3243111371994019
57,239,1.1218247413635254
57,240,1.495210886001587
57,241,1.1857305765151978
57,242,1.579195499420166
57,243,1.1269023418426514
57,244,1.4872572422027588
57,245,1.2091362476348877
57,246,1.4465663433074951
57,247,1.402713418006897
57,248,1.367112398147583
57,249,1.4866869449615479
57,250,1.1469613313674927
57,251,1.2831039428710938
57,252,1.824049949645996
57,253,1.2266957759857178
57,254,1.2784576416015625
57,255,1.1858123540878296
57,256,1.3656563758850098
57,257,1.2914570569992065
57,258,1.3843505382537842
57,259,1.3845148086547852
57,260,1.4686921834945679
57,261,1.3890684843063354
57,262,1.1529775857925415
57,263,1.0772597789764404
57,264,1.369479775428772
57,265,1.3986542224884033
57,266,1.471555471420288
57,267,1.2438360452651978
57,268,1.439009189605713
57,269,1.1862354278564453
57,270,1.25333571434021
57,271,1.1270778179168701
57,272,1.3296701908111572
57,273,1.3702592849731445
57,274,1.0567470788955688
57,275,1.0442525148391724
57,276,1.389702558517456
57,277,1.1769027709960938
57,278,1.1624088287353516
57,279,1.2593711614608765
57,280,1.3777611255645752
57,281,1.2230408191680908
57,282,1.336998462677002
57,283,1.3139348030090332
57,284,1.2353054285049438
57,285,1.2330944538116455
57,286,1.5104973316192627
57,287,1.3159537315368652
57,288,1.1198151111602783
57,289,1.444624423980713
57,290,1.2103757858276367
57,291,1.236128568649292
57,292,1.2733367681503296
57,293,1.3150299787521362
57,294,1.3834946155548096
57,295,1.3379194736480713
57,296,1.261635661125183
57,297,1.363241195678711
57,298,1.1192467212677002
57,299,1.2332957983016968
57,300,1.3605419397354126
57,301,1.4140527248382568
57,302,1.2294442653656006
57,303,1.496143102645874
57,304,1.0765626430511475
57,305,1.5327774286270142
57,306,1.7669686079025269
57,307,1.2340270280838013
57,308,1.346872329711914
57,309,1.3599780797958374
57,310,1.0823876857757568
57,311,1.350942611694336
58,0,1.3319494724273682
58,1,1.3759567737579346
58,2,1.2303056716918945
58,3,1.5878585577011108
58,4,1.3475664854049683
58,5,1.1013257503509521
58,6,1.1936585903167725
58,7,1.1886177062988281
58,8,1.357287049293518
58,9,1.1323812007904053
58,10,1.1377966403961182
58,11,1.12558114528656
58,12,1.2159823179244995
58,13,1.3051629066467285
58,14,1.5194423198699951
58,15,1.341024398803711
58,16,1.0445706844329834
58,17,1.287100076675415
58,18,1.2473567724227905
58,19,1.3579416275024414
58,20,1.1030172109603882
58,21,1.2613329887390137
58,22,1.32098388671875
58,23,1.1481562852859497
58,24,1.1671050786972046
58,25,1.2394263744354248
58,26,1.5881925821304321
58,27,1.4605283737182617
58,28,1.3672702312469482
58,29,1.528317928314209
58,30,1.1858357191085815
58,31,1.5145440101623535
58,32,1.3723602294921875
58,33,1.3063840866088867
58,34,1.252184510231018
58,35,1.187929630279541
58,36,1.2140452861785889
58,37,1.2051961421966553
58,38,1.3142755031585693
58,39,1.4076615571975708
58,40,1.2244230508804321
58,41,1.3840491771697998
58,42,1.2987697124481201
58,43,1.1174477338790894
58,44,1.1564322710037231
58,45,1.2109692096710205
58,46,1.3161183595657349
58,47,1.197764277458191
58,48,1.3425021171569824
58,49,1.220146656036377
58,50,1.5283613204956055
58,51,1.1830724477767944
58,52,1.420102596282959
58,53,1.076939582824707
58,54,1.1730434894561768
58,55,1.1949565410614014
58,56,1.1940548419952393
58,57,1.411968469619751
58,58,1.1318519115447998
58,59,1.192340612411499
58,60,1.1155447959899902
58,61,1.1247437000274658
58,62,1.1488779783248901
58,63,1.2413914203643799
58,64,1.2263462543487549
58,65,1.4120032787322998
58,66,1.2304573059082031
58,67,1.2818658351898193
58,68,1.1265995502471924
58,69,1.3310668468475342
58,70,1.1985145807266235
58,71,1.3144102096557617
58,72,1.4015345573425293
58,73,1.3287283182144165
58,74,1.1988352537155151
58,75,1.2819836139678955
58,76,1.1235160827636719
58,77,1.3383816480636597
58,78,1.362846851348877
58,79,1.2706533670425415
58,80,1.1428554058074951
58,81,1.240842580795288
58,82,1.527280569076538
58,83,1.1729778051376343
58,84,1.1682100296020508
58,85,1.3775986433029175
58,86,1.266926646232605
58,87,1.2107692956924438
58,88,1.5422751903533936
58,89,1.1437935829162598
58,90,1.443434238433838
58,91,1.4484233856201172
58,92,1.190967082977295
58,93,1.2111973762512207
58,94,1.3876473903656006
58,95,1.453969955444336
58,96,1.2637150287628174
58,97,1.2490730285644531
58,98,1.481093406677246
58,99,1.2801871299743652
58,100,1.6807334423065186
58,101,1.2243801355361938
58,102,1.546310544013977
58,103,1.6957542896270752
58,104,1.2373020648956299
58,105,1.1447381973266602
58,106,1.166704773902893
58,107,1.4898384809494019
58,108,1.5046319961547852
58,109,1.350919246673584
58,110,1.309468150138855
58,111,1.1464818716049194
58,112,1.2766046524047852
58,113,1.2026968002319336
58,114,1.2127608060836792
58,115,1.3608386516571045
58,116,1.339307427406311
58,117,1.279369831085205
58,118,1.3049442768096924
58,119,1.2364267110824585
58,120,1.1604702472686768
58,121,1.3509236574172974
58,122,1.3946125507354736
58,123,1.114230751991272
58,124,1.2073092460632324
58,125,1.0702857971191406
58,126,1.2590432167053223
58,127,1.2530672550201416
58,128,1.198325514793396
58,129,1.2604635953903198
58,130,1.4242558479309082
58,131,1.19687819480896
58,132,1.3055024147033691
58,133,1.3750237226486206
58,134,1.0756289958953857
58,135,1.3098649978637695
58,136,1.4423537254333496
58,137,1.4439736604690552
58,138,1.3806947469711304
58,139,1.202357292175293
58,140,1.35767662525177
58,141,1.196813702583313
58,142,1.2140085697174072
58,143,1.3596000671386719
58,144,1.2039984464645386
58,145,1.3389546871185303
58,146,1.4026718139648438
58,147,1.310638189315796
58,148,1.3483259677886963
58,149,1.2889204025268555
58,150,1.152377963066101
58,151,1.259594202041626
58,152,1.3013620376586914
58,153,1.5277310609817505
58,154,1.2871251106262207
58,155,1.2146869897842407
58,156,1.3063148260116577
58,157,1.2657655477523804
58,158,1.4693560600280762
58,159,1.2447787523269653
58,160,1.201129674911499
58,161,1.1602227687835693
58,162,1.5283973217010498
58,163,1.3985908031463623
58,164,1.4881925582885742
58,165,1.3228206634521484
58,166,1.2763327360153198
58,167,1.2275450229644775
58,168,1.3498822450637817
58,169,1.3335697650909424
58,170,1.1940397024154663
58,171,1.377213716506958
58,172,1.2940216064453125
58,173,1.3258967399597168
58,174,1.3051159381866455
58,175,1.4355971813201904
58,176,1.3245048522949219
58,177,1.306843876838684
58,178,1.4137592315673828
58,179,1.2070659399032593
58,180,1.1591434478759766
58,181,1.3497240543365479
58,182,1.212533950805664
58,183,1.1559456586837769
58,184,1.2583550214767456
58,185,1.3132095336914062
58,186,1.125902771949768
58,187,1.2213263511657715
58,188,1.3240461349487305
58,189,1.3419722318649292
58,190,1.1935757398605347
58,191,1.3007440567016602
58,192,1.2271877527236938
58,193,1.2637919187545776
58,194,1.2081539630889893
58,195,1.145169734954834
58,196,1.2386521100997925
58,197,1.3678827285766602
58,198,1.2185111045837402
58,199,1.680727481842041
58,200,1.1295602321624756
58,201,1.1905758380889893
58,202,1.2707250118255615
58,203,1.401680827140808
58,204,1.264930248260498
58,205,1.4030622243881226
58,206,1.34764564037323
58,207,1.3587899208068848
58,208,1.2412189245224
58,209,1.1808652877807617
58,210,1.5286052227020264
58,211,1.3759570121765137
58,212,1.4626996517181396
58,213,1.2604870796203613
58,214,1.2067124843597412
58,215,1.2446643114089966
58,216,1.4616596698760986
58,217,1.4318363666534424
58,218,1.3507225513458252
58,219,1.1530723571777344
58,220,1.2495601177215576
58,221,1.2855337858200073
58,222,1.262664794921875
58,223,1.2926454544067383
58,224,1.162369966506958
58,225,1.3716626167297363
58,226,1.153878092765808
58,227,1.2382068634033203
58,228,1.2747504711151123
58,229,1.1855506896972656
58,230,1.2520133256912231
58,231,1.4235068559646606
58,232,1.228435754776001
58,233,1.0389152765274048
58,234,1.316831350326538
58,235,1.1977312564849854
58,236,1.229029893875122
58,237,1.1464214324951172
58,238,1.1888567209243774
58,239,1.1947892904281616
58,240,1.175997257232666
58,241,1.2850329875946045
58,242,1.3092843294143677
58,243,1.0840106010437012
58,244,1.2150980234146118
58,245,1.277036190032959
58,246,1.2242763042449951
58,247,1.5874266624450684
58,248,1.2220335006713867
58,249,1.1576539278030396
58,250,1.2887897491455078
58,251,1.412950873374939
58,252,1.2836003303527832
58,253,1.1727368831634521
58,254,1.4498200416564941
58,255,1.3541605472564697
58,256,1.248995304107666
58,257,1.1078418493270874
58,258,1.3408796787261963
58,259,1.2211506366729736
58,260,1.4252445697784424
58,261,1.2184453010559082
58,262,1.390399694442749
58,263,1.372102975845337
58,264,1.0575944185256958
58,265,1.4617565870285034
58,266,1.3516309261322021
58,267,1.23585844039917
58,268,1.2613816261291504
58,269,1.1948033571243286
58,270,1.2188727855682373
58,271,1.1909273862838745
58,272,1.2522320747375488
58,273,1.4829890727996826
58,274,1.1526663303375244
58,275,1.4433343410491943
58,276,1.2524760961532593
58,277,1.3857098817825317
58,278,1.6064810752868652
58,279,1.4099520444869995
58,280,1.204967737197876
58,281,1.3021535873413086
58,282,1.1909854412078857
58,283,1.1330134868621826
58,284,1.2165191173553467
58,285,1.1860398054122925
58,286,1.3472802639007568
58,287,1.1150257587432861
58,288,1.3983402252197266
58,289,1.3775357007980347
58,290,1.291612148284912
58,291,1.478785753250122
58,292,1.2085905075073242
58,293,1.5568361282348633
58,294,1.4489545822143555
58,295,1.1856201887130737
58,296,1.4068925380706787
58,297,1.1590527296066284
58,298,1.1443843841552734
58,299,1.0903704166412354
58,300,1.2180147171020508
58,301,1.1724941730499268
58,302,1.2017372846603394
58,303,1.1211442947387695
58,304,1.2020171880722046
58,305,1.6810665130615234
58,306,1.2866724729537964
58,307,1.34749174118042
58,308,1.2583261728286743
58,309,1.393416404724121
58,310,1.386818528175354
58,311,1.2816026210784912
59,0,1.1136596202850342
59,1,1.3775701522827148
59,2,1.1861703395843506
59,3,1.1057274341583252
59,4,1.4197418689727783
59,5,1.2481077909469604
59,6,1.27206552028656
59,7,1.3423997163772583
59,8,1.3874711990356445
59,9,1.5209062099456787
59,10,1.2703602313995361
59,11,1.293865442276001
59,12,1.237952470779419
59,13,1.1333634853363037
59,14,1.1491165161132812
59,15,1.2409180402755737
59,16,1.2865269184112549
59,17,1.7877295017242432
59,18,1.261046290397644
59,19,1.278057336807251
59,20,1.1982150077819824
59,21,1.378410816192627
59,22,1.373443603515625
59,23,1.1466823816299438
59,24,1.0687546730041504
59,25,1.2210054397583008
59,26,1.1375824213027954
59,27,1.1041138172149658
59,28,1.343835473060608
59,29,1.144911289215088
59,30,1.2802855968475342
59,31,1.1303396224975586
59,32,1.3180559873580933
59,33,1.0640325546264648
59,34,1.2966742515563965
59,35,1.2801885604858398
59,36,1.4662244319915771
59,37,1.1459205150604248
59,38,1.2815775871276855
59,39,1.2597225904464722
59,40,1.142562747001648
59,41,1.3961331844329834
59,42,1.1672667264938354
59,43,1.116612434387207
59,44,1.0862808227539062
59,45,1.1863620281219482
59,46,1.3223820924758911
59,47,1.2348742485046387
59,48,1.319383144378662
59,49,1.055983066558838
59,50,1.1220412254333496
59,51,1.1469824314117432
59,52,1.4587554931640625
59,53,1.2222720384597778
59,54,1.3449602127075195
59,55,1.3073400259017944
59,56,1.2536967992782593
59,57,1.4118282794952393
59,58,1.3930323123931885
59,59,1.207712173461914
59,60,1.3471782207489014
59,61,1.4416089057922363
59,62,1.200434923171997
59,63,1.0840842723846436
59,64,1.176161289215088
59,65,1.3205007314682007
59,66,1.364208459854126
59,67,1.122058629989624
59,68,1.2585747241973877
59,69,1.0964088439941406
59,70,1.2315356731414795
59,71,1.3263041973114014
59,72,1.251126766204834
59,73,1.4029852151870728
59,74,1.5755155086517334
59,75,1.0899449586868286
59,76,1.334638237953186
59,77,1.043042540550232
59,78,1.1887413263320923
59,79,1.087202787399292
59,80,1.1268045902252197
59,81,1.24229097366333
59,82,1.1877670288085938
59,83,1.6346383094787598
59,84,1.0308785438537598
59,85,1.4243258237838745
59,86,1.165922999382019
59,87,1.142487645149231
59,88,1.4566574096679688
59,89,1.5969977378845215
59,90,1.2744872570037842
59,91,1.1296683549880981
59,92,1.3723475933074951
59,93,1.1271791458129883
59,94,1.0971412658691406
59,95,1.2859327793121338
59,96,1.274703025817871
59,97,1.2084770202636719
59,98,1.209678053855896
59,99,1.4016060829162598
59,100,1.2278289794921875
59,101,1.3960075378417969
59,102,1.3379032611846924
59,103,1.224348783493042
59,104,1.5086445808410645
59,105,1.2764759063720703
59,106,1.3500030040740967
59,107,1.1838061809539795
59,108,1.2480781078338623
59,109,1.518005609512329
59,110,1.3705062866210938
59,111,1.3443489074707031
59,112,1.1374651193618774
59,113,1.0835273265838623
59,114,1.294989824295044
59,115,1.5912415981292725
59,116,1.0694987773895264
59,117,1.1319435834884644
59,118,1.210373044013977
59,119,1.3586441278457642
59,120,1.2506922483444214
59,121,1.5160192251205444
59,122,1.2846851348876953
59,123,1.2988719940185547
59,124,1.289097785949707
59,125,1.0235440731048584
59,126,1.5418145656585693
59,127,1.3203736543655396
59,128,1.3601902723312378
59,129,1.3953286409378052
59,130,1.3004966974258423
59,131,1.1329855918884277
59,132,1.3029186725616455
59,133,1.2585289478302002
59,134,1.3008716106414795
59,135,1.166107177734375
59,136,1.6290758848190308
59,137,1.182987928390503
59,138,1.152719259262085
59,139,1.1628546714782715
59,140,1.316812515258789
59,141,1.1248209476470947
59,142,1.2288106679916382
59,143,1.2401771545410156
59,144,1.1410037279129028
59,145,1.3743617534637451
59,146,1.2167775630950928
59,147,1.5628948211669922
59,148,1.0730128288269043
59,149,1.5448544025421143
59,150,1.2847650051116943
59,151,1.2507331371307373
59,152,1.2824885845184326
59,153,1.7370835542678833
59,154,1.3953815698623657
59,155,1.4209390878677368
59,156,1.1298887729644775
59,157,1.3789646625518799
59,158,1.259833812713623
59,159,1.0274100303649902
59,160,1.2855628728866577
59,161,1.2223985195159912
59,162,1.2272449731826782
59,163,1.2948665618896484
59,164,1.3010220527648926
59,165,1.1264407634735107
59,166,1.1506061553955078
59,167,1.5791339874267578
59,168,1.2789230346679688
59,169,1.2801436185836792
59,170,1.4288599491119385
59,171,1.4161397218704224
59,172,1.1372690200805664
59,173,1.1238809823989868
59,174,1.1984176635742188
59,175,1.2662816047668457
59,176,1.793844223022461
59,177,1.3070091009140015
59,178,1.5839051008224487
59,179,1.5949656963348389
59,180,1.2962501049041748
59,181,1.0856332778930664
59,182,1.2288042306900024
59,183,1.061085820198059
59,184,1.1506088972091675
59,185,1.207419514656067
59,186,1.2739566564559937
59,187,1.357926368713379
59,188,1.2094109058380127
59,189,1.2088136672973633
59,190,1.2572996616363525
59,191,1.2076215744018555
59,192,1.3605716228485107
59,193,1.194821834564209
59,194,1.0637054443359375
59,195,1.2829604148864746
59,196,1.5880173444747925
59,197,1.4607818126678467
59,198,1.4109241962432861
59,199,1.2557013034820557
59,200,1.2343659400939941
59,201,1.3843936920166016
59,202,1.4261600971221924
59,203,1.1972802877426147
59,204,1.3507293462753296
59,205,1.225226879119873
59,206,1.081225872039795
59,207,1.1680428981781006
59,208,1.2979121208190918
59,209,1.4624314308166504
59,210,1.3651134967803955
59,211,1.0475486516952515
59,212,1.1787041425704956
59,213,1.2495760917663574
59,214,1.0143859386444092
59,215,1.2543835639953613
59,216,1.3002278804779053
59,217,1.4213716983795166
59,218,1.2288898229599
59,219,1.249208927154541
59,220,1.1711974143981934
59,221,1.3916914463043213
59,222,1.182455062866211
59,223,1.0987882614135742
59,224,1.1839786767959595
59,225,1.3200840950012207
59,226,1.3384851217269897
59,227,1.7544810771942139
59,228,1.4172190427780151
59,229,1.397180438041687
59,230,1.258301854133606
59,231,1.0808435678482056
59,232,1.140885829925537
59,233,1.3442981243133545
59,234,1.368720293045044
59,235,1.292428731918335
59,236,1.4076945781707764
59,237,1.1960502862930298
59,238,1.0911531448364258
59,239,1.2893850803375244
59,240,1.2951613664627075
59,241,1.1726477146148682
59,242,1.220752477645874
59,243,1.7088878154754639
59,244,1.2398300170898438
59,245,1.17472243309021
59,246,1.3858566284179688
59,247,1.4549994468688965
59,248,1.319127082824707
59,249,1.349238634109497
59,250,1.379817008972168
59,251,1.2318496704101562
59,252,1.141390323638916
59,253,1.2704753875732422
59,254,1.1872221231460571
59,255,1.4557721614837646
59,256,1.0928086042404175
59,257,1.0498414039611816
59,258,1.3632957935333252
59,259,1.4255139827728271
59,260,1.1836025714874268
59,261,1.1850725412368774
59,262,1.2955093383789062
59,263,1.3863513469696045
59,264,1.538982629776001
59,265,1.3874599933624268
59,266,1.191764235496521
59,267,1.0881378650665283
59,268,1.4222700595855713
59,269,1.3605889081954956
59,270,1.1780686378479004
59,271,1.324979543685913
59,272,1.2325937747955322
59,273,1.2119128704071045
59,274,1.2142783403396606
59,275,1.092991828918457
59,276,1.3114696741104126
59,277,1.2385244369506836
59,278,1.3301441669464111
59,279,1.0821003913879395
59,280,1.2756083011627197
59,281,1.3330882787704468
59,282,1.0711185932159424
59,283,1.1398954391479492
59,284,1.1466563940048218
59,285,1.2482115030288696
59,286,1.318691611289978
59,287,1.2999221086502075
59,288,1.063188076019287
59,289,1.3296185731887817
59,290,1.2332584857940674
59,291,1.3223519325256348
59,292,1.126835584640503
59,293,1.4162468910217285
59,294,1.2819486856460571
59,295,0.9616621136665344
59,296,1.2793431282043457
59,297,1.1303768157958984
59,298,1.2572345733642578
59,299,1.124678373336792
59,300,1.2054206132888794
59,301,1.333241581916809
59,302,1.2773809432983398
59,303,1.3433693647384644
59,304,1.3686484098434448
59,305,1.3629127740859985
59,306,1.2121267318725586
59,307,1.1670260429382324
59,308,1.3165080547332764
59,309,1.0539864301681519
59,310,1.4120444059371948
59,311,1.4486292600631714
60,0,1.3327076435089111
60,1,1.155478835105896
60,2,1.1360387802124023
60,3,1.1731431484222412
60,4,1.3693857192993164
60,5,1.2000179290771484
60,6,1.2033071517944336
60,7,1.237991213798523
60,8,1.2095190286636353
60,9,1.1607270240783691
60,10,1.3256959915161133
60,11,1.0913276672363281
60,12,1.2093199491500854
60,13,1.2311981916427612
60,14,1.0481125116348267
60,15,1.1926954984664917
60,16,1.2950589656829834
60,17,1.1212111711502075
60,18,1.1702320575714111
60,19,1.3143620491027832
60,20,1.4207006692886353
60,21,1.199578046798706
60,22,1.2704769372940063
60,23,1.1530805826187134
60,24,1.14924955368042
60,25,1.073524832725525
60,26,1.6223692893981934
60,27,1.1480956077575684
60,28,1.038678765296936
60,29,1.7117362022399902
60,30,1.11411452293396
60,31,1.1912915706634521
60,32,1.199331521987915
60,33,1.673931360244751
60,34,1.0964230298995972
60,35,1.2793316841125488
60,36,1.294590950012207
60,37,1.308361291885376
60,38,1.3020349740982056
60,39,1.1458569765090942
60,40,1.3174097537994385
60,41,1.3031072616577148
60,42,1.3493309020996094
60,43,1.244020938873291
60,44,1.7070772647857666
60,45,1.160677433013916
60,46,1.3506073951721191
60,47,1.2986388206481934
60,48,1.1916186809539795
60,49,1.187554955482483
60,50,1.3212966918945312
60,51,1.256994605064392
60,52,1.1526694297790527
60,53,1.1231472492218018
60,54,1.4636447429656982
60,55,1.0030053853988647
60,56,1.4201818704605103
60,57,1.6397395133972168
60,58,0.9721500873565674
60,59,1.2183592319488525
60,60,1.2653687000274658
60,61,1.284316897392273
60,62,1.2164963483810425
60,63,1.3302780389785767
60,64,1.3462202548980713
60,65,1.229292631149292
60,66,1.3164739608764648
60,67,1.1737236976623535
60,68,1.2526648044586182
60,69,1.2223337888717651
60,70,1.1368403434753418
60,71,1.1307400465011597
60,72,1.3011343479156494
60,73,1.2966794967651367
60,74,1.1655205488204956
60,75,1.2702735662460327
60,76,1.178092122077942
60,77,1.0094611644744873
60,78,1.2851921319961548
60,79,1.2456005811691284
60,80,1.1313056945800781
60,81,1.2249171733856201
60,82,1.2574084997177124
60,83,1.1413811445236206
60,84,1.1435978412628174
60,85,1.0634384155273438
60,86,1.3696856498718262
60,87,1.0570881366729736
60,88,1.2276796102523804
60,89,1.1115400791168213
60,90,1.2581532001495361
60,91,1.2491811513900757
60,92,1.552847146987915
60,93,1.1327208280563354
60,94,1.6116480827331543
60,95,1.4308762550354004
60,96,1.531499981880188
60,97,1.2112629413604736
60,98,1.1618068218231201
60,99,1.1770620346069336
60,100,1.202622652053833
60,101,1.1409516334533691
60,102,1.4719245433807373
60,103,1.1316893100738525
60,104,1.1863176822662354
60,105,1.4165173768997192
60,106,1.1578634977340698
60,107,1.2948498725891113
60,108,1.1446640491485596
60,109,1.26664400100708
60,110,1.1448229551315308
60,111,1.4110743999481201
60,112,1.3688206672668457
60,113,1.2730350494384766
60,114,1.1800485849380493
60,115,1.203615427017212
60,116,1.2771930694580078
60,117,1.2846214771270752
60,118,1.1671733856201172
60,119,1.32485032081604
60,120,1.308129072189331
60,121,1.56656813621521
60,122,1.1802301406860352
60,123,1.3633689880371094
60,124,1.143416166305542
60,125,1.271195650100708
60,126,1.141974687576294
60,127,1.5366461277008057
60,128,1.3905408382415771
60,129,1.4658162593841553
60,130,1.3106956481933594
60,131,1.171732783317566
60,132,1.2963924407958984
60,133,1.3245630264282227
60,134,1.2652196884155273
60,135,1.0966309309005737
60,136,1.3334157466888428
60,137,1.244426965713501
60,138,1.2295647859573364
60,139,1.4134438037872314
60,140,1.3120390176773071
60,141,1.2905662059783936
60,142,1.384336233139038
60,143,1.3226615190505981
60,144,1.2863476276397705
60,145,1.5040879249572754
60,146,1.2686126232147217
60,147,1.090696930885315
60,148,1.3641526699066162
60,149,1.499752163887024
60,150,1.1771067380905151
60,151,1.204146146774292
60,152,1.1039986610412598
60,153,1.1760183572769165
60,154,1.2094783782958984
60,155,1.4722297191619873
60,156,1.2404121160507202
60,157,1.2280442714691162
60,158,1.2345036268234253
60,159,1.4425989389419556
60,160,1.3840019702911377
60,161,0.9716790914535522
60,162,1.1980457305908203
60,163,1.215546727180481
60,164,1.5274913311004639
60,165,1.1378376483917236
60,166,1.2861642837524414
60,167,1.4917690753936768
60,168,1.614487648010254
60,169,1.4134604930877686
60,170,1.2724130153656006
60,171,1.1448661088943481
60,172,1.3115562200546265
60,173,1.133204460144043
60,174,1.0397779941558838
60,175,1.2469062805175781
60,176,1.2688887119293213
60,177,1.1777548789978027
60,178,1.2067992687225342
60,179,1.4186688661575317
60,180,1.1643730401992798
60,181,1.18599271774292
60,182,1.3512427806854248
60,183,1.2322101593017578
60,184,1.2280350923538208
60,185,1.205936312675476
60,186,1.0604794025421143
60,187,1.1705149412155151
60,188,1.2589924335479736
60,189,1.4334971904754639
60,190,1.4439387321472168
60,191,1.251983404159546
60,192,1.1198853254318237
60,193,1.2810304164886475
60,194,1.3934508562088013
60,195,1.1819992065429688
60,196,1.0617295503616333
60,197,1.2181861400604248
60,198,1.3498878479003906
60,199,1.1936020851135254
60,200,1.212890863418579
60,201,1.2338486909866333
60,202,1.289736032485962
60,203,1.3061842918395996
60,204,1.6211484670639038
60,205,1.748887062072754
60,206,1.2553014755249023
60,207,1.2745840549468994
60,208,1.1037225723266602
60,209,1.3309390544891357
60,210,1.1914358139038086
60,211,1.1259461641311646
60,212,1.297001600265503
60,213,1.4806928634643555
60,214,1.2888281345367432
60,215,1.2854021787643433
60,216,1.3537564277648926
60,217,1.159531593322754
60,218,1.2677804231643677
60,219,1.2013245820999146
60,220,1.2693355083465576
60,221,1.4991226196289062
60,222,1.2566654682159424
60,223,1.380419373512268
60,224,1.2249387502670288
60,225,1.2227661609649658
60,226,1.0743801593780518
60,227,1.2451504468917847
60,228,1.3391706943511963
60,229,1.2496004104614258
60,230,1.2294013500213623
60,231,1.324333667755127
60,232,1.1254569292068481
60,233,1.1264801025390625
60,234,1.1488711833953857
60,235,1.1651020050048828
60,236,1.542506217956543
60,237,1.4187581539154053
60,238,1.2468312978744507
60,239,1.1696746349334717
60,240,1.2139363288879395
60,241,1.4591927528381348
60,242,1.3058016300201416
60,243,1.2265903949737549
60,244,1.2288475036621094
60,245,1.2049988508224487
60,246,1.323124647140503
60,247,1.3946609497070312
60,248,1.092068076133728
60,249,1.3768737316131592
60,250,1.301651954650879
60,251,1.3047144412994385
60,252,1.3733487129211426
60,253,1.5440561771392822
60,254,1.3114588260650635
60,255,1.0663676261901855
60,256,1.158772587776184
60,257,1.5735390186309814
60,258,1.2666234970092773
60,259,1.281053900718689
60,260,1.2958886623382568
60,261,1.5176314115524292
60,262,1.4439475536346436
60,263,1.2735421657562256
60,264,1.267894983291626
60,265,1.3368487358093262
60,266,1.3830537796020508
60,267,1.2840051651000977
60,268,1.215132713317871
60,269,1.175607681274414
60,270,1.275594711303711
60,271,1.3383584022521973
60,272,1.250091552734375
60,273,1.3100471496582031
60,274,1.5115818977355957
60,275,1.1743664741516113
60,276,1.1934144496917725
60,277,1.1070529222488403
60,278,1.3206450939178467
60,279,1.2625916004180908
60,280,1.409408450126648
60,281,1.2213996648788452
60,282,1.2626092433929443
60,283,1.1025742292404175
60,284,1.1040914058685303
60,285,1.2344776391983032
60,286,1.1711610555648804
60,287,1.3492275476455688
60,288,1.2499290704727173
60,289,1.204228162765503
60,290,1.2802865505218506
60,291,1.1848565340042114
60,292,1.1368387937545776
60,293,1.226771593093872
60,294,1.3194323778152466
60,295,1.440004825592041
60,296,1.220952033996582
60,297,1.1007256507873535
60,298,1.1591880321502686
60,299,1.1291532516479492
60,300,1.0715633630752563
60,301,1.5988473892211914
60,302,1.4921380281448364
60,303,1.3156607151031494
60,304,1.093924880027771
60,305,1.4928059577941895
60,306,1.079389214515686
60,307,1.1541751623153687
60,308,1.2858765125274658
60,309,1.1225848197937012
60,310,1.2723746299743652
60,311,1.234973669052124
61,0,1.1773912906646729
61,1,1.1849968433380127
61,2,1.3396722078323364
61,3,1.3660955429077148
61,4,1.2356467247009277
61,5,1.2225888967514038
61,6,1.3383886814117432
61,7,1.118730902671814
61,8,1.2343237400054932
61,9,1.3069096803665161
61,10,1.1399816274642944
61,11,1.101332187652588
61,12,1.105039119720459
61,13,1.1759145259857178
61,14,1.1717313528060913
61,15,1.314293622970581
61,16,1.4175662994384766
61,17,1.4944171905517578
61,18,1.230454444885254
61,19,1.0578405857086182
61,20,1.1844127178192139
61,21,1.186161994934082
61,22,1.379631757736206
61,23,1.125481367111206
61,24,1.2058277130126953
61,25,1.1756874322891235
61,26,1.366148591041565
61,27,1.1902029514312744
61,28,1.296738624572754
61,29,1.322716474533081
61,30,1.238020420074463
61,31,1.3330154418945312
61,32,1.0939984321594238
61,33,1.0693471431732178
61,34,1.1254353523254395
61,35,1.400036334991455
61,36,1.2258565425872803
61,37,1.2883639335632324
61,38,1.0893542766571045
61,39,1.1507549285888672
61,40,1.325802206993103
61,41,1.197730302810669
61,42,1.407639503479004
61,43,1.1965559720993042
61,44,1.069214105606079
61,45,1.1459366083145142
61,46,1.1460402011871338
61,47,1.3012940883636475
61,48,1.3861128091812134
61,49,1.459851861000061
61,50,1.2343153953552246
61,51,1.140610694885254
61,52,1.4690649509429932
61,53,1.2120158672332764
61,54,1.3801429271697998
61,55,1.0143741369247437
61,56,1.2175042629241943
61,57,1.1198503971099854
61,58,1.3695720434188843
61,59,1.3271420001983643
61,60,1.268391728401184
61,61,1.3810675144195557
61,62,1.479069709777832
61,63,1.179075002670288
61,64,1.4299826622009277
61,65,1.141972541809082
61,66,1.4706549644470215
61,67,1.1552894115447998
61,68,1.1631214618682861
61,69,1.438049554824829
61,70,1.2105705738067627
61,71,1.1897870302200317
61,72,1.3564348220825195
61,73,1.298546552658081
61,74,1.2517015933990479
61,75,1.2563982009887695
61,76,1.2281697988510132
61,77,1.665777564048767
61,78,1.3074569702148438
61,79,1.2562817335128784
61,80,1.3109219074249268
61,81,1.3082468509674072
61,82,1.2432990074157715
61,83,1.2916438579559326
61,84,1.1953767538070679
61,85,1.2875652313232422
61,86,1.3454349040985107
61,87,1.4192261695861816
61,88,1.0483126640319824
61,89,1.251692771911621
61,90,1.2014365196228027
61,91,1.2096636295318604
61,92,1.4613196849822998
61,93,1.1368522644042969
61,94,1.2359578609466553
61,95,1.143148422241211
61,96,1.2049843072891235
61,97,1.1819761991500854
61,98,1.176654577255249
61,99,1.2275737524032593
61,100,1.359546184539795
61,101,1.2261781692504883
61,102,1.2698285579681396
61,103,1.1658004522323608
61,104,1.3468235731124878
61,105,1.266700267791748
61,106,1.3468189239501953
61,107,1.255946397781372
61,108,1.509324312210083
61,109,1.5089693069458008
61,110,1.1382160186767578
61,111,1.122698187828064
61,112,1.0927060842514038
61,113,1.1879611015319824
61,114,1.350297212600708
61,115,1.099014401435852
61,116,1.1322085857391357
61,117,1.3396127223968506
61,118,1.3419740200042725
61,119,1.1981080770492554
61,120,1.1860347986221313
61,121,1.2842580080032349
61,122,1.2477623224258423
61,123,1.2198245525360107
61,124,1.061631441116333
61,125,1.3217709064483643
61,126,1.1036183834075928
61,127,1.212487816810608
61,128,1.3356448411941528
61,129,1.201371669769287
61,130,1.2830185890197754
61,131,1.2037577629089355
61,132,1.3104877471923828
61,133,1.1573967933654785
61,134,1.2563894987106323
61,135,1.3608686923980713
61,136,1.1835764646530151
61,137,1.3355560302734375
61,138,1.2452516555786133
61,139,1.261976957321167
61,140,1.196484088897705
61,141,1.0639231204986572
61,142,1.1843186616897583
61,143,1.3741636276245117
61,144,1.340981125831604
61,145,1.1615335941314697
61,146,1.2234216928482056
61,147,1.1810015439987183
61,148,1.177858591079712
61,149,1.2331299781799316
61,150,1.0936349630355835
61,151,1.1634716987609863
61,152,1.1854431629180908
61,153,1.392224669456482
61,154,1.3777577877044678
61,155,1.379164695739746
61,156,1.0995075702667236
61,157,1.3191289901733398
61,158,1.3620295524597168
61,159,1.177289605140686
61,160,1.1830816268920898
61,161,1.1169681549072266
61,162,1.2139586210250854
61,163,1.186417579650879
61,164,1.2285808324813843
61,165,1.1726346015930176
61,166,1.1885395050048828
61,167,1.178621530532837
61,168,1.4024194478988647
61,169,1.2473795413970947
61,170,1.0827362537384033
61,171,1.100536584854126
61,172,1.2567403316497803
61,173,1.3442420959472656
61,174,1.3927111625671387
61,175,1.2371728420257568
61,176,1.1908090114593506
61,177,1.1150834560394287
61,178,1.1944983005523682
61,179,1.255961298942566
61,180,1.2927442789077759
61,181,1.3417418003082275
61,182,1.1766090393066406
61,183,1.2781275510787964
61,184,1.453444242477417
61,185,1.1669723987579346
61,186,1.1044408082962036
61,187,1.4236359596252441
61,188,1.4461710453033447
61,189,0.9988819360733032
61,190,1.2049682140350342
61,191,1.3674626350402832
61,192,1.2596782445907593
61,193,1.375171422958374
61,194,1.1503605842590332
61,195,1.2951067686080933
61,196,1.1947119235992432
61,197,1.2567896842956543
61,198,1.2603743076324463
61,199,1.1703338623046875
61,200,1.1365571022033691
61,201,1.1581580638885498
61,202,1.2232401371002197
61,203,1.3134000301361084
61,204,1.4128464460372925
61,205,1.2753126621246338
61,206,1.1710281372070312
61,207,1.2937517166137695
61,208,1.3585972785949707
61,209,1.3213635683059692
61,210,1.267289161682129
61,211,1.3747427463531494
61,212,1.2777788639068604
61,213,1.3955563306808472
61,214,1.0493909120559692
61,215,1.1438088417053223
61,216,1.0652499198913574
61,217,1.3594306707382202
61,218,1.3724353313446045
61,219,1.3641217947006226
61,220,1.5103111267089844
61,221,1.6459885835647583
61,222,1.1283724308013916
61,223,1.2292706966400146
61,224,1.2026293277740479
61,225,1.74534273147583
61,226,1.2778156995773315
61,227,1.3243739604949951
61,228,1.228148341178894
61,229,1.2629398107528687
61,230,1.1973069906234741
61,231,1.1526756286621094
61,232,1.3109424114227295
61,233,1.30679190158844
61,234,1.2741804122924805
61,235,1.1909880638122559
61,236,1.4632810354232788
61,237,1.2951409816741943
61,238,1.2405617237091064
61,239,1.4649633169174194
61,240,1.4080984592437744
61,241,1.0458285808563232
61,242,1.1970912218093872
61,243,1.278464436531067
61,244,1.260909080505371
61,245,1.0330297946929932
61,246,1.470569372177124
61,247,1.0703400373458862
61,248,1.3181345462799072
61,249,1.5348402261734009
61,250,1.1227216720581055
61,251,1.1801629066467285
61,252,1.1165745258331299
61,253,1.3144454956054688
61,254,1.264115333557129
61,255,1.0976675748825073
61,256,1.2173542976379395
61,257,1.304694414138794
61,258,1.2631797790527344
61,259,1.2008448839187622
61,260,1.2911056280136108
61,261,1.1073589324951172
61,262,1.3033356666564941
61,263,1.363800287246704
61,264,1.2135776281356812
61,265,1.4293837547302246
61,266,1.3373429775238037
61,267,1.29263436794281
61,268,1.278850793838501
61,269,1.2342300415039062
61,270,1.3656823635101318
61,271,1.4096813201904297
61,272,1.2327094078063965
61,273,1.384364128112793
61,274,1.2577266693115234
61,275,1.6341478824615479
61,276,1.210504174232483
61,277,1.1925917863845825
61,278,1.2329541444778442
61,279,1.1016279458999634
61,280,1.2529710531234741
61,281,1.4450006484985352
61,282,1.3089051246643066
61,283,1.1637301445007324
61,284,1.0841362476348877
61,285,1.1159000396728516
61,286,1.1337201595306396
61,287,1.1213090419769287
61,288,1.0239286422729492
61,289,1.3764264583587646
61,290,1.1346585750579834
61,291,1.2113275527954102
61,292,1.0933871269226074
61,293,1.187921166419983
61,294,1.196368932723999
61,295,1.5923619270324707
61,296,1.1923898458480835
61,297,1.1895514726638794
61,298,1.2200759649276733
61,299,1.434432029724121
61,300,1.1487820148468018
61,301,1.1319659948349
61,302,1.272998571395874
61,303,1.4369466304779053
61,304,1.1563597917556763
61,305,1.1741234064102173
61,306,1.2807210683822632
61,307,1.1705127954483032
61,308,1.3879058361053467
61,309,1.2450748682022095
61,310,1.3005216121673584
61,311,1.3157883882522583
62,0,1.0825865268707275
62,1,1.2898716926574707
62,2,1.2624602317810059
62,3,1.3051106929779053
62,4,1.2598371505737305
62,5,1.2434709072113037
62,6,1.3217484951019287
62,7,1.0983365774154663
62,8,1.202720046043396
62,9,1.105796217918396
62,10,1.097951889038086
62,11,1.2396023273468018
62,12,1.2703211307525635
62,13,1.1823800802230835
62,14,1.1805338859558105
62,15,1.2673430442810059
62,16,1.2447254657745361
62,17,1.237462043762207
62,18,1.2940788269042969
62,19,1.173572063446045
62,20,1.1771663427352905
62,21,1.2208657264709473
62,22,1.389794945716858
62,23,1.0365720987319946
62,24,1.2410333156585693
62,25,1.3110060691833496
62,26,1.2498209476470947
62,27,1.2379462718963623
62,28,1.089500069618225
62,29,1.4809788465499878
62,30,1.1611542701721191
62,31,1.237685203552246
62,32,1.4748722314834595
62,33,1.2187734842300415
62,34,1.38142991065979
62,35,1.374621868133545
62,36,1.1318650245666504
62,37,1.3134779930114746
62,38,1.3385539054870605
62,39,1.2013440132141113
62,40,1.430053472518921
62,41,1.3515799045562744
62,42,1.0100096464157104
62,43,1.3157827854156494
62,44,1.225995421409607
62,45,1.2826590538024902
62,46,1.2817708253860474
62,47,1.2866805791854858
62,48,1.2403024435043335
62,49,1.2298275232315063
62,50,1.2190380096435547
62,51,1.224560260772705
62,52,1.0755703449249268
62,53,1.0770962238311768
62,54,1.186794638633728
62,55,1.0252320766448975
62,56,1.1631654500961304
62,57,1.1223180294036865
62,58,1.3458430767059326
62,59,1.0873067378997803
62,60,1.102406620979309
62,61,1.5146193504333496
62,62,1.1749389171600342
62,63,1.28692626953125
62,64,1.2893364429473877
62,65,1.203698992729187
62,66,1.2383155822753906
62,67,1.0046964883804321
62,68,1.1822903156280518
62,69,1.1451849937438965
62,70,1.133176565170288
62,71,1.191852331161499
62,72,1.2023649215698242
62,73,1.0794123411178589
62,74,1.1133850812911987
62,75,1.2151930332183838
62,76,1.1423825025558472
62,77,1.4520602226257324
62,78,1.3673381805419922
62,79,1.176589846611023
62,80,1.1257492303848267
62,81,1.354769229888916
62,82,1.1274389028549194
62,83,1.2276846170425415
62,84,1.2287440299987793
62,85,1.187572717666626
62,86,1.0737316608428955
62,87,1.2389065027236938
62,88,1.2806476354599
62,89,1.3536872863769531
62,90,1.3282381296157837
62,91,1.0626091957092285
62,92,1.4206418991088867
62,93,1.1301548480987549
62,94,1.2775404453277588
62,95,1.216844081878662
62,96,0.9657562375068665
62,97,1.1902177333831787
62,98,1.3143012523651123
62,99,1.3754370212554932
62,100,1.363806128501892
62,101,1.1653321981430054
62,102,1.1388051509857178
62,103,1.0504693984985352
62,104,1.1326885223388672
62,105,1.255027413368225
62,106,1.2165415287017822
62,107,1.1557883024215698
62,108,1.2319759130477905
62,109,1.1744732856750488
62,110,1.131805419921875
62,111,1.4354736804962158
62,112,0.9541178941726685
62,113,1.2628693580627441
62,114,1.3889122009277344
62,115,1.182141900062561
62,116,1.2999812364578247
62,117,1.619051456451416
62,118,1.2792704105377197
62,119,1.216066837310791
62,120,1.1632570028305054
62,121,1.2108266353607178
62,122,1.3410823345184326
62,123,1.1936041116714478
62,124,1.4718925952911377
62,125,1.4143073558807373
62,126,1.1408507823944092
62,127,1.306265115737915
62,128,1.1653976440429688
62,129,1.1975512504577637
62,130,1.072113037109375
62,131,1.318124532699585
62,132,1.1141207218170166
62,133,1.2382500171661377
62,134,1.2799315452575684
62,135,1.2213878631591797
62,136,1.1493216753005981
62,137,1.12111234664917
62,138,1.5038539171218872
62,139,1.113097906112671
62,140,1.2564059495925903
62,141,1.215002179145813
62,142,1.2171213626861572
62,143,1.3818464279174805
62,144,1.0259599685668945
62,145,1.1159639358520508
62,146,1.4976471662521362
62,147,1.264470100402832
62,148,1.1608654260635376
62,149,1.288121223449707
62,150,1.1868982315063477
62,151,1.149303913116455
62,152,1.286149024963379
62,153,1.265590786933899
62,154,1.4528130292892456
62,155,1.4088454246520996
62,156,1.2948330640792847
62,157,1.0861773490905762
62,158,1.2167787551879883
62,159,1.19858717918396
62,160,1.2779839038848877
62,161,1.3540624380111694
62,162,1.2281928062438965
62,163,1.3612143993377686
62,164,1.366163969039917
62,165,1.3831053972244263
62,166,1.3283460140228271
62,167,1.3578671216964722
62,168,1.2423434257507324
62,169,1.2171334028244019
62,170,1.1487082242965698
62,171,1.187991976737976
62,172,0.9638577699661255
62,173,1.2498779296875
62,174,1.242321491241455
62,175,1.3943068981170654
62,176,1.1702550649642944
62,177,1.4507639408111572
62,178,1.0879240036010742
62,179,1.057466983795166
62,180,1.2679671049118042
62,181,1.1118245124816895
62,182,1.4179726839065552
62,183,1.4578871726989746
62,184,1.2277867794036865
62,185,1.0587537288665771
62,186,1.1298248767852783
62,187,1.3090248107910156
62,188,1.1421122550964355
62,189,1.1327009201049805
62,190,1.2187488079071045
62,191,1.2974915504455566
62,192,1.43193781375885
62,193,1.456657886505127
62,194,1.3109278678894043
62,195,1.246307134628296
62,196,1.3912075757980347
62,197,1.3234915733337402
62,198,1.193347454071045
62,199,1.0796489715576172
62,200,1.2270327806472778
62,201,1.3937028646469116
62,202,1.1212135553359985
62,203,1.5234559774398804
62,204,1.398490309715271
62,205,1.5245208740234375
62,206,1.3159798383712769
62,207,1.273647427558899
62,208,1.2927992343902588
62,209,1.1800782680511475
62,210,1.3439233303070068
62,211,1.1806368827819824
62,212,1.144436001777649
62,213,1.3660324811935425
62,214,1.0878503322601318
62,215,1.3257288932800293
62,216,1.289548635482788
62,217,1.127070665359497
62,218,1.22197687625885
62,219,1.1516317129135132
62,220,1.1799801588058472
62,221,1.2137762308120728
62,222,1.4043941497802734
62,223,1.345325231552124
62,224,1.0788308382034302
62,225,1.3973842859268188
62,226,1.0765889883041382
62,227,1.1386386156082153
62,228,1.294943928718567
62,229,1.0201712846755981
62,230,1.1086010932922363
62,231,1.0667157173156738
62,232,1.275673747062683
62,233,1.169676423072815
62,234,1.1643911600112915
62,235,1.4842979907989502
62,236,1.311244249343872
62,237,1.2530179023742676
62,238,1.3947639465332031
62,239,1.291297435760498
62,240,1.1482771635055542
62,241,1.2669529914855957
62,242,1.182377815246582
62,243,1.325430154800415
62,244,1.4069095849990845
62,245,1.2060930728912354
62,246,1.2173465490341187
62,247,1.1036362648010254
62,248,1.1802430152893066
62,249,1.125974178314209
62,250,1.0296138525009155
62,251,1.0980589389801025
62,252,1.125961422920227
62,253,1.294430136680603
62,254,1.1514151096343994
62,255,1.1878870725631714
62,256,1.4286293983459473
62,257,1.2418866157531738
62,258,1.554640531539917
62,259,1.1164336204528809
62,260,1.239564299583435
62,261,1.195074200630188
62,262,1.245666742324829
62,263,1.3342595100402832
62,264,1.2049517631530762
62,265,1.143237590789795
62,266,1.2312370538711548
62,267,1.240490198135376
62,268,1.2650606632232666
62,269,1.550768256187439
62,270,1.0239263772964478
62,271,1.1970793008804321
62,272,1.2141417264938354
62,273,1.603280782699585
62,274,1.1871299743652344
62,275,1.150667428970337
62,276,1.241277813911438
62,277,1.2026207447052002
62,278,1.1691038608551025
62,279,1.2023462057113647
62,280,1.2252732515335083
62,281,1.2231361865997314
62,282,1.2619634866714478
62,283,1.4495625495910645
62,284,1.1768333911895752
62,285,1.1038421392440796
62,286,1.3658013343811035
62,287,1.2602856159210205
62,288,1.3950614929199219
62,289,1.468747854232788
62,290,1.4100966453552246
62,291,1.2568349838256836
62,292,1.1850918531417847
62,293,1.5417720079421997
62,294,1.3923485279083252
62,295,1.2342585325241089
62,296,1.3578578233718872
62,297,1.219072937965393
62,298,1.2172988653182983
62,299,1.4526088237762451
62,300,1.3943694829940796
62,301,1.2764341831207275
62,302,1.215644359588623
62,303,1.1752822399139404
62,304,1.539400339126587
62,305,1.278975009918213
62,306,1.2257380485534668
62,307,1.2838947772979736
62,308,1.2558215856552124
62,309,1.2316176891326904
62,310,1.441662311553955
62,311,1.5097160339355469
63,0,1.5499377250671387
63,1,1.6456339359283447
63,2,1.0900604724884033
63,3,1.1094588041305542
63,4,1.2646775245666504
63,5,1.3685773611068726
63,6,1.2579762935638428
63,7,1.2005648612976074
63,8,1.191208839416504
63,9,1.186047911643982
63,10,1.2520415782928467
63,11,1.3287436962127686
63,12,1.1328790187835693
63,13,1.5961484909057617
63,14,1.2812262773513794
63,15,1.2837393283843994
63,16,1.3487873077392578
63,17,1.1604048013687134
63,18,1.2887862920761108
63,19,1.1643656492233276
63,20,1.2994121313095093
63,21,1.2203478813171387
63,22,1.1851414442062378
63,23,1.1699024438858032
63,24,1.1801412105560303
63,25,1.3264350891113281
63,26,1.1636497974395752
63,27,1.4405077695846558
63,28,1.2180016040802002
63,29,1.399003505706787
63,30,1.4194415807724
63,31,0.9735755324363708
63,32,1.170851707458496
63,33,1.3132245540618896
63,34,1.2001668214797974
63,35,1.1902602910995483
63,36,1.6273201704025269
63,37,1.3684335947036743
63,38,1.0623070001602173
63,39,1.2558188438415527
63,40,1.0738022327423096
63,41,1.1379340887069702
63,42,1.3717973232269287
63,43,1.254150629043579
63,44,1.1146132946014404
63,45,1.2020117044448853
63,46,1.331406831741333
63,47,1.0761922597885132
63,48,1.1539103984832764
63,49,1.3944401741027832
63,50,1.6988234519958496
63,51,1.307328462600708
63,52,1.2644416093826294
63,53,1.1641370058059692
63,54,1.1680500507354736
63,55,1.2468451261520386
63,56,1.0492134094238281
63,57,1.4104962348937988
63,58,1.4073870182037354
63,59,1.3385388851165771
63,60,1.2906358242034912
63,61,1.181962490081787
63,62,1.4238665103912354
63,63,1.1276111602783203
63,64,1.2415571212768555
63,65,1.175748348236084
63,66,1.1440924406051636
63,67,1.3247939348220825
63,68,1.224253535270691
63,69,1.1999479532241821
63,70,1.1985224485397339
63,71,1.2028743028640747
63,72,1.1101466417312622
63,73,1.1880048513412476
63,74,1.289580225944519
63,75,1.1039514541625977
63,76,1.2090849876403809
63,77,1.3071608543395996
63,78,1.106191873550415
63,79,1.4900577068328857
63,80,1.1280767917633057
63,81,1.1315151453018188
63,82,1.2364331483840942
63,83,1.1614431142807007
63,84,1.2028374671936035
63,85,1.2078490257263184
63,86,1.3404295444488525
63,87,1.0835790634155273
63,88,1.3568803071975708
63,89,1.2226645946502686
63,90,1.3429467678070068
63,91,1.1123391389846802
63,92,1.0844714641571045
63,93,1.2089192867279053
63,94,1.2086899280548096
63,95,1.3549175262451172
63,96,1.1780633926391602
63,97,1.1362272500991821
63,98,1.1233136653900146
63,99,1.1303645372390747
63,100,1.2378358840942383
63,101,1.2042722702026367
63,102,1.106363296508789
63,103,1.2275711297988892
63,104,1.4439014196395874
63,105,1.2151552438735962
63,106,1.1343789100646973
63,107,1.5009794235229492
63,108,1.1122344732284546
63,109,1.5586872100830078
63,110,1.0915521383285522
63,111,1.3908259868621826
63,112,1.1870768070220947
63,113,1.1453876495361328
63,114,1.1843962669372559
63,115,1.283961534500122
63,116,1.3139536380767822
63,117,1.111253261566162
63,118,1.2539217472076416
63,119,1.2384517192840576
63,120,1.2167112827301025
63,121,1.5784687995910645
63,122,1.327455997467041
63,123,1.0631552934646606
63,124,1.1791250705718994
63,125,1.1552305221557617
63,126,1.1126350164413452
63,127,1.2842559814453125
63,128,1.137193202972412
63,129,1.1893367767333984
63,130,1.408944845199585
63,131,1.298764705657959
63,132,1.1466703414916992
63,133,1.328444480895996
63,134,1.4209673404693604
63,135,1.2688934803009033
63,136,1.2227351665496826
63,137,1.2047686576843262
63,138,1.2719322443008423
63,139,1.2207468748092651
63,140,1.1667532920837402
63,141,1.244816780090332
63,142,1.4156265258789062
63,143,1.1211844682693481
63,144,1.1086212396621704
63,145,1.436532735824585
63,146,1.2852139472961426
63,147,1.188823938369751
63,148,1.1429299116134644
63,149,1.3573333024978638
63,150,1.254866361618042
63,151,1.203930139541626
63,152,1.272864580154419
63,153,1.14268958568573
63,154,1.1890076398849487
63,155,1.1686880588531494
63,156,1.1885020732879639
63,157,1.4507269859313965
63,158,1.1559735536575317
63,159,1.2145850658416748
63,160,1.326871633529663
63,161,1.2677370309829712
63,162,1.1789610385894775
63,163,1.1106500625610352
63,164,1.394644856452942
63,165,1.2733547687530518
63,166,1.1940749883651733
63,167,1.6246838569641113
63,168,1.1363625526428223
63,169,1.294445276260376
63,170,1.2169549465179443
63,171,1.2377185821533203
63,172,1.3976802825927734
63,173,1.3098877668380737
63,174,1.2869460582733154
63,175,1.3676228523254395
63,176,1.1982192993164062
63,177,1.4021588563919067
63,178,1.1364398002624512
63,179,1.2892799377441406
63,180,1.0672513246536255
63,181,1.1618428230285645
63,182,1.2428839206695557
63,183,1.1481789350509644
63,184,1.2389442920684814
63,185,1.3005834817886353
63,186,1.1650222539901733
63,187,1.1191623210906982
63,188,1.0762258768081665
63,189,1.3090198040008545
63,190,1.1200873851776123
63,191,1.2022788524627686
63,192,1.158820629119873
63,193,1.2286550998687744
63,194,1.2166950702667236
63,195,1.1317195892333984
63,196,1.4730651378631592
63,197,1.2351983785629272
63,198,1.2459455728530884
63,199,1.2163935899734497
63,200,1.388018250465393
63,201,1.2694422006607056
63,202,1.6291881799697876
63,203,1.1781442165374756
63,204,1.1650243997573853
63,205,1.5146931409835815
63,206,1.4619512557983398
63,207,1.3706698417663574
63,208,1.3851158618927002
63,209,1.2537020444869995
63,210,1.4027822017669678
63,211,1.2205469608306885
63,212,1.2336227893829346
63,213,1.106501579284668
63,214,1.4927971363067627
63,215,1.1910510063171387
63,216,1.402801513671875
63,217,1.1713653802871704
63,218,1.1026219129562378
63,219,1.2921459674835205
63,220,1.241055965423584
63,221,1.2545177936553955
63,222,1.1402522325515747
63,223,1.5077574253082275
63,224,1.1612261533737183
63,225,1.1774873733520508
63,226,1.2910476922988892
63,227,1.2825063467025757
63,228,1.1718344688415527
63,229,1.4082612991333008
63,230,1.267012119293213
63,231,1.4492592811584473
63,232,1.2692234516143799
63,233,1.159656047821045
63,234,1.1607681512832642
63,235,1.1137032508850098
63,236,1.195285439491272
63,237,1.2768045663833618
63,238,1.2676527500152588
63,239,1.2283473014831543
63,240,1.350508689880371
63,241,1.1650068759918213
63,242,1.285454511642456
63,243,1.5713093280792236
63,244,1.4126760959625244
63,245,1.2867556810379028
63,246,1.236038088798523
63,247,1.1233386993408203
63,248,1.1504688262939453
63,249,1.1147137880325317
63,250,1.2538727521896362
63,251,1.4600869417190552
63,252,1.6740522384643555
63,253,1.3556737899780273
63,254,1.3846900463104248
63,255,1.4457473754882812
63,256,1.2632715702056885
63,257,1.1279735565185547
63,258,1.4429943561553955
63,259,1.2106319665908813
63,260,1.0597634315490723
63,261,1.3805608749389648
63,262,1.284029245376587
63,263,1.167443037033081
63,264,1.5651729106903076
63,265,1.213181972503662
63,266,1.600002408027649
63,267,1.586975336074829
63,268,1.1708377599716187
63,269,1.1271659135818481
63,270,1.2886176109313965
63,271,1.4821562767028809
63,272,1.3376529216766357
63,273,1.5853402614593506
63,274,1.259676218032837
63,275,1.1703202724456787
63,276,1.2345237731933594
63,277,1.2415672540664673
63,278,1.3125989437103271
63,279,1.2581616640090942
63,280,1.0789501667022705
63,281,1.156702995300293
63,282,1.1201906204223633
63,283,1.2205736637115479
63,284,1.2529757022857666
63,285,1.3537769317626953
63,286,1.1555354595184326
63,287,1.2083063125610352
63,288,1.1610544919967651
63,289,1.347104787826538
63,290,1.1196858882904053
63,291,1.2584002017974854
63,292,1.2104501724243164
63,293,1.279567003250122
63,294,1.1987123489379883
63,295,1.1255205869674683
63,296,1.13953697681427
63,297,1.0450501441955566
63,298,1.3022079467773438
63,299,1.1930320262908936
63,300,1.3825911283493042
63,301,1.2809096574783325
63,302,1.3689955472946167
63,303,1.3817079067230225
63,304,1.1230508089065552
63,305,1.0288851261138916
63,306,1.3675189018249512
63,307,1.287184476852417
63,308,1.1315183639526367
63,309,1.3425759077072144
63,310,1.3252620697021484
63,311,1.5519661903381348
64,0,1.2671167850494385
64,1,1.237589955329895
64,2,1.1978440284729004
64,3,1.2872092723846436
64,4,1.1985756158828735
64,5,1.153933048248291
64,6,1.0502406358718872
64,7,1.2357949018478394
64,8,1.1909761428833008
64,9,1.1757112741470337
64,10,1.1230556964874268
64,11,1.0960568189620972
64,12,1.2098631858825684
64,13,1.40913987159729
64,14,1.227369785308838
64,15,1.1537292003631592
64,16,1.3701444864273071
64,17,1.2164759635925293
64,18,1.018453598022461
64,19,1.1546316146850586
64,20,1.2261006832122803
64,21,1.2727301120758057
64,22,1.4868601560592651
64,23,1.2134640216827393
64,24,1.4035899639129639
64,25,1.441615104675293
64,26,1.1160510778427124
64,27,1.2012273073196411
64,28,1.2358253002166748
64,29,1.1543302536010742
64,30,1.3575763702392578
64,31,1.352152943611145
64,32,1.4322385787963867
64,33,1.1815946102142334
64,34,1.2134130001068115
64,35,1.1267650127410889
64,36,1.3272548913955688
64,37,1.3138158321380615
64,38,1.2950208187103271
64,39,1.3845269680023193
64,40,1.3019849061965942
64,41,1.3376554250717163
64,42,1.1163885593414307
64,43,1.1567672491073608
64,44,1.2000019550323486
64,45,1.2026829719543457
64,46,1.084617257118225
64,47,1.3030023574829102
64,48,1.2456966638565063
64,49,1.4641530513763428
64,50,1.162052869796753
64,51,1.1608728170394897
64,52,1.35798978805542
64,53,1.2279112339019775
64,54,1.5160846710205078
64,55,1.2267937660217285
64,56,1.2126317024230957
64,57,1.4255359172821045
64,58,1.3131375312805176
64,59,1.1975511312484741
64,60,1.2573516368865967
64,61,1.2918643951416016
64,62,1.3758374452590942
64,63,1.2645821571350098
64,64,1.27924382686615
64,65,1.2488878965377808
64,66,1.1358146667480469
64,67,1.2934799194335938
64,68,1.178831934928894
64,69,1.3556673526763916
64,70,1.1482070684432983
64,71,1.4021999835968018
64,72,1.0353789329528809
64,73,1.3151277303695679
64,74,1.4450247287750244
64,75,1.2343454360961914
64,76,1.2817809581756592
64,77,1.2283216714859009
64,78,1.3036508560180664
64,79,1.2754697799682617
64,80,1.2045717239379883
64,81,1.3189696073532104
64,82,1.2449378967285156
64,83,1.1312432289123535
64,84,1.222339153289795
64,85,1.129122257232666
64,86,1.1446406841278076
64,87,1.2295042276382446
64,88,1.047429084777832
64,89,1.5053497552871704
64,90,1.1157784461975098
64,91,1.1268346309661865
64,92,1.078749656677246
64,93,1.1821167469024658
64,94,1.4544219970703125
64,95,1.2893309593200684
64,96,1.1733158826828003
64,97,1.095402717590332
64,98,1.3783583641052246
64,99,1.3291010856628418
64,100,1.378342628479004
64,101,1.3453474044799805
64,102,1.1458714008331299
64,103,1.164811134338379
64,104,1.153895616531372
64,105,1.1822459697723389
64,106,1.2269223928451538
64,107,1.202518105506897
64,108,1.2048848867416382
64,109,1.3977644443511963
64,110,1.2140047550201416
64,111,1.266477346420288
64,112,1.2538626194000244
64,113,1.1370922327041626
64,114,1.0882103443145752
64,115,1.2929489612579346
64,116,1.43320894241333
64,117,1.2707667350769043
64,118,1.0620839595794678
64,119,1.2466883659362793
64,120,1.1401830911636353
64,121,1.1543993949890137
64,122,1.2215791940689087
64,123,1.277788758277893
64,124,1.2767255306243896
64,125,1.3245728015899658
64,126,1.3753340244293213
64,127,1.1436667442321777
64,128,1.1691349744796753
64,129,1.3790545463562012
64,130,1.3133447170257568
64,131,1.2962532043457031
64,132,1.0209006071090698
64,133,1.1032391786575317
64,134,1.182509183883667
64,135,1.22870671749115
64,136,1.3639583587646484
64,137,1.6732165813446045
64,138,1.0770678520202637
64,139,1.3301414251327515
64,140,1.6371901035308838
64,141,1.330108642578125
64,142,1.307896375656128
64,143,1.2663098573684692
64,144,1.2680882215499878
64,145,1.2652878761291504
64,146,1.4362711906433105
64,147,1.0585429668426514
64,148,1.0524059534072876
64,149,1.3539550304412842
64,150,1.1135495901107788
64,151,1.2832858562469482
64,152,1.1070215702056885
64,153,1.2202723026275635
64,154,1.190075397491455
64,155,1.2694718837738037
64,156,1.2674105167388916
64,157,1.1489924192428589
64,158,1.1036686897277832
64,159,1.192129373550415
64,160,1.2318878173828125
64,161,1.0063813924789429
64,162,1.411785364151001
64,163,1.2792680263519287
64,164,1.166816234588623
64,165,1.18858003616333
64,166,1.3481855392456055
64,167,1.3401061296463013
64,168,1.304767370223999
64,169,1.2158821821212769
64,170,1.2622824907302856
64,171,1.1718045473098755
64,172,1.4414887428283691
64,173,1.2775593996047974
64,174,1.1783174276351929
64,175,1.106974720954895
64,176,1.277024745941162
64,177,1.3559595346450806
64,178,1.2116507291793823
64,179,1.151329755783081
64,180,1.15569007396698
64,181,1.2578563690185547
64,182,1.1496785879135132
64,183,1.2704888582229614
64,184,1.382140874862671
64,185,1.5021333694458008
64,186,1.1859617233276367
64,187,1.143727421760559
64,188,1.1981723308563232
64,189,1.0363414287567139
64,190,1.277510643005371
64,191,1.2346112728118896
64,192,1.2104196548461914
64,193,1.1702728271484375
64,194,1.3585145473480225
64,195,1.2370591163635254
64,196,1.0653022527694702
64,197,1.1856746673583984
64,198,1.5743911266326904
64,199,1.4870206117630005
64,200,1.2822153568267822
64,201,1.3494102954864502
64,202,1.1588618755340576
64,203,1.1235688924789429
64,204,1.2538697719573975
64,205,1.1221610307693481
64,206,1.411966323852539
64,207,1.01850163936615
64,208,1.1700043678283691
64,209,1.205775499343872
64,210,1.164853572845459
64,211,1.297112226486206
64,212,1.3465206623077393
64,213,1.308416485786438
64,214,1.0469924211502075
64,215,1.0622203350067139
64,216,1.3038349151611328
64,217,1.15885329246521
64,218,1.4508411884307861
64,219,1.3327007293701172
64,220,1.1199753284454346
64,221,1.2979456186294556
64,222,1.3397252559661865
64,223,1.3074679374694824
64,224,1.3928008079528809
64,225,1.2790793180465698
64,226,1.1084409952163696
64,227,1.2082229852676392
64,228,1.2774391174316406
64,229,1.2065715789794922
64,230,1.0518763065338135
64,231,1.3223276138305664
64,232,1.0291435718536377
64,233,1.4843876361846924
64,234,1.2359507083892822
64,235,1.267385721206665
64,236,1.5994107723236084
64,237,1.2091580629348755
64,238,1.2503578662872314
64,239,1.2798488140106201
64,240,1.3168879747390747
64,241,1.1474311351776123
64,242,1.4330806732177734
64,243,1.2367585897445679
64,244,1.25814950466156
64,245,1.0846028327941895
64,246,1.3844373226165771
64,247,1.449681043624878
64,248,1.1539978981018066
64,249,1.2140836715698242
64,250,1.3878397941589355
64,251,1.3603417873382568
64,252,1.1638422012329102
64,253,1.2809885740280151
64,254,1.1784666776657104
64,255,1.0012251138687134
64,256,1.0791380405426025
64,257,1.280604600906372
64,258,1.1126933097839355
64,259,1.2806910276412964
64,260,1.2574841976165771
64,261,1.3663663864135742
64,262,1.2025824785232544
64,263,1.0629668235778809
64,264,1.0895347595214844
64,265,1.2324082851409912
64,266,1.2313060760498047
64,267,1.1880913972854614
64,268,1.1872678995132446
64,269,1.1672451496124268
64,270,1.2211214303970337
64,271,1.1439826488494873
64,272,1.3156883716583252
64,273,1.2046372890472412
64,274,1.312232494354248
64,275,1.2228130102157593
64,276,1.2971326112747192
64,277,1.5026799440383911
64,278,1.117569923400879
64,279,1.200930118560791
64,280,1.1659886837005615
64,281,1.4570465087890625
64,282,1.3500607013702393
64,283,1.307727575302124
64,284,1.3414182662963867
64,285,1.45615816116333
64,286,1.0351479053497314
64,287,1.2982120513916016
64,288,1.2044477462768555
64,289,1.2194873094558716
64,290,1.2064740657806396
64,291,1.2005488872528076
64,292,1.0667413473129272
64,293,1.0164426565170288
64,294,1.3380653858184814
64,295,1.5007671117782593
64,296,1.1754359006881714
64,297,1.439560055732727
64,298,1.126772403717041
64,299,1.1306660175323486
64,300,1.3881959915161133
64,301,1.2038757801055908
64,302,1.2961537837982178
64,303,1.2711243629455566
64,304,1.3312132358551025
64,305,1.2016561031341553
64,306,1.2444705963134766
64,307,1.4034981727600098
64,308,1.3577592372894287
64,309,1.2880053520202637
64,310,1.3443419933319092
64,311,1.3236534595489502
65,0,1.1694108247756958
65,1,1.4133341312408447
65,2,1.317012071609497
65,3,1.0183794498443604
65,4,1.4074792861938477
65,5,1.1052069664001465
65,6,1.3885493278503418
65,7,1.262710452079773
65,8,1.142834186553955
65,9,1.1397342681884766
65,10,1.323953628540039
65,11,1.381111979484558
65,12,1.1416064500808716
65,13,1.26372492313385
65,14,1.1401910781860352
65,15,1.0446584224700928
65,16,1.2192378044128418
65,17,1.0481866598129272
65,18,1.2068562507629395
65,19,1.0520639419555664
65,20,1.17304265499115
65,21,1.055922031402588
65,22,1.1818532943725586
65,23,1.317779779434204
65,24,1.5541796684265137
65,25,1.1178377866744995
65,26,1.087455153465271
65,27,1.4096596240997314
65,28,1.1892459392547607
65,29,1.3444077968597412
65,30,1.2023814916610718
65,31,1.1720293760299683
65,32,1.3212158679962158
65,33,1.1815377473831177
65,34,1.1690009832382202
65,35,1.4758663177490234
65,36,1.489780068397522
65,37,1.3256938457489014
65,38,1.0184444189071655
65,39,1.3927465677261353
65,40,1.1566933393478394
65,41,1.490365743637085
65,42,1.1918245553970337
65,43,1.2778288125991821
65,44,1.2656211853027344
65,45,1.1362371444702148
65,46,1.325561761856079
65,47,1.1589539051055908
65,48,1.3506019115447998
65,49,1.237431287765503
65,50,1.176223874092102
65,51,1.4006259441375732
65,52,1.2163996696472168
65,53,1.3805646896362305
65,54,1.1897480487823486
65,55,1.1125006675720215
65,56,1.464131474494934
65,57,1.2051674127578735
65,58,1.3332884311676025
65,59,1.3237245082855225
65,60,1.1829798221588135
65,61,1.3501962423324585
65,62,1.4353175163269043
65,63,1.0993666648864746
65,64,1.3628588914871216
65,65,1.0988391637802124
65,66,1.1666858196258545
65,67,1.6033527851104736
65,68,1.1876559257507324
65,69,1.326575756072998
65,70,1.1548242568969727
65,71,1.3635642528533936
65,72,1.1597557067871094
65,73,1.3041431903839111
65,74,1.2607176303863525
65,75,1.282637119293213
65,76,1.177727460861206
65,77,1.3306388854980469
65,78,1.2334920167922974
65,79,1.2331757545471191
65,80,1.3853023052215576
65,81,1.2750518321990967
65,82,1.1376034021377563
65,83,1.198266863822937
65,84,1.1642705202102661
65,85,1.2732254266738892
65,86,1.6364750862121582
65,87,1.6167354583740234
65,88,1.3176078796386719
65,89,1.2132961750030518
65,90,1.2427473068237305
65,91,1.26161527633667
65,92,1.2924253940582275
65,93,1.5519723892211914
65,94,1.271105408668518
65,95,1.4801770448684692
65,96,1.334901213645935
65,97,1.1167304515838623
65,98,1.0161458253860474
65,99,1.3308780193328857
65,100,1.1648294925689697
65,101,1.2482050657272339
65,102,1.3445100784301758
65,103,1.3448371887207031
65,104,1.317676067352295
65,105,1.5719268321990967
65,106,1.1088800430297852
65,107,1.126579761505127
65,108,1.1403363943099976
65,109,1.35337233543396
65,110,1.350203275680542
65,111,1.1370402574539185
65,112,1.1831920146942139
65,113,1.3056310415267944
65,114,1.2314276695251465
65,115,1.1819323301315308
65,116,1.176410436630249
65,117,1.232889175415039
65,118,1.3499000072479248
65,119,1.1644630432128906
65,120,1.4422993659973145
65,121,1.1376447677612305
65,122,1.227297306060791
65,123,1.2017873525619507
65,124,1.1305007934570312
65,125,1.1290241479873657
65,126,1.229118824005127
65,127,1.0851826667785645
65,128,1.3641566038131714
65,129,1.250792145729065
65,130,1.1246384382247925
65,131,1.1549832820892334
65,132,1.2402245998382568
65,133,1.3997437953948975
65,134,1.2278244495391846
65,135,1.0806784629821777
65,136,1.2481989860534668
65,137,1.0554709434509277
65,138,1.2490497827529907
65,139,1.2251931428909302
65,140,1.2612943649291992
65,141,1.1708300113677979
65,142,1.1521388292312622
65,143,1.0750633478164673
65,144,1.3894429206848145
65,145,1.178440809249878
65,146,1.123736023902893
65,147,1.4834346771240234
65,148,1.1476755142211914
65,149,1.0673255920410156
65,150,1.3235504627227783
65,151,1.4457647800445557
65,152,1.244395136833191
65,153,1.2705860137939453
65,154,1.179734230041504
65,155,1.1192686557769775
65,156,1.1753895282745361
65,157,1.3505363464355469
65,158,1.051802635192871
65,159,1.0227468013763428
65,160,1.0914651155471802
65,161,1.160003662109375
65,162,1.1063388586044312
65,163,1.482276201248169
65,164,1.0652357339859009
65,165,1.3409080505371094
65,166,1.45761239528656
65,167,1.542464256286621
65,168,1.2448118925094604
65,169,1.1496869325637817
65,170,1.0701696872711182
65,171,1.1657023429870605
65,172,1.162956953048706
65,173,1.1392371654510498
65,174,1.1739976406097412
65,175,1.3125770092010498
65,176,1.222092866897583
65,177,1.0613547563552856
65,178,1.16330885887146
65,179,1.2138241529464722
65,180,1.196004033088684
65,181,1.330500602722168
65,182,1.2821221351623535
65,183,1.0579670667648315
65,184,1.0751577615737915
65,185,1.1386518478393555
65,186,1.509426474571228
65,187,1.033012866973877
65,188,1.2390307188034058
65,189,1.170119047164917
65,190,1.2371490001678467
65,191,1.1028794050216675
65,192,1.2240310907363892
65,193,1.2255308628082275
65,194,1.25064218044281
65,195,1.2341718673706055
65,196,0.9708786606788635
65,197,1.1483591794967651
65,198,1.2154631614685059
65,199,1.106276273727417
65,200,1.385886788368225
65,201,1.302835464477539
65,202,1.198452353477478
65,203,1.1041533946990967
65,204,1.527738094329834
65,205,1.0486564636230469
65,206,1.167508840560913
65,207,1.2112640142440796
65,208,1.3726838827133179
65,209,1.058725118637085
65,210,1.1700433492660522
65,211,1.3028144836425781
65,212,1.2875169515609741
65,213,1.1763027906417847
65,214,1.419163703918457
65,215,1.2483454942703247
65,216,1.4769301414489746
65,217,1.0471935272216797
65,218,1.2151070833206177
65,219,1.029632806777954
65,220,1.2870367765426636
65,221,1.2407532930374146
65,222,1.185763955116272
65,223,1.1394639015197754
65,224,1.028350830078125
65,225,1.1192322969436646
65,226,1.2694697380065918
65,227,1.5061213970184326
65,228,1.088202953338623
65,229,1.175586223602295
65,230,1.3792388439178467
65,231,1.0715690851211548
65,232,1.3057324886322021
65,233,1.407173752784729
65,234,1.2894108295440674
65,235,1.3546209335327148
65,236,1.1656519174575806
65,237,1.097314715385437
65,238,1.4092886447906494
65,239,1.263024091720581
65,240,1.148210048675537
65,241,1.1927682161331177
65,242,1.2050244808197021
65,243,1.1257553100585938
65,244,1.1868113279342651
65,245,1.1825555562973022
65,246,1.114105224609375
65,247,1.2447571754455566
65,248,1.090794563293457
65,249,1.1262085437774658
65,250,1.3837342262268066
65,251,1.1645216941833496
65,252,1.2458045482635498
65,253,1.3291985988616943
65,254,1.42668879032135
65,255,1.1266239881515503
65,256,1.3508529663085938
65,257,1.6447093486785889
65,258,1.279180884361267
65,259,1.3339252471923828
65,260,1.204005479812622
65,261,1.1102914810180664
65,262,1.6401710510253906
65,263,1.198266625404358
65,264,1.2123790979385376
65,265,1.0190773010253906
65,266,1.30875563621521
65,267,1.336940050125122
65,268,1.136474370956421
65,269,1.086246132850647
65,270,1.2282007932662964
65,271,1.0889419317245483
65,272,1.1892551183700562
65,273,1.3241738080978394
65,274,1.3061484098434448
65,275,1.2586190700531006
65,276,1.4904389381408691
65,277,1.222395658493042
65,278,1.2321009635925293
65,279,1.2859195470809937
65,280,1.412180781364441
65,281,1.1431865692138672
65,282,1.2247949838638306
65,283,1.124677300453186
65,284,1.7529927492141724
65,285,1.4012532234191895
65,286,1.4953302145004272
65,287,1.470078945159912
65,288,1.5201857089996338
65,289,1.1798537969589233
65,290,1.2261406183242798
65,291,1.0841448307037354
65,292,1.2717573642730713
65,293,1.2697060108184814
65,294,1.3135106563568115
65,295,1.1585301160812378
65,296,1.301788568496704
65,297,1.4734222888946533
65,298,1.075609564781189
65,299,1.067439317703247
65,300,1.6602956056594849
65,301,1.4265332221984863
65,302,1.286392331123352
65,303,1.1075150966644287
65,304,1.1210784912109375
65,305,1.32550048828125
65,306,1.377765417098999
65,307,1.1988569498062134
65,308,1.1850934028625488
65,309,1.0109894275665283
65,310,1.2342000007629395
65,311,1.3448385000228882
66,0,1.1260840892791748
66,1,1.1458628177642822
66,2,1.391578197479248
66,3,1.2443982362747192
66,4,1.0588257312774658
66,5,1.1849299669265747
66,6,1.0991331338882446
66,7,1.2945644855499268
66,8,1.5638062953948975
66,9,1.1307984590530396
66,10,1.1307929754257202
66,11,1.0943775177001953
66,12,1.135127067565918
66,13,1.1737111806869507
66,14,1.1205017566680908
66,15,1.12667977809906
66,16,1.1036491394042969
66,17,1.171140432357788
66,18,1.0462443828582764
66,19,1.2531626224517822
66,20,1.3132586479187012
66,21,1.4221296310424805
66,22,1.174430251121521
66,23,1.2292354106903076
66,24,1.1905831098556519
66,25,1.1159510612487793
66,26,1.157649278640747
66,27,1.34617280960083
66,28,1.154425859451294
66,29,1.1992864608764648
66,30,1.3069876432418823
66,31,1.4132928848266602
66,32,1.232730746269226
66,33,1.3094398975372314
66,34,1.4554588794708252
66,35,1.0827548503875732
66,36,1.1563950777053833
66,37,1.3702235221862793
66,38,1.1632075309753418
66,39,1.557279109954834
66,40,1.103177547454834
66,41,1.1902103424072266
66,42,1.2546265125274658
66,43,1.0567727088928223
66,44,1.239320158958435
66,45,1.1745803356170654
66,46,1.2861199378967285
66,47,1.1837952136993408
66,48,1.1331228017807007
66,49,1.166419267654419
66,50,1.282273292541504
66,51,1.5233275890350342
66,52,1.3074687719345093
66,53,1.2889862060546875
66,54,1.2981418371200562
66,55,1.0350234508514404
66,56,1.3773630857467651
66,57,1.0784199237823486
66,58,1.1111685037612915
66,59,1.4253567457199097
66,60,1.3185570240020752
66,61,1.4421367645263672
66,62,1.277274489402771
66,63,1.0247995853424072
66,64,1.118121862411499
66,65,1.1869890689849854
66,66,1.042317271232605
66,67,1.021396279335022
66,68,1.063808560371399
66,69,1.1607874631881714
66,70,1.3105580806732178
66,71,1.0756438970565796
66,72,1.0082443952560425
66,73,1.1333298683166504
66,74,1.3042925596237183
66,75,1.1585373878479004
66,76,1.4698054790496826
66,77,1.0730174779891968
66,78,1.4337520599365234
66,79,1.1502728462219238
66,80,1.2816624641418457
66,81,1.2109894752502441
66,82,1.0896445512771606
66,83,1.400303602218628
66,84,1.1011978387832642
66,85,1.2174761295318604
66,86,1.1345311403274536
66,87,1.1909290552139282
66,88,1.126387119293213
66,89,1.1433827877044678
66,90,1.220839262008667
66,91,1.3950345516204834
66,92,1.1440982818603516
66,93,1.5053473711013794
66,94,1.1928611993789673
66,95,1.1916826963424683
66,96,1.1466342210769653
66,97,1.1640918254852295
66,98,1.2149337530136108
66,99,1.4180041551589966
66,100,1.02327561378479
66,101,1.291512370109558
66,102,1.0817383527755737
66,103,1.4509198665618896
66,104,1.123742938041687
66,105,1.2756624221801758
66,106,1.0984302759170532
66,107,1.4528322219848633
66,108,1.1451904773712158
66,109,1.3294665813446045
66,110,1.2627623081207275
66,111,1.4135398864746094
66,112,1.2788166999816895
66,113,1.1543952226638794
66,114,1.172468662261963
66,115,1.2329047918319702
66,116,1.183571219444275
66,117,1.170775294303894
66,118,1.145770788192749
66,119,1.157782793045044
66,120,1.4391584396362305
66,121,1.369779348373413
66,122,1.4596431255340576
66,123,1.185281753540039
66,124,1.3717124462127686
66,125,1.2463176250457764
66,126,1.1262478828430176
66,127,1.3189899921417236
66,128,1.333674669265747
66,129,1.1224726438522339
66,130,1.3350911140441895
66,131,1.4675213098526
66,132,1.444061517715454
66,133,1.2575085163116455
66,134,1.142622709274292
66,135,1.2503149509429932
66,136,1.4332585334777832
66,137,1.423924446105957
66,138,1.3376574516296387
66,139,1.1656057834625244
66,140,1.0756553411483765
66,141,1.229249358177185
66,142,1.2106828689575195
66,143,1.627086877822876
66,144,1.2238305807113647
66,145,1.4604483842849731
66,146,1.4523849487304688
66,147,1.2277315855026245
66,148,1.2872908115386963
66,149,1.1079708337783813
66,150,1.1872550249099731
66,151,1.3776793479919434
66,152,1.2615187168121338
66,153,1.240739107131958
66,154,1.4908251762390137
66,155,1.235142707824707
66,156,1.4516663551330566
66,157,1.2425533533096313
66,158,1.3990867137908936
66,159,1.1417362689971924
66,160,1.5915391445159912
66,161,1.1798245906829834
66,162,1.4371896982192993
66,163,1.4521608352661133
66,164,1.1051409244537354
66,165,1.141230821609497
66,166,1.401132345199585
66,167,1.2432894706726074
66,168,1.294982671737671
66,169,1.1312124729156494
66,170,1.2923574447631836
66,171,1.3186506032943726
66,172,1.3809731006622314
66,173,1.2462084293365479
66,174,1.3833553791046143
66,175,1.4205012321472168
66,176,1.1025406122207642
66,177,1.1331024169921875
66,178,1.2846095561981201
66,179,1.2691147327423096
66,180,1.3867679834365845
66,181,1.317774772644043
66,182,1.157618761062622
66,183,1.3423900604248047
66,184,1.3117249011993408
66,185,1.2095586061477661
66,186,1.1503554582595825
66,187,1.2032270431518555
66,188,1.1646180152893066
66,189,1.4309511184692383
66,190,1.486755132675171
66,191,1.118865728378296
66,192,1.2169606685638428
66,193,1.60202956199646
66,194,1.0141172409057617
66,195,1.3466808795928955
66,196,1.2631970643997192
66,197,1.2983826398849487
66,198,1.2819876670837402
66,199,1.4516303539276123
66,200,1.1095267534255981
66,201,1.2088290452957153
66,202,1.18584406375885
66,203,1.3126544952392578
66,204,1.177657961845398
66,205,1.1382842063903809
66,206,1.2945458889007568
66,207,1.0539264678955078
66,208,1.3297603130340576
66,209,1.143540859222412
66,210,1.120153546333313
66,211,1.1091561317443848
66,212,1.0110701322555542
66,213,1.161914587020874
66,214,1.0953359603881836
66,215,1.5109241008758545
66,216,1.1087762117385864
66,217,1.3604241609573364
66,218,1.323928713798523
66,219,1.1831692457199097
66,220,1.202692985534668
66,221,1.4089853763580322
66,222,1.2074130773544312
66,223,1.1690607070922852
66,224,1.0951042175292969
66,225,1.340304970741272
66,226,1.5781619548797607
66,227,1.1777989864349365
66,228,1.2129207849502563
66,229,1.3363938331604004
66,230,1.1328321695327759
66,231,1.2444407939910889
66,232,1.1049048900604248
66,233,1.3015646934509277
66,234,1.187367558479309
66,235,1.054287314414978
66,236,1.316643476486206
66,237,1.300425410270691
66,238,1.207643985748291
66,239,1.127162218093872
66,240,1.3253600597381592
66,241,1.312754511833191
66,242,1.4066593647003174
66,243,1.3515743017196655
66,244,1.1599329710006714
66,245,1.3861994743347168
66,246,1.2403829097747803
66,247,1.067042589187622
66,248,1.4273254871368408
66,249,1.247779369354248
66,250,1.1994311809539795
66,251,1.0450615882873535
66,252,1.329826831817627
66,253,1.0692166090011597
66,254,1.2663068771362305
66,255,1.2105836868286133
66,256,1.1488627195358276
66,257,1.2201247215270996
66,258,1.1682794094085693
66,259,1.2353296279907227
66,260,1.2262730598449707
66,261,1.3817219734191895
66,262,1.1579244136810303
66,263,1.4223734140396118
66,264,1.0975135564804077
66,265,1.4396893978118896
66,266,1.259049415588379
66,267,1.1249864101409912
66,268,1.4391701221466064
66,269,1.0306403636932373
66,270,1.102301836013794
66,271,1.4527775049209595
66,272,1.2215187549591064
66,273,1.304553747177124
66,274,0.988442063331604
66,275,1.2595157623291016
66,276,1.2544692754745483
66,277,1.3059765100479126
66,278,1.2435277700424194
66,279,1.3182644844055176
66,280,1.1400420665740967
66,281,1.2357732057571411
66,282,1.2740373611450195
66,283,1.4401512145996094
66,284,1.2272355556488037
66,285,1.116725206375122
66,286,1.315182089805603
66,287,1.1898410320281982
66,288,1.1598176956176758
66,289,1.3304979801177979
66,290,1.3251368999481201
66,291,1.311767816543579
66,292,1.2009856700897217
66,293,1.1904358863830566
66,294,1.226585030555725
66,295,1.0807926654815674
66,296,1.4903264045715332
66,297,1.0967166423797607
66,298,1.2364544868469238
66,299,1.0930255651474
66,300,1.0651756525039673
66,301,1.259507417678833
66,302,1.4265507459640503
66,303,1.3049910068511963
66,304,1.1466162204742432
66,305,1.370580792427063
66,306,1.2623515129089355
66,307,1.2186588048934937
66,308,1.075631856918335
66,309,1.4969106912612915
66,310,1.649759292602539
66,311,1.3451814651489258
67,0,1.0117186307907104
67,1,1.182748794555664
67,2,1.2566814422607422
67,3,1.1847350597381592
67,4,1.1776902675628662
67,5,1.1254146099090576
67,6,1.1501295566558838
67,7,1.2266827821731567
67,8,1.1791329383850098
67,9,1.3607561588287354
67,10,1.2262177467346191
67,11,1.2708103656768799
67,12,1.3185769319534302
67,13,1.3634063005447388
67,14,1.1586931943893433
67,15,1.3031904697418213
67,16,1.1598176956176758
67,17,1.1370230913162231
67,18,1.267575979232788
67,19,1.3759756088256836
67,20,1.1668165922164917
67,21,1.3195573091506958
67,22,1.2155215740203857
67,23,0.9586321711540222
67,24,1.3014085292816162
67,25,1.2294018268585205
67,26,1.2312673330307007
67,27,1.436018466949463
67,28,1.2368898391723633
67,29,1.302629828453064
67,30,1.0971041917800903
67,31,1.1385291814804077
67,32,1.0989373922348022
67,33,1.295684576034546
67,34,1.1594347953796387
67,35,1.1890045404434204
67,36,1.1700162887573242
67,37,1.1764951944351196
67,38,1.3158137798309326
67,39,1.1804225444793701
67,40,1.40630042552948
67,41,1.2510610818862915
67,42,1.173097014427185
67,43,1.150357723236084
67,44,1.316737174987793
67,45,1.1928961277008057
67,46,1.3904651403427124
67,47,1.139500617980957
67,48,1.1995735168457031
67,49,1.1874635219573975
67,50,1.1965129375457764
67,51,1.1346235275268555
67,52,1.2526702880859375
67,53,1.185407280921936
67,54,1.1528488397598267
67,55,1.1334747076034546
67,56,1.3527677059173584
67,57,1.3540962934494019
67,58,1.2203824520111084
67,59,1.2391419410705566
67,60,1.1954762935638428
67,61,1.155256748199463
67,62,1.318942666053772
67,63,1.3487924337387085
67,64,1.2492496967315674
67,65,1.428252935409546
67,66,1.4321907758712769
67,67,1.1934912204742432
67,68,1.1375466585159302
67,69,1.3014497756958008
67,70,1.4671845436096191
67,71,1.1906763315200806
67,72,1.235543966293335
67,73,1.1669964790344238
67,74,1.2334235906600952
67,75,1.236635446548462
67,76,1.1652239561080933
67,77,1.3400378227233887
67,78,1.6218563318252563
67,79,1.2462174892425537
67,80,1.1824500560760498
67,81,1.2937486171722412
67,82,1.224194049835205
67,83,1.1378746032714844
67,84,1.485842227935791
67,85,1.153124451637268
67,86,1.2952802181243896
67,87,1.2998359203338623
67,88,1.573191523551941
67,89,1.105167031288147
67,90,1.345070719718933
67,91,1.0499331951141357
67,92,1.3687264919281006
67,93,1.2027864456176758
67,94,1.1395879983901978
67,95,1.068331003189087
67,96,1.2629940509796143
67,97,1.222083330154419
67,98,1.2960336208343506
67,99,1.3200856447219849
67,100,1.201399803161621
67,101,1.2329275608062744
67,102,1.3361525535583496
67,103,1.1357786655426025
67,104,1.4647656679153442
67,105,1.0522828102111816
67,106,1.0919976234436035
67,107,1.003115177154541
67,108,1.211368203163147
67,109,1.263474464416504
67,110,1.2238025665283203
67,111,1.2523634433746338
67,112,1.1577017307281494
67,113,1.042710542678833
67,114,1.404477834701538
67,115,1.1788233518600464
67,116,1.1719452142715454
67,117,1.302673578262329
67,118,1.0175065994262695
67,119,1.108973741531372
67,120,1.1657207012176514
67,121,1.3737242221832275
67,122,1.1700716018676758
67,123,1.370187520980835
67,124,1.3767774105072021
67,125,0.9984515309333801
67,126,1.074566125869751
67,127,1.112743616104126
67,128,1.2452173233032227
67,129,1.2224032878875732
67,130,1.3152384757995605
67,131,1.3685190677642822
67,132,1.1545305252075195
67,133,1.243971824645996
67,134,1.268871784210205
67,135,1.1532385349273682
67,136,1.0959253311157227
67,137,1.3550281524658203
67,138,1.7557811737060547
67,139,1.2018641233444214
67,140,1.3212716579437256
67,141,1.1447837352752686
67,142,1.0968660116195679
67,143,1.3278098106384277
67,144,0.9636459946632385
67,145,1.1831820011138916
67,146,1.182817816734314
67,147,1.2835681438446045
67,148,1.225894570350647
67,149,1.0776035785675049
67,150,1.3399388790130615
67,151,1.1632459163665771
67,152,1.2630207538604736
67,153,1.2413451671600342
67,154,1.082582712173462
67,155,1.2352676391601562
67,156,1.3978290557861328
67,157,1.183419108390808
67,158,1.1324464082717896
67,159,1.2932846546173096
67,160,1.4008392095565796
67,161,1.105928659439087
67,162,1.3485629558563232
67,163,1.269134521484375
67,164,1.1837186813354492
67,165,1.2308399677276611
67,166,1.1593936681747437
67,167,1.2579295635223389
67,168,1.137313961982727
67,169,1.2748621702194214
67,170,1.1786444187164307
67,171,1.3247431516647339
67,172,1.031439185142517
67,173,1.1205615997314453
67,174,1.0343010425567627
67,175,1.449123740196228
67,176,1.4531612396240234
67,177,1.4904305934906006
67,178,1.1252236366271973
67,179,1.3991248607635498
67,180,1.1723713874816895
67,181,1.236565113067627
67,182,1.207009196281433
67,183,1.2394734621047974
67,184,1.5203728675842285
67,185,1.3291186094284058
67,186,1.3018826246261597
67,187,1.2121137380599976
67,188,1.4138431549072266
67,189,1.2569806575775146
67,190,1.2120275497436523
67,191,1.1838114261627197
67,192,1.1574981212615967
67,193,1.072026014328003
67,194,1.0536201000213623
67,195,1.23515784740448
67,196,1.1073254346847534
67,197,1.2059385776519775
67,198,0.9759066104888916
67,199,1.30375075340271
67,200,1.130083680152893
67,201,1.1490237712860107
67,202,1.1159989833831787
67,203,1.2725377082824707
67,204,1.1625865697860718
67,205,1.2863678932189941
67,206,1.140824556350708
67,207,1.0823750495910645
67,208,1.132440209388733
67,209,1.1909269094467163
67,210,1.1411155462265015
67,211,1.0930202007293701
67,212,1.6546530723571777
67,213,1.333139419555664
67,214,1.4565725326538086
67,215,1.2136428356170654
67,216,1.2911295890808105
67,217,1.1122896671295166
67,218,1.347912073135376
67,219,1.074415922164917
67,220,1.2537052631378174
67,221,1.272767186164856
67,222,1.332526683807373
67,223,1.2878549098968506
67,224,1.2467474937438965
67,225,1.1234289407730103
67,226,1.6875779628753662
67,227,1.268503189086914
67,228,1.3850622177124023
67,229,1.260934829711914
67,230,1.1694730520248413
67,231,1.1762540340423584
67,232,1.1598584651947021
67,233,1.131710171699524
67,234,1.3328696489334106
67,235,1.3001363277435303
67,236,1.083387851715088
67,237,1.2958333492279053
67,238,1.3407779932022095
67,239,1.5336625576019287
67,240,1.337707281112671
67,241,1.1320767402648926
67,242,1.530083179473877
67,243,1.2280889749526978
67,244,1.0315780639648438
67,245,1.4618393182754517
67,246,1.1985985040664673
67,247,1.2398600578308105
67,248,1.2249047756195068
67,249,1.3131489753723145
67,250,1.258431077003479
67,251,1.104229211807251
67,252,1.3615378141403198
67,253,1.2710809707641602
67,254,1.1142730712890625
67,255,1.1280663013458252
67,256,1.3105491399765015
67,257,1.1313345432281494
67,258,1.3167718648910522
67,259,1.3100069761276245
67,260,1.2442454099655151
67,261,1.1247239112854004
67,262,1.1143620014190674
67,263,1.2344748973846436
67,264,1.3527084589004517
67,265,1.0373681783676147
67,266,1.2647086381912231
67,267,1.1870405673980713
67,268,1.1472700834274292
67,269,1.5500280857086182
67,270,1.1988604068756104
67,271,1.1801806688308716
67,272,1.309154987335205
67,273,1.5480682849884033
67,274,1.2521698474884033
67,275,1.0275453329086304
67,276,1.1065425872802734
67,277,1.2826998233795166
67,278,1.6882665157318115
67,279,1.4625232219696045
67,280,1.445706844329834
67,281,1.2692530155181885
67,282,1.5618003606796265
67,283,1.0986957550048828
67,284,1.2872815132141113
67,285,1.1909184455871582
67,286,1.0143026113510132
67,287,1.4013774394989014
67,288,1.2166523933410645
67,289,1.2023401260375977
67,290,1.391215443611145
67,291,1.006886601448059
67,292,1.1294219493865967
67,293,1.100250244140625
67,294,1.1996004581451416
67,295,1.2213281393051147
67,296,1.3599801063537598
67,297,1.1000522375106812
67,298,1.1384755373001099
67,299,1.1781220436096191
67,300,1.2087883949279785
67,301,1.2662376165390015
67,302,1.4133309125900269
67,303,1.2307884693145752
67,304,1.2601869106292725
67,305,1.203944206237793
67,306,1.177169919013977
67,307,1.323189377784729
67,308,1.268871784210205
67,309,1.2497117519378662
67,310,1.106001377105713
67,311,1.551590919494629
68,0,1.3369176387786865
68,1,1.1747016906738281
68,2,1.1667909622192383
68,3,1.083503246307373
68,4,1.0799205303192139
68,5,1.3977553844451904
68,6,1.1179019212722778
68,7,1.417536735534668
68,8,1.435117244720459
68,9,1.3077260255813599
68,10,1.2576547861099243
68,11,1.0688496828079224
68,12,1.2223076820373535
68,13,1.1045812368392944
68,14,1.2125849723815918
68,15,1.3704537153244019
68,16,1.236353874206543
68,17,1.3454062938690186
68,18,1.601067304611206
68,19,1.4323245286941528
68,20,1.3638496398925781
68,21,1.170913815498352
68,22,1.1280524730682373
68,23,1.2084826231002808
68,24,1.2617290019989014
68,25,1.2441149950027466
68,26,1.1911749839782715
68,27,1.2811129093170166
68,28,1.106768250465393
68,29,1.1342780590057373
68,30,1.0651462078094482
68,31,1.3201420307159424
68,32,1.1541554927825928
68,33,1.2814688682556152
68,34,1.188063144683838
68,35,1.1190698146820068
68,36,1.0682156085968018
68,37,1.2410153150558472
68,38,1.2937345504760742
68,39,1.0393165349960327
68,40,1.3262803554534912
68,41,1.3065838813781738
68,42,1.129098653793335
68,43,1.5284152030944824
68,44,1.3347961902618408
68,45,1.0881273746490479
68,46,1.155683994293213
68,47,1.094665288925171
68,48,1.1841964721679688
68,49,1.2571566104888916
68,50,0.9979743957519531
68,51,1.2090895175933838
68,52,1.2223783731460571
68,53,1.1012763977050781
68,54,1.3958940505981445
68,55,1.1363424062728882
68,56,1.2273136377334595
68,57,1.0882198810577393
68,58,1.2269904613494873
68,59,1.2545348405838013
68,60,1.3699374198913574
68,61,1.242248773574829
68,62,1.574562430381775
68,63,1.0973892211914062
68,64,1.2683846950531006
68,65,1.0679523944854736
68,66,1.1924842596054077
68,67,1.227006196975708
68,68,1.0618228912353516
68,69,1.1322965621948242
68,70,1.3207509517669678
68,71,1.400160312652588
68,72,1.1172939538955688
68,73,1.0612233877182007
68,74,0.9908013343811035
68,75,1.1720902919769287
68,76,1.200683355331421
68,77,1.27781081199646
68,78,1.1605126857757568
68,79,1.292672872543335
68,80,0.9960231781005859
68,81,1.2655971050262451
68,82,1.2934805154800415
68,83,1.1924383640289307
68,84,1.4920166730880737
68,85,1.2770671844482422
68,86,1.2583873271942139
68,87,1.3807878494262695
68,88,1.1252975463867188
68,89,1.2248954772949219
68,90,1.2105730772018433
68,91,1.3177015781402588
68,92,1.1006680727005005
68,93,1.121536135673523
68,94,1.2914834022521973
68,95,1.1226692199707031
68,96,1.1699045896530151
68,97,1.451078176498413
68,98,1.0660386085510254
68,99,1.1432214975357056
68,100,1.2807374000549316
68,101,1.1779451370239258
68,102,1.159517526626587
68,103,1.0711841583251953
68,104,1.1186822652816772
68,105,1.6313048601150513
68,106,1.1269760131835938
68,107,1.1115890741348267
68,108,1.122444987297058
68,109,1.2473838329315186
68,110,1.101239800453186
68,111,1.3332011699676514
68,112,1.1797354221343994
68,113,1.0814859867095947
68,114,1.1773614883422852
68,115,1.1890652179718018
68,116,1.0799164772033691
68,117,1.2357314825057983
68,118,0.9499529600143433
68,119,1.0753209590911865
68,120,1.1735974550247192
68,121,1.1699048280715942
68,122,1.3692057132720947
68,123,1.4158806800842285
68,124,1.2655420303344727
68,125,1.1370022296905518
68,126,1.3797152042388916
68,127,1.1749895811080933
68,128,1.0705699920654297
68,129,1.0625895261764526
68,130,1.288543462753296
68,131,1.3065993785858154
68,132,1.177479863166809
68,133,1.296007513999939
68,134,1.3268165588378906
68,135,1.3284929990768433
68,136,1.2322134971618652
68,137,1.330721139907837
68,138,1.037475824356079
68,139,1.057571530342102
68,140,1.1518619060516357
68,141,1.1480036973953247
68,142,1.088231086730957
68,143,1.296280860900879
68,144,1.2672892808914185
68,145,1.3056292533874512
68,146,1.1459283828735352
68,147,1.345383882522583
68,148,1.5256613492965698
68,149,1.5713084936141968
68,150,1.0940477848052979
68,151,1.0803154706954956
68,152,1.2285875082015991
68,153,1.2946512699127197
68,154,1.2851026058197021
68,155,1.2285830974578857
68,156,1.143372654914856
68,157,1.1347559690475464
68,158,1.0865669250488281
68,159,1.3100084066390991
68,160,1.1099753379821777
68,161,0.9965906143188477
68,162,1.1055024862289429
68,163,1.3632614612579346
68,164,1.288262128829956
68,165,1.2130615711212158
68,166,1.1962165832519531
68,167,1.1097190380096436
68,168,1.2244123220443726
68,169,1.1673777103424072
68,170,1.4073909521102905
68,171,1.2299038171768188
68,172,1.2582333087921143
68,173,1.1761194467544556
68,174,1.5633440017700195
68,175,1.2326126098632812
68,176,1.0709176063537598
68,177,1.1468675136566162
68,178,1.4732714891433716
68,179,1.3253509998321533
68,180,1.2893526554107666
68,181,1.3210636377334595
68,182,1.144839882850647
68,183,1.11149263381958
68,184,1.2932276725769043
68,185,1.3048856258392334
68,186,1.3073493242263794
68,187,1.2837268114089966
68,188,1.2392297983169556
68,189,1.0311552286148071
68,190,1.1265963315963745
68,191,1.5095945596694946
68,192,1.0820083618164062
68,193,1.2547358274459839
68,194,1.3231236934661865
68,195,1.2381750345230103
68,196,1.2482439279556274
68,197,1.4703984260559082
68,198,1.0159047842025757
68,199,1.3963797092437744
68,200,1.1537848711013794
68,201,1.117937445640564
68,202,1.3147962093353271
68,203,1.0518850088119507
68,204,1.0514981746673584
68,205,1.1359174251556396
68,206,1.2348278760910034
68,207,1.196589708328247
68,208,1.125552773475647
68,209,1.1176915168762207
68,210,1.365330696105957
68,211,1.1129404306411743
68,212,1.1330848932266235
68,213,1.169202208518982
68,214,1.253865361213684
68,215,1.1656990051269531
68,216,1.4089264869689941
68,217,1.4083781242370605
68,218,1.386620044708252
68,219,1.2488110065460205
68,220,1.170465111732483
68,221,1.1589901447296143
68,222,1.4680635929107666
68,223,1.0781381130218506
68,224,1.2541334629058838
68,225,1.1265157461166382
68,226,1.201466679573059
68,227,1.0575852394104004
68,228,1.1008861064910889
68,229,1.1809591054916382
68,230,0.993885338306427
68,231,1.3062546253204346
68,232,1.5302945375442505
68,233,1.1498985290527344
68,234,1.0581672191619873
68,235,1.4149471521377563
68,236,1.1858291625976562
68,237,1.2674576044082642
68,238,1.1462798118591309
68,239,1.1057533025741577
68,240,1.062791109085083
68,241,1.208688735961914
68,242,1.1850941181182861
68,243,1.1703391075134277
68,244,1.157050371170044
68,245,1.3484148979187012
68,246,1.1092689037322998
68,247,1.2251403331756592
68,248,1.1882569789886475
68,249,1.147952914237976
68,250,1.277245044708252
68,251,1.2633410692214966
68,252,1.3367793560028076
68,253,1.2557251453399658
68,254,1.0766913890838623
68,255,1.211948275566101
68,256,1.2835888862609863
68,257,1.3142738342285156
68,258,1.1924909353256226
68,259,1.1510435342788696
68,260,1.2194771766662598
68,261,1.1226913928985596
68,262,1.0955846309661865
68,263,1.2106634378433228
68,264,1.1432291269302368
68,265,1.1226933002471924
68,266,1.0517995357513428
68,267,1.0952074527740479
68,268,1.3558927774429321
68,269,1.1627693176269531
68,270,1.1269750595092773
68,271,1.141347050666809
68,272,1.3843410015106201
68,273,1.4977734088897705
68,274,1.1843929290771484
68,275,1.446908712387085
68,276,1.1465904712677002
68,277,1.3124547004699707
68,278,1.4136322736740112
68,279,1.1392114162445068
68,280,1.5133402347564697
68,281,1.3618273735046387
68,282,1.0474796295166016
68,283,1.082576870918274
68,284,1.2329059839248657
68,285,1.0705270767211914
68,286,1.4104719161987305
68,287,1.249109148979187
68,288,1.1863999366760254
68,289,1.5582859516143799
68,290,1.079437255859375
68,291,1.203376293182373
68,292,1.2639901638031006
68,293,1.344692587852478
68,294,1.1254596710205078
68,295,1.25514554977417
68,296,1.5481019020080566
68,297,1.1192107200622559
68,298,1.0356063842773438
68,299,1.2838367223739624
68,300,1.1666027307510376
68,301,1.2833707332611084
68,302,1.4090313911437988
68,303,1.1181358098983765
68,304,1.1451473236083984
68,305,1.118415355682373
68,306,1.4452340602874756
68,307,1.1293389797210693
68,308,1.2659811973571777
68,309,1.3510209321975708
68,310,1.265958309173584
68,311,1.4075357913970947
69,0,1.3478479385375977
69,1,1.158345103263855
69,2,1.2219226360321045
69,3,1.1583878993988037
69,4,1.1150816679000854
69,5,1.3509315252304077
69,6,1.1151340007781982
69,7,1.0679848194122314
69,8,1.1493773460388184
69,9,1.331647276878357
69,10,1.0895476341247559
69,11,1.083991527557373
69,12,1.1308441162109375
69,13,1.3126029968261719
69,14,1.3050940036773682
69,15,1.3292880058288574
69,16,1.6553311347961426
69,17,1.2098002433776855
69,18,1.2813243865966797
69,19,1.2104315757751465
69,20,1.194570779800415
69,21,1.228352665901184
69,22,1.2582082748413086
69,23,1.0351989269256592
69,24,1.3112152814865112
69,25,1.2845280170440674
69,26,1.4248008728027344
69,27,1.1533069610595703
69,28,1.1083481311798096
69,29,1.2274284362792969
69,30,1.4373626708984375
69,31,1.2192586660385132
69,32,1.0639899969100952
69,33,1.2135725021362305
69,34,1.2558486461639404
69,35,1.1795344352722168
69,36,1.1273791790008545
69,37,1.192245602607727
69,38,1.4307441711425781
69,39,1.230877161026001
69,40,1.133002519607544
69,41,1.118523120880127
69,42,1.1892995834350586
69,43,1.1872600317001343
69,44,1.0408517122268677
69,45,1.4492125511169434
69,46,1.1058870553970337
69,47,1.3576054573059082
69,48,1.1170451641082764
69,49,1.2173675298690796
69,50,1.1740517616271973
69,51,1.4198678731918335
69,52,1.2161411046981812
69,53,1.1449651718139648
69,54,1.1912305355072021
69,55,1.1223835945129395
69,56,1.1716439723968506
69,57,1.476722002029419
69,58,1.085310697555542
69,59,1.1004221439361572
69,60,1.3966484069824219
69,61,1.050600290298462
69,62,1.37442946434021
69,63,1.2959904670715332
69,64,1.281398057937622
69,65,1.0453604459762573
69,66,1.1945154666900635
69,67,1.1713840961456299
69,68,1.154844045639038
69,69,1.2605962753295898
69,70,1.307705283164978
69,71,1.1615957021713257
69,72,1.3409252166748047
69,73,1.3309762477874756
69,74,1.4199864864349365
69,75,1.0821325778961182
69,76,1.2282443046569824
69,77,1.3252599239349365
69,78,1.1650210618972778
69,79,1.1686969995498657
69,80,1.0657520294189453
69,81,1.063347578048706
69,82,1.2757062911987305
69,83,1.286313772201538
69,84,1.3008058071136475
69,85,1.1823852062225342
69,86,1.1981860399246216
69,87,1.239998698234558
69,88,1.0901378393173218
69,89,1.2239089012145996
69,90,1.1203768253326416
69,91,1.37406587600708
69,92,1.246834635734558
69,93,1.2509483098983765
69,94,1.5474108457565308
69,95,1.2358793020248413
69,96,1.1249035596847534
69,97,1.2237099409103394
69,98,1.2754408121109009
69,99,1.049896240234375
69,100,1.300584316253662
69,101,1.3420531749725342
69,102,1.5218921899795532
69,103,1.160810947418213
69,104,1.1776671409606934
69,105,1.1724298000335693
69,106,1.0794106721878052
69,107,1.2810299396514893
69,108,1.239883303642273
69,109,1.18880033493042
69,110,1.3696398735046387
69,111,1.4098302125930786
69,112,1.0387189388275146
69,113,1.0778241157531738
69,114,1.1719067096710205
69,115,1.1748485565185547
69,116,1.2802551984786987
69,117,1.2114719152450562
69,118,1.2958269119262695
69,119,1.124037742614746
69,120,1.2334805727005005
69,121,1.1572593450546265
69,122,1.1896220445632935
69,123,1.3539397716522217
69,124,1.2730098962783813
69,125,1.2081481218338013
69,126,1.288219690322876
69,127,1.1823911666870117
69,128,1.4409112930297852
69,129,1.49820876121521
69,130,1.3759424686431885
69,131,1.243347406387329
69,132,1.1071064472198486
69,133,1.5107996463775635
69,134,1.2779810428619385
69,135,1.2097021341323853
69,136,1.2218891382217407
69,137,1.1467963457107544
69,138,1.3021256923675537
69,139,1.111007809638977
69,140,1.3156356811523438
69,141,1.1109520196914673
69,142,1.0362330675125122
69,143,1.294513463973999
69,144,1.1977953910827637
69,145,1.2165030241012573
69,146,1.34610116481781
69,147,1.2539857625961304
69,148,1.099499225616455
69,149,1.446885108947754
69,150,1.0703661441802979
69,151,1.3049421310424805
69,152,1.370865821838379
69,153,1.1089529991149902
69,154,1.0199605226516724
69,155,1.1955806016921997
69,156,1.21369469165802
69,157,1.291496992111206
69,158,1.2806848287582397
69,159,1.1346101760864258
69,160,1.3818976879119873
69,161,1.1819790601730347
69,162,1.308820128440857
69,163,1.2658302783966064
69,164,1.4675796031951904
69,165,1.157953143119812
69,166,1.3124445676803589
69,167,1.2177550792694092
69,168,1.176640510559082
69,169,1.2255033254623413
69,170,1.1784968376159668
69,171,1.2002620697021484
69,172,1.1540323495864868
69,173,1.1820369958877563
69,174,1.2782944440841675
69,175,1.1554017066955566
69,176,1.1779298782348633
69,177,1.3568005561828613
69,178,1.274316668510437
69,179,1.4373780488967896
69,180,1.2537832260131836
69,181,1.1165891885757446
69,182,1.1191723346710205
69,183,1.2499005794525146
69,184,1.1637086868286133
69,185,1.4271905422210693
69,186,1.0517514944076538
69,187,1.2409895658493042
69,188,1.2596526145935059
69,189,1.2791365385055542
69,190,1.0101556777954102
69,191,1.2400212287902832
69,192,1.2330951690673828
69,193,1.4904661178588867
69,194,1.0755653381347656
69,195,1.1682164669036865
69,196,1.3316006660461426
69,197,1.4193451404571533
69,198,1.455704927444458
69,199,1.1861519813537598
69,200,1.3374292850494385
69,201,1.2865755558013916
69,202,1.1365175247192383
69,203,1.262843132019043
69,204,1.2278549671173096
69,205,1.0796595811843872
69,206,1.1392285823822021
69,207,1.1612663269042969
69,208,1.1619513034820557
69,209,1.2475266456604004
69,210,1.2679625749588013
69,211,1.1449382305145264
69,212,1.1171175241470337
69,213,1.2311216592788696
69,214,1.1367413997650146
69,215,1.0847673416137695
69,216,1.18576979637146
69,217,1.5834650993347168
69,218,1.2705117464065552
69,219,1.2635470628738403
69,220,1.307154655456543
69,221,1.060667634010315
69,222,1.1018638610839844
69,223,1.2743046283721924
69,224,1.2142693996429443
69,225,1.3078076839447021
69,226,1.4797989130020142
69,227,1.3319168090820312
69,228,1.1616923809051514
69,229,1.2028244733810425
69,230,1.316319227218628
69,231,1.08614981174469
69,232,1.102996826171875
69,233,1.371377944946289
69,234,1.2392915487289429
69,235,1.2160286903381348
69,236,1.2674014568328857
69,237,1.2786681652069092
69,238,1.3770887851715088
69,239,1.2431144714355469
69,240,1.009878396987915
69,241,1.1908975839614868
69,242,1.252722978591919
69,243,1.129309892654419
69,244,1.402299404144287
69,245,0.9746049046516418
69,246,1.150951623916626
69,247,1.3013851642608643
69,248,1.3504321575164795
69,249,1.3843626976013184
69,250,1.3284847736358643
69,251,1.0288108587265015
69,252,1.3971738815307617
69,253,1.1301254034042358
69,254,1.0815439224243164
69,255,1.388603925704956
69,256,1.5057613849639893
69,257,1.091745376586914
69,258,1.2253683805465698
69,259,1.1871464252471924
69,260,1.277390718460083
69,261,1.1351022720336914
69,262,1.2042746543884277
69,263,1.2587519884109497
69,264,1.0896382331848145
69,265,1.2230074405670166
69,266,1.5005643367767334
69,267,1.1763875484466553
69,268,1.1884102821350098
69,269,1.2625541687011719
69,270,1.1842319965362549
69,271,1.360389232635498
69,272,1.1086888313293457
69,273,1.0022296905517578
69,274,1.1396112442016602
69,275,1.1531718969345093
69,276,1.4341261386871338
69,277,1.4416158199310303
69,278,1.133809208869934
69,279,1.2743269205093384
69,280,1.319206953048706
69,281,1.3122466802597046
69,282,1.1529223918914795
69,283,1.305534839630127
69,284,1.5117005109786987
69,285,1.2934622764587402
69,286,1.0604133605957031
69,287,1.0809011459350586
69,288,1.3558101654052734
69,289,1.2525484561920166
69,290,1.1268879175186157
69,291,1.0206453800201416
69,292,1.419023036956787
69,293,1.1903929710388184
69,294,1.3923263549804688
69,295,1.184083104133606
69,296,1.1893799304962158
69,297,1.2188682556152344
69,298,1.2259135246276855
69,299,1.2413792610168457
69,300,1.1233984231948853
69,301,1.215640664100647
69,302,1.3788425922393799
69,303,1.0012016296386719
69,304,1.2849125862121582
69,305,1.333042025566101
69,306,1.0946037769317627
69,307,1.2958285808563232
69,308,1.1008009910583496
69,309,1.350414514541626
69,310,1.1856119632720947
69,311,1.0423475503921509
70,0,1.40237295627594
70,1,1.2303123474121094
70,2,1.1262038946151733
70,3,1.559736967086792
70,4,1.1510469913482666
70,5,1.163828730583191
70,6,1.194746732711792
70,7,1.2555323839187622
70,8,1.1218105554580688
70,9,1.334588885307312
70,10,1.233814001083374
70,11,1.100370168685913
70,12,1.2417241334915161
70,13,1.181516408920288
70,14,1.0372467041015625
70,15,1.383213758468628
70,16,1.2318286895751953
70,17,0.9723036885261536
70,18,1.2338557243347168
70,19,1.1956090927124023
70,20,1.2005550861358643
70,21,1.382084846496582
70,22,1.377549171447754
70,23,1.1492944955825806
70,24,1.0840493440628052
70,25,1.266831636428833
70,26,1.1209471225738525
70,27,1.0955545902252197
70,28,1.2009148597717285
70,29,1.4447827339172363
70,30,1.2798212766647339
70,31,1.2439627647399902
70,32,1.1876493692398071
70,33,1.2216709852218628
70,34,1.3290964365005493
70,35,1.0589537620544434
70,36,1.32319974899292
70,37,1.3885823488235474
70,38,1.1205806732177734
70,39,1.2776358127593994
70,40,1.124438762664795
70,41,1.247652292251587
70,42,1.2747697830200195
70,43,1.2688124179840088
70,44,1.2140694856643677
70,45,1.3749381303787231
70,46,1.272662878036499
70,47,1.1625946760177612
70,48,1.029532551765442
70,49,1.3319437503814697
70,50,1.0897839069366455
70,51,1.2508153915405273
70,52,1.2461220026016235
70,53,1.2941181659698486
70,54,1.2215701341629028
70,55,1.3532078266143799
70,56,1.2283003330230713
70,57,1.330573558807373
70,58,1.2495478391647339
70,59,1.1361217498779297
70,60,1.1443710327148438
70,61,1.2449456453323364
70,62,0.9667898416519165
70,63,1.1830536127090454
70,64,1.096169352531433
70,65,1.0614523887634277
70,66,1.2091000080108643
70,67,1.0974969863891602
70,68,1.3598172664642334
70,69,1.1658700704574585
70,70,1.2203153371810913
70,71,1.1609517335891724
70,72,1.2993216514587402
70,73,1.1864813566207886
70,74,1.0151296854019165
70,75,1.309070110321045
70,76,1.108649492263794
70,77,1.0684587955474854
70,78,1.308427095413208
70,79,1.4732637405395508
70,80,1.222462773323059
70,81,1.131363868713379
70,82,1.1160962581634521
70,83,1.161133050918579
70,84,1.2908830642700195
70,85,1.1112571954727173
70,86,1.2952075004577637
70,87,1.2907593250274658
70,88,1.452654242515564
70,89,1.1531543731689453
70,90,1.0906180143356323
70,91,1.3829128742218018
70,92,1.2868115901947021
70,93,1.0953127145767212
70,94,1.0829813480377197
70,95,1.0784469842910767
70,96,1.1147665977478027
70,97,1.2295384407043457
70,98,1.1853646039962769
70,99,1.1390963792800903
70,100,1.1508197784423828
70,101,1.248026967048645
70,102,1.4723944664001465
70,103,1.126800775527954
70,104,1.2632393836975098
70,105,1.0585682392120361
70,106,1.163296103477478
70,107,1.108707308769226
70,108,1.2096796035766602
70,109,1.1080596446990967
70,110,1.0613133907318115
70,111,1.3951480388641357
70,112,1.0459201335906982
70,113,1.450612187385559
70,114,1.2030490636825562
70,115,1.2382017374038696
70,116,1.315353274345398
70,117,1.1726741790771484
70,118,1.0923748016357422
70,119,1.24822998046875
70,120,1.3176006078720093
70,121,1.418549656867981
70,122,1.415015697479248
70,123,1.158872365951538
70,124,1.4457664489746094
70,125,1.3229146003723145
70,126,1.1565731763839722
70,127,1.612367868423462
70,128,1.1466178894042969
70,129,1.0732433795928955
70,130,1.2997710704803467
70,131,1.184910535812378
70,132,1.0881476402282715
70,133,1.425920009613037
70,134,1.2418162822723389
70,135,1.1862330436706543
70,136,1.5244600772857666
70,137,1.1600204706192017
70,138,1.2295267581939697
70,139,1.2082281112670898
70,140,1.429396390914917
70,141,1.1089273691177368
70,142,1.304492473602295
70,143,1.077276587486267
70,144,1.3230504989624023
70,145,1.1155292987823486
70,146,1.4920861721038818
70,147,1.1635617017745972
70,148,1.5641727447509766
70,149,1.0927404165267944
70,150,1.245704174041748
70,151,1.5110487937927246
70,152,1.0398471355438232
70,153,1.0543208122253418
70,154,1.356842279434204
70,155,1.5334622859954834
70,156,1.1997758150100708
70,157,1.2572226524353027
70,158,1.2565492391586304
70,159,1.3343193531036377
70,160,1.1803691387176514
70,161,1.214008092880249
70,162,1.2090296745300293
70,163,1.339206337928772
70,164,1.2587946653366089
70,165,1.3580758571624756
70,166,1.1892091035842896
70,167,1.5275812149047852
70,168,1.260514497756958
70,169,1.2691437005996704
70,170,1.1270208358764648
70,171,1.176748514175415
70,172,1.3828611373901367
70,173,1.4126815795898438
70,174,1.1437638998031616
70,175,1.1863458156585693
70,176,1.0914353132247925
70,177,1.4118824005126953
70,178,1.4863239526748657
70,179,1.083949327468872
70,180,1.5668202638626099
70,181,1.1152725219726562
70,182,1.192598581314087
70,183,1.0963914394378662
70,184,1.2235355377197266
70,185,1.0600818395614624
70,186,1.3076364994049072
70,187,0.9834293127059937
70,188,1.0912752151489258
70,189,1.2301322221755981
70,190,1.2251278162002563
70,191,1.3679695129394531
70,192,1.1944661140441895
70,193,1.1412842273712158
70,194,1.2675899267196655
70,195,1.1327091455459595
70,196,0.9930546283721924
70,197,1.1579781770706177
70,198,1.0736761093139648
70,199,1.0032098293304443
70,200,1.502808690071106
70,201,1.1078689098358154
70,202,1.0414009094238281
70,203,1.1736600399017334
70,204,1.2353354692459106
70,205,1.2904980182647705
70,206,1.1796410083770752
70,207,1.1540597677230835
70,208,1.0820289850234985
70,209,1.2355921268463135
70,210,1.1101226806640625
70,211,1.1835603713989258
70,212,0.9903769493103027
70,213,1.3601312637329102
70,214,1.2579225301742554
70,215,1.3297061920166016
70,216,1.2145116329193115
70,217,1.4625171422958374
70,218,1.1980971097946167
70,219,1.1709129810333252
70,220,1.1966956853866577
70,221,1.0362685918807983
70,222,1.1522932052612305
70,223,1.0198276042938232
70,224,1.117079257965088
70,225,1.3371771574020386
70,226,1.3448506593704224
70,227,1.1617343425750732
70,228,1.0572903156280518
70,229,1.0267531871795654
70,230,1.1722484827041626
70,231,1.1123723983764648
70,232,1.3279616832733154
70,233,1.220611333847046
70,234,1.2630252838134766
70,235,1.337890863418579
70,236,1.1863622665405273
70,237,1.1454380750656128
70,238,1.3909224271774292
70,239,1.2433593273162842
70,240,1.429609775543213
70,241,1.164989948272705
70,242,1.1918790340423584
70,243,1.2320189476013184
70,244,1.2375506162643433
70,245,1.1902939081192017
70,246,1.1332587003707886
70,247,1.055719017982483
70,248,1.2472749948501587
70,249,1.214562177658081
70,250,1.0553357601165771
70,251,1.5688897371292114
70,252,1.1345975399017334
70,253,1.0914453268051147
70,254,1.2899144887924194
70,255,1.3473198413848877
70,256,1.1909013986587524
70,257,1.1671632528305054
70,258,1.4406378269195557
70,259,1.2216225862503052
70,260,1.208606481552124
70,261,1.3659937381744385
70,262,1.3366451263427734
70,263,1.2550426721572876
70,264,1.0971077680587769
70,265,1.2344454526901245
70,266,1.4498145580291748
70,267,1.1308436393737793
70,268,1.0321605205535889
70,269,1.3168997764587402
70,270,1.2508742809295654
70,271,1.052225947380066
70,272,1.1463382244110107
70,273,1.1686134338378906
70,274,1.2070975303649902
70,275,1.3199710845947266
70,276,1.1899571418762207
70,277,1.2178722620010376
70,278,1.2914650440216064
70,279,1.2311224937438965
70,280,1.1416207551956177
70,281,1.1344338655471802
70,282,1.462929606437683
70,283,1.2452763319015503
70,284,1.3125064373016357
70,285,1.1114872694015503
70,286,1.2465388774871826
70,287,1.1414315700531006
70,288,1.0468859672546387
70,289,1.2800965309143066
70,290,1.1805403232574463
70,291,1.3438169956207275
70,292,1.115574598312378
70,293,1.133213996887207
70,294,1.0991063117980957
70,295,1.270970106124878
70,296,1.1521737575531006
70,297,1.367576241493225
70,298,1.2239644527435303
70,299,1.1717685461044312
70,300,1.267415165901184
70,301,1.2498748302459717
70,302,1.097233772277832
70,303,1.2203059196472168
70,304,1.1560825109481812
70,305,1.1610240936279297
70,306,1.3349723815917969
70,307,1.1386398077011108
70,308,1.2003954648971558
70,309,1.2255840301513672
70,310,1.6472795009613037
70,311,1.7190964221954346
71,0,1.3468077182769775
71,1,1.3615070581436157
71,2,1.2051936388015747
71,3,1.7089006900787354
71,4,1.182736873626709
71,5,1.1319165229797363
71,6,1.2953641414642334
71,7,1.192406415939331
71,8,1.7737255096435547
71,9,1.2304092645645142
71,10,1.1262619495391846
71,11,1.1986936330795288
71,12,1.1802685260772705
71,13,1.1801021099090576
71,14,1.3888800144195557
71,15,1.280604600906372
71,16,1.215165376663208
71,17,1.2614896297454834
71,18,1.1125409603118896
71,19,1.24815034866333
71,20,1.124040961265564
71,21,1.2092621326446533
71,22,1.1071971654891968
71,23,1.3043574094772339
71,24,1.262032151222229
71,25,1.4215630292892456
71,26,1.352525234222412
71,27,1.1684577465057373
71,28,1.133276343345642
71,29,1.488297462463379
71,30,1.1327416896820068
71,31,1.1725720167160034
71,32,1.1161860227584839
71,33,1.1673409938812256
71,34,1.2651395797729492
71,35,1.1390880346298218
71,36,1.235467791557312
71,37,1.1015602350234985
71,38,1.2543452978134155
71,39,1.2752074003219604
71,40,1.2068051099777222
71,41,1.1069101095199585
71,42,1.3096270561218262
71,43,1.1692339181900024
71,44,1.3565948009490967
71,45,1.1643154621124268
71,46,1.0876290798187256
71,47,1.3064522743225098
71,48,1.3945059776306152
71,49,1.1318600177764893
71,50,1.1890300512313843
71,51,1.0407145023345947
71,52,1.350409984588623
71,53,1.271514892578125
71,54,1.2291948795318604
71,55,1.0717666149139404
71,56,1.10276460647583
71,57,1.161855697631836
71,58,1.1739375591278076
71,59,1.503440022468567
71,60,1.0302355289459229
71,61,1.1134012937545776
71,62,1.386407494544983
71,63,1.49188232421875
71,64,1.2328001260757446
71,65,1.136066198348999
71,66,1.542003870010376
71,67,1.2525689601898193
71,68,1.1252992153167725
71,69,1.3639280796051025
71,70,1.0107579231262207
71,71,1.1064122915267944
71,72,1.5050867795944214
71,73,1.128149151802063
71,74,1.1752233505249023
71,75,1.1810276508331299
71,76,1.3549610376358032
71,77,1.0776597261428833
71,78,1.1567039489746094
71,79,1.1774652004241943
71,80,1.3544390201568604
71,81,1.292405366897583
71,82,1.3030264377593994
71,83,1.368278980255127
71,84,1.3045594692230225
71,85,1.3792450428009033
71,86,1.133114218711853
71,87,1.0498089790344238
71,88,1.3285114765167236
71,89,1.0902711153030396
71,90,1.2393553256988525
71,91,1.366697907447815
71,92,1.2913978099822998
71,93,1.4154977798461914
71,94,1.191322922706604
71,95,1.2503944635391235
71,96,1.2235000133514404
71,97,1.2146962881088257
71,98,1.2209968566894531
71,99,1.2479088306427002
71,100,1.227186679840088
71,101,1.2938082218170166
71,102,1.149912714958191
71,103,1.2802340984344482
71,104,1.1369447708129883
71,105,1.049081563949585
71,106,1.124239206314087
71,107,1.2913565635681152
71,108,1.0595083236694336
71,109,1.50711989402771
71,110,1.2043262720108032
71,111,1.093380093574524
71,112,1.2004884481430054
71,113,1.3602628707885742
71,114,1.2249248027801514
71,115,1.3673864603042603
71,116,1.1342718601226807
71,117,1.2448605298995972
71,118,1.2149524688720703
71,119,1.1183501482009888
71,120,1.2817870378494263
71,121,1.2872354984283447
71,122,1.129218578338623
71,123,1.4224274158477783
71,124,1.118655800819397
71,125,0.9954056739807129
71,126,1.3856980800628662
71,127,1.0894453525543213
71,128,1.1752985715866089
71,129,1.1897034645080566
71,130,1.2793066501617432
71,131,1.2603713274002075
71,132,1.012965440750122
71,133,0.971431314945221
71,134,1.1759473085403442
71,135,1.1050760746002197
71,136,1.5374162197113037
71,137,1.2368533611297607
71,138,1.3668708801269531
71,139,1.1750105619430542
71,140,1.2728545665740967
71,141,1.4321880340576172
71,142,1.155461072921753
71,143,1.3107819557189941
71,144,1.3256464004516602
71,145,1.1870086193084717
71,146,1.289259672164917
71,147,1.4983967542648315
71,148,1.1703379154205322
71,149,1.0551581382751465
71,150,1.212781310081482
71,151,1.17244553565979
71,152,1.2290371656417847
71,153,1.2782094478607178
71,154,1.167827844619751
71,155,1.0848383903503418
71,156,1.383992314338684
71,157,1.4137613773345947
71,158,1.1969887018203735
71,159,1.2151477336883545
71,160,1.048397183418274
71,161,1.2060023546218872
71,162,1.1339695453643799
71,163,1.234402060508728
71,164,1.301919937133789
71,165,1.2758452892303467
71,166,1.0850443840026855
71,167,1.4316273927688599
71,168,1.119755506515503
71,169,1.4764751195907593
71,170,1.087517261505127
71,171,1.2051066160202026
71,172,1.1612036228179932
71,173,1.1333913803100586
71,174,1.3086798191070557
71,175,1.182501196861267
71,176,1.1580746173858643
71,177,1.3749504089355469
71,178,1.2443444728851318
71,179,1.156396746635437
71,180,1.254138469696045
71,181,1.1962695121765137
71,182,1.2437193393707275
71,183,1.4268863201141357
71,184,1.3921148777008057
71,185,1.1831157207489014
71,186,1.1362406015396118
71,187,1.103562831878662
71,188,1.1850310564041138
71,189,1.408198595046997
71,190,1.1383402347564697
71,191,1.0153446197509766
71,192,1.1233186721801758
71,193,1.2740421295166016
71,194,1.1608434915542603
71,195,1.0946342945098877
71,196,1.0774216651916504
71,197,1.4214060306549072
71,198,1.1240578889846802
71,199,1.3331444263458252
71,200,1.1965144872665405
71,201,1.1483430862426758
71,202,1.1131492853164673
71,203,1.4084044694900513
71,204,1.4163527488708496
71,205,1.2115118503570557
71,206,1.2397782802581787
71,207,1.2802038192749023
71,208,1.4708843231201172
71,209,1.1271004676818848
71,210,1.1935113668441772
71,211,1.055819034576416
71,212,1.0359370708465576
71,213,1.0487343072891235
71,214,1.2805826663970947
71,215,1.4115490913391113
71,216,1.3363628387451172
71,217,1.0946705341339111
71,218,1.241165280342102
71,219,1.3100001811981201
71,220,1.1817591190338135
71,221,1.034864902496338
71,222,1.2153630256652832
71,223,1.2967959642410278
71,224,1.2003298997879028
71,225,1.3407092094421387
71,226,1.2528358697891235
71,227,1.5574536323547363
71,228,1.169305682182312
71,229,1.3691802024841309
71,230,1.3630350828170776
71,231,1.2313263416290283
71,232,1.1375770568847656
71,233,1.0366911888122559
71,234,1.3006889820098877
71,235,1.4329237937927246
71,236,1.2755463123321533
71,237,1.4107768535614014
71,238,1.2039233446121216
71,239,1.1496862173080444
71,240,1.2082538604736328
71,241,1.663050651550293
71,242,1.1548892259597778
71,243,1.2171831130981445
71,244,1.416154146194458
71,245,1.2184343338012695
71,246,1.1439626216888428
71,247,1.2477152347564697
71,248,1.2039397954940796
71,249,1.1874477863311768
71,250,1.134965181350708
71,251,1.2255353927612305
71,252,1.4270410537719727
71,253,1.115700602531433
71,254,1.0363693237304688
71,255,1.2840760946273804
71,256,1.1547417640686035
71,257,1.4125583171844482
71,258,1.3223094940185547
71,259,1.514488935470581
71,260,1.3666508197784424
71,261,1.2798887491226196
71,262,1.2667427062988281
71,263,1.0181699991226196
71,264,1.0796347856521606
71,265,1.3760677576065063
71,266,1.245207667350769
71,267,1.2927557229995728
71,268,1.1351089477539062
71,269,1.2272560596466064
71,270,1.260619044303894
71,271,1.1009966135025024
71,272,1.3126251697540283
71,273,1.1080667972564697
71,274,1.0800141096115112
71,275,1.3248554468154907
71,276,1.121376395225525
71,277,1.2345291376113892
71,278,1.1117559671401978
71,279,1.3194670677185059
71,280,1.0427359342575073
71,281,1.0388931035995483
71,282,1.3689947128295898
71,283,1.1751269102096558
71,284,1.4079010486602783
71,285,1.1887540817260742
71,286,1.2313681840896606
71,287,1.0497733354568481
71,288,1.5671935081481934
71,289,1.212691068649292
71,290,1.106198787689209
71,291,1.1360070705413818
71,292,1.1071009635925293
71,293,1.3348095417022705
71,294,1.202431082725525
71,295,1.539928913116455
71,296,1.502969741821289
71,297,1.2112653255462646
71,298,1.3466641902923584
71,299,1.0842156410217285
71,300,1.3810453414916992
71,301,1.274942398071289
71,302,1.0882322788238525
71,303,1.395616054534912
71,304,1.1659862995147705
71,305,1.237305760383606
71,306,1.1673071384429932
71,307,1.1239473819732666
71,308,1.2392187118530273
71,309,1.1152935028076172
71,310,1.1631202697753906
71,311,1.4720332622528076
72,0,1.3087363243103027
72,1,1.0645345449447632
72,2,1.227193832397461
72,3,1.271059274673462
72,4,1.0588805675506592
72,5,1.2647602558135986
72,6,1.0381675958633423
72,7,1.0872153043746948
72,8,1.1049991846084595
72,9,1.0909647941589355
72,10,1.1820958852767944
72,11,1.1336551904678345
72,12,1.1507511138916016
72,13,1.274920105934143
72,14,1.3284109830856323
72,15,1.1154686212539673
72,16,1.1338108777999878
72,17,1.4177318811416626
72,18,1.003413438796997
72,19,1.124561071395874
72,20,1.2003566026687622
72,21,1.11244535446167
72,22,1.37517511844635
72,23,1.1604934930801392
72,24,1.1294615268707275
72,25,1.3575420379638672
72,26,1.0614402294158936
72,27,0.971800684928894
72,28,1.071378469467163
72,29,1.289223074913025
72,30,1.359269380569458
72,31,1.2235432863235474
72,32,1.278376579284668
72,33,1.234749674797058
72,34,1.0662035942077637
72,35,1.1420711278915405
72,36,1.2018547058105469
72,37,1.3175511360168457
72,38,1.1777420043945312
72,39,1.1774003505706787
72,40,1.1215275526046753
72,41,1.1581882238388062
72,42,1.1005141735076904
72,43,1.2486251592636108
72,44,1.2320985794067383
72,45,1.0772454738616943
72,46,1.1130086183547974
72,47,0.96774822473526
72,48,1.1082514524459839
72,49,1.276714563369751
72,50,1.216133713722229
72,51,1.187670350074768
72,52,1.287994384765625
72,53,0.9934276342391968
72,54,1.0640332698822021
72,55,1.2121495008468628
72,56,1.106416940689087
72,57,1.1622875928878784
72,58,1.2090985774993896
72,59,1.2606470584869385
72,60,1.230027198791504
72,61,1.2588436603546143
72,62,1.0757579803466797
72,63,1.2521204948425293
72,64,0.9579814672470093
72,65,1.1715240478515625
72,66,1.071927547454834
72,67,1.0446202754974365
72,68,1.131373643875122
72,69,1.1279315948486328
72,70,1.3100738525390625
72,71,1.036853551864624
72,72,1.2461681365966797
72,73,1.20204758644104
72,74,1.1009994745254517
72,75,1.2387163639068604
72,76,1.4632461071014404
72,77,1.0962098836898804
72,78,1.3462462425231934
72,79,1.1425400972366333
72,80,1.130919337272644
72,81,1.2827998399734497
72,82,0.9843421578407288
72,83,1.1520044803619385
72,84,1.238429069519043
72,85,1.1459996700286865
72,86,1.184868574142456
72,87,1.108811855316162
72,88,1.2582695484161377
72,89,1.3463053703308105
72,90,1.1516873836517334
72,91,1.1786918640136719
72,92,1.2276451587677002
72,93,1.170247197151184
72,94,1.3007969856262207
72,95,1.2021441459655762
72,96,1.3087581396102905
72,97,1.1103013753890991
72,98,1.138934850692749
72,99,1.1694331169128418
72,100,0.9864696860313416
72,101,1.2591769695281982
72,102,1.3453563451766968
72,103,1.1132962703704834
72,104,1.3014576435089111
72,105,1.1701453924179077
72,106,1.3664872646331787
72,107,1.2296911478042603
72,108,1.0230979919433594
72,109,1.215064525604248
72,110,1.2771553993225098
72,111,1.1077910661697388
72,112,1.1866862773895264
72,113,1.181001901626587
72,114,1.20116126537323
72,115,1.8224656581878662
72,116,1.119253158569336
72,117,1.5233404636383057
72,118,1.3998360633850098
72,119,1.2791341543197632
72,120,1.1094722747802734
72,121,1.1495530605316162
72,122,1.1565592288970947
72,123,1.1934747695922852
72,124,1.1704258918762207
72,125,1.4267804622650146
72,126,1.0883954763412476
72,127,1.0446436405181885
72,128,1.005629539489746
72,129,1.2028837203979492
72,130,0.989546537399292
72,131,1.173702359199524
72,132,1.2486248016357422
72,133,1.1793724298477173
72,134,1.4122612476348877
72,135,1.0759427547454834
72,136,1.480149745941162
72,137,1.2835299968719482
72,138,1.1137281656265259
72,139,1.3448472023010254
72,140,1.0957715511322021
72,141,1.3620502948760986
72,142,1.4598360061645508
72,143,1.3186872005462646
72,144,1.3386945724487305
72,145,1.3811328411102295
72,146,1.2876172065734863
72,147,1.1847295761108398
72,148,1.0604932308197021
72,149,1.2716902494430542
72,150,1.2140529155731201
72,151,1.3143398761749268
72,152,1.1598999500274658
72,153,1.1996488571166992
72,154,1.3567590713500977
72,155,1.1005539894104004
72,156,1.1172869205474854
72,157,1.1528239250183105
72,158,1.0830254554748535
72,159,1.171507716178894
72,160,1.2743943929672241
72,161,1.290893316268921
72,162,1.2100774049758911
72,163,1.079017996788025
72,164,1.0471508502960205
72,165,1.2216777801513672
72,166,1.0831518173217773
72,167,1.3045473098754883
72,168,1.2619662284851074
72,169,1.0455037355422974
72,170,1.206777811050415
72,171,1.308293104171753
72,172,1.1086177825927734
72,173,1.2023247480392456
72,174,1.0978573560714722
72,175,1.177816390991211
72,176,1.2139923572540283
72,177,1.1976335048675537
72,178,1.1812200546264648
72,179,1.325568675994873
72,180,1.1974687576293945
72,181,1.369162678718567
72,182,1.3163557052612305
72,183,1.0169066190719604
72,184,1.2517468929290771
72,185,1.0843271017074585
72,186,1.1772282123565674
72,187,1.1694176197052002
72,188,1.343127965927124
72,189,1.2582776546478271
72,190,1.0218559503555298
72,191,1.3320636749267578
72,192,1.3585600852966309
72,193,1.2769184112548828
72,194,1.2527480125427246
72,195,1.0441302061080933
72,196,1.2092138528823853
72,197,1.040484070777893
72,198,1.0171446800231934
72,199,1.0849363803863525
72,200,1.0771875381469727
72,201,1.3330905437469482
72,202,1.2794249057769775
72,203,1.4742281436920166
72,204,1.22856867313385
72,205,1.1572811603546143
72,206,1.0936747789382935
72,207,0.966659426689148
72,208,1.2244055271148682
72,209,1.2676117420196533
72,210,1.2148081064224243
72,211,1.016348123550415
72,212,1.1577117443084717
72,213,1.1729791164398193
72,214,1.104461908340454
72,215,1.3078229427337646
72,216,0.9812393188476562
72,217,1.1396743059158325
72,218,1.0353097915649414
72,219,1.1656498908996582
72,220,1.0569043159484863
72,221,1.1539992094039917
72,222,1.0518977642059326
72,223,1.0218124389648438
72,224,1.2302954196929932
72,225,1.1926521062850952
72,226,1.2953540086746216
72,227,1.3415683507919312
72,228,1.146886944770813
72,229,1.0265719890594482
72,230,1.1064221858978271
72,231,1.7010343074798584
72,232,1.230705976486206
72,233,1.1468290090560913
72,234,1.108213186264038
72,235,1.1450533866882324
72,236,1.215885043144226
72,237,1.2485296726226807
72,238,1.1138652563095093
72,239,1.4234684705734253
72,240,1.3066956996917725
72,241,1.2695116996765137
72,242,1.136970043182373
72,243,1.088006615638733
72,244,1.2187120914459229
72,245,1.5115944147109985
72,246,1.1949197053909302
72,247,1.1255437135696411
72,248,1.126594066619873
72,249,1.400882601737976
72,250,1.102445363998413
72,251,1.102729082107544
72,252,1.0363043546676636
72,253,1.1535749435424805
72,254,1.166959285736084
72,255,1.2005845308303833
72,256,1.3564133644104004
72,257,1.5440599918365479
72,258,1.0909312963485718
72,259,1.0607631206512451
72,260,1.3804583549499512
72,261,1.4437131881713867
72,262,1.1396124362945557
72,263,1.125382423400879
72,264,1.2220265865325928
72,265,1.2131364345550537
72,266,1.1018586158752441
72,267,1.2457506656646729
72,268,1.271419644355774
72,269,1.2802848815917969
72,270,1.1447666883468628
72,271,1.1817553043365479
72,272,1.1857531070709229
72,273,1.255597710609436
72,274,1.0921717882156372
72,275,1.1334669589996338
72,276,1.2273390293121338
72,277,1.0878026485443115
72,278,1.2085952758789062
72,279,1.217628002166748
72,280,1.3116662502288818
72,281,1.166795015335083
72,282,1.0369741916656494
72,283,1.2571227550506592
72,284,1.287081241607666
72,285,1.2602715492248535
72,286,1.1412932872772217
72,287,1.0843403339385986
72,288,1.125732421875
72,289,1.2208139896392822
72,290,1.3343693017959595
72,291,1.0963144302368164
72,292,1.1340774297714233
72,293,1.3568847179412842
72,294,1.1635291576385498
72,295,1.1441071033477783
72,296,1.326085090637207
72,297,1.2818187475204468
72,298,1.0942744016647339
72,299,1.2207303047180176
72,300,1.1317616701126099
72,301,1.2432924509048462
72,302,1.4887971878051758
72,303,1.2403075695037842
72,304,1.1998028755187988
72,305,1.2111765146255493
72,306,1.2630761861801147
72,307,1.2828705310821533
72,308,1.2990697622299194
72,309,1.266332983970642
72,310,1.2213984727859497
72,311,1.2063744068145752
73,0,1.3337249755859375
73,1,1.2216391563415527
73,2,1.4110143184661865
73,3,1.071657657623291
73,4,1.1813733577728271
73,5,1.0907180309295654
73,6,1.070298433303833
73,7,1.2887928485870361
73,8,1.182987928390503
73,9,1.1361579895019531
73,10,1.0986486673355103
73,11,1.1378191709518433
73,12,1.2182315587997437
73,13,1.0438498258590698
73,14,1.1607120037078857
73,15,1.2260431051254272
73,16,1.4196484088897705
73,17,1.051005482673645
73,18,1.1822893619537354
73,19,1.34208083152771
73,20,1.1201143264770508
73,21,1.0726823806762695
73,22,1.2294683456420898
73,23,1.1508334875106812
73,24,1.2015459537506104
73,25,1.2890855073928833
73,26,1.241406798362732
73,27,1.245466947555542
73,28,1.1697993278503418
73,29,1.304106593132019
73,30,1.1321066617965698
73,31,1.2697737216949463
73,32,1.2027554512023926
73,33,1.1499733924865723
73,34,1.1347575187683105
73,35,1.0657671689987183
73,36,1.0888348817825317
73,37,1.517777919769287
73,38,1.1374750137329102
73,39,1.5492372512817383
73,40,1.058855652809143
73,41,1.0470219850540161
73,42,1.1300065517425537
73,43,1.0992698669433594
73,44,1.0633091926574707
73,45,1.186617374420166
73,46,1.003964900970459
73,47,1.0417377948760986
73,48,1.0650897026062012
73,49,1.2371877431869507
73,50,1.0728627443313599
73,51,1.0064404010772705
73,52,1.2664170265197754
73,53,1.3457610607147217
73,54,1.0798962116241455
73,55,1.2199310064315796
73,56,1.377303123474121
73,57,1.3493493795394897
73,58,1.1359572410583496
73,59,1.1219923496246338
73,60,1.1993553638458252
73,61,1.2061975002288818
73,62,1.1768760681152344
73,63,1.1219911575317383
73,64,1.2964218854904175
73,65,1.2601397037506104
73,66,1.1547783613204956
73,67,1.077558994293213
73,68,1.4294335842132568
73,69,1.3008487224578857
73,70,0.9898112416267395
73,71,1.1481270790100098
73,72,1.2550246715545654
73,73,1.1841293573379517
73,74,1.131439208984375
73,75,1.308570146560669
73,76,1.109893560409546
73,77,1.0831794738769531
73,78,1.054837703704834
73,79,1.1993646621704102
73,80,1.3078428506851196
73,81,1.162284255027771
73,82,1.301147699356079
73,83,1.3391871452331543
73,84,1.1122057437896729
73,85,1.244065523147583
73,86,1.0708104372024536
73,87,1.1113373041152954
73,88,1.3105790615081787
73,89,1.183419108390808
73,90,1.5228701829910278
73,91,1.3791859149932861
73,92,1.403808355331421
73,93,1.3938896656036377
73,94,1.1162508726119995
73,95,1.1357659101486206
73,96,1.1139883995056152
73,97,0.914912223815918
73,98,1.1695195436477661
73,99,1.091374397277832
73,100,1.1154568195343018
73,101,1.2214155197143555
73,102,1.3390735387802124
73,103,1.2357118129730225
73,104,1.248708724975586
73,105,1.2498887777328491
73,106,1.1298472881317139
73,107,1.201583743095398
73,108,1.090033769607544
73,109,1.2314361333847046
73,110,1.0588487386703491
73,111,1.198317527770996
73,112,1.1393581628799438
73,113,1.1591876745224
73,114,1.1643940210342407
73,115,1.3602447509765625
73,116,1.2688634395599365
73,117,1.2394568920135498
73,118,1.24089515209198
73,119,1.2044577598571777
73,120,1.0583420991897583
73,121,1.0802427530288696
73,122,1.1789039373397827
73,123,1.1247271299362183
73,124,1.0613406896591187
73,125,1.210928201675415
73,126,1.1350114345550537
73,127,1.3002501726150513
73,128,1.362104058265686
73,129,1.0707913637161255
73,130,1.2604690790176392
73,131,1.2244229316711426
73,132,1.2509989738464355
73,133,1.1056830883026123
73,134,1.0771305561065674
73,135,1.0377931594848633
73,136,1.1654359102249146
73,137,1.4991532564163208
73,138,1.0942518711090088
73,139,1.240952730178833
73,140,1.088891863822937
73,141,1.2047498226165771
73,142,1.7444947957992554
73,143,1.3122000694274902
73,144,1.071081280708313
73,145,1.0756875276565552
73,146,1.1103123426437378
73,147,1.1635322570800781
73,148,0.9053127765655518
73,149,1.7318353652954102
73,150,1.1966556310653687
73,151,1.3800196647644043
73,152,1.3569389581680298
73,153,1.5287595987319946
73,154,0.9880837798118591
73,155,1.0150119066238403
73,156,1.0707197189331055
73,157,1.1793063879013062
73,158,1.104820728302002
73,159,1.1788616180419922
73,160,1.1324334144592285
73,161,1.0920695066452026
73,162,1.0722239017486572
73,163,1.3015625476837158
73,164,1.0935053825378418
73,165,1.1184386014938354
73,166,1.2361626625061035
73,167,1.309894323348999
73,168,1.0980887413024902
73,169,1.189193606376648
73,170,1.1692160367965698
73,171,1.1564006805419922
73,172,1.231078028678894
73,173,1.3967037200927734
73,174,1.2026340961456299
73,175,1.0290350914001465
73,176,1.3252421617507935
73,177,1.1593736410140991
73,178,1.1502184867858887
73,179,1.098283052444458
73,180,1.3259344100952148
73,181,1.309592366218567
73,182,1.220293641090393
73,183,1.2816003561019897
73,184,1.1492698192596436
73,185,1.0276107788085938
73,186,1.1518124341964722
73,187,1.543412685394287
73,188,1.3368921279907227
73,189,1.093386173248291
73,190,1.1524622440338135
73,191,1.1845550537109375
73,192,1.1539676189422607
73,193,1.1666573286056519
73,194,1.2091063261032104
73,195,1.2910922765731812
73,196,1.208167552947998
73,197,1.067001461982727
73,198,1.0003348588943481
73,199,1.1098530292510986
73,200,1.4088904857635498
73,201,1.139607548713684
73,202,1.0887205600738525
73,203,1.1379765272140503
73,204,1.3153929710388184
73,205,1.21321702003479
73,206,1.1807509660720825
73,207,1.4257780313491821
73,208,1.0308719873428345
73,209,1.126813292503357
73,210,1.155242919921875
73,211,1.4353865385055542
73,212,1.116713047027588
73,213,1.325266718864441
73,214,1.391730785369873
73,215,1.1635353565216064
73,216,1.0116748809814453
73,217,1.1704816818237305
73,218,1.160742163658142
73,219,1.1567400693893433
73,220,1.0714467763900757
73,221,1.2965047359466553
73,222,1.0999221801757812
73,223,1.155623435974121
73,224,1.5086696147918701
73,225,1.4568123817443848
73,226,1.0945513248443604
73,227,1.1922377347946167
73,228,1.226770281791687
73,229,1.2559773921966553
73,230,1.119605302810669
73,231,1.114166498184204
73,232,1.0880866050720215
73,233,1.367532730102539
73,234,1.3085575103759766
73,235,1.1794188022613525
73,236,1.1382261514663696
73,237,1.1779201030731201
73,238,1.3397002220153809
73,239,1.2745537757873535
73,240,1.161305546760559
73,241,1.1967592239379883
73,242,1.0984392166137695
73,243,1.2617967128753662
73,244,1.286433219909668
73,245,1.1744718551635742
73,246,1.1223559379577637
73,247,1.1459884643554688
73,248,1.22588312625885
73,249,1.0537759065628052
73,250,1.1515748500823975
73,251,1.183876633644104
73,252,1.2094672918319702
73,253,1.2518519163131714
73,254,1.1924526691436768
73,255,1.1396669149398804
73,256,1.2208702564239502
73,257,1.1576182842254639
73,258,1.4756978750228882
73,259,1.1336324214935303
73,260,1.1040732860565186
73,261,1.4865705966949463
73,262,1.13149094581604
73,263,1.2842066287994385
73,264,1.296684741973877
73,265,1.1600590944290161
73,266,0.9702794551849365
73,267,1.0916000604629517
73,268,1.1006708145141602
73,269,1.270219087600708
73,270,1.1072359085083008
73,271,1.1184862852096558
73,272,1.385920763015747
73,273,1.1491003036499023
73,274,1.1594266891479492
73,275,1.1989545822143555
73,276,1.4722940921783447
73,277,1.1358423233032227
73,278,1.1114213466644287
73,279,1.1029777526855469
73,280,1.2686673402786255
73,281,1.2353450059890747
73,282,1.1711989641189575
73,283,1.0826159715652466
73,284,1.149793028831482
73,285,1.1485991477966309
73,286,1.5946297645568848
73,287,1.2089778184890747
73,288,0.991757333278656
73,289,1.208392858505249
73,290,1.1099557876586914
73,291,1.6281757354736328
73,292,1.2050466537475586
73,293,1.2691764831542969
73,294,1.4652913808822632
73,295,1.1473851203918457
73,296,1.1720417737960815
73,297,1.1418832540512085
73,298,1.0289242267608643
73,299,1.1369843482971191
73,300,1.2059589624404907
73,301,1.149743676185608
73,302,1.1626290082931519
73,303,1.0413172245025635
73,304,1.3159241676330566
73,305,1.198114037513733
73,306,1.1344459056854248
73,307,1.1231520175933838
73,308,1.1932308673858643
73,309,1.102821707725525
73,310,1.0862629413604736
73,311,1.3671128749847412
74,0,1.183731198310852
74,1,1.2074987888336182
74,2,1.3322803974151611
74,3,1.3912043571472168
74,4,1.152693510055542
74,5,1.1639056205749512
74,6,1.1397747993469238
74,7,1.2045009136199951
74,8,1.1373928785324097
74,9,1.288450002670288
74,10,1.055579662322998
74,11,1.1659111976623535
74,12,1.200825572013855
74,13,1.1447784900665283
74,14,1.266183614730835
74,15,1.1542848348617554
74,16,1.2531683444976807
74,17,1.1034083366394043
74,18,1.0931437015533447
74,19,1.1587913036346436
74,20,1.0757511854171753
74,21,1.0191645622253418
74,22,1.4412269592285156
74,23,1.1432628631591797
74,24,1.128135085105896
74,25,1.121652364730835
74,26,1.3059383630752563
74,27,1.1518343687057495
74,28,1.1317061185836792
74,29,1.3489285707473755
74,30,1.1798198223114014
74,31,1.3178582191467285
74,32,1.3549764156341553
74,33,1.1798794269561768
74,34,1.1132335662841797
74,35,1.1860477924346924
74,36,1.1224358081817627
74,37,1.5452020168304443
74,38,1.3044579029083252
74,39,1.2444980144500732
74,40,1.3350083827972412
74,41,1.3703029155731201
74,42,1.070277452468872
74,43,1.0132039785385132
74,44,1.2256115674972534
74,45,1.2156131267547607
74,46,1.1635239124298096
74,47,1.170278549194336
74,48,1.0631492137908936
74,49,0.9994096159934998
74,50,1.1693462133407593
74,51,1.2321040630340576
74,52,1.2622644901275635
74,53,1.1754817962646484
74,54,0.9836350083351135
74,55,1.5443987846374512
74,56,1.168852686882019
74,57,1.298142433166504
74,58,1.384345293045044
74,59,1.3355244398117065
74,60,1.1677930355072021
74,61,1.0949753522872925
74,62,1.2346680164337158
74,63,1.1058382987976074
74,64,1.0987364053726196
74,65,1.28874933719635
74,66,1.2110675573349
74,67,1.2563793659210205
74,68,1.124330759048462
74,69,1.332946538925171
74,70,1.039872646331787
74,71,1.1643545627593994
74,72,1.0943971872329712
74,73,1.1858185529708862
74,74,1.2063169479370117
74,75,1.02419912815094
74,76,1.5599579811096191
74,77,1.208207607269287
74,78,1.0909634828567505
74,79,1.0207138061523438
74,80,1.3217036724090576
74,81,1.1959372758865356
74,82,1.1915582418441772
74,83,1.1026263236999512
74,84,1.0902132987976074
74,85,1.2445429563522339
74,86,1.0632632970809937
74,87,1.0424829721450806
74,88,1.0584877729415894
74,89,1.0850529670715332
74,90,1.01984441280365
74,91,1.3216423988342285
74,92,1.2464592456817627
74,93,1.1906145811080933
74,94,1.1393518447875977
74,95,1.244097352027893
74,96,1.1113629341125488
74,97,1.398884892463684
74,98,1.4094839096069336
74,99,1.1207786798477173
74,100,1.278876781463623
74,101,1.0886945724487305
74,102,1.280623435974121
74,103,1.1014835834503174
74,104,1.0865147113800049
74,105,1.1005173921585083
74,106,1.2064807415008545
74,107,1.203640341758728
74,108,1.0736072063446045
74,109,1.0708026885986328
74,110,1.1867293119430542
74,111,1.248923897743225
74,112,1.3916802406311035
74,113,1.1036020517349243
74,114,1.0094294548034668
74,115,1.2670552730560303
74,116,1.1328169107437134
74,117,1.0437644720077515
74,118,1.1755871772766113
74,119,1.3447307348251343
74,120,1.1128610372543335
74,121,1.2054182291030884
74,122,1.4068665504455566
74,123,1.1335883140563965
74,124,1.0428931713104248
74,125,1.1610057353973389
74,126,1.1717896461486816
74,127,1.0728330612182617
74,128,1.1437280178070068
74,129,1.5243093967437744
74,130,1.294165849685669
74,131,1.3957929611206055
74,132,1.3032143115997314
74,133,1.2339973449707031
74,134,1.4052717685699463
74,135,1.1657637357711792
74,136,1.275392770767212
74,137,1.3079930543899536
74,138,0.99534010887146
74,139,1.136651635169983
74,140,1.3148972988128662
74,141,1.1691808700561523
74,142,1.1022857427597046
74,143,1.2130440473556519
74,144,1.3843644857406616
74,145,1.2070894241333008
74,146,1.065098524093628
74,147,1.1718535423278809
74,148,1.2298589944839478
74,149,1.3159267902374268
74,150,1.1588424444198608
74,151,1.0699992179870605
74,152,1.0234991312026978
74,153,1.0870168209075928
74,154,1.2566537857055664
74,155,1.2107961177825928
74,156,1.1612188816070557
74,157,1.1805827617645264
74,158,1.158678650856018
74,159,1.2829442024230957
74,160,1.1062445640563965
74,161,1.2424763441085815
74,162,1.2671781778335571
74,163,1.1263235807418823
74,164,1.0235912799835205
74,165,1.537989854812622
74,166,1.168538212776184
74,167,1.179932951927185
74,168,1.2689942121505737
74,169,1.1861989498138428
74,170,1.1134905815124512
74,171,1.1775734424591064
74,172,1.1191480159759521
74,173,1.0832009315490723
74,174,1.0873150825500488
74,175,1.0533127784729004
74,176,1.3314776420593262
74,177,1.1060683727264404
74,178,1.0662503242492676
74,179,1.1144492626190186
74,180,1.3193843364715576
74,181,1.0761359930038452
74,182,1.2471712827682495
74,183,1.424582600593567
74,184,1.3832192420959473
74,185,1.191933274269104
74,186,1.1262609958648682
74,187,1.3343825340270996
74,188,1.2199349403381348
74,189,1.19041907787323
74,190,1.0094329118728638
74,191,1.1564356088638306
74,192,1.2700777053833008
74,193,1.1435154676437378
74,194,1.0781335830688477
74,195,0.9681817889213562
74,196,1.0941725969314575
74,197,1.1452445983886719
74,198,1.2391152381896973
74,199,1.1888781785964966
74,200,1.0293177366256714
74,201,1.1726906299591064
74,202,1.0894317626953125
74,203,1.1327168941497803
74,204,1.2707151174545288
74,205,1.1292517185211182
74,206,1.1234573125839233
74,207,1.074437141418457
74,208,1.2735141515731812
74,209,1.2525229454040527
74,210,1.2440930604934692
74,211,1.0737175941467285
74,212,1.3741228580474854
74,213,1.0763452053070068
74,214,1.3654173612594604
74,215,1.1445552110671997
74,216,1.2717458009719849
74,217,1.0647923946380615
74,218,1.180390477180481
74,219,1.155632495880127
74,220,1.1784542798995972
74,221,1.0416433811187744
74,222,1.2814242839813232
74,223,1.0129085779190063
74,224,1.175650715827942
74,225,1.051055669784546
74,226,1.1452734470367432
74,227,1.0798709392547607
74,228,1.4216272830963135
74,229,1.612918496131897
74,230,1.0572035312652588
74,231,1.3625540733337402
74,232,1.516725778579712
74,233,1.245835781097412
74,234,1.097421646118164
74,235,1.1224950551986694
74,236,1.367332935333252
74,237,1.2100106477737427
74,238,1.2497754096984863
74,239,1.3585102558135986
74,240,1.1004955768585205
74,241,1.3036835193634033
74,242,1.153323769569397
74,243,1.0400054454803467
74,244,1.2805923223495483
74,245,1.377072811126709
74,246,1.4640812873840332
74,247,1.3151192665100098
74,248,1.1406134366989136
74,249,1.1312308311462402
74,250,1.305442214012146
74,251,1.2384905815124512
74,252,1.1162172555923462
74,253,1.3545749187469482
74,254,1.2657864093780518
74,255,1.0102453231811523
74,256,1.0744781494140625
74,257,1.5115056037902832
74,258,1.1741468906402588
74,259,1.1573710441589355
74,260,1.2389028072357178
74,261,1.2772588729858398
74,262,1.1643702983856201
74,263,1.0166373252868652
74,264,1.2518256902694702
74,265,1.2027249336242676
74,266,1.0574806928634644
74,267,1.2476916313171387
74,268,1.1448626518249512
74,269,1.2358083724975586
74,270,1.0618966817855835
74,271,1.3509864807128906
74,272,1.1640888452529907
74,273,1.4528130292892456
74,274,1.0910166501998901
74,275,1.3089561462402344
74,276,1.1753743886947632
74,277,1.2181105613708496
74,278,1.084424376487732
74,279,1.1566051244735718
74,280,1.2013874053955078
74,281,1.3218255043029785
74,282,1.1070712804794312
74,283,1.2906837463378906
74,284,1.228797197341919
74,285,1.1662755012512207
74,286,1.2334954738616943
74,287,1.2733790874481201
74,288,1.0677578449249268
74,289,1.2572410106658936
74,290,1.3327267169952393
74,291,1.1349217891693115
74,292,1.2154207229614258
74,293,1.2196688652038574
74,294,1.1242139339447021
74,295,1.0092616081237793
74,296,1.1505097150802612
74,297,1.2786006927490234
74,298,1.253206491470337
74,299,1.0137057304382324
74,300,1.2764264345169067
74,301,1.308537244796753
74,302,1.1758477687835693
74,303,1.2036792039871216
74,304,1.0168204307556152
74,305,1.2260504961013794
74,306,1.0794947147369385
74,307,1.2188915014266968
74,308,1.247292399406433
74,309,1.1774113178253174
74,310,1.3831584453582764
74,311,1.129164218902588
75,0,1.0085405111312866
75,1,1.1075197458267212
75,2,1.3141463994979858
75,3,1.20252525806427
75,4,1.2312798500061035
75,5,1.1029834747314453
75,6,1.18833589553833
75,7,1.069301724433899
75,8,1.0812427997589111
75,9,1.108414649963379
75,10,1.0925332307815552
75,11,1.1044790744781494
75,12,1.2079942226409912
75,13,1.2284502983093262
75,14,1.4475243091583252
75,15,1.3161838054656982
75,16,1.2217856645584106
75,17,1.2651314735412598
75,18,1.2030291557312012
75,19,1.0677260160446167
75,20,1.0392776727676392
75,21,1.0260874032974243
75,22,1.1133489608764648
75,23,1.1648120880126953
75,24,1.2007347345352173
75,25,1.0653802156448364
75,26,1.1177856922149658
75,27,1.1161504983901978
75,28,1.2431814670562744
75,29,1.2738436460494995
75,30,1.2161839008331299
75,31,1.1242934465408325
75,32,1.1239272356033325
75,33,1.1434661149978638
75,34,1.0850762128829956
75,35,1.1650718450546265
75,36,1.290170431137085
75,37,1.2984278202056885
75,38,1.165709137916565
75,39,1.4494541883468628
75,40,1.0114412307739258
75,41,1.1446092128753662
75,42,1.6622624397277832
75,43,1.0840049982070923
75,44,1.1574816703796387
75,45,1.064978003501892
75,46,1.228086233139038
75,47,1.2121825218200684
75,48,1.2241225242614746
75,49,1.0988997220993042
75,50,1.2387142181396484
75,51,1.1665644645690918
75,52,1.161283254623413
75,53,1.1092654466629028
75,54,1.1578447818756104
75,55,1.049099326133728
75,56,1.0491310358047485
75,57,1.2756648063659668
75,58,1.1566059589385986
75,59,1.0274738073349
75,60,0.967697024345398
75,61,1.1800761222839355
75,62,1.3229479789733887
75,63,1.2334461212158203
75,64,1.1367040872573853
75,65,1.1991305351257324
75,66,1.0807321071624756
75,67,1.135940432548523
75,68,1.1458616256713867
75,69,1.327840805053711
75,70,1.28041410446167
75,71,1.059587836265564
75,72,1.326371669769287
75,73,1.2506308555603027
75,74,1.1348590850830078
75,75,1.298816204071045
75,76,1.1411186456680298
75,77,1.269320011138916
75,78,1.020532488822937
75,79,1.1935698986053467
75,80,1.260469675064087
75,81,1.066255807876587
75,82,1.1766005754470825
75,83,1.01880943775177
75,84,1.1977684497833252
75,85,1.2230761051177979
75,86,1.3295481204986572
75,87,1.192753553390503
75,88,1.1575732231140137
75,89,1.2447197437286377
75,90,1.109119176864624
75,91,1.1521745920181274
75,92,1.1299580335617065
75,93,1.3580654859542847
75,94,1.079683542251587
75,95,1.301585078239441
75,96,1.0104048252105713
75,97,1.185966968536377
75,98,1.2453064918518066
75,99,1.1774647235870361
75,100,1.1194522380828857
75,101,1.286401629447937
75,102,1.1466362476348877
75,103,1.1320921182632446
75,104,1.4306647777557373
75,105,1.2246832847595215
75,106,1.0546224117279053
75,107,1.0381625890731812
75,108,1.1793601512908936
75,109,1.2405790090560913
75,110,1.2823625802993774
75,111,1.0384961366653442
75,112,1.24968683719635
75,113,1.221786379814148
75,114,1.1345359086990356
75,115,1.220978856086731
75,116,1.364790916442871
75,117,1.0977728366851807
75,118,1.3392109870910645
75,119,1.117275357246399
75,120,1.061961054801941
75,121,1.2525532245635986
75,122,1.2965681552886963
75,123,1.094282865524292
75,124,1.2711254358291626
75,125,1.153779149055481
75,126,1.4086025953292847
75,127,1.2539598941802979
75,128,1.2622926235198975
75,129,1.0828465223312378
75,130,1.2628028392791748
75,131,1.6258165836334229
75,132,1.1442532539367676
75,133,1.1668888330459595
75,134,1.2151951789855957
75,135,1.2639960050582886
75,136,1.1202528476715088
75,137,1.1057250499725342
75,138,1.2837334871292114
75,139,1.3297288417816162
75,140,1.3063970804214478
75,141,1.020787000656128
75,142,1.0530458688735962
75,143,1.2007774114608765
75,144,1.1429548263549805
75,145,1.048708438873291
75,146,1.3358699083328247
75,147,1.1425390243530273
75,148,1.2914643287658691
75,149,1.3224562406539917
75,150,1.2399425506591797
75,151,1.1958049535751343
75,152,1.2713027000427246
75,153,1.0103427171707153
75,154,1.295186996459961
75,155,1.670586109161377
75,156,1.264159917831421
75,157,1.1763625144958496
75,158,1.1214983463287354
75,159,1.2103912830352783
75,160,1.0569591522216797
75,161,1.3067655563354492
75,162,1.1134220361709595
75,163,1.2420669794082642
75,164,1.1084851026535034
75,165,1.2534135580062866
75,166,1.1698604822158813
75,167,1.089262843132019
75,168,1.2495782375335693
75,169,1.3635845184326172
75,170,1.0507261753082275
75,171,1.179545283317566
75,172,1.321460247039795
75,173,1.0658866167068481
75,174,1.1504123210906982
75,175,1.4972877502441406
75,176,1.1720290184020996
75,177,1.309457540512085
75,178,1.2540202140808105
75,179,1.2214884757995605
75,180,1.0998177528381348
75,181,1.475794792175293
75,182,1.340559720993042
75,183,1.26182222366333
75,184,1.0308544635772705
75,185,1.4968432188034058
75,186,1.1839531660079956
75,187,1.0800362825393677
75,188,1.165057897567749
75,189,1.2066004276275635
75,190,1.301046371459961
75,191,1.104319453239441
75,192,1.1522135734558105
75,193,1.1389508247375488
75,194,1.3404308557510376
75,195,1.2057281732559204
75,196,1.2622367143630981
75,197,1.3115239143371582
75,198,1.5409009456634521
75,199,1.1878442764282227
75,200,1.284102439880371
75,201,1.4102747440338135
75,202,1.0794663429260254
75,203,1.1689542531967163
75,204,0.9846936464309692
75,205,1.1143370866775513
75,206,1.265731930732727
75,207,1.1094673871994019
75,208,1.4289019107818604
75,209,1.144862174987793
75,210,1.146766185760498
75,211,1.166987657546997
75,212,1.3515396118164062
75,213,1.25357985496521
75,214,0.9897818565368652
75,215,1.1001372337341309
75,216,1.31295645236969
75,217,0.9873087406158447
75,218,1.1364545822143555
75,219,1.2566512823104858
75,220,1.2554703950881958
75,221,1.1549689769744873
75,222,1.146925926208496
75,223,1.173620581626892
75,224,1.3663183450698853
75,225,1.3346843719482422
75,226,1.2132678031921387
75,227,1.1309367418289185
75,228,1.1063480377197266
75,229,1.2005565166473389
75,230,1.1363147497177124
75,231,1.3880088329315186
75,232,1.151740312576294
75,233,1.2280951738357544
75,234,1.2822604179382324
75,235,1.2727832794189453
75,236,1.3004229068756104
75,237,1.0443025827407837
75,238,1.0598182678222656
75,239,1.192137598991394
75,240,1.2079728841781616
75,241,1.3008439540863037
75,242,1.3144917488098145
75,243,1.3164584636688232
75,244,1.2486908435821533
75,245,1.3391062021255493
75,246,1.2552597522735596
75,247,1.2908480167388916
75,248,1.4104301929473877
75,249,0.9859819412231445
75,250,1.223971962928772
75,251,1.141615629196167
75,252,1.2286670207977295
75,253,1.3312113285064697
75,254,1.2795299291610718
75,255,1.2452318668365479
75,256,1.0645005702972412
75,257,1.1053032875061035
75,258,1.155306339263916
75,259,1.0698260068893433
75,260,1.160818099975586
75,261,1.2763938903808594
75,262,1.1273744106292725
75,263,1.2171300649642944
75,264,1.0499939918518066
75,265,1.1630035638809204
75,266,1.1427034139633179
75,267,1.0665713548660278
75,268,1.112378478050232
75,269,0.9847248196601868
75,270,1.307939887046814
75,271,1.175161361694336
75,272,1.0621426105499268
75,273,1.3100937604904175
75,274,1.0679188966751099
75,275,1.157848834991455
75,276,1.2710371017456055
75,277,1.3813858032226562
75,278,1.074216604232788
75,279,1.2582138776779175
75,280,1.2833185195922852
75,281,1.2456319332122803
75,282,1.3305647373199463
75,283,1.1577476263046265
75,284,1.1106245517730713
75,285,1.1066479682922363
75,286,1.4134243726730347
75,287,1.229933261871338
75,288,1.2428826093673706
75,289,1.1572716236114502
75,290,1.1162861585617065
75,291,1.3630459308624268
75,292,1.4507025480270386
75,293,1.571940302848816
75,294,1.2726044654846191
75,295,1.202453851699829
75,296,1.1801724433898926
75,297,1.0989460945129395
75,298,1.291935682296753
75,299,1.2357044219970703
75,300,1.1492998600006104
75,301,1.1531341075897217
75,302,1.262923240661621
75,303,1.0348124504089355
75,304,1.0850826501846313
75,305,1.435459852218628
75,306,1.135392189025879
75,307,1.066920518875122
75,308,1.1363143920898438
75,309,0.9474481344223022
75,310,1.2392079830169678
75,311,1.0682905912399292
76,0,1.0123372077941895
76,1,1.3170760869979858
76,2,1.3202729225158691
76,3,1.066146731376648
76,4,1.048354983329773
76,5,1.1337828636169434
76,6,1.4154247045516968
76,7,1.1120753288269043
76,8,1.1734168529510498
76,9,1.0481737852096558
76,10,1.1447317600250244
76,11,1.0197768211364746
76,12,1.0307403802871704
76,13,1.207517147064209
76,14,1.069283366203308
76,15,1.527278184890747
76,16,1.0854473114013672
76,17,1.2744739055633545
76,18,1.18854820728302
76,19,0.9835083484649658
76,20,1.1334925889968872
76,21,1.2295019626617432
76,22,1.2595633268356323
76,23,1.1011157035827637
76,24,1.413301944732666
76,25,1.0536370277404785
76,26,1.30283784866333
76,27,1.172555685043335
76,28,1.2295231819152832
76,29,1.1094797849655151
76,30,1.133915662765503
76,31,1.1628121137619019
76,32,1.2111142873764038
76,33,0.9326829314231873
76,34,1.1957042217254639
76,35,1.1245216131210327
76,36,1.2519336938858032
76,37,1.178026795387268
76,38,1.2344111204147339
76,39,1.1131560802459717
76,40,1.1136394739151
76,41,1.273127555847168
76,42,1.2367801666259766
76,43,1.2293052673339844
76,44,1.1915043592453003
76,45,1.1396541595458984
76,46,1.183258295059204
76,47,1.1308889389038086
76,48,1.1599127054214478
76,49,1.1625155210494995
76,50,1.532772421836853
76,51,1.2061519622802734
76,52,1.2238807678222656
76,53,1.1949900388717651
76,54,1.1296809911727905
76,55,1.4298436641693115
76,56,1.0289522409439087
76,57,1.237449288368225
76,58,1.387703537940979
76,59,1.1250941753387451
76,60,1.468764066696167
76,61,1.1636797189712524
76,62,1.1391949653625488
76,63,1.1827569007873535
76,64,1.115909457206726
76,65,1.1303682327270508
76,66,1.0921355485916138
76,67,1.298445224761963
76,68,1.2129640579223633
76,69,1.1854963302612305
76,70,1.201797604560852
76,71,1.0170310735702515
76,72,1.2048786878585815
76,73,1.2031238079071045
76,74,1.2366687059402466
76,75,1.2163290977478027
76,76,1.1778180599212646
76,77,1.253615140914917
76,78,1.0152214765548706
76,79,1.2753758430480957
76,80,1.1243222951889038
76,81,1.3155090808868408
76,82,1.2047200202941895
76,83,1.1535998582839966
76,84,1.2812336683273315
76,85,1.0884466171264648
76,86,1.1895769834518433
76,87,1.3560760021209717
76,88,1.19997239112854
76,89,1.213235855102539
76,90,1.237680196762085
76,91,1.034653663635254
76,92,1.164609432220459
76,93,1.2005776166915894
76,94,1.2503300905227661
76,95,1.1385408639907837
76,96,1.2254467010498047
76,97,1.347795009613037
76,98,1.1450790166854858
76,99,1.2518038749694824
76,100,1.1522083282470703
76,101,1.3050146102905273
76,102,1.3325462341308594
76,103,1.1749188899993896
76,104,1.0885907411575317
76,105,1.0591552257537842
76,106,1.2538701295852661
76,107,1.0546303987503052
76,108,1.134838581085205
76,109,1.029180884361267
76,110,1.2028459310531616
76,111,1.1248486042022705
76,112,1.1186907291412354
76,113,1.0123090744018555
76,114,1.3372429609298706
76,115,1.1095340251922607
76,116,1.2630994319915771
76,117,1.3691281080245972
76,118,1.2689955234527588
76,119,1.0851726531982422
76,120,1.0767704248428345
76,121,1.161133050918579
76,122,1.3785912990570068
76,123,1.1364901065826416
76,124,1.1960337162017822
76,125,1.0671809911727905
76,126,1.1166760921478271
76,127,1.1604541540145874
76,128,1.0786867141723633
76,129,1.192010521888733
76,130,1.102379322052002
76,131,1.130297064781189
76,132,1.1170018911361694
76,133,1.2334321737289429
76,134,1.2555755376815796
76,135,1.1996142864227295
76,136,0.9453534483909607
76,137,1.1730709075927734
76,138,1.1590495109558105
76,139,1.3357681035995483
76,140,1.1240208148956299
76,141,1.5165951251983643
76,142,1.5016865730285645
76,143,1.3441040515899658
76,144,1.1194117069244385
76,145,1.434125304222107
76,146,1.1774567365646362
76,147,0.9976885318756104
76,148,1.0944809913635254
76,149,1.00027596950531
76,150,1.0232062339782715
76,151,1.2035571336746216
76,152,1.3605080842971802
76,153,1.2301506996154785
76,154,1.271181583404541
76,155,1.257089376449585
76,156,1.2201905250549316
76,157,1.4518015384674072
76,158,1.1547372341156006
76,159,1.0109080076217651
76,160,0.9970320463180542
76,161,1.2740716934204102
76,162,1.1646995544433594
76,163,1.0603305101394653
76,164,1.0254487991333008
76,165,1.1773297786712646
76,166,1.1767237186431885
76,167,1.211243987083435
76,168,1.3839071989059448
76,169,1.1793608665466309
76,170,1.1637259721755981
76,171,0.9123799800872803
76,172,1.1541564464569092
76,173,1.2814087867736816
76,174,1.0957727432250977
76,175,1.1244038343429565
76,176,1.485594630241394
76,177,1.2243534326553345
76,178,1.279170036315918
76,179,1.3151813745498657
76,180,1.1217502355575562
76,181,1.1817740201950073
76,182,1.0416762828826904
76,183,1.0751874446868896
76,184,1.1974798440933228
76,185,1.127971887588501
76,186,1.1310354471206665
76,187,1.446028709411621
76,188,1.0846517086029053
76,189,1.1299442052841187
76,190,1.148918867111206
76,191,1.2027573585510254
76,192,1.3405022621154785
76,193,1.2726166248321533
76,194,1.1208975315093994
76,195,1.1871168613433838
76,196,1.1995230913162231
76,197,1.0590811967849731
76,198,1.2671539783477783
76,199,1.2566663026809692
76,200,1.1396132707595825
76,201,1.1370108127593994
76,202,1.2467894554138184
76,203,1.1862764358520508
76,204,1.122715711593628
76,205,1.2492254972457886
76,206,1.1887074708938599
76,207,1.1152050495147705
76,208,1.0163183212280273
76,209,1.0180381536483765
76,210,1.170910358428955
76,211,1.326923131942749
76,212,1.1634490489959717
76,213,1.1277947425842285
76,214,1.121520757675171
76,215,1.2326722145080566
76,216,1.370866298675537
76,217,1.104017972946167
76,218,1.367138147354126
76,219,1.1557854413986206
76,220,1.2513489723205566
76,221,1.0574142932891846
76,222,0.9974545240402222
76,223,1.1158357858657837
76,224,1.307417869567871
76,225,1.1841925382614136
76,226,1.172010898590088
76,227,1.399863600730896
76,228,1.1482734680175781
76,229,1.1001098155975342
76,230,1.143264889717102
76,231,1.4428433179855347
76,232,1.1719107627868652
76,233,1.087156057357788
76,234,1.1275761127471924
76,235,1.1610314846038818
76,236,1.0858222246170044
76,237,1.2849239110946655
76,238,1.2619284391403198
76,239,1.2406448125839233
76,240,1.1002470254898071
76,241,1.2676204442977905
76,242,1.363659381866455
76,243,1.0833141803741455
76,244,1.1633734703063965
76,245,1.379683256149292
76,246,1.1663755178451538
76,247,1.260974645614624
76,248,1.210071086883545
76,249,1.071764588356018
76,250,1.1973282098770142
76,251,1.14796781539917
76,252,1.032402515411377
76,253,1.0152291059494019
76,254,1.1672595739364624
76,255,1.2030683755874634
76,256,1.309000015258789
76,257,1.3892772197723389
76,258,1.2538588047027588
76,259,1.2704334259033203
76,260,1.0931880474090576
76,261,1.2471460103988647
76,262,1.2927131652832031
76,263,1.0823583602905273
76,264,1.352487325668335
76,265,1.3604556322097778
76,266,1.140640377998352
76,267,1.4993014335632324
76,268,1.2770400047302246
76,269,1.1427619457244873
76,270,1.2394585609436035
76,271,1.4023454189300537
76,272,1.1116381883621216
76,273,1.2223122119903564
76,274,1.1614198684692383
76,275,1.2862589359283447
76,276,1.3006073236465454
76,277,1.3608834743499756
76,278,1.2441399097442627
76,279,1.3311913013458252
76,280,1.182774543762207
76,281,1.3295643329620361
76,282,1.1396878957748413
76,283,1.1602050065994263
76,284,1.1179968118667603
76,285,1.3236057758331299
76,286,1.5735679864883423
76,287,1.5854460000991821
76,288,1.1349050998687744
76,289,1.2410178184509277
76,290,1.4443466663360596
76,291,1.239393949508667
76,292,1.2923446893692017
76,293,1.232684850692749
76,294,1.010796308517456
76,295,1.2967305183410645
76,296,1.0001041889190674
76,297,1.281369686126709
76,298,1.0642995834350586
76,299,1.0310107469558716
76,300,1.0441569089889526
76,301,1.2421308755874634
76,302,1.3317475318908691
76,303,1.1488882303237915
76,304,1.197744369506836
76,305,1.2027826309204102
76,306,1.252457857131958
76,307,1.211974024772644
76,308,1.2952864170074463
76,309,1.0659104585647583
76,310,1.0812695026397705
76,311,1.3523483276367188
77,0,1.3343868255615234
77,1,1.1160447597503662
77,2,1.0401370525360107
77,3,1.0862807035446167
77,4,1.3523039817810059
77,5,1.1199796199798584
77,6,1.0700410604476929
77,7,1.372412919998169
77,8,1.1737616062164307
77,9,1.1227364540100098
77,10,1.3965660333633423
77,11,1.1545720100402832
77,12,1.315081000328064
77,13,1.1251883506774902
77,14,1.1037614345550537
77,15,1.3186302185058594
77,16,1.2276504039764404
77,17,1.343470573425293
77,18,1.283501148223877
77,19,1.1489722728729248
77,20,1.1959750652313232
77,21,1.2359180450439453
77,22,1.0497560501098633
77,23,1.2203104496002197
77,24,1.171803593635559
77,25,1.1111488342285156
77,26,1.1929863691329956
77,27,0.9930784702301025
77,28,1.031929612159729
77,29,1.0416169166564941
77,30,1.1032633781433105
77,31,1.005088210105896
77,32,1.5509569644927979
77,33,1.0977897644042969
77,34,1.2807297706604004
77,35,1.102541446685791
77,36,1.396486759185791
77,37,1.2230262756347656
77,38,1.1658021211624146
77,39,1.4228050708770752
77,40,1.0333147048950195
77,41,1.3344160318374634
77,42,1.0291266441345215
77,43,0.9693979024887085
77,44,1.1135125160217285
77,45,1.124333381652832
77,46,1.3898155689239502
77,47,1.2232844829559326
77,48,1.2744317054748535
77,49,1.1399354934692383
77,50,0.9839881062507629
77,51,1.0907056331634521
77,52,1.04788339138031
77,53,1.1407058238983154
77,54,1.5816411972045898
77,55,1.2551779747009277
77,56,1.1026594638824463
77,57,1.2548162937164307
77,58,1.132809042930603
77,59,1.2942124605178833
77,60,1.416813611984253
77,61,1.3915657997131348
77,62,1.0732426643371582
77,63,1.324700117111206
77,64,0.976791262626648
77,65,1.1764593124389648
77,66,1.1275379657745361
77,67,1.099521279335022
77,68,1.0560920238494873
77,69,1.18257737159729
77,70,1.1225168704986572
77,71,1.197293758392334
77,72,1.2531222105026245
77,73,1.3384640216827393
77,74,1.1857632398605347
77,75,1.5462310314178467
77,76,1.3140268325805664
77,77,1.1612930297851562
77,78,1.0890541076660156
77,79,1.0824110507965088
77,80,1.10696542263031
77,81,1.240331768989563
77,82,1.2006136178970337
77,83,1.0648369789123535
77,84,1.3740687370300293
77,85,1.138061285018921
77,86,1.1754282712936401
77,87,1.0887476205825806
77,88,1.0307692289352417
77,89,1.2319533824920654
77,90,1.303255319595337
77,91,1.0552446842193604
77,92,1.1612333059310913
77,93,1.2789692878723145
77,94,1.2456505298614502
77,95,1.078543782234192
77,96,1.0987520217895508
77,97,1.088758945465088
77,98,1.1369706392288208
77,99,1.131044864654541
77,100,1.2437334060668945
77,101,1.1629831790924072
77,102,1.1275644302368164
77,103,1.3193402290344238
77,104,1.1915405988693237
77,105,1.2234759330749512
77,106,1.217811107635498
77,107,1.011458158493042
77,108,1.0427474975585938
77,109,0.9889320135116577
77,110,1.2458269596099854
77,111,1.120570182800293
77,112,1.5110790729522705
77,113,1.3390765190124512
77,114,1.388737440109253
77,115,1.213010549545288
77,116,1.09511137008667
77,117,1.261406421661377
77,118,0.9798340797424316
77,119,1.021785020828247
77,120,1.0785505771636963
77,121,1.1352412700653076
77,122,1.2537052631378174
77,123,1.207916498184204
77,124,1.2116528749465942
77,125,1.3823868036270142
77,126,1.281584620475769
77,127,1.1877827644348145
77,128,1.0747150182724
77,129,1.0955790281295776
77,130,1.1121214628219604
77,131,1.154084324836731
77,132,1.2820343971252441
77,133,1.257587194442749
77,134,0.9979189038276672
77,135,1.126706600189209
77,136,1.1696975231170654
77,137,1.1241543292999268
77,138,1.0211267471313477
77,139,1.0683659315109253
77,140,1.1657907962799072
77,141,1.129826545715332
77,142,1.2627512216567993
77,143,1.101447582244873
77,144,1.0549325942993164
77,145,1.2059801816940308
77,146,1.2546606063842773
77,147,1.102799415588379
77,148,1.201507568359375
77,149,1.1469628810882568
77,150,1.271046757698059
77,151,1.2739627361297607
77,152,1.1868219375610352
77,153,1.425452709197998
77,154,1.1653683185577393
77,155,1.4103599786758423
77,156,1.2606446743011475
77,157,1.4882112741470337
77,158,1.1443876028060913
77,159,1.1552554368972778
77,160,1.2437779903411865
77,161,1.0652774572372437
77,162,1.1968824863433838
77,163,1.4140888452529907
77,164,1.1257648468017578
77,165,1.2615169286727905
77,166,0.9977503418922424
77,167,1.0692023038864136
77,168,1.1658401489257812
77,169,1.049734115600586
77,170,1.3274414539337158
77,171,1.1382371187210083
77,172,1.1686583757400513
77,173,1.1688145399093628
77,174,1.3032879829406738
77,175,1.241743803024292
77,176,1.1029064655303955
77,177,1.2179644107818604
77,178,1.100271224975586
77,179,1.1660007238388062
77,180,1.1973103284835815
77,181,1.2549667358398438
77,182,1.4238015413284302
77,183,1.0609995126724243
77,184,1.536002516746521
77,185,1.414040446281433
77,186,1.1607121229171753
77,187,1.0402226448059082
77,188,1.1513943672180176
77,189,1.0611660480499268
77,190,1.1316173076629639
77,191,1.0902104377746582
77,192,1.3099980354309082
77,193,0.9800574779510498
77,194,1.1926542520523071
77,195,1.0913043022155762
77,196,1.2277239561080933
77,197,1.3156871795654297
77,198,1.3181092739105225
77,199,0.9977768659591675
77,200,1.3644673824310303
77,201,1.1595675945281982
77,202,1.3084832429885864
77,203,1.2022700309753418
77,204,0.9894486665725708
77,205,1.1537185907363892
77,206,1.3846478462219238
77,207,1.2448101043701172
77,208,1.2560111284255981
77,209,1.22625732421875
77,210,1.1635429859161377
77,211,1.2085098028182983
77,212,1.044990062713623
77,213,1.100032091140747
77,214,1.1995030641555786
77,215,1.1050050258636475
77,216,1.3735284805297852
77,217,1.193367838859558
77,218,1.2083115577697754
77,219,1.2125780582427979
77,220,1.4327588081359863
77,221,1.2470228672027588
77,222,1.4174675941467285
77,223,1.2334061861038208
77,224,1.0364501476287842
77,225,1.2150843143463135
77,226,1.1081628799438477
77,227,1.2711702585220337
77,228,1.1659955978393555
77,229,1.0650556087493896
77,230,1.119370460510254
77,231,1.1579707860946655
77,232,1.322870135307312
77,233,1.3295705318450928
77,234,1.3677515983581543
77,235,1.058742880821228
77,236,1.02823805809021
77,237,1.103204369544983
77,238,1.0119439363479614
77,239,1.078948736190796
77,240,1.183886170387268
77,241,1.2414638996124268
77,242,1.0195608139038086
77,243,1.1508092880249023
77,244,1.0170941352844238
77,245,1.277991533279419
77,246,1.1642554998397827
77,247,1.1565682888031006
77,248,1.207897424697876
77,249,1.2156556844711304
77,250,1.0783827304840088
77,251,1.2412546873092651
77,252,1.1937111616134644
77,253,1.6662180423736572
77,254,1.1191589832305908
77,255,1.2359689474105835
77,256,1.142824411392212
77,257,1.0604850053787231
77,258,1.129738211631775
77,259,1.0908578634262085
77,260,1.1724910736083984
77,261,1.3042407035827637
77,262,1.2300631999969482
77,263,1.2884488105773926
77,264,1.3409478664398193
77,265,1.2974390983581543
77,266,1.2715983390808105
77,267,1.1907508373260498
77,268,1.148822546005249
77,269,1.238184928894043
77,270,1.3252034187316895
77,271,1.1293922662734985
77,272,0.995598316192627
77,273,1.5028233528137207
77,274,1.155576229095459
77,275,1.0716888904571533
77,276,1.2203443050384521
77,277,1.1787893772125244
77,278,1.1871216297149658
77,279,1.0625181198120117
77,280,1.2345527410507202
77,281,1.0023795366287231
77,282,1.2232279777526855
77,283,1.1844563484191895
77,284,1.4666999578475952
77,285,0.9696338176727295
77,286,1.1023545265197754
77,287,1.2804917097091675
77,288,1.2480745315551758
77,289,1.3300812244415283
77,290,1.2651084661483765
77,291,1.1791943311691284
77,292,1.1308872699737549
77,293,1.1710572242736816
77,294,1.3496880531311035
77,295,1.137172818183899
77,296,1.1861518621444702
77,297,1.2213789224624634
77,298,1.3055822849273682
77,299,1.475111722946167
77,300,0.9750099778175354
77,301,1.2240389585494995
77,302,1.0888341665267944
77,303,1.2219306230545044
77,304,1.2900781631469727
77,305,1.1621965169906616
77,306,1.2091383934020996
77,307,1.217568278312683
77,308,1.1518371105194092
77,309,1.092294454574585
77,310,1.1001219749450684
77,311,1.1351820230484009
78,0,1.224253535270691
78,1,1.3101627826690674
78,2,1.073438048362732
78,3,1.2718214988708496
78,4,1.1115542650222778
78,5,1.017798662185669
78,6,1.1471083164215088
78,7,1.2690092325210571
78,8,1.216071367263794
78,9,1.3625919818878174
78,10,1.150299072265625
78,11,1.299821376800537
78,12,1.0526469945907593
78,13,1.1973892450332642
78,14,1.232802391052246
78,15,1.1123636960983276
78,16,1.1127662658691406
78,17,1.1658936738967896
78,18,1.2703919410705566
78,19,1.2058203220367432
78,20,1.040635585784912
78,21,1.3314192295074463
78,22,1.1377736330032349
78,23,1.3415086269378662
78,24,1.1495174169540405
78,25,1.2269856929779053
78,26,1.0378365516662598
78,27,1.1216307878494263
78,28,1.095232605934143
78,29,1.066011905670166
78,30,1.1052426099777222
78,31,1.3565694093704224
78,32,1.2138724327087402
78,33,0.9426976442337036
78,34,1.165266513824463
78,35,1.3966642618179321
78,36,1.165168285369873
78,37,1.1478962898254395
78,38,1.2806103229522705
78,39,1.262594223022461
78,40,1.228904366493225
78,41,1.1407362222671509
78,42,1.241212248802185
78,43,1.2061266899108887
78,44,1.1609525680541992
78,45,1.0482481718063354
78,46,1.072322964668274
78,47,1.1006648540496826
78,48,0.9577791690826416
78,49,1.2639765739440918
78,50,1.107452630996704
78,51,1.2619673013687134
78,52,0.9781110882759094
78,53,1.2382962703704834
78,54,1.1496297121047974
78,55,1.126389980316162
78,56,1.1493921279907227
78,57,1.0725796222686768
78,58,1.1393414735794067
78,59,1.0252448320388794
78,60,1.1346513032913208
78,61,1.137471079826355
78,62,1.1358623504638672
78,63,0.9704028964042664
78,64,1.1020839214324951
78,65,1.080475091934204
78,66,1.154367446899414
78,67,1.2468640804290771
78,68,1.2282323837280273
78,69,1.212007761001587
78,70,1.083996295928955
78,71,1.1855669021606445
78,72,1.3768656253814697
78,73,1.2546420097351074
78,74,1.1838518381118774
78,75,1.3533251285552979
78,76,1.109313726425171
78,77,1.0912117958068848
78,78,1.1514251232147217
78,79,1.1989262104034424
78,80,1.2336031198501587
78,81,1.233649492263794
78,82,1.494430661201477
78,83,1.1297475099563599
78,84,0.952904224395752
78,85,1.1664432287216187
78,86,1.3374546766281128
78,87,1.0423606634140015
78,88,1.4261908531188965
78,89,1.3020820617675781
78,90,1.357690453529358
78,91,1.1045522689819336
78,92,1.4395534992218018
78,93,1.329695224761963
78,94,1.0281486511230469
78,95,1.1487377882003784
78,96,1.1741282939910889
78,97,1.0466927289962769
78,98,1.388000726699829
78,99,1.1438721418380737
78,100,1.0731701850891113
78,101,1.0891536474227905
78,102,1.1535170078277588
78,103,1.3227319717407227
78,104,1.084742784500122
78,105,1.0783605575561523
78,106,1.1925569772720337
78,107,1.1416726112365723
78,108,1.2799968719482422
78,109,1.3933167457580566
78,110,0.9061405658721924
78,111,1.1370689868927002
78,112,1.2458062171936035
78,113,1.0254762172698975
78,114,1.1676095724105835
78,115,1.0480282306671143
78,116,1.195955753326416
78,117,1.1844112873077393
78,118,1.1247153282165527
78,119,1.1124980449676514
78,120,1.049354910850525
78,121,1.1161096096038818
78,122,1.1276911497116089
78,123,1.377705693244934
78,124,1.4454681873321533
78,125,1.3390014171600342
78,126,1.0856349468231201
78,127,1.1508668661117554
78,128,1.1317338943481445
78,129,1.2388396263122559
78,130,1.1130651235580444
78,131,1.138582468032837
78,132,1.1936167478561401
78,133,1.0073374509811401
78,134,1.0406794548034668
78,135,1.25380277633667
78,136,1.2902660369873047
78,137,1.029470682144165
78,138,1.3258717060089111
78,139,1.0643372535705566
78,140,1.339919090270996
78,141,1.2187144756317139
78,142,1.3905586004257202
78,143,1.2082669734954834
78,144,1.1991008520126343
78,145,1.4288305044174194
78,146,1.318603754043579
78,147,1.1182098388671875
78,148,1.1647005081176758
78,149,1.1852773427963257
78,150,1.228499174118042
78,151,1.2333741188049316
78,152,1.132651925086975
78,153,1.197782278060913
78,154,1.3810038566589355
78,155,1.1524641513824463
78,156,1.1328425407409668
78,157,1.134766936302185
78,158,1.0988811254501343
78,159,1.0715291500091553
78,160,1.150909423828125
78,161,1.1663466691970825
78,162,0.9865114688873291
78,163,1.1996113061904907
78,164,1.138295292854309
78,165,1.1395456790924072
78,166,1.141013264656067
78,167,1.0963340997695923
78,168,1.5621800422668457
78,169,1.059949517250061
78,170,1.2744441032409668
78,171,1.1364684104919434
78,172,1.434888482093811
78,173,1.0819494724273682
78,174,1.1913865804672241
78,175,1.2028639316558838
78,176,1.0999504327774048
78,177,1.1451082229614258
78,178,1.3765695095062256
78,179,1.0583996772766113
78,180,1.180816650390625
78,181,1.1353821754455566
78,182,1.0434978008270264
78,183,1.0786079168319702
78,184,1.1660079956054688
78,185,1.2099213600158691
78,186,1.1394996643066406
78,187,1.2502009868621826
78,188,1.0156142711639404
78,189,1.2014107704162598
78,190,1.1861146688461304
78,191,1.5579978227615356
78,192,1.2287321090698242
78,193,1.329737901687622
78,194,1.1175024509429932
78,195,1.0266344547271729
78,196,1.1425669193267822
78,197,1.3344645500183105
78,198,1.2963523864746094
78,199,1.1833245754241943
78,200,1.0807406902313232
78,201,1.2807780504226685
78,202,1.1512818336486816
78,203,1.1972347497940063
78,204,1.0969457626342773
78,205,1.4322824478149414
78,206,1.1627073287963867
78,207,1.359365463256836
78,208,1.0732004642486572
78,209,1.103299617767334
78,210,1.1876944303512573
78,211,1.1010527610778809
78,212,1.251037836074829
78,213,1.2887769937515259
78,214,1.1271640062332153
78,215,1.2768059968948364
78,216,1.2764122486114502
78,217,0.9947270750999451
78,218,1.2385754585266113
78,219,1.0657541751861572
78,220,1.5018322467803955
78,221,1.119256615638733
78,222,1.1728277206420898
78,223,1.1155040264129639
78,224,1.1420023441314697
78,225,1.2800034284591675
78,226,1.1271443367004395
78,227,1.1390084028244019
78,228,1.0836631059646606
78,229,1.2542409896850586
78,230,1.2496364116668701
78,231,1.0585145950317383
78,232,1.2050236463546753
78,233,1.3120900392532349
78,234,1.2710679769515991
78,235,1.0845189094543457
78,236,1.1153489351272583
78,237,1.2425196170806885
78,238,1.340418815612793
78,239,1.1404364109039307
78,240,1.2049685716629028
78,241,1.015707015991211
78,242,1.0772608518600464
78,243,1.1435405015945435
78,244,1.0545297861099243
78,245,1.1998976469039917
78,246,1.1991722583770752
78,247,1.1258370876312256
78,248,1.1730248928070068
78,249,1.35939359664917
78,250,1.2687242031097412
78,251,1.0981991291046143
78,252,1.2068339586257935
78,253,1.4426242113113403
78,254,1.297171711921692
78,255,1.209291934967041
78,256,1.140300989151001
78,257,1.2156519889831543
78,258,1.1649903059005737
78,259,1.3816075325012207
78,260,1.2987990379333496
78,261,1.1461472511291504
78,262,1.1356028318405151
78,263,1.086402177810669
78,264,1.0078508853912354
78,265,1.1045476198196411
78,266,1.3161144256591797
78,267,1.1208763122558594
78,268,1.1587028503417969
78,269,1.1068346500396729
78,270,1.223423957824707
78,271,1.3245658874511719
78,272,1.2163543701171875
78,273,1.0866581201553345
78,274,1.3174364566802979
78,275,1.348266363143921
78,276,1.049182653427124
78,277,1.116624116897583
78,278,1.2435678243637085
78,279,1.336903691291809
78,280,1.0643303394317627
78,281,1.2440874576568604
78,282,1.0413098335266113
78,283,0.9322890043258667
78,284,1.2658703327178955
78,285,1.1097726821899414
78,286,1.1635708808898926
78,287,1.1793588399887085
78,288,1.2549986839294434
78,289,1.2221591472625732
78,290,1.3117127418518066
78,291,1.1605428457260132
78,292,0.9785038232803345
78,293,1.2016322612762451
78,294,1.0044504404067993
78,295,1.0238486528396606
78,296,1.2527904510498047
78,297,1.081383466720581
78,298,1.0521718263626099
78,299,1.0267534255981445
78,300,1.1091139316558838
78,301,1.1026108264923096
78,302,1.2052078247070312
78,303,1.028318166732788
78,304,1.187769889831543
78,305,1.2895164489746094
78,306,1.1093765497207642
78,307,1.4637408256530762
78,308,1.1498258113861084
78,309,1.1294019222259521
78,310,1.092920184135437
78,311,1.3609570264816284
79,0,1.371371865272522
79,1,1.029494285583496
79,2,1.1765105724334717
79,3,1.129042387008667
79,4,1.23312246799469
79,5,1.1391971111297607
79,6,1.1290419101715088
79,7,1.09799325466156
79,8,1.08882474899292
79,9,1.232428789138794
79,10,0.9388126134872437
79,11,1.3628513813018799
79,12,1.144417405128479
79,13,1.1906001567840576
79,14,1.0855777263641357
79,15,1.1696079969406128
79,16,1.102479338645935
79,17,1.0517096519470215
79,18,1.1481389999389648
79,19,1.2912888526916504
79,20,1.0578219890594482
79,21,1.0799832344055176
79,22,1.1877117156982422
79,23,0.9779646396636963
79,24,1.0936776399612427
79,25,1.2945270538330078
79,26,1.0083520412445068
79,27,1.2556729316711426
79,28,1.4033925533294678
79,29,1.0401109457015991
79,30,1.1223158836364746
79,31,1.1134836673736572
79,32,0.9342653155326843
79,33,1.1426336765289307
79,34,1.1122925281524658
79,35,1.2064238786697388
79,36,1.177566647529602
79,37,1.3376697301864624
79,38,0.9598838686943054
79,39,1.0756465196609497
79,40,1.2837527990341187
79,41,1.095381498336792
79,42,0.9589252471923828
79,43,1.107724666595459
79,44,1.018017053604126
79,45,1.3378679752349854
79,46,1.1105226278305054
79,47,1.3649567365646362
79,48,1.1624608039855957
79,49,1.5111467838287354
79,50,1.1448780298233032
79,51,1.2078146934509277
79,52,1.1451146602630615
79,53,1.0127744674682617
79,54,1.149416208267212
79,55,1.2691144943237305
79,56,1.1924705505371094
79,57,1.1233932971954346
79,58,1.1073814630508423
79,59,1.2828013896942139
79,60,1.1857001781463623
79,61,1.3321917057037354
79,62,1.1760061979293823
79,63,1.1111268997192383
79,64,1.1588499546051025
79,65,1.0430182218551636
79,66,1.1785798072814941
79,67,1.1509919166564941
79,68,1.1251709461212158
79,69,1.3371963500976562
79,70,1.0731298923492432
79,71,1.1142537593841553
79,72,1.172998070716858
79,73,1.0125261545181274
79,74,1.0661526918411255
79,75,1.3956098556518555
79,76,0.9908902049064636
79,77,1.3521029949188232
79,78,1.254772663116455
79,79,1.2511184215545654
79,80,1.2253713607788086
79,81,1.365689754486084
79,82,1.3738051652908325
79,83,1.1880333423614502
79,84,1.0351383686065674
79,85,1.3295279741287231
79,86,1.3168628215789795
79,87,1.001717448234558
79,88,1.139150857925415
79,89,1.1270145177841187
79,90,1.208674430847168
79,91,1.5333998203277588
79,92,1.1342730522155762
79,93,1.1022469997406006
79,94,1.1503870487213135
79,95,1.1078110933303833
79,96,1.110785722732544
79,97,1.065403699874878
79,98,1.0743745565414429
79,99,1.3707098960876465
79,100,1.099494457244873
79,101,1.352104663848877
79,102,1.3246512413024902
79,103,1.1949318647384644
79,104,1.2335104942321777
79,105,1.4068918228149414
79,106,1.198238730430603
79,107,1.1155588626861572
79,108,1.2307522296905518
79,109,1.0907108783721924
79,110,1.1963986158370972
79,111,1.247392177581787
79,112,1.088690161705017
79,113,1.0475013256072998
79,114,1.229745864868164
79,115,1.1545430421829224
79,116,1.1623615026474
79,117,1.1096603870391846
79,118,1.25611412525177
79,119,1.106036901473999
79,120,1.1035658121109009
79,121,1.2130248546600342
79,122,1.1033128499984741
79,123,1.0326513051986694
79,124,1.2797331809997559
79,125,1.1046878099441528
79,126,1.2381007671356201
79,127,1.1407479047775269
79,128,1.2238359451293945
79,129,1.1239956617355347
79,130,1.2560138702392578
79,131,1.2654774188995361
79,132,1.3920526504516602
79,133,1.2766016721725464
79,134,1.30460786819458
79,135,1.1582214832305908
79,136,1.0155918598175049
79,137,1.1286828517913818
79,138,1.4432458877563477
79,139,1.1595962047576904
79,140,1.0613009929656982
79,141,1.2768357992172241
79,142,1.2579084634780884
79,143,1.1587189435958862
79,144,1.1001322269439697
79,145,1.3831931352615356
79,146,1.269297480583191
79,147,1.216625452041626
79,148,0.97364342212677
79,149,1.1058659553527832
79,150,1.3459138870239258
79,151,1.1199439764022827
79,152,1.2913455963134766
79,153,1.1101019382476807
79,154,1.215576171875
79,155,1.1412887573242188
79,156,1.212611436843872
79,157,1.0921179056167603
79,158,1.0642917156219482
79,159,1.104193925857544
79,160,1.186727523803711
79,161,1.1195788383483887
79,162,1.0609447956085205
79,163,1.2638338804244995
79,164,1.1360399723052979
79,165,1.1240160465240479
79,166,1.2681455612182617
79,167,1.4865448474884033
79,168,1.4156246185302734
79,169,1.2308882474899292
79,170,1.1505268812179565
79,171,1.2228145599365234
79,172,1.2128162384033203
79,173,1.1007871627807617
79,174,1.2565088272094727
79,175,1.0745892524719238
79,176,1.1159629821777344
79,177,1.2060391902923584
79,178,1.266814112663269
79,179,1.1686931848526
79,180,1.2716702222824097
79,181,1.1068251132965088
79,182,0.9899139404296875
79,183,1.0906531810760498
79,184,0.9701404571533203
79,185,1.2092578411102295
79,186,1.022173285484314
79,187,1.4323198795318604
79,188,1.2537318468093872
79,189,1.2061175107955933
79,190,1.2049498558044434
79,191,1.2048606872558594
79,192,1.0307878255844116
79,193,1.1794953346252441
79,194,1.1429346799850464
79,195,1.043524980545044
79,196,1.0763667821884155
79,197,1.2192049026489258
79,198,1.2360782623291016
79,199,1.2033151388168335
79,200,1.0090174674987793
79,201,1.1458334922790527
79,202,1.0097167491912842
79,203,1.2397469282150269
79,204,1.2605385780334473
79,205,1.117828607559204
79,206,1.1663355827331543
79,207,1.3734397888183594
79,208,1.070394515991211
79,209,1.4235129356384277
79,210,1.491589903831482
79,211,1.1258426904678345
79,212,1.1222240924835205
79,213,1.1377060413360596
79,214,1.3695018291473389
79,215,1.3659557104110718
79,216,1.1984796524047852
79,217,1.129688024520874
79,218,1.2396490573883057
79,219,1.2259390354156494
79,220,1.1698076725006104
79,221,1.2923367023468018
79,222,1.233189344406128
79,223,1.1125025749206543
79,224,1.2366750240325928
79,225,1.07322096824646
79,226,1.22861647605896
79,227,1.2291386127471924
79,228,1.074140191078186
79,229,1.0180573463439941
79,230,1.0375832319259644
79,231,1.0550957918167114
79,232,1.1936333179473877
79,233,1.1503255367279053
79,234,1.2589688301086426
79,235,1.3643132448196411
79,236,1.417723536491394
79,237,1.142397165298462
79,238,1.1950863599777222
79,239,1.0114452838897705
79,240,1.089302897453308
79,241,1.2928335666656494
79,242,1.2224018573760986
79,243,0.9041200280189514
79,244,1.0729925632476807
79,245,1.2040252685546875
79,246,1.2088322639465332
79,247,1.0015068054199219
79,248,1.1283544301986694
79,249,1.1296478509902954
79,250,1.1694931983947754
79,251,1.2217274904251099
79,252,1.2699543237686157
79,253,1.1530821323394775
79,254,1.100545883178711
79,255,1.2534526586532593
79,256,1.2788835763931274
79,257,1.0005239248275757
79,258,1.0559544563293457
79,259,1.0661156177520752
79,260,1.1679174900054932
79,261,0.9903741478919983
79,262,1.2020045518875122
79,263,1.0313864946365356
79,264,1.389876365661621
79,265,1.2504090070724487
79,266,1.3189393281936646
79,267,1.2498116493225098
79,268,1.1319100856781006
79,269,1.1527767181396484
79,270,1.113696575164795
79,271,1.2284811735153198
79,272,1.398646354675293
79,273,1.0280096530914307
79,274,1.1172664165496826
79,275,1.1305023431777954
79,276,1.1810405254364014
79,277,1.1992950439453125
79,278,1.078074336051941
79,279,1.2131532430648804
79,280,1.1200218200683594
79,281,1.3623420000076294
79,282,1.1102371215820312
79,283,1.2881367206573486
79,284,1.1838456392288208
79,285,1.10141122341156
79,286,1.0805450677871704
79,287,1.1252317428588867
79,288,1.2374844551086426
79,289,1.1989614963531494
79,290,1.1339226961135864
79,291,1.366980791091919
79,292,1.334381341934204
79,293,1.1870628595352173
79,294,1.1351784467697144
79,295,1.2904627323150635
79,296,1.1736204624176025
79,297,1.0248899459838867
79,298,1.1826399564743042
79,299,1.120257019996643
79,300,1.1250134706497192
79,301,1.0832607746124268
79,302,1.264679193496704
79,303,1.1808713674545288
79,304,1.1860867738723755
79,305,1.4359304904937744
79,306,1.2023355960845947
79,307,1.1649119853973389
79,308,1.2706043720245361
79,309,1.1521332263946533
79,310,1.4261751174926758
79,311,1.0999449491500854
80,0,1.2031114101409912
80,1,1.1960033178329468
80,2,1.1538622379302979
80,3,1.172333002090454
80,4,1.0545400381088257
80,5,1.2497313022613525
80,6,1.2475214004516602
80,7,1.1484050750732422
80,8,1.0546351671218872
80,9,1.2878172397613525
80,10,1.221479058265686
80,11,1.3496620655059814
80,12,1.4603461027145386
80,13,1.0263104438781738
80,14,1.2997260093688965
80,15,1.2410476207733154
80,16,1.07391357421875
80,17,1.3478584289550781
80,18,1.209806203842163
80,19,1.085246205329895
80,20,1.2317663431167603
80,21,1.165722131729126
80,22,1.1603338718414307
80,23,1.160506248474121
80,24,1.126706600189209
80,25,1.0678600072860718
80,26,1.2034918069839478
80,27,0.9742581844329834
80,28,1.3755695819854736
80,29,1.022490382194519
80,30,1.1264301538467407
80,31,1.0529066324234009
80,32,1.2335647344589233
80,33,1.2402586936950684
80,34,1.0494463443756104
80,35,1.144069790840149
80,36,1.0929780006408691
80,37,1.2290425300598145
80,38,1.3232612609863281
80,39,1.1032204627990723
80,40,1.2065355777740479
80,41,1.1216650009155273
80,42,1.0681341886520386
80,43,1.1508879661560059
80,44,1.5418739318847656
80,45,1.0349676609039307
80,46,1.1083282232284546
80,47,1.2647435665130615
80,48,1.145736575126648
80,49,1.3752071857452393
80,50,1.218194603919983
80,51,1.086698293685913
80,52,0.9927408695220947
80,53,1.042459487915039
80,54,1.1234567165374756
80,55,1.4076366424560547
80,56,1.3242539167404175
80,57,1.3049569129943848
80,58,1.1695325374603271
80,59,1.154797077178955
80,60,1.1058077812194824
80,61,1.1297188997268677
80,62,1.0604311227798462
80,63,1.1960670948028564
80,64,1.138239860534668
80,65,1.0640201568603516
80,66,1.3955429792404175
80,67,1.474021077156067
80,68,1.3004376888275146
80,69,1.175157070159912
80,70,1.0482101440429688
80,71,1.0434648990631104
80,72,1.036932349205017
80,73,1.026752233505249
80,74,1.1398038864135742
80,75,1.1387237310409546
80,76,1.1746618747711182
80,77,1.1949596405029297
80,78,1.1063272953033447
80,79,1.203803539276123
80,80,1.4214801788330078
80,81,1.1444953680038452
80,82,1.1830053329467773
80,83,1.2539951801300049
80,84,1.4776294231414795
80,85,1.4158592224121094
80,86,1.197481393814087
80,87,1.2510210275650024
80,88,1.088111162185669
80,89,1.197913408279419
80,90,1.0891722440719604
80,91,1.0081112384796143
80,92,1.4347728490829468
80,93,1.227799415588379
80,94,1.2659677267074585
80,95,1.0221506357192993
80,96,1.2971909046173096
80,97,1.274581789970398
80,98,1.2854620218276978
80,99,1.1433545351028442
80,100,1.2622419595718384
80,101,1.0748169422149658
80,102,1.0656969547271729
80,103,1.5000022649765015
80,104,1.2043397426605225
80,105,1.0734325647354126
80,106,1.1384843587875366
80,107,1.2191004753112793
80,108,1.334251880645752
80,109,1.0533642768859863
80,110,1.2513049840927124
80,111,0.9503166675567627
80,112,1.2327297925949097
80,113,1.3007283210754395
80,114,1.1001834869384766
80,115,1.1643683910369873
80,116,1.0846171379089355
80,117,1.2570769786834717
80,118,1.2471963167190552
80,119,1.238732933998108
80,120,1.0785844326019287
80,121,1.3413975238800049
80,122,1.0403165817260742
80,123,1.0914943218231201
80,124,1.0362541675567627
80,125,1.1615678071975708
80,126,1.3370718955993652
80,127,1.2637345790863037
80,128,1.2191904783248901
80,129,1.2447082996368408
80,130,1.2377281188964844
80,131,1.1126149892807007
80,132,1.0624586343765259
80,133,1.1767008304595947
80,134,1.1205211877822876
80,135,1.6508352756500244
80,136,1.1617778539657593
80,137,1.101149559020996
80,138,1.093109369277954
80,139,1.0554717779159546
80,140,1.0598831176757812
80,141,1.170690894126892
80,142,1.2006313800811768
80,143,1.3588961362838745
80,144,1.2024328708648682
80,145,1.3777698278427124
80,146,1.1201947927474976
80,147,1.2506380081176758
80,148,1.163252830505371
80,149,1.142019271850586
80,150,1.0651134252548218
80,151,1.1200916767120361
80,152,1.189279556274414
80,153,1.0861570835113525
80,154,1.2570241689682007
80,155,0.9556007981300354
80,156,1.2540106773376465
80,157,1.359849214553833
80,158,1.0935406684875488
80,159,1.2580177783966064
80,160,1.1424129009246826
80,161,1.1989372968673706
80,162,1.1510984897613525
80,163,1.2292866706848145
80,164,1.271257996559143
80,165,1.0017591714859009
80,166,1.1113436222076416
80,167,1.1707117557525635
80,168,1.1254162788391113
80,169,1.1667250394821167
80,170,1.0961796045303345
80,171,1.2550196647644043
80,172,1.2399799823760986
80,173,1.2736806869506836
80,174,1.0870413780212402
80,175,1.066543459892273
80,176,1.2789294719696045
80,177,1.0319054126739502
80,178,1.2714191675186157
80,179,1.193971037864685
80,180,1.029401421546936
80,181,1.191940188407898
80,182,1.2049413919448853
80,183,1.1971677541732788
80,184,1.2885820865631104
80,185,1.265435814857483
80,186,1.0904604196548462
80,187,1.1952729225158691
80,188,1.211016058921814
80,189,1.3355803489685059
80,190,1.2183334827423096
80,191,1.016596794128418
80,192,1.2013496160507202
80,193,1.0548791885375977
80,194,1.0631611347198486
80,195,1.1973564624786377
80,196,1.4289463758468628
80,197,1.3161159753799438
80,198,1.1037664413452148
80,199,1.1050362586975098
80,200,1.3270914554595947
80,201,1.111048936843872
80,202,1.0482693910598755
80,203,1.3612771034240723
80,204,1.2876052856445312
80,205,1.303746223449707
80,206,1.6397335529327393
80,207,1.0290266275405884
80,208,1.1906920671463013
80,209,1.1005525588989258
80,210,1.3826462030410767
80,211,1.2426280975341797
80,212,1.1201505661010742
80,213,1.0580745935440063
80,214,1.2081286907196045
80,215,1.24192214012146
80,216,1.3013662099838257
80,217,1.1180882453918457
80,218,1.2868634462356567
80,219,1.2399342060089111
80,220,1.3246607780456543
80,221,1.274369239807129
80,222,1.1502597332000732
80,223,1.0930554866790771
80,224,1.1450135707855225
80,225,1.336143970489502
80,226,1.2633012533187866
80,227,1.2839274406433105
80,228,1.2107672691345215
80,229,1.2341381311416626
80,230,1.1567535400390625
80,231,1.127992033958435
80,232,1.2399600744247437
80,233,1.276001214981079
80,234,1.1553878784179688
80,235,1.1840145587921143
80,236,1.2070605754852295
80,237,1.2061500549316406
80,238,1.2385941743850708
80,239,1.321800708770752
80,240,1.250801920890808
80,241,1.2197000980377197
80,242,1.2656879425048828
80,243,1.0805200338363647
80,244,1.224701166152954
80,245,1.4425798654556274
80,246,1.1458189487457275
80,247,1.137736439704895
80,248,1.0771600008010864
80,249,1.2275476455688477
80,250,1.1212669610977173
80,251,0.9890177249908447
80,252,1.0403640270233154
80,253,1.0680932998657227
80,254,1.244079351425171
80,255,1.0884106159210205
80,256,1.1658506393432617
80,257,1.0408068895339966
80,258,1.0840169191360474
80,259,1.1443655490875244
80,260,1.3269639015197754
80,261,1.2103101015090942
80,262,1.480647325515747
80,263,1.376626968383789
80,264,1.147524118423462
80,265,1.2736458778381348
80,266,1.1372053623199463
80,267,1.0327203273773193
80,268,1.2610912322998047
80,269,1.1748204231262207
80,270,1.043823003768921
80,271,1.1440199613571167
80,272,1.139790415763855
80,273,1.0887044668197632
80,274,0.9838675856590271
80,275,1.1318833827972412
80,276,1.0957063436508179
80,277,1.0438090562820435
80,278,1.0688726902008057
80,279,1.3595107793807983
80,280,1.244089126586914
80,281,1.2575464248657227
80,282,1.2588597536087036
80,283,1.2341892719268799
80,284,1.450132131576538
80,285,1.0678952932357788
80,286,1.1520766019821167
80,287,1.0609049797058105
80,288,1.1645172834396362
80,289,1.3490889072418213
80,290,1.0922205448150635
80,291,1.2854801416397095
80,292,1.1114192008972168
80,293,1.0868438482284546
80,294,1.1115676164627075
80,295,1.2899938821792603
80,296,1.0515216588974
80,297,1.1131609678268433
80,298,1.2589178085327148
80,299,1.1379647254943848
80,300,1.1141088008880615
80,301,1.2357665300369263
80,302,1.1106175184249878
80,303,1.0965098142623901
80,304,1.124970555305481
80,305,1.040165662765503
80,306,1.2692954540252686
80,307,1.0782438516616821
80,308,1.0332272052764893
80,309,1.0348858833312988
80,310,1.108551263809204
80,311,1.4814155101776123
81,0,1.151983380317688
81,1,1.0206081867218018
81,2,1.212364673614502
81,3,1.0846786499023438
81,4,1.1602442264556885
81,5,1.1132268905639648
81,6,1.004916787147522
81,7,1.0200791358947754
81,8,1.1138994693756104
81,9,1.0991559028625488
81,10,1.0906368494033813
81,11,1.1122617721557617
81,12,1.1500325202941895
81,13,1.156752347946167
81,14,1.2644786834716797
81,15,1.2692559957504272
81,16,1.21900475025177
81,17,1.086545467376709
81,18,1.0674145221710205
81,19,1.028297781944275
81,20,0.9950594902038574
81,21,1.346489429473877
81,22,1.0320881605148315
81,23,1.1921889781951904
81,24,1.2233831882476807
81,25,1.1691150665283203
81,26,1.3964396715164185
81,27,1.2609779834747314
81,28,1.1380348205566406
81,29,1.0964452028274536
81,30,1.0324207544326782
81,31,1.049966812133789
81,32,1.681006669998169
81,33,1.0445234775543213
81,34,1.3420395851135254
81,35,1.0221213102340698
81,36,1.1910868883132935
81,37,1.261533498764038
81,38,1.0587660074234009
81,39,1.2276344299316406
81,40,1.2248938083648682
81,41,1.1829034090042114
81,42,1.1507387161254883
81,43,1.0985169410705566
81,44,0.9478482604026794
81,45,1.234952449798584
81,46,0.9924051761627197
81,47,1.0669187307357788
81,48,1.2521657943725586
81,49,1.143046259880066
81,50,0.9960660934448242
81,51,1.3147155046463013
81,52,1.0878477096557617
81,53,1.2995176315307617
81,54,1.0921794176101685
81,55,1.2184827327728271
81,56,1.1220712661743164
81,57,0.9834964275360107
81,58,1.1198229789733887
81,59,1.1046502590179443
81,60,1.1249819993972778
81,61,1.056114673614502
81,62,1.268172264099121
81,63,1.189953327178955
81,64,1.122682809829712
81,65,1.117241621017456
81,66,1.2803747653961182
81,67,1.2013834714889526
81,68,1.2198926210403442
81,69,1.144280195236206
81,70,1.2066240310668945
81,71,1.1800453662872314
81,72,1.0428907871246338
81,73,1.006103515625
81,74,1.2526228427886963
81,75,1.4192599058151245
81,76,1.3083285093307495
81,77,1.1663498878479004
81,78,1.1827924251556396
81,79,1.039482831954956
81,80,0.9825485944747925
81,81,1.1686993837356567
81,82,0.9817205667495728
81,83,1.243971824645996
81,84,1.0853025913238525
81,85,1.195070743560791
81,86,1.2089072465896606
81,87,1.123508095741272
81,88,1.2462964057922363
81,89,1.1342189311981201
81,90,1.3209092617034912
81,91,1.06027090549469
81,92,1.0558637380599976
81,93,1.163799524307251
81,94,1.2970914840698242
81,95,1.1712886095046997
81,96,1.269223928451538
81,97,1.1835466623306274
81,98,1.442704439163208
81,99,1.1779454946517944
81,100,1.2941144704818726
81,101,1.458128809928894
81,102,1.0551937818527222
81,103,1.3247319459915161
81,104,1.0126023292541504
81,105,1.2117646932601929
81,106,1.2621574401855469
81,107,1.241621494293213
81,108,1.0434815883636475
81,109,1.1388870477676392
81,110,1.139864444732666
81,111,1.0517686605453491
81,112,1.0772250890731812
81,113,1.1389613151550293
81,114,1.1780778169631958
81,115,1.2427523136138916
81,116,1.18272066116333
81,117,1.2674943208694458
81,118,1.0980079174041748
81,119,1.2328077554702759
81,120,1.2132880687713623
81,121,1.1984955072402954
81,122,1.3699414730072021
81,123,1.1108423471450806
81,124,1.1356254816055298
81,125,1.1527947187423706
81,126,1.0247050523757935
81,127,1.256532907485962
81,128,1.1454079151153564
81,129,1.0063813924789429
81,130,1.0867598056793213
81,131,1.177217960357666
81,132,1.04005765914917
81,133,1.1628332138061523
81,134,1.1337008476257324
81,135,1.1772282123565674
81,136,1.135504961013794
81,137,1.1055477857589722
81,138,1.3370118141174316
81,139,1.208563208580017
81,140,1.0378069877624512
81,141,0.9299264550209045
81,142,1.1275591850280762
81,143,1.0276854038238525
81,144,1.1907377243041992
81,145,1.2042391300201416
81,146,0.9998147487640381
81,147,1.2111223936080933
81,148,1.0654079914093018
81,149,1.4433894157409668
81,150,1.0435758829116821
81,151,1.1073960065841675
81,152,1.1256062984466553
81,153,1.2334779500961304
81,154,1.2272846698760986
81,155,1.1584084033966064
81,156,1.024544596672058
81,157,1.2234293222427368
81,158,1.2649593353271484
81,159,1.0724091529846191
81,160,1.3828768730163574
81,161,1.1669472455978394
81,162,1.0982956886291504
81,163,1.2449994087219238
81,164,1.1993663311004639
81,165,1.1438157558441162
81,166,1.0985114574432373
81,167,1.2420885562896729
81,168,1.1422655582427979
81,169,1.0635615587234497
81,170,1.15255606174469
81,171,0.9989029169082642
81,172,0.9647216200828552
81,173,1.1150009632110596
81,174,1.2807477712631226
81,175,1.301344633102417
81,176,1.2342934608459473
81,177,1.1807796955108643
81,178,1.0897146463394165
81,179,1.3139525651931763
81,180,1.3862215280532837
81,181,1.032218098640442
81,182,1.120464563369751
81,183,1.0172803401947021
81,184,1.0532071590423584
81,185,1.0621907711029053
81,186,1.3189916610717773
81,187,1.1287099123001099
81,188,1.0856108665466309
81,189,1.2617579698562622
81,190,1.0858197212219238
81,191,1.199913740158081
81,192,1.1877832412719727
81,193,1.201676845550537
81,194,1.2620102167129517
81,195,1.2203426361083984
81,196,1.089670181274414
81,197,1.3126466274261475
81,198,1.122012734413147
81,199,1.0400092601776123
81,200,1.1635648012161255
81,201,1.257568120956421
81,202,1.0430572032928467
81,203,1.0935910940170288
81,204,1.257091760635376
81,205,1.1443204879760742
81,206,1.344679594039917
81,207,1.455392599105835
81,208,1.3379924297332764
81,209,1.1257376670837402
81,210,1.1647589206695557
81,211,1.2250971794128418
81,212,1.19685697555542
81,213,1.1566760540008545
81,214,0.9954686760902405
81,215,1.190136432647705
81,216,1.0249707698822021
81,217,1.3011152744293213
81,218,1.181795358657837
81,219,1.1146883964538574
81,220,1.027543306350708
81,221,1.1047769784927368
81,222,1.2898139953613281
81,223,1.1574673652648926
81,224,1.0227903127670288
81,225,1.3987689018249512
81,226,1.0178747177124023
81,227,1.0787441730499268
81,228,1.0502184629440308
81,229,1.1497529745101929
81,230,1.3038352727890015
81,231,1.0286471843719482
81,232,1.1231199502944946
81,233,1.1580199003219604
81,234,1.094135046005249
81,235,1.2282631397247314
81,236,1.1029338836669922
81,237,1.0941883325576782
81,238,1.1013591289520264
81,239,1.0992717742919922
81,240,0.9840357303619385
81,241,1.2413901090621948
81,242,1.2026677131652832
81,243,1.2436084747314453
81,244,1.185978651046753
81,245,1.4708075523376465
81,246,1.1537911891937256
81,247,1.1955214738845825
81,248,1.222916841506958
81,249,1.2469332218170166
81,250,1.117111086845398
81,251,1.0772111415863037
81,252,1.1639050245285034
81,253,1.2125391960144043
81,254,1.0353634357452393
81,255,1.262819528579712
81,256,1.1569924354553223
81,257,1.2382376194000244
81,258,1.1332401037216187
81,259,1.3399076461791992
81,260,1.1217095851898193
81,261,1.1030316352844238
81,262,1.1004351377487183
81,263,1.1622493267059326
81,264,1.3925584554672241
81,265,1.0094798803329468
81,266,1.1463061571121216
81,267,1.3563416004180908
81,268,1.1199605464935303
81,269,1.0994316339492798
81,270,1.3028316497802734
81,271,1.0087590217590332
81,272,1.1206161975860596
81,273,1.1922246217727661
81,274,1.0771377086639404
81,275,1.1477652788162231
81,276,1.2605284452438354
81,277,1.1172386407852173
81,278,1.2156437635421753
81,279,1.2176886796951294
81,280,1.066733717918396
81,281,1.4412918090820312
81,282,1.0288350582122803
81,283,1.1778807640075684
81,284,1.4073119163513184
81,285,1.645158052444458
81,286,1.3244268894195557
81,287,1.0262506008148193
81,288,1.4167909622192383
81,289,1.543135643005371
81,290,1.1377328634262085
81,291,1.446012020111084
81,292,1.056699514389038
81,293,1.2356599569320679
81,294,1.1210569143295288
81,295,1.0413795709609985
81,296,1.059621810913086
81,297,1.1375305652618408
81,298,1.057244062423706
81,299,1.1690183877944946
81,300,1.2428338527679443
81,301,1.1599798202514648
81,302,0.9915134906768799
81,303,1.1815179586410522
81,304,1.106752872467041
81,305,1.0817338228225708
81,306,1.3525121212005615
81,307,1.2931770086288452
81,308,1.1278254985809326
81,309,1.2497036457061768
81,310,1.1764211654663086
81,311,1.562449336051941
82,0,1.1920572519302368
82,1,0.9862055778503418
82,2,1.1085963249206543
82,3,1.2368800640106201
82,4,1.326211929321289
82,5,1.142959475517273
82,6,1.2639546394348145
82,7,1.1491055488586426
82,8,1.2674559354782104
82,9,1.2954047918319702
82,10,1.0549817085266113
82,11,1.1982295513153076
82,12,1.1288740634918213
82,13,1.128240942955017
82,14,1.1022365093231201
82,15,1.1858384609222412
82,16,1.160724401473999
82,17,1.0961790084838867
82,18,1.2461012601852417
82,19,1.0463839769363403
82,20,1.0301107168197632
82,21,1.3223488330841064
82,22,1.0819528102874756
82,23,1.3364852666854858
82,24,1.1372950077056885
82,25,1.1357123851776123
82,26,1.1152231693267822
82,27,1.055554747581482
82,28,1.8174700736999512
82,29,1.074752688407898
82,30,1.3029704093933105
82,31,1.3368797302246094
82,32,1.0780563354492188
82,33,1.0431396961212158
82,34,1.032605528831482
82,35,1.3600709438323975
82,36,1.468733787536621
82,37,1.2423667907714844
82,38,1.0586514472961426
82,39,1.1400166749954224
82,40,1.1660778522491455
82,41,1.3700004816055298
82,42,1.2359428405761719
82,43,1.0825140476226807
82,44,1.019731044769287
82,45,1.2066428661346436
82,46,1.3251962661743164
82,47,1.1355630159378052
82,48,1.1140656471252441
82,49,1.2796211242675781
82,50,1.2216103076934814
82,51,1.0886001586914062
82,52,1.1709918975830078
82,53,1.0134888887405396
82,54,1.1187067031860352
82,55,1.4229280948638916
82,56,1.1438336372375488
82,57,1.3175277709960938
82,58,1.0278680324554443
82,59,1.1648093461990356
82,60,1.216405987739563
82,61,1.101736307144165
82,62,1.4196585416793823
82,63,1.2192546129226685
82,64,1.1323704719543457
82,65,1.3594651222229004
82,66,1.160944938659668
82,67,1.0996202230453491
82,68,1.4116487503051758
82,69,1.075051188468933
82,70,1.0737475156784058
82,71,1.0566399097442627
82,72,1.170074701309204
82,73,1.169792652130127
82,74,1.0473973751068115
82,75,1.1838525533676147
82,76,1.24847412109375
82,77,1.099988341331482
82,78,1.3091524839401245
82,79,1.1659204959869385
82,80,1.0649995803833008
82,81,1.0919859409332275
82,82,1.104093074798584
82,83,1.278023600578308
82,84,1.129638910293579
82,85,1.002652645111084
82,86,1.2783417701721191
82,87,1.4376418590545654
82,88,1.0708811283111572
82,89,1.2142502069473267
82,90,1.1599206924438477
82,91,1.108186960220337
82,92,1.132965326309204
82,93,1.1418870687484741
82,94,1.0543594360351562
82,95,1.0847394466400146
82,96,1.1617274284362793
82,97,1.065481185913086
82,98,1.2561826705932617
82,99,1.2360577583312988
82,100,1.1853340864181519
82,101,1.2373383045196533
82,102,1.0804240703582764
82,103,0.9987081289291382
82,104,1.2219945192337036
82,105,1.098541498184204
82,106,1.058423399925232
82,107,1.1112611293792725
82,108,1.182108998298645
82,109,1.2406845092773438
82,110,1.238614797592163
82,111,1.103133201599121
82,112,1.0727299451828003
82,113,1.1471494436264038
82,114,1.1651334762573242
82,115,1.0806279182434082
82,116,1.1516865491867065
82,117,0.9758308529853821
82,118,1.1496691703796387
82,119,1.2626596689224243
82,120,1.2496540546417236
82,121,1.3136268854141235
82,122,1.1951401233673096
82,123,1.0818889141082764
82,124,1.1809194087982178
82,125,1.1619404554367065
82,126,1.2736167907714844
82,127,1.038409948348999
82,128,1.1477875709533691
82,129,1.156994342803955
82,130,1.0818603038787842
82,131,1.1063777208328247
82,132,1.1496902704238892
82,133,1.0467537641525269
82,134,1.0602600574493408
82,135,1.1185383796691895
82,136,1.1397192478179932
82,137,1.0684083700180054
82,138,1.196223258972168
82,139,1.1309528350830078
82,140,1.1738017797470093
82,141,1.1418410539627075
82,142,1.3855202198028564
82,143,1.074714183807373
82,144,1.1369774341583252
82,145,1.2229114770889282
82,146,1.055045485496521
82,147,1.0874969959259033
82,148,0.9725081920623779
82,149,1.2905181646347046
82,150,1.0012900829315186
82,151,1.1421757936477661
82,152,1.2215993404388428
82,153,1.1702420711517334
82,154,1.1478335857391357
82,155,1.1036893129348755
82,156,1.359473466873169
82,157,1.0675524473190308
82,158,1.238092064857483
82,159,1.1994225978851318
82,160,1.395317554473877
82,161,1.1080658435821533
82,162,1.1311545372009277
82,163,1.3830410242080688
82,164,1.0616350173950195
82,165,1.3524565696716309
82,166,1.3242969512939453
82,167,1.143275499343872
82,168,1.4708409309387207
82,169,1.2749814987182617
82,170,1.129067063331604
82,171,1.321565866470337
82,172,1.3545140027999878
82,173,1.1170133352279663
82,174,1.3392651081085205
82,175,1.340691328048706
82,176,1.0405373573303223
82,177,1.091917872428894
82,178,1.513453722000122
82,179,1.1651595830917358
82,180,1.1301798820495605
82,181,1.1252182722091675
82,182,1.2394096851348877
82,183,1.084226131439209
82,184,1.167845606803894
82,185,1.0809298753738403
82,186,0.9707673788070679
82,187,1.1635832786560059
82,188,1.2022873163223267
82,189,1.0548278093338013
82,190,1.0769168138504028
82,191,1.2630060911178589
82,192,1.170760154724121
82,193,1.2615307569503784
82,194,1.182053804397583
82,195,1.0152889490127563
82,196,1.2415127754211426
82,197,1.385786771774292
82,198,1.2148377895355225
82,199,1.2471847534179688
82,200,1.3364272117614746
82,201,1.00841224193573
82,202,1.2946921586990356
82,203,1.204252004623413
82,204,1.1257274150848389
82,205,1.0573052167892456
82,206,1.126145601272583
82,207,1.1518166065216064
82,208,1.107496738433838
82,209,0.9932942390441895
82,210,1.1848195791244507
82,211,1.0321846008300781
82,212,1.2221324443817139
82,213,1.1868816614151
82,214,1.1414902210235596
82,215,1.0686686038970947
82,216,1.0969104766845703
82,217,1.1292636394500732
82,218,1.1659624576568604
82,219,1.2704918384552002
82,220,1.0906281471252441
82,221,1.1286449432373047
82,222,1.1301318407058716
82,223,1.130216121673584
82,224,1.202855110168457
82,225,1.0265506505966187
82,226,1.2142810821533203
82,227,1.0941780805587769
82,228,1.4245376586914062
82,229,1.0603150129318237
82,230,1.1934541463851929
82,231,1.3273098468780518
82,232,1.115269660949707
82,233,1.0645147562026978
82,234,1.1577223539352417
82,235,1.0621225833892822
82,236,1.1533558368682861
82,237,1.1554268598556519
82,238,1.093677282333374
82,239,1.1772358417510986
82,240,1.237125277519226
82,241,1.4493050575256348
82,242,1.17289137840271
82,243,0.9830944538116455
82,244,1.1450927257537842
82,245,1.329643726348877
82,246,1.3033860921859741
82,247,1.4793384075164795
82,248,1.3076157569885254
82,249,1.3383493423461914
82,250,1.1224970817565918
82,251,1.043290138244629
82,252,1.3597040176391602
82,253,1.2283738851547241
82,254,0.9960495829582214
82,255,1.1653096675872803
82,256,1.2793161869049072
82,257,1.0846166610717773
82,258,1.1220672130584717
82,259,1.1315155029296875
82,260,1.2418293952941895
82,261,1.4537744522094727
82,262,1.1540426015853882
82,263,1.143180012702942
82,264,1.3984774351119995
82,265,1.1406505107879639
82,266,1.239631175994873
82,267,1.1490974426269531
82,268,1.3157681226730347
82,269,1.0419418811798096
82,270,1.315246343612671
82,271,1.30857515335083
82,272,1.0177175998687744
82,273,1.3673927783966064
82,274,1.02858567237854
82,275,1.2193201780319214
82,276,1.1503016948699951
82,277,1.370112657546997
82,278,1.2813422679901123
82,279,1.162616491317749
82,280,1.09259831905365
82,281,1.256527304649353
82,282,1.0840518474578857
82,283,1.2266271114349365
82,284,1.0794674158096313
82,285,1.1424776315689087
82,286,1.1577739715576172
82,287,1.0279408693313599
82,288,1.038813591003418
82,289,1.1921629905700684
82,290,1.0895148515701294
82,291,1.295699119567871
82,292,1.082838773727417
82,293,1.054023265838623
82,294,1.1951026916503906
82,295,1.3436510562896729
82,296,1.038739562034607
82,297,1.1847021579742432
82,298,1.177551031112671
82,299,1.3018629550933838
82,300,1.0925848484039307
82,301,1.0284438133239746
82,302,1.4839140176773071
82,303,1.1479072570800781
82,304,1.1892372369766235
82,305,1.0909854173660278
82,306,1.0969542264938354
82,307,1.2573485374450684
82,308,1.0058579444885254
82,309,1.1722341775894165
82,310,1.0765104293823242
82,311,1.0634057521820068
83,0,1.1661934852600098
83,1,1.1303722858428955
83,2,1.1175317764282227
83,3,1.0385030508041382
83,4,1.1994491815567017
83,5,1.2212339639663696
83,6,1.151667594909668
83,7,1.139160394668579
83,8,1.023028016090393
83,9,1.2272485494613647
83,10,1.1378291845321655
83,11,1.0747857093811035
83,12,1.3282489776611328
83,13,1.2086408138275146
83,14,1.0923643112182617
83,15,1.2620995044708252
83,16,1.1074059009552002
83,17,1.2153788805007935
83,18,1.0655664205551147
83,19,1.3291127681732178
83,20,1.1521010398864746
83,21,1.3406848907470703
83,22,1.0155718326568604
83,23,1.2660481929779053
83,24,1.3333618640899658
83,25,1.2312613725662231
83,26,1.187483310699463
83,27,1.3780529499053955
83,28,1.2677302360534668
83,29,1.1594219207763672
83,30,1.3158936500549316
83,31,1.0665444135665894
83,32,1.1623003482818604
83,33,1.2326552867889404
83,34,1.0571281909942627
83,35,1.1549570560455322
83,36,1.1082639694213867
83,37,1.2254664897918701
83,38,1.0918245315551758
83,39,1.1037622690200806
83,40,1.162034511566162
83,41,1.192847728729248
83,42,1.246034860610962
83,43,1.1483838558197021
83,44,1.3351207971572876
83,45,1.1290497779846191
83,46,1.2638218402862549
83,47,1.3979220390319824
83,48,1.2994117736816406
83,49,1.1161327362060547
83,50,1.0269967317581177
83,51,1.0958011150360107
83,52,1.1734440326690674
83,53,1.1745996475219727
83,54,1.27609121799469
83,55,0.9745620489120483
83,56,1.1806128025054932
83,57,1.1756200790405273
83,58,1.1973963975906372
83,59,1.11309814453125
83,60,1.2791345119476318
83,61,0.9534797668457031
83,62,1.2165497541427612
83,63,1.1763029098510742
83,64,1.1361801624298096
83,65,0.93397057056427
83,66,1.0803403854370117
83,67,1.2222020626068115
83,68,1.1440340280532837
83,69,1.0502135753631592
83,70,1.0107412338256836
83,71,0.9963105916976929
83,72,1.1752779483795166
83,73,1.246675968170166
83,74,1.0424509048461914
83,75,1.1015386581420898
83,76,1.775382161140442
83,77,1.1496058702468872
83,78,1.2533543109893799
83,79,1.1734633445739746
83,80,1.4095536470413208
83,81,1.2322490215301514
83,82,1.0148570537567139
83,83,1.0893487930297852
83,84,1.069043517112732
83,85,1.0609660148620605
83,86,1.2889095544815063
83,87,1.195452332496643
83,88,1.1108524799346924
83,89,1.0616438388824463
83,90,1.3742446899414062
83,91,1.1391067504882812
83,92,1.053832769393921
83,93,1.1240167617797852
83,94,0.9906615018844604
83,95,1.4763760566711426
83,96,1.1209664344787598
83,97,1.2067146301269531
83,98,1.1566425561904907
83,99,1.4019508361816406
83,100,1.0399389266967773
83,101,1.021249771118164
83,102,1.0046871900558472
83,103,0.9885928630828857
83,104,1.0592601299285889
83,105,1.097984790802002
83,106,1.0032374858856201
83,107,1.1603808403015137
83,108,1.0807503461837769
83,109,1.197558045387268
83,110,0.9779826402664185
83,111,1.226271152496338
83,112,1.0323965549468994
83,113,1.1758249998092651
83,114,1.207356333732605
83,115,1.1191978454589844
83,116,1.2123255729675293
83,117,1.1173350811004639
83,118,1.0233423709869385
83,119,1.1566197872161865
83,120,1.369861125946045
83,121,1.1023180484771729
83,122,1.482801079750061
83,123,1.134643316268921
83,124,1.2194106578826904
83,125,1.2449665069580078
83,126,1.2018628120422363
83,127,1.0864437818527222
83,128,1.02486252784729
83,129,1.1071467399597168
83,130,1.2336797714233398
83,131,1.2263915538787842
83,132,1.193541169166565
83,133,1.113531231880188
83,134,1.2793138027191162
83,135,1.184478521347046
83,136,1.2220271825790405
83,137,1.2323343753814697
83,138,1.211347222328186
83,139,1.0564086437225342
83,140,1.2021205425262451
83,141,1.1236448287963867
83,142,1.1666641235351562
83,143,1.1184687614440918
83,144,1.1395113468170166
83,145,1.200888991355896
83,146,1.214564323425293
83,147,1.2366070747375488
83,148,1.2035789489746094
83,149,1.3018643856048584
83,150,1.2592229843139648
83,151,1.1311312913894653
83,152,1.3542088270187378
83,153,1.155311942100525
83,154,0.9775108695030212
83,155,1.4121276140213013
83,156,1.1179654598236084
83,157,1.0564059019088745
83,158,1.1715879440307617
83,159,1.26844322681427
83,160,1.2922855615615845
83,161,1.2640637159347534
83,162,1.15411376953125
83,163,1.1967207193374634
83,164,1.2348347902297974
83,165,1.1628483533859253
83,166,1.1255016326904297
83,167,1.0835716724395752
83,168,1.0386507511138916
83,169,1.1607049703598022
83,170,1.2679498195648193
83,171,1.1278530359268188
83,172,1.1901600360870361
83,173,1.1576836109161377
83,174,1.1887203454971313
83,175,1.181154489517212
83,176,1.142104148864746
83,177,1.1071699857711792
83,178,1.29030442237854
83,179,1.1767244338989258
83,180,0.9891255497932434
83,181,1.0883228778839111
83,182,1.1168010234832764
83,183,1.471728801727295
83,184,1.1344703435897827
83,185,1.3424413204193115
83,186,1.4210097789764404
83,187,1.6613256931304932
83,188,1.1603121757507324
83,189,1.2087883949279785
83,190,0.9674504995346069
83,191,1.2448464632034302
83,192,1.1082284450531006
83,193,1.2549370527267456
83,194,1.05081045627594
83,195,1.2525187730789185
83,196,1.2834830284118652
83,197,1.0575891733169556
83,198,1.2581206560134888
83,199,1.2313413619995117
83,200,1.0546640157699585
83,201,1.1154439449310303
83,202,1.182428240776062
83,203,1.0955584049224854
83,204,1.1529359817504883
83,205,1.008663296699524
83,206,1.3325915336608887
83,207,1.139317512512207
83,208,1.166734218597412
83,209,1.3006446361541748
83,210,1.0404454469680786
83,211,1.0892889499664307
83,212,1.2039659023284912
83,213,1.1051210165023804
83,214,1.1659233570098877
83,215,1.0625278949737549
83,216,1.1903918981552124
83,217,1.505061388015747
83,218,1.0927629470825195
83,219,1.3531343936920166
83,220,1.066308856010437
83,221,1.1771118640899658
83,222,1.199523687362671
83,223,1.3123259544372559
83,224,1.3753244876861572
83,225,1.145479679107666
83,226,1.1710960865020752
83,227,1.0916070938110352
83,228,1.057938575744629
83,229,1.282214641571045
83,230,1.3436381816864014
83,231,1.0700792074203491
83,232,1.1273298263549805
83,233,1.191086769104004
83,234,1.1209877729415894
83,235,1.0197474956512451
83,236,1.1029376983642578
83,237,1.1683933734893799
83,238,1.386981725692749
83,239,1.1656709909439087
83,240,1.2605361938476562
83,241,1.1513025760650635
83,242,1.4240787029266357
83,243,1.32246994972229
83,244,1.1568852663040161
83,245,1.1900157928466797
83,246,1.1182668209075928
83,247,0.9738005995750427
83,248,1.4942326545715332
83,249,1.138649344444275
83,250,1.1487112045288086
83,251,1.0982367992401123
83,252,1.3233795166015625
83,253,1.1924550533294678
83,254,0.9576561450958252
83,255,1.2212603092193604
83,256,1.3259950876235962
83,257,1.1339201927185059
83,258,1.38942289352417
83,259,1.3471157550811768
83,260,1.0988690853118896
83,261,1.1650452613830566
83,262,1.4118009805679321
83,263,1.315791368484497
83,264,1.0730819702148438
83,265,1.127416729927063
83,266,1.3714089393615723
83,267,1.041548490524292
83,268,1.215835690498352
83,269,1.06024169921875
83,270,0.9786748886108398
83,271,1.0931768417358398
83,272,1.1097042560577393
83,273,1.09491765499115
83,274,1.0633296966552734
83,275,1.0387344360351562
83,276,1.1516964435577393
83,277,1.2964305877685547
83,278,1.138391137123108
83,279,1.1973097324371338
83,280,1.1990766525268555
83,281,1.1423085927963257
83,282,1.1719847917556763
83,283,1.4298551082611084
83,284,1.098321557044983
83,285,1.2870421409606934
83,286,1.0891838073730469
83,287,1.1045451164245605
83,288,1.2908830642700195
83,289,1.002402424812317
83,290,1.0865719318389893
83,291,1.2769255638122559
83,292,1.1276140213012695
83,293,1.0521235466003418
83,294,1.1584004163742065
83,295,1.2751661539077759
83,296,1.0884963274002075
83,297,0.9958633184432983
83,298,1.1505367755889893
83,299,1.1170248985290527
83,300,1.3777096271514893
83,301,1.1863701343536377
83,302,1.0266718864440918
83,303,1.2800276279449463
83,304,1.153498649597168
83,305,1.1905015707015991
83,306,0.977146565914154
83,307,1.0662730932235718
83,308,1.3771615028381348
83,309,0.9762865900993347
83,310,1.0774500370025635
83,311,1.1616334915161133
84,0,1.184025764465332
84,1,1.2580535411834717
84,2,1.116348147392273
84,3,1.0685904026031494
84,4,1.0915842056274414
84,5,1.2733979225158691
84,6,1.103278398513794
84,7,1.4852334260940552
84,8,1.2714929580688477
84,9,1.1435048580169678
84,10,1.2424685955047607
84,11,1.16466224193573
84,12,1.0578166246414185
84,13,1.1931324005126953
84,14,1.2094722986221313
84,15,1.3030129671096802
84,16,1.1236777305603027
84,17,1.2138525247573853
84,18,1.3743233680725098
84,19,1.1227418184280396
84,20,1.1041812896728516
84,21,1.0148271322250366
84,22,1.1217141151428223
84,23,1.12775456905365
84,24,1.087076187133789
84,25,1.123244047164917
84,26,1.0876215696334839
84,27,1.0729265213012695
84,28,1.1053833961486816
84,29,1.3634172677993774
84,30,1.3621100187301636
84,31,1.411163091659546
84,32,1.2555100917816162
84,33,1.0778313875198364
84,34,0.9368923306465149
84,35,1.347649097442627
84,36,1.233643889427185
84,37,1.1207444667816162
84,38,1.1158884763717651
84,39,1.0435346364974976
84,40,1.309643268585205
84,41,1.1330292224884033
84,42,1.024597406387329
84,43,1.1506015062332153
84,44,1.009049415588379
84,45,1.0122877359390259
84,46,1.1513948440551758
84,47,1.029325246810913
84,48,1.1661443710327148
84,49,1.1050472259521484
84,50,1.0882587432861328
84,51,1.1264874935150146
84,52,1.003860354423523
84,53,1.3354476690292358
84,54,1.0933167934417725
84,55,1.0927870273590088
84,56,1.0564616918563843
84,57,1.1763540506362915
84,58,1.1308870315551758
84,59,1.0736212730407715
84,60,1.185434103012085
84,61,1.1981078386306763
84,62,1.034888744354248
84,63,1.092362403869629
84,64,1.0662875175476074
84,65,1.0434802770614624
84,66,1.1823933124542236
84,67,1.1532796621322632
84,68,1.0769572257995605
84,69,1.13273286819458
84,70,0.923132598400116
84,71,1.1007163524627686
84,72,1.3835151195526123
84,73,1.14322030544281
84,74,0.9916268587112427
84,75,1.0712366104125977
84,76,1.30000901222229
84,77,1.1906906366348267
84,78,1.160064935684204
84,79,0.9846289157867432
84,80,1.073665738105774
84,81,1.0808360576629639
84,82,1.1885066032409668
84,83,1.2335926294326782
84,84,1.2381269931793213
84,85,1.093732237815857
84,86,1.0972611904144287
84,87,1.1188286542892456
84,88,1.193421721458435
84,89,1.1838691234588623
84,90,1.1694598197937012
84,91,1.1617101430892944
84,92,1.0138012170791626
84,93,1.2180798053741455
84,94,1.0508733987808228
84,95,1.0733213424682617
84,96,1.2030264139175415
84,97,1.3855626583099365
84,98,1.3219494819641113
84,99,1.230749249458313
84,100,1.0279223918914795
84,101,1.0518708229064941
84,102,1.092747688293457
84,103,1.133752703666687
84,104,1.266100287437439
84,105,1.2659070491790771
84,106,1.067601203918457
84,107,1.0714728832244873
84,108,1.0336482524871826
84,109,1.0125932693481445
84,110,1.170350193977356
84,111,1.1433885097503662
84,112,1.1449134349822998
84,113,1.3046796321868896
84,114,1.180069923400879
84,115,1.1970576047897339
84,116,1.182414174079895
84,117,1.3845524787902832
84,118,1.154794692993164
84,119,1.2778319120407104
84,120,1.124016523361206
84,121,1.0777287483215332
84,122,1.1454732418060303
84,123,1.1056034564971924
84,124,1.260553240776062
84,125,1.185964584350586
84,126,1.2001991271972656
84,127,0.9841762185096741
84,128,1.0132713317871094
84,129,1.169179916381836
84,130,1.0389106273651123
84,131,1.3928475379943848
84,132,1.2367923259735107
84,133,1.1537575721740723
84,134,1.2590429782867432
84,135,1.1057994365692139
84,136,1.220708966255188
84,137,1.1576220989227295
84,138,0.9998627305030823
84,139,1.4212210178375244
84,140,1.1076197624206543
84,141,1.2209231853485107
84,142,1.238574743270874
84,143,1.1859824657440186
84,144,1.2811810970306396
84,145,1.0977725982666016
84,146,1.2614251375198364
84,147,1.234383463859558
84,148,1.057842493057251
84,149,1.0894041061401367
84,150,1.045777678489685
84,151,1.0859593152999878
84,152,1.1764994859695435
84,153,1.1462986469268799
84,154,1.1999205350875854
84,155,1.044498324394226
84,156,1.2239086627960205
84,157,1.0805612802505493
84,158,1.394797921180725
84,159,1.1263132095336914
84,160,1.1756136417388916
84,161,1.176311731338501
84,162,1.5189471244812012
84,163,1.1139402389526367
84,164,1.1156601905822754
84,165,1.302727460861206
84,166,1.2093650102615356
84,167,1.2935560941696167
84,168,1.1710641384124756
84,169,1.2970471382141113
84,170,1.0414481163024902
84,171,1.2273967266082764
84,172,1.1394041776657104
84,173,1.0321505069732666
84,174,1.128501534461975
84,175,1.2413861751556396
84,176,1.113303780555725
84,177,1.0681788921356201
84,178,1.1251182556152344
84,179,1.1865956783294678
84,180,1.0605841875076294
84,181,1.1205335855484009
84,182,1.337606430053711
84,183,1.070488691329956
84,184,1.1717169284820557
84,185,1.090786337852478
84,186,1.0873639583587646
84,187,1.1390467882156372
84,188,1.1907570362091064
84,189,1.2637228965759277
84,190,1.099840521812439
84,191,1.052822232246399
84,192,1.2963941097259521
84,193,1.079056739807129
84,194,1.2970445156097412
84,195,1.236456036567688
84,196,1.3035147190093994
84,197,1.1684508323669434
84,198,1.579275369644165
84,199,1.215633511543274
84,200,1.169326663017273
84,201,1.1173043251037598
84,202,1.1429400444030762
84,203,1.0321812629699707
84,204,0.9813178777694702
84,205,1.0887237787246704
84,206,1.059808611869812
84,207,1.0996161699295044
84,208,1.0910004377365112
84,209,1.3958678245544434
84,210,1.157594919204712
84,211,1.187688946723938
84,212,1.1890408992767334
84,213,1.2008825540542603
84,214,1.1902408599853516
84,215,1.2550288438796997
84,216,1.0945552587509155
84,217,1.1535422801971436
84,218,1.0753015279769897
84,219,1.0607646703720093
84,220,1.1089671850204468
84,221,1.1572275161743164
84,222,1.1189645528793335
84,223,1.5069046020507812
84,224,1.3130767345428467
84,225,1.0904005765914917
84,226,1.12994384765625
84,227,1.1864776611328125
84,228,1.288261890411377
84,229,1.113376259803772
84,230,1.2475312948226929
84,231,1.133768081665039
84,232,1.0400822162628174
84,233,1.4336098432540894
84,234,1.186907172203064
84,235,1.0722205638885498
84,236,1.1887234449386597
84,237,1.0334563255310059
84,238,1.2025835514068604
84,239,1.4568274021148682
84,240,1.061765193939209
84,241,1.0817984342575073
84,242,1.1632869243621826
84,243,1.2706085443496704
84,244,1.1839189529418945
84,245,1.1622252464294434
84,246,1.0884634256362915
84,247,1.2505056858062744
84,248,1.096283197402954
84,249,1.1547762155532837
84,250,1.080690860748291
84,251,1.0920133590698242
84,252,1.1685984134674072
84,253,1.3712483644485474
84,254,1.1439789533615112
84,255,1.045451283454895
84,256,1.3802050352096558
84,257,1.3643656969070435
84,258,1.106529712677002
84,259,1.0570964813232422
84,260,1.2357734441757202
84,261,1.0746304988861084
84,262,1.034045696258545
84,263,1.2801319360733032
84,264,1.037818431854248
84,265,1.177281379699707
84,266,1.05352783203125
84,267,1.202237844467163
84,268,1.1735365390777588
84,269,1.3350098133087158
84,270,1.1470224857330322
84,271,1.0000667572021484
84,272,1.220383644104004
84,273,1.1002463102340698
84,274,1.0717631578445435
84,275,1.1294567584991455
84,276,1.2204440832138062
84,277,1.0446735620498657
84,278,1.1425195932388306
84,279,1.0844670534133911
84,280,1.2779313325881958
84,281,1.0812609195709229
84,282,1.0850460529327393
84,283,1.079653024673462
84,284,1.0343594551086426
84,285,1.1086413860321045
84,286,1.078827142715454
84,287,1.1950172185897827
84,288,1.139510989189148
84,289,1.148005723953247
84,290,1.0492137670516968
84,291,1.0682668685913086
84,292,1.0792672634124756
84,293,1.2328870296478271
84,294,0.9864886999130249
84,295,1.1929668188095093
84,296,1.1397247314453125
84,297,1.2685078382492065
84,298,1.2507351636886597
84,299,1.1889641284942627
84,300,1.2081869840621948
84,301,1.1244523525238037
84,302,1.0022506713867188
84,303,1.1522507667541504
84,304,1.2356419563293457
84,305,1.110718011856079
84,306,1.0588891506195068
84,307,1.0560274124145508
84,308,1.0943886041641235
84,309,1.3348424434661865
84,310,1.2531383037567139
84,311,1.1442043781280518
85,0,1.0837199687957764
85,1,1.1995298862457275
85,2,1.078131914138794
85,3,1.0986559391021729
85,4,1.0987052917480469
85,5,1.061599612236023
85,6,1.0010137557983398
85,7,1.2317028045654297
85,8,1.1208221912384033
85,9,1.061275601387024
85,10,1.174095630645752
85,11,1.0955724716186523
85,12,1.0770258903503418
85,13,0.9233230948448181
85,14,1.2143166065216064
85,15,1.2431715726852417
85,16,0.9722023010253906
85,17,1.0893956422805786
85,18,1.2820518016815186
85,19,1.1236552000045776
85,20,1.1290034055709839
85,21,1.1423823833465576
85,22,1.1397416591644287
85,23,1.112028956413269
85,24,1.176736831665039
85,25,1.2479979991912842
85,26,1.0895692110061646
85,27,1.1166685819625854
85,28,1.1466301679611206
85,29,1.2980053424835205
85,30,1.4170997142791748
85,31,0.9547591805458069
85,32,1.0749484300613403
85,33,1.0566051006317139
85,34,1.2059767246246338
85,35,1.1029441356658936
85,36,1.1874845027923584
85,37,1.0691481828689575
85,38,1.3887097835540771
85,39,1.0846621990203857
85,40,1.155453085899353
85,41,1.012441635131836
85,42,1.0790550708770752
85,43,1.2055785655975342
85,44,1.0832836627960205
85,45,1.2436513900756836
85,46,1.030421495437622
85,47,1.0413830280303955
85,48,1.1815598011016846
85,49,1.1483484506607056
85,50,1.127950668334961
85,51,1.0963099002838135
85,52,1.0205683708190918
85,53,1.19325852394104
85,54,1.1825453042984009
85,55,1.115350365638733
85,56,1.0513602495193481
85,57,1.0829426050186157
85,58,1.2356640100479126
85,59,0.9935791492462158
85,60,1.1792809963226318
85,61,1.1230968236923218
85,62,1.013768196105957
85,63,1.1449618339538574
85,64,0.9852104783058167
85,65,0.9603209495544434
85,66,1.3357499837875366
85,67,1.2661452293395996
85,68,1.0037078857421875
85,69,1.0978775024414062
85,70,1.7265251874923706
85,71,1.4111138582229614
85,72,1.1534883975982666
85,73,1.0978288650512695
85,74,0.9826186895370483
85,75,1.0071009397506714
85,76,1.0294971466064453
85,77,1.0920214653015137
85,78,1.1493492126464844
85,79,1.1593724489212036
85,80,1.2833741903305054
85,81,1.036072015762329
85,82,1.340369462966919
85,83,1.040302038192749
85,84,1.036763072013855
85,85,1.032880187034607
85,86,1.1859606504440308
85,87,1.337282419204712
85,88,1.1610448360443115
85,89,1.056628704071045
85,90,1.0582059621810913
85,91,1.467421293258667
85,92,1.0904064178466797
85,93,1.0110483169555664
85,94,1.111923336982727
85,95,1.176812767982483
85,96,1.0446480512619019
85,97,1.3852558135986328
85,98,1.189483642578125
85,99,1.1239724159240723
85,100,1.0223495960235596
85,101,1.4777247905731201
85,102,1.0588889122009277
85,103,1.2700963020324707
85,104,1.3713691234588623
85,105,1.030476450920105
85,106,1.1265333890914917
85,107,1.2892251014709473
85,108,1.1885284185409546
85,109,1.260029911994934
85,110,1.1369643211364746
85,111,1.2003358602523804
85,112,1.4748148918151855
85,113,1.0704162120819092
85,114,1.0680828094482422
85,115,1.2595407962799072
85,116,1.1073081493377686
85,117,1.0014845132827759
85,118,1.1530019044876099
85,119,1.0876013040542603
85,120,1.048529863357544
85,121,1.1948692798614502
85,122,1.014866590499878
85,123,1.4192931652069092
85,124,1.1559195518493652
85,125,1.0517799854278564
85,126,1.0814599990844727
85,127,1.025381326675415
85,128,1.0968683958053589
85,129,1.1497712135314941
85,130,1.16758394241333
85,131,1.1127089262008667
85,132,1.0674285888671875
85,133,1.0761364698410034
85,134,1.1946702003479004
85,135,1.0847383737564087
85,136,1.2013603448867798
85,137,1.081291675567627
85,138,1.1547789573669434
85,139,0.9746867418289185
85,140,1.264711856842041
85,141,1.1090645790100098
85,142,1.1972870826721191
85,143,1.1955503225326538
85,144,1.0893596410751343
85,145,1.1503881216049194
85,146,1.0904276371002197
85,147,1.1824150085449219
85,148,1.1467902660369873
85,149,1.0679945945739746
85,150,1.0737671852111816
85,151,1.1450344324111938
85,152,1.2604634761810303
85,153,1.1484782695770264
85,154,1.259577989578247
85,155,1.0146859884262085
85,156,1.0969030857086182
85,157,1.0773663520812988
85,158,1.1120471954345703
85,159,1.1537988185882568
85,160,1.0200469493865967
85,161,0.9664700031280518
85,162,1.2360877990722656
85,163,1.1359260082244873
85,164,1.1754989624023438
85,165,1.219909906387329
85,166,1.3861792087554932
85,167,1.3388662338256836
85,168,1.2664375305175781
85,169,1.2531764507293701
85,170,1.1874017715454102
85,171,1.180785059928894
85,172,0.9724752306938171
85,173,1.1964128017425537
85,174,1.0849157571792603
85,175,1.1077982187271118
85,176,1.1747441291809082
85,177,1.1779441833496094
85,178,0.9833616018295288
85,179,1.0818639993667603
85,180,1.089887261390686
85,181,0.9652516841888428
85,182,1.0068604946136475
85,183,1.10023832321167
85,184,1.09799063205719
85,185,1.1407196521759033
85,186,1.1045113801956177
85,187,1.1736037731170654
85,188,1.193760871887207
85,189,1.043891429901123
85,190,1.196496605873108
85,191,1.2212179899215698
85,192,1.0819339752197266
85,193,1.2071417570114136
85,194,1.148120641708374
85,195,0.9846153855323792
85,196,1.1831765174865723
85,197,1.1054224967956543
85,198,1.1294747591018677
85,199,1.3424270153045654
85,200,0.9684574604034424
85,201,1.011593222618103
85,202,0.9587077498435974
85,203,1.0990148782730103
85,204,1.0896159410476685
85,205,1.0719130039215088
85,206,1.1858959197998047
85,207,1.2160632610321045
85,208,1.1308410167694092
85,209,1.1405558586120605
85,210,1.1115131378173828
85,211,1.0707669258117676
85,212,1.3705224990844727
85,213,1.230389952659607
85,214,1.071644902229309
85,215,1.1422972679138184
85,216,1.1389994621276855
85,217,1.1820188760757446
85,218,1.3525748252868652
85,219,1.2481787204742432
85,220,1.1656310558319092
85,221,1.1077719926834106
85,222,1.1583964824676514
85,223,1.0236332416534424
85,224,1.2280713319778442
85,225,1.0803874731063843
85,226,1.3201667070388794
85,227,1.0097275972366333
85,228,1.1297199726104736
85,229,1.0112602710723877
85,230,1.002463459968567
85,231,1.1666613817214966
85,232,1.2025738954544067
85,233,1.1526415348052979
85,234,1.197963833808899
85,235,1.1250675916671753
85,236,1.0818744897842407
85,237,1.1778905391693115
85,238,1.0645837783813477
85,239,1.1774051189422607
85,240,1.1063103675842285
85,241,1.0253167152404785
85,242,1.1145362854003906
85,243,1.1377195119857788
85,244,1.2284419536590576
85,245,1.250458002090454
85,246,0.9993801712989807
85,247,1.15459144115448
85,248,1.2096240520477295
85,249,1.0421781539916992
85,250,1.2881120443344116
85,251,1.054680585861206
85,252,1.069304347038269
85,253,1.4000301361083984
85,254,1.3275049924850464
85,255,0.9896533489227295
85,256,1.1546380519866943
85,257,1.1350700855255127
85,258,1.2625573873519897
85,259,1.3669772148132324
85,260,1.0754109621047974
85,261,1.1496086120605469
85,262,0.9945555925369263
85,263,1.2326889038085938
85,264,1.1311333179473877
85,265,1.0772323608398438
85,266,1.0908441543579102
85,267,1.103123426437378
85,268,1.0959112644195557
85,269,1.183870553970337
85,270,1.133476972579956
85,271,1.046778678894043
85,272,1.0779714584350586
85,273,1.3039731979370117
85,274,1.1976518630981445
85,275,1.356903076171875
85,276,1.0114318132400513
85,277,1.1715147495269775
85,278,1.0767107009887695
85,279,0.9399149417877197
85,280,1.3344178199768066
85,281,1.1785787343978882
85,282,1.1494479179382324
85,283,1.112181544303894
85,284,1.2905700206756592
85,285,1.0932674407958984
85,286,1.141874074935913
85,287,1.2965872287750244
85,288,0.9974145293235779
85,289,1.419872760772705
85,290,1.1251851320266724
85,291,1.2526233196258545
85,292,1.1047495603561401
85,293,1.1803929805755615
85,294,1.1386840343475342
85,295,1.1425843238830566
85,296,1.254855990409851
85,297,1.0655170679092407
85,298,1.2535475492477417
85,299,0.9924042224884033
85,300,1.0273743867874146
85,301,1.1601476669311523
85,302,1.1316680908203125
85,303,0.9588354825973511
85,304,1.2474465370178223
85,305,1.2359720468521118
85,306,1.1407644748687744
85,307,1.017946481704712
85,308,1.0791372060775757
85,309,1.214869737625122
85,310,1.0208244323730469
85,311,1.6620888710021973
86,0,1.0548019409179688
86,1,1.126377820968628
86,2,1.1707649230957031
86,3,1.1038966178894043
86,4,1.091829538345337
86,5,1.240411639213562
86,6,1.115858793258667
86,7,1.242112159729004
86,8,1.01377534866333
86,9,1.165993571281433
86,10,1.414815902709961
86,11,1.1324129104614258
86,12,1.0856149196624756
86,13,1.1107652187347412
86,14,1.0900416374206543
86,15,1.1634691953659058
86,16,0.997767448425293
86,17,0.9298431873321533
86,18,1.4398939609527588
86,19,1.0594466924667358
86,20,1.1872676610946655
86,21,1.0652167797088623
86,22,1.4295220375061035
86,23,1.2201855182647705
86,24,0.9913852214813232
86,25,1.0027862787246704
86,26,1.1638047695159912
86,27,1.0203224420547485
86,28,1.1627566814422607
86,29,1.1506869792938232
86,30,1.1716800928115845
86,31,0.9487555027008057
86,32,1.046154260635376
86,33,1.0518436431884766
86,34,1.2940722703933716
86,35,1.281928539276123
86,36,1.1361877918243408
86,37,1.1131980419158936
86,38,1.4332103729248047
86,39,1.166401743888855
86,40,1.2499676942825317
86,41,1.1979345083236694
86,42,1.2814598083496094
86,43,1.1111277341842651
86,44,1.2865915298461914
86,45,1.2568597793579102
86,46,1.1656479835510254
86,47,1.2209328413009644
86,48,1.3289246559143066
86,49,1.1978943347930908
86,50,1.1076405048370361
86,51,1.1654644012451172
86,52,1.2023839950561523
86,53,0.9851965308189392
86,54,0.9654576778411865
86,55,1.1841838359832764
86,56,1.1494086980819702
86,57,1.1864579916000366
86,58,1.289477825164795
86,59,1.0743091106414795
86,60,1.1822967529296875
86,61,1.1333789825439453
86,62,1.202458143234253
86,63,1.063922643661499
86,64,0.9822819232940674
86,65,1.1287668943405151
86,66,1.1610835790634155
86,67,1.1695548295974731
86,68,1.0799353122711182
86,69,1.241257905960083
86,70,1.1541345119476318
86,71,1.0509586334228516
86,72,1.2233836650848389
86,73,1.208545446395874
86,74,1.2365379333496094
86,75,1.22564697265625
86,76,1.0680485963821411
86,77,1.1667629480361938
86,78,1.0573770999908447
86,79,1.1734131574630737
86,80,1.2256455421447754
86,81,1.0063836574554443
86,82,1.3906605243682861
86,83,1.2041215896606445
86,84,1.057711124420166
86,85,1.1714773178100586
86,86,1.0244576930999756
86,87,1.112686038017273
86,88,1.402183175086975
86,89,1.2016756534576416
86,90,1.1460853815078735
86,91,1.1424320936203003
86,92,1.280942440032959
86,93,1.0834696292877197
86,94,1.1045377254486084
86,95,1.0651695728302002
86,96,0.9930568933486938
86,97,1.154002070426941
86,98,1.172393798828125
86,99,1.1202757358551025
86,100,1.0258173942565918
86,101,1.098349690437317
86,102,1.1819249391555786
86,103,1.01995849609375
86,104,1.2201532125473022
86,105,1.147562026977539
86,106,1.2184702157974243
86,107,1.102449655532837
86,108,1.031541109085083
86,109,1.1449525356292725
86,110,1.0518860816955566
86,111,1.0686302185058594
86,112,1.2053732872009277
86,113,1.3040549755096436
86,114,1.5829607248306274
86,115,0.9588660597801208
86,116,1.0997047424316406
86,117,1.078399658203125
86,118,1.074569821357727
86,119,1.17156183719635
86,120,1.3057818412780762
86,121,0.9598316550254822
86,122,1.1356042623519897
86,123,1.0023750066757202
86,124,1.4615652561187744
86,125,1.1954991817474365
86,126,1.1477411985397339
86,127,1.118060827255249
86,128,1.1732374429702759
86,129,1.151545524597168
86,130,1.4496225118637085
86,131,1.0373051166534424
86,132,1.1531964540481567
86,133,1.1001417636871338
86,134,1.016060709953308
86,135,1.1562374830245972
86,136,1.0982624292373657
86,137,1.1545339822769165
86,138,1.2237317562103271
86,139,1.4023112058639526
86,140,1.4390568733215332
86,141,0.9971327781677246
86,142,1.077352523803711
86,143,1.0108706951141357
86,144,1.0120091438293457
86,145,1.261985421180725
86,146,1.1551539897918701
86,147,1.0966777801513672
86,148,1.0844852924346924
86,149,1.0529468059539795
86,150,1.2631789445877075
86,151,1.144522786140442
86,152,1.1411290168762207
86,153,1.2764848470687866
86,154,1.1513330936431885
86,155,1.1118149757385254
86,156,1.0541571378707886
86,157,1.3575198650360107
86,158,1.2346410751342773
86,159,1.1300852298736572
86,160,1.0209416151046753
86,161,1.1022789478302002
86,162,1.1321051120758057
86,163,0.9748710989952087
86,164,1.265753984451294
86,165,1.1259804964065552
86,166,0.9906963109970093
86,167,1.189331293106079
86,168,1.3100762367248535
86,169,1.0587493181228638
86,170,1.0767250061035156
86,171,1.085602045059204
86,172,1.3843064308166504
86,173,1.1100687980651855
86,174,1.1646384000778198
86,175,1.2174012660980225
86,176,1.0666346549987793
86,177,0.9719945192337036
86,178,1.0836527347564697
86,179,0.9943446516990662
86,180,0.980545163154602
86,181,1.1047019958496094
86,182,1.2778350114822388
86,183,1.1915425062179565
86,184,1.2435227632522583
86,185,1.2511900663375854
86,186,1.0410946607589722
86,187,1.2787246704101562
86,188,1.0740996599197388
86,189,1.0660680532455444
86,190,0.9733195304870605
86,191,1.1736130714416504
86,192,1.1345949172973633
86,193,0.9720395803451538
86,194,1.177042007446289
86,195,1.4054991006851196
86,196,1.047419786453247
86,197,1.1094515323638916
86,198,1.1493815183639526
86,199,1.2535438537597656
86,200,1.178584337234497
86,201,1.183604121208191
86,202,1.3045282363891602
86,203,1.0435949563980103
86,204,1.0318130254745483
86,205,1.0742883682250977
86,206,1.029300332069397
86,207,1.1393678188323975
86,208,1.1059982776641846
86,209,1.0672519207000732
86,210,1.068246603012085
86,211,0.9979655742645264
86,212,1.1662731170654297
86,213,1.1986384391784668
86,214,1.1114377975463867
86,215,1.0043416023254395
86,216,1.0982487201690674
86,217,1.2510955333709717
86,218,1.0933632850646973
86,219,1.1349599361419678
86,220,1.2011938095092773
86,221,1.5382683277130127
86,222,1.1668002605438232
86,223,0.988482654094696
86,224,1.0878660678863525
86,225,1.060547947883606
86,226,0.9835309982299805
86,227,1.128587007522583
86,228,1.1321758031845093
86,229,1.1092666387557983
86,230,1.1251715421676636
86,231,1.0187302827835083
86,232,1.1060140132904053
86,233,0.9858332276344299
86,234,1.0876821279525757
86,235,1.2596096992492676
86,236,0.996176540851593
86,237,1.1689879894256592
86,238,1.2152810096740723
86,239,1.1232261657714844
86,240,1.232154369354248
86,241,1.174221158027649
86,242,1.271117091178894
86,243,1.1317729949951172
86,244,1.5666582584381104
86,245,1.167823076248169
86,246,1.058814525604248
86,247,1.1733646392822266
86,248,1.1573565006256104
86,249,1.018907070159912
86,250,1.0640990734100342
86,251,1.1584933996200562
86,252,1.3174772262573242
86,253,1.1663033962249756
86,254,0.9638203382492065
86,255,1.1975739002227783
86,256,1.02913498878479
86,257,1.1366132497787476
86,258,1.4413577318191528
86,259,1.0450061559677124
86,260,0.9783333539962769
86,261,1.0315752029418945
86,262,1.2455171346664429
86,263,1.0700058937072754
86,264,1.2396953105926514
86,265,1.202850341796875
86,266,1.2857649326324463
86,267,0.9981355667114258
86,268,1.0864609479904175
86,269,1.2107775211334229
86,270,1.1641051769256592
86,271,1.1005494594573975
86,272,1.032654047012329
86,273,1.1661819219589233
86,274,1.360285997390747
86,275,1.1108202934265137
86,276,1.054941177368164
86,277,1.1901042461395264
86,278,1.0553548336029053
86,279,1.0150095224380493
86,280,1.073839545249939
86,281,1.118028998374939
86,282,1.0754075050354004
86,283,1.1462435722351074
86,284,1.1427565813064575
86,285,1.1691813468933105
86,286,1.0915745496749878
86,287,1.1369988918304443
86,288,1.0886399745941162
86,289,1.1128334999084473
86,290,1.118149995803833
86,291,1.0955677032470703
86,292,1.0570741891860962
86,293,1.1044065952301025
86,294,1.060917854309082
86,295,1.154241681098938
86,296,1.0585390329360962
86,297,1.1845711469650269
86,298,0.9631292819976807
86,299,1.0865436792373657
86,300,1.1075007915496826
86,301,1.12668776512146
86,302,1.0115903615951538
86,303,1.0044087171554565
86,304,1.1258946657180786
86,305,1.0415332317352295
86,306,1.1336575746536255
86,307,1.2121667861938477
86,308,1.289162278175354
86,309,1.1710470914840698
86,310,1.0688830614089966
86,311,1.1285836696624756
87,0,1.2330214977264404
87,1,1.1511623859405518
87,2,1.0789397954940796
87,3,1.0347943305969238
87,4,1.0911626815795898
87,5,1.2403393983840942
87,6,1.014655590057373
87,7,0.9862968921661377
87,8,0.9480606317520142
87,9,1.1429169178009033
87,10,1.1747324466705322
87,11,1.2425190210342407
87,12,1.128865361213684
87,13,0.9641624689102173
87,14,1.0337433815002441
87,15,1.1965185403823853
87,16,1.027230978012085
87,17,1.1284711360931396
87,18,1.1152373552322388
87,19,1.0446076393127441
87,20,1.3002837896347046
87,21,1.0907679796218872
87,22,1.083583116531372
87,23,1.1276638507843018
87,24,1.1744749546051025
87,25,1.121740698814392
87,26,1.3951482772827148
87,27,0.9990338683128357
87,28,1.2013872861862183
87,29,1.278090476989746
87,30,1.0632948875427246
87,31,1.127637267112732
87,32,1.1641643047332764
87,33,1.223225474357605
87,34,1.234834909439087
87,35,1.243873953819275
87,36,1.2107124328613281
87,37,1.0593609809875488
87,38,1.0665196180343628
87,39,1.3137187957763672
87,40,1.0483700037002563
87,41,1.1292901039123535
87,42,1.2311863899230957
87,43,1.1297752857208252
87,44,1.3174593448638916
87,45,1.1604210138320923
87,46,1.0728048086166382
87,47,1.1826887130737305
87,48,1.2136346101760864
87,49,1.1081534624099731
87,50,1.0510971546173096
87,51,1.051619291305542
87,52,1.2208033800125122
87,53,1.1794469356536865
87,54,1.2974953651428223
87,55,1.2099000215530396
87,56,1.0790441036224365
87,57,1.1426655054092407
87,58,0.9478307962417603
87,59,1.160628080368042
87,60,0.9782721400260925
87,61,0.9526673555374146
87,62,1.2735483646392822
87,63,1.1879937648773193
87,64,1.1987576484680176
87,65,1.0929797887802124
87,66,1.1379488706588745
87,67,1.0722789764404297
87,68,1.307669997215271
87,69,0.9758198857307434
87,70,1.1090809106826782
87,71,1.0261597633361816
87,72,1.085675835609436
87,73,1.099400520324707
87,74,1.2596534490585327
87,75,1.2861993312835693
87,76,1.0308730602264404
87,77,1.1693904399871826
87,78,1.1291273832321167
87,79,1.2779173851013184
87,80,1.193485975265503
87,81,1.161549687385559
87,82,1.074774980545044
87,83,1.1629118919372559
87,84,1.179580807685852
87,85,1.4458765983581543
87,86,1.1900014877319336
87,87,1.174543857574463
87,88,1.0994091033935547
87,89,1.1593215465545654
87,90,1.0219677686691284
87,91,1.1478996276855469
87,92,1.0255893468856812
87,93,1.2205208539962769
87,94,0.9929471015930176
87,95,1.1343681812286377
87,96,1.1679294109344482
87,97,1.0671958923339844
87,98,1.0942745208740234
87,99,1.3344967365264893
87,100,1.2000634670257568
87,101,1.3236706256866455
87,102,1.2765674591064453
87,103,1.053894281387329
87,104,1.1098871231079102
87,105,1.2568354606628418
87,106,1.152899980545044
87,107,1.106958270072937
87,108,0.9821125864982605
87,109,1.161170244216919
87,110,1.1410980224609375
87,111,1.2315479516983032
87,112,1.0839545726776123
87,113,1.2285206317901611
87,114,1.1628541946411133
87,115,1.1555800437927246
87,116,1.2357604503631592
87,117,1.3146073818206787
87,118,1.3066158294677734
87,119,1.1019877195358276
87,120,1.1026318073272705
87,121,1.0961458683013916
87,122,1.3122241497039795
87,123,1.1310722827911377
87,124,1.1268775463104248
87,125,1.2189500331878662
87,126,1.0767502784729004
87,127,1.0756752490997314
87,128,1.0952236652374268
87,129,1.353212594985962
87,130,1.01107656955719
87,131,1.2769067287445068
87,132,1.2570033073425293
87,133,1.1520569324493408
87,134,1.2257020473480225
87,135,0.9718136787414551
87,136,1.0289725065231323
87,137,1.0179331302642822
87,138,1.0082470178604126
87,139,1.1330432891845703
87,140,1.1342136859893799
87,141,1.4132740497589111
87,142,1.2223306894302368
87,143,1.2451014518737793
87,144,1.03643798828125
87,145,1.1359854936599731
87,146,1.0113528966903687
87,147,1.090393304824829
87,148,1.094533920288086
87,149,1.1616272926330566
87,150,1.1175620555877686
87,151,1.633337140083313
87,152,1.0538344383239746
87,153,1.313111662864685
87,154,1.1607111692428589
87,155,1.2030799388885498
87,156,1.1559858322143555
87,157,1.0172020196914673
87,158,1.301590085029602
87,159,1.2737962007522583
87,160,1.1295721530914307
87,161,1.1480199098587036
87,162,1.1081268787384033
87,163,1.0406494140625
87,164,1.3248589038848877
87,165,1.2441716194152832
87,166,1.079587697982788
87,167,0.9839962720870972
87,168,1.1143890619277954
87,169,1.0543601512908936
87,170,1.1231967210769653
87,171,1.4197559356689453
87,172,1.413978934288025
87,173,1.2136940956115723
87,174,1.2061550617218018
87,175,1.019885540008545
87,176,1.0889614820480347
87,177,1.0492274761199951
87,178,0.959892213344574
87,179,1.3138848543167114
87,180,1.0279592275619507
87,181,1.1867380142211914
87,182,1.1923432350158691
87,183,1.0302274227142334
87,184,1.1666743755340576
87,185,1.3403239250183105
87,186,0.9993041753768921
87,187,1.2464550733566284
87,188,1.0568945407867432
87,189,1.0736281871795654
87,190,1.2834291458129883
87,191,1.1713422536849976
87,192,1.0238919258117676
87,193,1.2069462537765503
87,194,1.14366614818573
87,195,1.0969314575195312
87,196,1.0260554552078247
87,197,1.207923173904419
87,198,1.2101898193359375
87,199,1.0738730430603027
87,200,1.0463004112243652
87,201,1.115114688873291
87,202,1.178351640701294
87,203,1.1506752967834473
87,204,1.0078659057617188
87,205,1.2441047430038452
87,206,1.1425212621688843
87,207,1.056562900543213
87,208,1.05614173412323
87,209,1.159018635749817
87,210,1.2792705297470093
87,211,1.1284728050231934
87,212,1.1805250644683838
87,213,1.1936676502227783
87,214,1.1124950647354126
87,215,1.2217795848846436
87,216,1.13307785987854
87,217,1.0828359127044678
87,218,1.044182538986206
87,219,1.1890981197357178
87,220,0.9252427816390991
87,221,1.2220138311386108
87,222,1.0906473398208618
87,223,1.1099457740783691
87,224,1.0558676719665527
87,225,1.358582615852356
87,226,1.185960054397583
87,227,1.1646310091018677
87,228,1.01895010471344
87,229,1.3718618154525757
87,230,1.0894328355789185
87,231,1.099967360496521
87,232,1.2385197877883911
87,233,1.0866175889968872
87,234,0.9400042295455933
87,235,1.2329425811767578
87,236,1.1686620712280273
87,237,1.1941094398498535
87,238,1.0761820077896118
87,239,1.1207053661346436
87,240,1.2265329360961914
87,241,1.117701768875122
87,242,1.158888339996338
87,243,1.2121820449829102
87,244,1.0193603038787842
87,245,1.0137360095977783
87,246,1.057396650314331
87,247,1.0225001573562622
87,248,1.208970308303833
87,249,1.2134661674499512
87,250,1.1627485752105713
87,251,1.2361451387405396
87,252,1.2233864068984985
87,253,1.06589937210083
87,254,1.1361782550811768
87,255,1.1064764261245728
87,256,1.2054274082183838
87,257,1.3244893550872803
87,258,1.033174753189087
87,259,1.13149094581604
87,260,1.1704014539718628
87,261,1.0604939460754395
87,262,1.053369402885437
87,263,1.0553641319274902
87,264,1.2128148078918457
87,265,1.3545567989349365
87,266,1.162960171699524
87,267,1.2173433303833008
87,268,1.2420164346694946
87,269,1.1263070106506348
87,270,1.0876057147979736
87,271,1.289208173751831
87,272,1.1880221366882324
87,273,0.9740137457847595
87,274,1.1129602193832397
87,275,1.024251937866211
87,276,1.1478116512298584
87,277,1.1120697259902954
87,278,0.9606807827949524
87,279,1.1077736616134644
87,280,1.1228307485580444
87,281,1.133976697921753
87,282,1.2386819124221802
87,283,1.1806854009628296
87,284,1.1509431600570679
87,285,1.0437934398651123
87,286,1.1392402648925781
87,287,1.1147505044937134
87,288,1.0384000539779663
87,289,1.0160632133483887
87,290,1.2354525327682495
87,291,0.9607842564582825
87,292,1.1879596710205078
87,293,1.4115662574768066
87,294,1.1356236934661865
87,295,1.2678470611572266
87,296,0.9868732690811157
87,297,1.2708929777145386
87,298,1.069767713546753
87,299,1.0283288955688477
87,300,1.3849122524261475
87,301,1.0784904956817627
87,302,1.0982322692871094
87,303,1.3736588954925537
87,304,1.1981401443481445
87,305,1.118712306022644
87,306,1.1051132678985596
87,307,1.155383586883545
87,308,1.2600841522216797
87,309,1.234088659286499
87,310,1.113553762435913
87,311,1.1756401062011719
88,0,1.0400346517562866
88,1,1.461408019065857
88,2,1.0638152360916138
88,3,1.2017637491226196
88,4,1.4342491626739502
88,5,1.0420048236846924
88,6,1.0685739517211914
88,7,1.086890459060669
88,8,1.175309419631958
88,9,1.0635017156600952
88,10,1.2893399000167847
88,11,1.0440945625305176
88,12,1.0141092538833618
88,13,1.0897270441055298
88,14,1.2156652212142944
88,15,1.1291472911834717
88,16,1.0084948539733887
88,17,1.0691088438034058
88,18,1.2131730318069458
88,19,1.047356367111206
88,20,1.1181256771087646
88,21,1.1922484636306763
88,22,1.3204530477523804
88,23,1.4271323680877686
88,24,1.0605227947235107
88,25,1.2116923332214355
88,26,1.0745059251785278
88,27,1.0611263513565063
88,28,1.1764134168624878
88,29,1.161811113357544
88,30,1.164705514907837
88,31,1.2743498086929321
88,32,1.1619791984558105
88,33,1.2215895652770996
88,34,1.0545508861541748
88,35,1.115445613861084
88,36,1.252695083618164
88,37,1.1124565601348877
88,38,1.1438281536102295
88,39,1.0395941734313965
88,40,1.1911336183547974
88,41,1.0047354698181152
88,42,1.2994771003723145
88,43,1.142157793045044
88,44,1.54518723487854
88,45,1.1834204196929932
88,46,0.9599140882492065
88,47,1.0442416667938232
88,48,1.2516584396362305
88,49,1.1822412014007568
88,50,1.098863124847412
88,51,1.2563157081604004
88,52,0.9691380262374878
88,53,0.996623158454895
88,54,1.0922178030014038
88,55,1.211264729499817
88,56,1.135269284248352
88,57,1.181071400642395
88,58,1.0572538375854492
88,59,1.6975767612457275
88,60,1.0553110837936401
88,61,1.0740410089492798
88,62,0.962772011756897
88,63,1.2162381410598755
88,64,1.174839735031128
88,65,1.1152316331863403
88,66,1.286989450454712
88,67,0.9988138675689697
88,68,1.1644518375396729
88,69,1.4227492809295654
88,70,1.3675719499588013
88,71,1.032999038696289
88,72,1.1528608798980713
88,73,1.143646478652954
88,74,1.1113559007644653
88,75,1.0850437879562378
88,76,1.161789059638977
88,77,1.324825406074524
88,78,1.2123377323150635
88,79,1.0757702589035034
88,80,1.0939083099365234
88,81,1.2944910526275635
88,82,1.1386367082595825
88,83,1.073714017868042
88,84,1.0050228834152222
88,85,1.068610429763794
88,86,1.0842750072479248
88,87,1.1876691579818726
88,88,1.1355748176574707
88,89,1.2943673133850098
88,90,1.013523817062378
88,91,1.3853273391723633
88,92,1.2320071458816528
88,93,1.0493789911270142
88,94,1.0767297744750977
88,95,1.2192147970199585
88,96,1.1498908996582031
88,97,1.0674388408660889
88,98,0.9742129445075989
88,99,1.0242488384246826
88,100,1.3060805797576904
88,101,1.1325325965881348
88,102,1.2450165748596191
88,103,1.0602437257766724
88,104,1.025225043296814
88,105,1.0134471654891968
88,106,1.0448875427246094
88,107,1.1690493822097778
88,108,1.0119251012802124
88,109,1.2315680980682373
88,110,1.280186653137207
88,111,1.299757480621338
88,112,1.2551850080490112
88,113,1.4604594707489014
88,114,1.125994086265564
88,115,1.0991588830947876
88,116,1.139484167098999
88,117,1.1130870580673218
88,118,1.0323889255523682
88,119,1.1427582502365112
88,120,1.118391990661621
88,121,1.1255090236663818
88,122,1.127208948135376
88,123,1.2220886945724487
88,124,1.0470998287200928
88,125,1.2004704475402832
88,126,0.9787987470626831
88,127,1.1048778295516968
88,128,1.2219609022140503
88,129,1.0541102886199951
88,130,1.1479032039642334
88,131,1.0507769584655762
88,132,1.0415220260620117
88,133,0.9759310483932495
88,134,1.114797830581665
88,135,1.205901861190796
88,136,1.0019378662109375
88,137,1.2584210634231567
88,138,1.143403172492981
88,139,1.233080506324768
88,140,1.1320140361785889
88,141,1.2404389381408691
88,142,0.9592777490615845
88,143,1.2131450176239014
88,144,1.179229497909546
88,145,1.0211200714111328
88,146,1.03597092628479
88,147,1.1078071594238281
88,148,1.1457164287567139
88,149,1.1050608158111572
88,150,1.0869046449661255
88,151,1.2366772890090942
88,152,1.2593388557434082
88,153,1.0903782844543457
88,154,1.10222589969635
88,155,1.0530513525009155
88,156,1.2797813415527344
88,157,1.084106683731079
88,158,1.127784013748169
88,159,1.0631805658340454
88,160,0.993771493434906
88,161,1.0683178901672363
88,162,1.0689281225204468
88,163,1.2120940685272217
88,164,1.0852631330490112
88,165,1.108571171760559
88,166,1.182052493095398
88,167,1.1575660705566406
88,168,1.175132155418396
88,169,1.123976707458496
88,170,1.0684510469436646
88,171,1.2314984798431396
88,172,1.0598477125167847
88,173,1.2923520803451538
88,174,1.1835601329803467
88,175,1.194251298904419
88,176,1.040235161781311
88,177,1.0750685930252075
88,178,1.143792986869812
88,179,1.1700056791305542
88,180,1.0047203302383423
88,181,1.0247719287872314
88,182,1.2119017839431763
88,183,1.1820815801620483
88,184,1.064903736114502
88,185,1.3789442777633667
88,186,1.0743203163146973
88,187,1.1682875156402588
88,188,1.0666084289550781
88,189,1.1106759309768677
88,190,1.3621176481246948
88,191,1.2098312377929688
88,192,1.077921986579895
88,193,1.2129251956939697
88,194,1.2088019847869873
88,195,1.1065545082092285
88,196,1.2564126253128052
88,197,1.128705382347107
88,198,1.1713120937347412
88,199,1.2087931632995605
88,200,1.0847158432006836
88,201,1.1356513500213623
88,202,1.1384581327438354
88,203,1.108976125717163
88,204,1.2448922395706177
88,205,1.1096811294555664
88,206,0.9559481143951416
88,207,1.2023217678070068
88,208,1.0818296670913696
88,209,1.2785100936889648
88,210,1.0172231197357178
88,211,0.9810173511505127
88,212,1.0787734985351562
88,213,0.930042028427124
88,214,1.0952855348587036
88,215,1.1242876052856445
88,216,1.2476626634597778
88,217,1.1161997318267822
88,218,0.9383256435394287
88,219,1.2123420238494873
88,220,1.218424677848816
88,221,1.2253563404083252
88,222,1.2154152393341064
88,223,1.1659408807754517
88,224,1.2561910152435303
88,225,0.9841591715812683
88,226,1.3176952600479126
88,227,1.1388347148895264
88,228,1.3788626194000244
88,229,1.1131234169006348
88,230,1.3000879287719727
88,231,1.0911202430725098
88,232,1.231869101524353
88,233,1.1424415111541748
88,234,1.1684131622314453
88,235,1.5390673875808716
88,236,1.1563374996185303
88,237,1.1222124099731445
88,238,1.0950554609298706
88,239,1.034730076789856
88,240,1.100427508354187
88,241,1.1247713565826416
88,242,1.1146982908248901
88,243,1.1861886978149414
88,244,1.1696529388427734
88,245,0.9640723466873169
88,246,1.1961469650268555
88,247,0.9748850464820862
88,248,1.0117992162704468
88,249,1.160214900970459
88,250,1.0836549997329712
88,251,1.3153494596481323
88,252,1.2844030857086182
88,253,1.0593934059143066
88,254,1.247759222984314
88,255,1.0742640495300293
88,256,1.1809242963790894
88,257,1.163495421409607
88,258,1.0275294780731201
88,259,1.1760400533676147
88,260,1.2327263355255127
88,261,1.1477723121643066
88,262,0.9471464157104492
88,263,1.3531982898712158
88,264,1.0967439413070679
88,265,0.9818267822265625
88,266,1.1948975324630737
88,267,1.055835485458374
88,268,1.0831563472747803
88,269,1.1827294826507568
88,270,1.1007972955703735
88,271,1.3285882472991943
88,272,1.0767595767974854
88,273,1.1935086250305176
88,274,1.0274922847747803
88,275,1.012108564376831
88,276,1.0080580711364746
88,277,1.0759761333465576
88,278,1.367626667022705
88,279,1.030320644378662
88,280,1.2705843448638916
88,281,0.983332633972168
88,282,1.0364415645599365
88,283,0.9666165113449097
88,284,1.2759170532226562
88,285,1.401953935623169
88,286,1.106152057647705
88,287,1.1516170501708984
88,288,1.1008096933364868
88,289,1.3985189199447632
88,290,1.2465412616729736
88,291,1.0852214097976685
88,292,1.0542001724243164
88,293,1.1354104280471802
88,294,1.0798639059066772
88,295,1.1191190481185913
88,296,1.1244714260101318
88,297,1.2635318040847778
88,298,1.4183900356292725
88,299,1.1137869358062744
88,300,1.1815217733383179
88,301,1.1623990535736084
88,302,1.1406469345092773
88,303,1.3124208450317383
88,304,1.1017260551452637
88,305,1.2502317428588867
88,306,1.163879632949829
88,307,1.134894847869873
88,308,1.002643346786499
88,309,1.245221495628357
88,310,1.0607428550720215
88,311,1.0461302995681763
89,0,1.0951403379440308
89,1,1.14803147315979
89,2,1.3208332061767578
89,3,1.0810561180114746
89,4,1.265629768371582
89,5,1.068751573562622
89,6,1.128152847290039
89,7,1.2028731107711792
89,8,1.1528345346450806
89,9,1.0789240598678589
89,10,0.9768732786178589
89,11,1.2525006532669067
89,12,1.106811285018921
89,13,1.2116495370864868
89,14,1.332943320274353
89,15,1.1245057582855225
89,16,1.0751519203186035
89,17,1.3256598711013794
89,18,1.1989413499832153
89,19,0.9786406755447388
89,20,1.1696629524230957
89,21,1.0874569416046143
89,22,1.067573070526123
89,23,1.099371075630188
89,24,0.9749525189399719
89,25,1.1184351444244385
89,26,0.9673064947128296
89,27,1.1291489601135254
89,28,1.0307965278625488
89,29,1.1211071014404297
89,30,1.211516261100769
89,31,1.066133975982666
89,32,1.2482614517211914
89,33,1.0721583366394043
89,34,1.3494017124176025
89,35,1.3190901279449463
89,36,1.2134389877319336
89,37,1.0469889640808105
89,38,1.1670783758163452
89,39,1.2261972427368164
89,40,1.0685133934020996
89,41,1.1050772666931152
89,42,1.1336233615875244
89,43,1.0237056016921997
89,44,1.1476187705993652
89,45,1.1237831115722656
89,46,1.0322933197021484
89,47,1.3579784631729126
89,48,1.1804783344268799
89,49,1.1907589435577393
89,50,1.1395487785339355
89,51,1.188157081604004
89,52,1.2502330541610718
89,53,1.1737010478973389
89,54,1.173370599746704
89,55,1.1191736459732056
89,56,1.2835330963134766
89,57,1.06886625289917
89,58,1.1583330631256104
89,59,1.2618051767349243
89,60,1.5771896839141846
89,61,1.1291526556015015
89,62,1.1105674505233765
89,63,1.1157572269439697
89,64,1.1973276138305664
89,65,1.1393141746520996
89,66,1.1626346111297607
89,67,1.2134673595428467
89,68,1.191390037536621
89,69,1.1725903749465942
89,70,1.0619280338287354
89,71,1.1041557788848877
89,72,1.0527242422103882
89,73,1.328890085220337
89,74,1.1457440853118896
89,75,1.1171199083328247
89,76,1.1495180130004883
89,77,1.2878077030181885
89,78,1.2801405191421509
89,79,1.1068241596221924
89,80,1.2150644063949585
89,81,1.0786828994750977
89,82,1.1960341930389404
89,83,1.1661274433135986
89,84,1.133007526397705
89,85,1.2497100830078125
89,86,1.226805329322815
89,87,1.1334261894226074
89,88,1.103692650794983
89,89,1.009067416191101
89,90,1.28827702999115
89,91,1.281029462814331
89,92,1.2860746383666992
89,93,1.1173090934753418
89,94,1.1052961349487305
89,95,1.2094084024429321
89,96,1.1823807954788208
89,97,1.0498697757720947
89,98,1.2717100381851196
89,99,1.0487961769104004
89,100,1.0934301614761353
89,101,1.1329002380371094
89,102,0.9759743213653564
89,103,1.3699047565460205
89,104,1.3802800178527832
89,105,1.1901359558105469
89,106,1.1323378086090088
89,107,1.0287693738937378
89,108,1.102615475654602
89,109,1.0615291595458984
89,110,1.0777218341827393
89,111,1.109330177307129
89,112,1.09223210811615
89,113,1.1933053731918335
89,114,1.0662841796875
89,115,1.0055863857269287
89,116,1.1422431468963623
89,117,0.999847412109375
89,118,1.1410859823226929
89,119,1.1931438446044922
89,120,1.1623011827468872
89,121,1.1931264400482178
89,122,1.101949691772461
89,123,0.9911004304885864
89,124,1.329777479171753
89,125,1.2368993759155273
89,126,1.2003488540649414
89,127,1.1700249910354614
89,128,1.1051580905914307
89,129,0.92770916223526
89,130,1.1038713455200195
89,131,1.0489882230758667
89,132,1.3131279945373535
89,133,1.2659372091293335
89,134,0.9876880645751953
89,135,1.1633403301239014
89,136,1.0989930629730225
89,137,1.270480751991272
89,138,1.1572505235671997
89,139,1.1174181699752808
89,140,0.9900596141815186
89,141,1.077222466468811
89,142,1.0302627086639404
89,143,1.0879087448120117
89,144,1.0537294149398804
89,145,1.3557448387145996
89,146,1.1260703802108765
89,147,1.2327510118484497
89,148,1.0390651226043701
89,149,1.407116174697876
89,150,1.1682332754135132
89,151,1.2683149576187134
89,152,1.1268101930618286
89,153,1.1263028383255005
89,154,1.3312349319458008
89,155,1.1687415838241577
89,156,1.0395985841751099
89,157,0.9852442741394043
89,158,1.231988549232483
89,159,1.084355354309082
89,160,1.4134573936462402
89,161,1.0196313858032227
89,162,1.0872173309326172
89,163,0.9732093214988708
89,164,1.2134318351745605
89,165,1.186492919921875
89,166,1.082259178161621
89,167,0.9953184127807617
89,168,1.2572658061981201
89,169,1.075984239578247
89,170,1.1151256561279297
89,171,1.338624358177185
89,172,1.1303761005401611
89,173,1.105267882347107
89,174,1.2045608758926392
89,175,1.056842565536499
89,176,1.1985042095184326
89,177,1.2342092990875244
89,178,1.0646419525146484
89,179,1.2503265142440796
89,180,1.0620534420013428
89,181,1.1270390748977661
89,182,1.1167813539505005
89,183,1.06620454788208
89,184,1.0409598350524902
89,185,1.246196985244751
89,186,1.0941332578659058
89,187,1.2346551418304443
89,188,1.2092044353485107
89,189,1.154130220413208
89,190,1.1690740585327148
89,191,1.0330415964126587
89,192,1.2372244596481323
89,193,1.2341604232788086
89,194,1.0877280235290527
89,195,1.1002039909362793
89,196,1.0152735710144043
89,197,1.3509490489959717
89,198,1.0717679262161255
89,199,1.0452631711959839
89,200,1.0930331945419312
89,201,1.3128273487091064
89,202,1.0849767923355103
89,203,1.1252121925354004
89,204,1.1627073287963867
89,205,1.2438757419586182
89,206,1.2378607988357544
89,207,1.304802417755127
89,208,1.0856280326843262
89,209,1.3227436542510986
89,210,1.0518823862075806
89,211,1.1705197095870972
89,212,1.1256903409957886
89,213,1.317202091217041
89,214,1.128855586051941
89,215,1.0432560443878174
89,216,1.0349469184875488
89,217,1.4178155660629272
89,218,1.2617485523223877
89,219,0.982471227645874
89,220,1.2288353443145752
89,221,1.1837745904922485
89,222,1.2201786041259766
89,223,1.1349589824676514
89,224,1.132709264755249
89,225,1.0256508588790894
89,226,0.9658139944076538
89,227,1.2351350784301758
89,228,0.9999326467514038
89,229,1.2647960186004639
89,230,1.3020573854446411
89,231,0.938327968120575
89,232,1.1685829162597656
89,233,1.1847028732299805
89,234,1.1574628353118896
89,235,1.1427595615386963
89,236,1.027329444885254
89,237,1.1074073314666748
89,238,1.0885164737701416
89,239,1.0022428035736084
89,240,1.1454603672027588
89,241,1.4041659832000732
89,242,1.2567009925842285
89,243,1.1357240676879883
89,244,1.3755416870117188
89,245,1.1668334007263184
89,246,1.2575664520263672
89,247,1.108412504196167
89,248,1.0639938116073608
89,249,1.161819338798523
89,250,1.1097588539123535
89,251,1.1072226762771606
89,252,1.1256017684936523
89,253,1.1794815063476562
89,254,1.0974146127700806
89,255,1.0800306797027588
89,256,1.1325793266296387
89,257,1.155243158340454
89,258,1.0831265449523926
89,259,1.0282604694366455
89,260,1.184548020362854
89,261,1.0293004512786865
89,262,1.3014675378799438
89,263,1.0881173610687256
89,264,1.1501338481903076
89,265,1.2883143424987793
89,266,1.2251033782958984
89,267,1.1308135986328125
89,268,1.0376298427581787
89,269,1.2302899360656738
89,270,1.0323385000228882
89,271,1.232717752456665
89,272,1.1820131540298462
89,273,1.1206518411636353
89,274,1.065253734588623
89,275,0.9833831191062927
89,276,1.0042204856872559
89,277,1.0723021030426025
89,278,1.1810429096221924
89,279,1.0050345659255981
89,280,1.0885218381881714
89,281,1.0993788242340088
89,282,1.2351179122924805
89,283,1.2170896530151367
89,284,1.1706758737564087
89,285,1.4483311176300049
89,286,1.0646569728851318
89,287,1.1285163164138794
89,288,1.2668523788452148
89,289,1.2082828283309937
89,290,1.1969343423843384
89,291,1.248857021331787
89,292,1.2565909624099731
89,293,1.2663254737854004
89,294,1.2718515396118164
89,295,1.2440335750579834
89,296,1.1051394939422607
89,297,1.200249195098877
89,298,1.1138033866882324
89,299,1.210501790046692
89,300,1.336428165435791
89,301,1.220142126083374
89,302,1.231734037399292
89,303,1.180043339729309
89,304,1.1231257915496826
89,305,0.9727081060409546
89,306,1.2773158550262451
89,307,1.071991205215454
89,308,1.242087960243225
89,309,1.1833521127700806
89,310,1.0302742719650269
89,311,1.4266589879989624
90,0,1.1234771013259888
90,1,1.0237979888916016
90,2,0.9905220866203308
90,3,1.0476446151733398
90,4,1.1643524169921875
90,5,1.0659947395324707
90,6,1.1754264831542969
90,7,1.155142068862915
90,8,1.1247800588607788
90,9,1.045406460762024
90,10,1.1373205184936523
90,11,1.190457820892334
90,12,1.1653156280517578
90,13,1.1238027811050415
90,14,1.0891882181167603
90,15,1.2897769212722778
90,16,1.1160881519317627
90,17,1.1993827819824219
90,18,1.138974666595459
90,19,1.2234097719192505
90,20,1.2289597988128662
90,21,1.0628716945648193
90,22,1.109903335571289
90,23,1.1373167037963867
90,24,1.078984260559082
90,25,1.3034987449645996
90,26,1.2114800214767456
90,27,1.0614243745803833
90,28,1.1635648012161255
90,29,1.0436174869537354
90,30,1.2000768184661865
90,31,1.4320536851882935
90,32,1.1281123161315918
90,33,1.3188652992248535
90,34,1.207345724105835
90,35,0.9995200634002686
90,36,1.1248645782470703
90,37,1.0167338848114014
90,38,1.0887128114700317
90,39,1.1157748699188232
90,40,1.1509140729904175
90,41,1.0969903469085693
90,42,1.3210475444793701
90,43,1.1851423978805542
90,44,1.0462263822555542
90,45,0.9964507222175598
90,46,1.015362024307251
90,47,1.0125136375427246
90,48,1.0339125394821167
90,49,1.0917192697525024
90,50,1.1300034523010254
90,51,1.1554136276245117
90,52,1.0399506092071533
90,53,0.9695826768875122
90,54,1.234161615371704
90,55,1.1848466396331787
90,56,1.1380884647369385
90,57,1.2268182039260864
90,58,0.983797013759613
90,59,1.2721155881881714
90,60,1.055816888809204
90,61,1.3521158695220947
90,62,1.1899194717407227
90,63,1.1747491359710693
90,64,1.0519840717315674
90,65,1.202828049659729
90,66,1.2320163249969482
90,67,1.117922306060791
90,68,1.1424200534820557
90,69,1.153752088546753
90,70,1.1841485500335693
90,71,1.0750195980072021
90,72,1.013746738433838
90,73,1.1453121900558472
90,74,1.0774356126785278
90,75,1.2833160161972046
90,76,1.0662524700164795
90,77,0.999550461769104
90,78,0.9510196447372437
90,79,1.2205191850662231
90,80,1.0803955793380737
90,81,1.0655021667480469
90,82,1.1289633512496948
90,83,1.1874381303787231
90,84,1.1099740266799927
90,85,1.174128532409668
90,86,1.3285369873046875
90,87,1.0316369533538818
90,88,1.175196886062622
90,89,1.4328252077102661
90,90,1.1405835151672363
90,91,1.135783314704895
90,92,1.0951294898986816
90,93,1.2747652530670166
90,94,1.2124989032745361
90,95,1.1782504320144653
90,96,0.9735417366027832
90,97,1.1131117343902588
90,98,1.2933450937271118
90,99,1.2913765907287598
90,100,1.2378077507019043
90,101,1.0027830600738525
90,102,1.1102042198181152
90,103,1.1244237422943115
90,104,1.2942016124725342
90,105,1.1818549633026123
90,106,1.0709891319274902
90,107,1.0076467990875244
90,108,1.041961908340454
90,109,1.184511661529541
90,110,1.082195520401001
90,111,1.0735127925872803
90,112,1.123473882675171
90,113,1.4435882568359375
90,114,1.048311710357666
90,115,1.60016667842865
90,116,1.0508019924163818
90,117,1.258866310119629
90,118,1.0666340589523315
90,119,1.0124046802520752
90,120,1.0015281438827515
90,121,0.9775750041007996
90,122,1.1752145290374756
90,123,1.1707608699798584
90,124,1.2244951725006104
90,125,1.0869373083114624
90,126,1.2703020572662354
90,127,1.1085896492004395
90,128,1.3403434753417969
90,129,1.1411681175231934
90,130,1.2082889080047607
90,131,0.9551036357879639
90,132,1.3075058460235596
90,133,1.1111184358596802
90,134,1.1375197172164917
90,135,1.1489572525024414
90,136,1.0873425006866455
90,137,1.0589632987976074
90,138,1.0160150527954102
90,139,1.1954798698425293
90,140,0.9386116862297058
90,141,1.139039158821106
90,142,1.1418235301971436
90,143,1.1355321407318115
90,144,1.0651799440383911
90,145,1.2310055494308472
90,146,1.1662641763687134
90,147,1.2019754648208618
90,148,1.106999397277832
90,149,1.116434931755066
90,150,1.1260391473770142
90,151,1.150718331336975
90,152,1.180631160736084
90,153,0.9658543467521667
90,154,1.1986405849456787
90,155,1.0444542169570923
90,156,1.2426047325134277
90,157,1.0578168630599976
90,158,1.0572855472564697
90,159,0.9961777925491333
90,160,1.1252607107162476
90,161,1.0580253601074219
90,162,1.1676156520843506
90,163,1.1734871864318848
90,164,1.0853734016418457
90,165,1.1698729991912842
90,166,1.148158311843872
90,167,1.1283621788024902
90,168,1.0322210788726807
90,169,1.1418291330337524
90,170,1.4310483932495117
90,171,1.1450371742248535
90,172,1.144382119178772
90,173,1.1160640716552734
90,174,1.072718858718872
90,175,1.5366175174713135
90,176,1.1765491962432861
90,177,1.2290784120559692
90,178,1.0665677785873413
90,179,1.1431776285171509
90,180,0.9549237489700317
90,181,1.1538820266723633
90,182,1.1153303384780884
90,183,1.3056378364562988
90,184,1.276895523071289
90,185,1.4958508014678955
90,186,1.4032337665557861
90,187,0.9892669320106506
90,188,1.2145793437957764
90,189,1.0971735715866089
90,190,1.1393709182739258
90,191,1.3510816097259521
90,192,1.5418612957000732
90,193,1.1288808584213257
90,194,0.9226908683776855
90,195,1.1465011835098267
90,196,1.1270251274108887
90,197,1.152440071105957
90,198,1.0712791681289673
90,199,1.2404793500900269
90,200,1.2139017581939697
90,201,1.2196812629699707
90,202,1.3833469152450562
90,203,1.4342883825302124
90,204,1.3067594766616821
90,205,1.1340022087097168
90,206,0.9823836088180542
90,207,1.1935367584228516
90,208,1.2729568481445312
90,209,1.090331792831421
90,210,1.3970738649368286
90,211,0.9927574992179871
90,212,0.9658893346786499
90,213,1.1483086347579956
90,214,1.0929789543151855
90,215,1.3570934534072876
90,216,1.0704017877578735
90,217,1.3015880584716797
90,218,0.9885631203651428
90,219,1.1894850730895996
90,220,1.1185288429260254
90,221,1.149322509765625
90,222,1.0749685764312744
90,223,1.1396170854568481
90,224,1.110938310623169
90,225,1.2994914054870605
90,226,1.3189584016799927
90,227,1.0979050397872925
90,228,1.1015841960906982
90,229,1.3732085227966309
90,230,1.1527138948440552
90,231,1.1270560026168823
90,232,1.2558467388153076
90,233,1.2318918704986572
90,234,1.1403651237487793
90,235,1.075812578201294
90,236,1.105658769607544
90,237,1.087336778640747
90,238,1.1331547498703003
90,239,0.9269098043441772
90,240,1.099759817123413
90,241,1.0871270895004272
90,242,1.0407696962356567
90,243,1.0160670280456543
90,244,1.1718801259994507
90,245,1.1315772533416748
90,246,1.2666411399841309
90,247,1.2040212154388428
90,248,1.0576488971710205
90,249,1.2197188138961792
90,250,1.1739814281463623
90,251,1.2225326299667358
90,252,1.0522748231887817
90,253,1.2413861751556396
90,254,1.000698447227478
90,255,1.2841792106628418
90,256,1.1148585081100464
90,257,1.1129951477050781
90,258,1.061078667640686
90,259,0.9974890947341919
90,260,1.0816714763641357
90,261,1.2487250566482544
90,262,1.0269025564193726
90,263,1.2258663177490234
90,264,1.1303247213363647
90,265,1.0023497343063354
90,266,1.2380423545837402
90,267,1.152319073677063
90,268,1.4887745380401611
90,269,1.1710155010223389
90,270,1.0839898586273193
90,271,1.0817675590515137
90,272,1.034592628479004
90,273,1.1132094860076904
90,274,1.1318917274475098
90,275,0.9697151184082031
90,276,1.1095333099365234
90,277,1.0749835968017578
90,278,1.1777479648590088
90,279,1.1915985345840454
90,280,0.9771091341972351
90,281,1.207166075706482
90,282,1.0531928539276123
90,283,1.400305986404419
90,284,1.047516107559204
90,285,1.0959969758987427
90,286,1.0346311330795288
90,287,1.1783843040466309
90,288,1.0928096771240234
90,289,1.2448352575302124
90,290,1.2578136920928955
90,291,1.0396004915237427
90,292,1.102068543434143
90,293,1.110970377922058
90,294,0.984792947769165
90,295,1.1901239156723022
90,296,1.2129634618759155
90,297,1.3605139255523682
90,298,1.238034725189209
90,299,1.310511827468872
90,300,1.1118497848510742
90,301,1.2851572036743164
90,302,1.2310457229614258
90,303,1.026391625404358
90,304,1.093639850616455
90,305,0.9728783965110779
90,306,1.0315070152282715
90,307,1.055166482925415
90,308,1.1484922170639038
90,309,1.1072717905044556
90,310,1.5567432641983032
90,311,1.3272709846496582
91,0,1.0047580003738403
91,1,1.0870177745819092
91,2,1.1420671939849854
91,3,1.3278725147247314
91,4,1.2260701656341553
91,5,1.058993935585022
91,6,1.0318505764007568
91,7,1.055880069732666
91,8,1.1138184070587158
91,9,1.137904167175293
91,10,0.9525317549705505
91,11,0.9677251577377319
91,12,1.2731680870056152
91,13,1.1135516166687012
91,14,0.9673709273338318
91,15,1.1979272365570068
91,16,1.0577425956726074
91,17,1.138054370880127
91,18,1.0639246702194214
91,19,1.128617525100708
91,20,1.1991122961044312
91,21,1.443963885307312
91,22,1.317840337753296
91,23,1.1450779438018799
91,24,1.297505259513855
91,25,1.0601274967193604
91,26,1.1084028482437134
91,27,1.1530741453170776
91,28,1.0943377017974854
91,29,1.119378685951233
91,30,1.141206979751587
91,31,1.1797014474868774
91,32,1.121297001838684
91,33,1.0704065561294556
91,34,1.0019540786743164
91,35,0.9799540638923645
91,36,1.207556962966919
91,37,1.1025753021240234
91,38,1.40751314163208
91,39,1.0991909503936768
91,40,1.0070089101791382
91,41,1.011220932006836
91,42,1.2587599754333496
91,43,1.2183773517608643
91,44,1.1294293403625488
91,45,0.9399312734603882
91,46,1.1470789909362793
91,47,1.0378873348236084
91,48,1.0477626323699951
91,49,1.2047067880630493
91,50,1.1534717082977295
91,51,1.061751365661621
91,52,1.152230978012085
91,53,1.1463000774383545
91,54,1.027764081954956
91,55,1.3328168392181396
91,56,1.102737545967102
91,57,1.1257576942443848
91,58,1.0609612464904785
91,59,1.0912456512451172
91,60,1.0010876655578613
91,61,1.1860965490341187
91,62,1.1279629468917847
91,63,0.9642236828804016
91,64,1.199080228805542
91,65,1.0944938659667969
91,66,1.1597176790237427
91,67,1.1018882989883423
91,68,1.0888409614562988
91,69,1.0824408531188965
91,70,1.2154760360717773
91,71,1.2292739152908325
91,72,1.0878965854644775
91,73,1.23224937915802
91,74,1.0058196783065796
91,75,1.2032729387283325
91,76,1.2734307050704956
91,77,1.2184772491455078
91,78,1.1594692468643188
91,79,1.1760393381118774
91,80,1.3163954019546509
91,81,1.2802643775939941
91,82,1.279276728630066
91,83,1.1017316579818726
91,84,1.207435131072998
91,85,1.0885297060012817
91,86,0.9929027557373047
91,87,1.0607216358184814
91,88,1.0909948348999023
91,89,1.0376774072647095
91,90,1.1667274236679077
91,91,1.0816398859024048
91,92,1.2066625356674194
91,93,1.1227102279663086
91,94,1.035070776939392
91,95,0.9985384941101074
91,96,1.3230549097061157
91,97,1.0982823371887207
91,98,1.0136440992355347
91,99,1.050722360610962
91,100,1.131227970123291
91,101,1.1045384407043457
91,102,1.1708930730819702
91,103,1.1932040452957153
91,104,1.095056414604187
91,105,1.0132592916488647
91,106,1.1379708051681519
91,107,1.3078938722610474
91,108,0.965831995010376
91,109,1.4112324714660645
91,110,0.9896283149719238
91,111,1.198906660079956
91,112,0.9749727249145508
91,113,1.1031042337417603
91,114,1.027438998222351
91,115,1.044311761856079
91,116,1.0580241680145264
91,117,1.1225581169128418
91,118,1.2482740879058838
91,119,1.0492925643920898
91,120,1.1296765804290771
91,121,1.2338680028915405
91,122,0.9943205714225769
91,123,1.078508734703064
91,124,1.0240851640701294
91,125,1.120962142944336
91,126,1.1293673515319824
91,127,1.0786323547363281
91,128,1.2563133239746094
91,129,1.245797872543335
91,130,1.2477340698242188
91,131,1.0787619352340698
91,132,1.083895206451416
91,133,1.1129019260406494
91,134,1.0999773740768433
91,135,0.9468535780906677
91,136,1.1193087100982666
91,137,1.177966833114624
91,138,1.0555015802383423
91,139,1.0227807760238647
91,140,1.0554466247558594
91,141,1.0728718042373657
91,142,1.2632160186767578
91,143,1.0832315683364868
91,144,1.0467115640640259
91,145,1.146785020828247
91,146,1.0208625793457031
91,147,1.194186806678772
91,148,1.1746689081192017
91,149,1.0878472328186035
91,150,1.127921462059021
91,151,1.0497665405273438
91,152,1.025120496749878
91,153,1.0166468620300293
91,154,1.2450482845306396
91,155,1.1413320302963257
91,156,1.1164743900299072
91,157,1.2021069526672363
91,158,1.0727465152740479
91,159,1.0923255681991577
91,160,1.1018717288970947
91,161,1.083256483078003
91,162,0.9828881621360779
91,163,1.0017911195755005
91,164,0.968690037727356
91,165,1.122553825378418
91,166,1.061621904373169
91,167,1.007561206817627
91,168,1.257170557975769
91,169,1.1679177284240723
91,170,1.0024690628051758
91,171,1.012351393699646
91,172,1.1750779151916504
91,173,1.0595823526382446
91,174,1.112711787223816
91,175,1.1196441650390625
91,176,1.192125678062439
91,177,1.1365445852279663
91,178,1.0795124769210815
91,179,0.9654881358146667
91,180,0.9615471959114075
91,181,1.1875154972076416
91,182,1.1425068378448486
91,183,1.2834734916687012
91,184,1.0430783033370972
91,185,1.2157104015350342
91,186,0.9699086546897888
91,187,1.0621691942214966
91,188,1.1931767463684082
91,189,1.0881096124649048
91,190,1.1831110715866089
91,191,1.1687965393066406
91,192,1.0878663063049316
91,193,0.985875129699707
91,194,1.1318798065185547
91,195,1.222363829612732
91,196,1.075982689857483
91,197,1.2617682218551636
91,198,1.0604360103607178
91,199,1.1221014261245728
91,200,1.1120752096176147
91,201,1.2058250904083252
91,202,1.1559303998947144
91,203,1.2318809032440186
91,204,1.0672484636306763
91,205,1.0881520509719849
91,206,1.1718729734420776
91,207,1.1542106866836548
91,208,1.0973587036132812
91,209,1.1058824062347412
91,210,1.0171034336090088
91,211,0.993067741394043
91,212,1.2344744205474854
91,213,1.1900951862335205
91,214,1.0640923976898193
91,215,1.226417899131775
91,216,1.2143893241882324
91,217,1.0945215225219727
91,218,1.214677333831787
91,219,1.1373578310012817
91,220,1.0688716173171997
91,221,1.3491907119750977
91,222,1.4452145099639893
91,223,1.007791519165039
91,224,1.1006052494049072
91,225,1.0612430572509766
91,226,0.9740661382675171
91,227,1.108701229095459
91,228,1.3008084297180176
91,229,1.0842328071594238
91,230,1.0252861976623535
91,231,1.0636484622955322
91,232,1.113940954208374
91,233,1.238861322402954
91,234,1.02213454246521
91,235,1.2017841339111328
91,236,1.1343278884887695
91,237,1.0553810596466064
91,238,1.1580121517181396
91,239,1.2639267444610596
91,240,0.9836387634277344
91,241,1.0812021493911743
91,242,1.1189095973968506
91,243,1.2812803983688354
91,244,1.1143046617507935
91,245,1.0302876234054565
91,246,1.0577651262283325
91,247,1.116749882698059
91,248,1.1104512214660645
91,249,1.0737781524658203
91,250,1.1775445938110352
91,251,1.1320537328720093
91,252,1.1292076110839844
91,253,1.0686410665512085
91,254,1.2334132194519043
91,255,1.2859890460968018
91,256,1.1308813095092773
91,257,1.1164891719818115
91,258,0.9777047634124756
91,259,1.0453946590423584
91,260,1.1492974758148193
91,261,0.9714776277542114
91,262,1.1172465085983276
91,263,1.1126230955123901
91,264,1.2815757989883423
91,265,1.0116381645202637
91,266,1.2067654132843018
91,267,1.1951816082000732
91,268,1.1175990104675293
91,269,1.0979143381118774
91,270,1.0301620960235596
91,271,1.016940712928772
91,272,1.16953706741333
91,273,1.0221240520477295
91,274,1.0597000122070312
91,275,1.120936632156372
91,276,0.9874874353408813
91,277,1.091259479522705
91,278,1.0018035173416138
91,279,1.1610567569732666
91,280,1.094821572303772
91,281,1.1685075759887695
91,282,1.1553176641464233
91,283,1.0680947303771973
91,284,1.0340882539749146
91,285,1.3470139503479004
91,286,1.0443497896194458
91,287,1.1656100749969482
91,288,1.2929695844650269
91,289,1.0446234941482544
91,290,1.104292392730713
91,291,1.1548900604248047
91,292,1.0960910320281982
91,293,1.0316632986068726
91,294,1.2916944026947021
91,295,1.038233757019043
91,296,1.0935707092285156
91,297,1.0557177066802979
91,298,1.2017805576324463
91,299,1.0764453411102295
91,300,1.1608655452728271
91,301,1.1389318704605103
91,302,1.0581634044647217
91,303,1.020453691482544
91,304,0.9628458619117737
91,305,1.144612193107605
91,306,1.0311028957366943
91,307,1.1061530113220215
91,308,1.1167570352554321
91,309,1.1267826557159424
91,310,1.201509714126587
91,311,1.1788561344146729
92,0,1.0736907720565796
92,1,0.9985027313232422
92,2,1.1519156694412231
92,3,1.0131385326385498
92,4,1.0055301189422607
92,5,1.2973636388778687
92,6,1.0970851182937622
92,7,1.131422519683838
92,8,1.0698184967041016
92,9,1.0930825471878052
92,10,1.0964291095733643
92,11,1.0761362314224243
92,12,1.1270620822906494
92,13,1.1087440252304077
92,14,1.1359750032424927
92,15,1.25127112865448
92,16,1.0516120195388794
92,17,1.218032717704773
92,18,0.9553108811378479
92,19,1.1801433563232422
92,20,1.1056301593780518
92,21,0.9604489803314209
92,22,1.015706181526184
92,23,1.0863535404205322
92,24,1.2683347463607788
92,25,1.2522841691970825
92,26,0.9322941899299622
92,27,1.1535828113555908
92,28,1.192608118057251
92,29,1.0802395343780518
92,30,1.1687415838241577
92,31,1.1640923023223877
92,32,1.1540486812591553
92,33,1.068375587463379
92,34,0.9754307866096497
92,35,1.1778531074523926
92,36,1.2720012664794922
92,37,1.0337200164794922
92,38,1.0423833131790161
92,39,1.1902111768722534
92,40,1.0693495273590088
92,41,1.012511968612671
92,42,1.050561785697937
92,43,1.0429832935333252
92,44,1.1288739442825317
92,45,1.049536108970642
92,46,1.0346202850341797
92,47,1.4172403812408447
92,48,1.0429813861846924
92,49,1.0022025108337402
92,50,1.0972769260406494
92,51,0.9992944598197937
92,52,1.127396821975708
92,53,1.077091097831726
92,54,1.053486704826355
92,55,1.081111192703247
92,56,1.0981730222702026
92,57,1.1088637113571167
92,58,1.2124073505401611
92,59,1.3336589336395264
92,60,1.106553554534912
92,61,1.1896034479141235
92,62,1.1137056350708008
92,63,1.1416800022125244
92,64,1.0460970401763916
92,65,1.0613923072814941
92,66,0.9772366285324097
92,67,1.2013615369796753
92,68,0.9798380732536316
92,69,1.0765111446380615
92,70,1.2023869752883911
92,71,1.0917847156524658
92,72,1.0840777158737183
92,73,0.9391871690750122
92,74,1.039785385131836
92,75,1.0100831985473633
92,76,1.1482336521148682
92,77,1.1235724687576294
92,78,1.190291166305542
92,79,1.0286593437194824
92,80,1.116642713546753
92,81,0.9528999328613281
92,82,1.0601112842559814
92,83,1.1387939453125
92,84,1.0909171104431152
92,85,1.0020350217819214
92,86,1.138630986213684
92,87,1.1157550811767578
92,88,1.1671125888824463
92,89,1.0525437593460083
92,90,1.3547096252441406
92,91,1.1411598920822144
92,92,1.0873947143554688
92,93,1.0979887247085571
92,94,1.0850307941436768
92,95,1.126725435256958
92,96,1.0723365545272827
92,97,1.0489661693572998
92,98,1.2033905982971191
92,99,1.1233327388763428
92,100,1.0812522172927856
92,101,1.0415867567062378
92,102,1.1197986602783203
92,103,0.9685012698173523
92,104,1.158473253250122
92,105,0.9639711380004883
92,106,1.128820538520813
92,107,0.9667291045188904
92,108,1.256514310836792
92,109,1.2788703441619873
92,110,1.273758888244629
92,111,1.1094906330108643
92,112,1.0188217163085938
92,113,1.0187147855758667
92,114,1.0567796230316162
92,115,1.005613088607788
92,116,1.0069301128387451
92,117,1.1187318563461304
92,118,1.0135219097137451
92,119,1.1050736904144287
92,120,1.0076671838760376
92,121,1.2311842441558838
92,122,1.0187618732452393
92,123,1.097140908241272
92,124,1.1363799571990967
92,125,1.3484880924224854
92,126,1.012352705001831
92,127,1.154096245765686
92,128,1.046338438987732
92,129,1.006518840789795
92,130,1.1711031198501587
92,131,1.0413604974746704
92,132,1.1531312465667725
92,133,1.0227224826812744
92,134,0.9815282821655273
92,135,1.0335407257080078
92,136,1.013416051864624
92,137,1.0487565994262695
92,138,1.150484561920166
92,139,1.0115488767623901
92,140,1.2714149951934814
92,141,1.2530312538146973
92,142,1.0224699974060059
92,143,1.0514804124832153
92,144,1.221189260482788
92,145,1.1043516397476196
92,146,1.224327802658081
92,147,1.1674432754516602
92,148,1.1606736183166504
92,149,1.1093610525131226
92,150,1.1360281705856323
92,151,1.0058444738388062
92,152,1.1464523077011108
92,153,1.1241369247436523
92,154,1.1241079568862915
92,155,1.3034770488739014
92,156,1.1086795330047607
92,157,1.0414974689483643
92,158,1.2878825664520264
92,159,1.1127458810806274
92,160,1.0466923713684082
92,161,0.9678807258605957
92,162,1.2281689643859863
92,163,0.9934645295143127
92,164,1.139269471168518
92,165,1.1133795976638794
92,166,1.0114469528198242
92,167,1.0201537609100342
92,168,1.147303581237793
92,169,1.0486974716186523
92,170,1.221869707107544
92,171,1.166710376739502
92,172,1.014514684677124
92,173,1.5546913146972656
92,174,1.234723448753357
92,175,1.083313226699829
92,176,1.1775646209716797
92,177,1.0018529891967773
92,178,1.308164119720459
92,179,1.120175838470459
92,180,1.3197510242462158
92,181,1.342954397201538
92,182,1.0501503944396973
92,183,1.0724315643310547
92,184,0.9963468909263611
92,185,1.143526554107666
92,186,1.0653144121170044
92,187,1.1285654306411743
92,188,1.185823917388916
92,189,1.152345061302185
92,190,1.0605781078338623
92,191,1.2723453044891357
92,192,1.074806571006775
92,193,0.9587587118148804
92,194,1.1597514152526855
92,195,1.1984412670135498
92,196,1.189072608947754
92,197,1.0386699438095093
92,198,1.1967642307281494
92,199,1.099452018737793
92,200,1.0804455280303955
92,201,1.0706452131271362
92,202,1.2267400026321411
92,203,0.9701051712036133
92,204,1.0198636054992676
92,205,1.032484769821167
92,206,1.3483662605285645
92,207,1.0323991775512695
92,208,1.2712262868881226
92,209,1.0648590326309204
92,210,1.0939507484436035
92,211,1.1535521745681763
92,212,1.0597031116485596
92,213,1.228621006011963
92,214,1.3575485944747925
92,215,1.3101670742034912
92,216,1.21583890914917
92,217,1.0262236595153809
92,218,1.1874961853027344
92,219,1.1381871700286865
92,220,1.1602665185928345
92,221,1.0885173082351685
92,222,1.073790192604065
92,223,1.1707351207733154
92,224,1.1438355445861816
92,225,1.0920724868774414
92,226,1.1882195472717285
92,227,1.012839674949646
92,228,1.0374557971954346
92,229,1.1325099468231201
92,230,1.1656429767608643
92,231,1.1678091287612915
92,232,1.1326674222946167
92,233,0.9887264370918274
92,234,1.0118470191955566
92,235,1.0771055221557617
92,236,1.08712637424469
92,237,1.0741615295410156
92,238,1.1428649425506592
92,239,1.065198540687561
92,240,1.2471389770507812
92,241,1.189497709274292
92,242,1.2191616296768188
92,243,1.27385413646698
92,244,1.1840076446533203
92,245,1.0994049310684204
92,246,1.252641201019287
92,247,1.041534662246704
92,248,1.0544004440307617
92,249,1.3643524646759033
92,250,1.1207515001296997
92,251,1.0769394636154175
92,252,1.209955096244812
92,253,1.064039945602417
92,254,0.9775434136390686
92,255,1.247086524963379
92,256,1.1084502935409546
92,257,0.9962126612663269
92,258,1.0982551574707031
92,259,1.0192588567733765
92,260,1.2111824750900269
92,261,1.264549732208252
92,262,1.0859895944595337
92,263,1.0041223764419556
92,264,1.1619024276733398
92,265,1.0718449354171753
92,266,1.1424890756607056
92,267,1.305898666381836
92,268,1.073047161102295
92,269,1.408956527709961
92,270,1.0005524158477783
92,271,0.9372764825820923
92,272,1.1242938041687012
92,273,1.2759037017822266
92,274,1.262436866760254
92,275,1.0786187648773193
92,276,1.2100930213928223
92,277,0.9990190267562866
92,278,1.1958305835723877
92,279,1.3846714496612549
92,280,1.1042206287384033
92,281,1.4973599910736084
92,282,1.1742463111877441
92,283,1.0811010599136353
92,284,1.1240122318267822
92,285,1.381447196006775
92,286,1.0777018070220947
92,287,1.1579537391662598
92,288,1.2437996864318848
92,289,1.169008731842041
92,290,1.1205281019210815
92,291,1.2626198530197144
92,292,1.1499532461166382
92,293,0.9927208423614502
92,294,1.3014949560165405
92,295,1.1007088422775269
92,296,1.1791287660598755
92,297,1.1098796129226685
92,298,1.0607380867004395
92,299,1.172673225402832
92,300,1.1794872283935547
92,301,1.0814709663391113
92,302,1.0870099067687988
92,303,1.1129915714263916
92,304,1.108707070350647
92,305,1.1196891069412231
92,306,1.1253801584243774
92,307,1.3263347148895264
92,308,1.206272006034851
92,309,1.00823175907135
92,310,1.083558201789856
92,311,1.165010929107666
93,0,0.8843382596969604
93,1,1.0697946548461914
93,2,1.0910382270812988
93,3,1.1076698303222656
93,4,1.1138529777526855
93,5,1.1078100204467773
93,6,0.9803290367126465
93,7,1.0318293571472168
93,8,1.153450846672058
93,9,1.1702302694320679
93,10,1.0894029140472412
93,11,1.233896017074585
93,12,1.0576038360595703
93,13,1.1381951570510864
93,14,1.2887784242630005
93,15,1.0596529245376587
93,16,1.1274151802062988
93,17,1.2958487272262573
93,18,1.1304436922073364
93,19,1.2372801303863525
93,20,1.0419338941574097
93,21,1.093762755393982
93,22,1.3343027830123901
93,23,0.9689828157424927
93,24,1.0482861995697021
93,25,1.0989511013031006
93,26,1.125457525253296
93,27,1.0928800106048584
93,28,1.2588016986846924
93,29,1.0806443691253662
93,30,1.2639495134353638
93,31,1.1135069131851196
93,32,1.2111986875534058
93,33,1.5247507095336914
93,34,1.0095382928848267
93,35,1.0891820192337036
93,36,1.3979840278625488
93,37,1.0771690607070923
93,38,1.158850073814392
93,39,0.9835609793663025
93,40,1.0597888231277466
93,41,1.0327645540237427
93,42,1.1896238327026367
93,43,1.1296929121017456
93,44,1.07421875
93,45,1.0585055351257324
93,46,1.0905940532684326
93,47,1.2337024211883545
93,48,1.1596260070800781
93,49,1.0014300346374512
93,50,0.9769653081893921
93,51,1.2168512344360352
93,52,1.1689742803573608
93,53,1.0662184953689575
93,54,1.2643914222717285
93,55,0.9695146083831787
93,56,1.1670259237289429
93,57,1.1874202489852905
93,58,1.0816377401351929
93,59,1.1784166097640991
93,60,0.9552985429763794
93,61,1.0332192182540894
93,62,1.1289559602737427
93,63,1.0364476442337036
93,64,1.043168067932129
93,65,1.1897342205047607
93,66,1.0622835159301758
93,67,1.0726079940795898
93,68,1.0798580646514893
93,69,1.003788948059082
93,70,1.1800886392593384
93,71,0.9820742011070251
93,72,1.0684945583343506
93,73,1.0436384677886963
93,74,1.2576652765274048
93,75,1.0297458171844482
93,76,1.137640357017517
93,77,1.0411547422409058
93,78,1.3164587020874023
93,79,1.3118932247161865
93,80,1.0814337730407715
93,81,1.060605525970459
93,82,1.1278035640716553
93,83,1.253425121307373
93,84,1.1689045429229736
93,85,0.9860148429870605
93,86,1.1268694400787354
93,87,1.1295859813690186
93,88,1.08639657497406
93,89,0.9636490345001221
93,90,1.097760796546936
93,91,1.1447851657867432
93,92,1.0996060371398926
93,93,1.0573638677597046
93,94,1.1789906024932861
93,95,1.15196692943573
93,96,1.2374361753463745
93,97,1.199603796005249
93,98,0.9955893158912659
93,99,1.0262954235076904
93,100,1.130581259727478
93,101,1.0056958198547363
93,102,1.0630347728729248
93,103,1.2001490592956543
93,104,1.1711962223052979
93,105,0.9535188674926758
93,106,1.077688217163086
93,107,1.2655553817749023
93,108,1.3216159343719482
93,109,1.2384179830551147
93,110,0.9779467582702637
93,111,1.0141876935958862
93,112,1.0109096765518188
93,113,1.0819306373596191
93,114,1.1865403652191162
93,115,1.0237860679626465
93,116,1.1137683391571045
93,117,0.9639394283294678
93,118,0.9352229833602905
93,119,0.9773684144020081
93,120,1.0914605855941772
93,121,1.0470986366271973
93,122,1.081037163734436
93,123,0.9906414747238159
93,124,1.2648922204971313
93,125,1.013662576675415
93,126,1.0999794006347656
93,127,1.0855517387390137
93,128,1.075673222541809
93,129,0.98685622215271
93,130,1.066537857055664
93,131,1.0179692506790161
93,132,1.1052669286727905
93,133,1.0326428413391113
93,134,1.250840187072754
93,135,1.0884032249450684
93,136,0.9803410172462463
93,137,1.0945775508880615
93,138,1.106989860534668
93,139,1.0726083517074585
93,140,1.0893023014068604
93,141,0.970017671585083
93,142,1.29194974899292
93,143,1.1184871196746826
93,144,1.0016047954559326
93,145,1.1530495882034302
93,146,1.1650744676589966
93,147,1.1683928966522217
93,148,1.1077592372894287
93,149,1.1723308563232422
93,150,1.1476194858551025
93,151,1.1267132759094238
93,152,0.9937856197357178
93,153,1.1511554718017578
93,154,1.3029425144195557
93,155,1.277115821838379
93,156,1.239031195640564
93,157,0.9874299764633179
93,158,1.2093312740325928
93,159,1.0592063665390015
93,160,1.162536859512329
93,161,1.3346059322357178
93,162,1.249436378479004
93,163,0.9885831475257874
93,164,1.0772030353546143
93,165,1.1085500717163086
93,166,1.3003073930740356
93,167,1.0258108377456665
93,168,1.3455524444580078
93,169,1.0186973810195923
93,170,1.0285142660140991
93,171,1.0346448421478271
93,172,1.2084007263183594
93,173,1.0483919382095337
93,174,1.1196849346160889
93,175,1.1862074136734009
93,176,1.2607042789459229
93,177,1.020691156387329
93,178,1.1568323373794556
93,179,1.3758615255355835
93,180,1.1168439388275146
93,181,1.3056461811065674
93,182,1.0489025115966797
93,183,1.0614333152770996
93,184,1.0079562664031982
93,185,1.1445939540863037
93,186,1.2233667373657227
93,187,1.0373647212982178
93,188,1.08554208278656
93,189,1.0564050674438477
93,190,1.1547727584838867
93,191,1.3120028972625732
93,192,1.2071218490600586
93,193,1.2967796325683594
93,194,1.0911009311676025
93,195,1.070605754852295
93,196,1.0879428386688232
93,197,1.2141131162643433
93,198,1.0920546054840088
93,199,1.1193442344665527
93,200,1.2087152004241943
93,201,1.47041916847229
93,202,1.1144840717315674
93,203,1.2319390773773193
93,204,1.2176212072372437
93,205,0.9766420722007751
93,206,1.030385971069336
93,207,1.0587468147277832
93,208,1.0944966077804565
93,209,1.085645079612732
93,210,1.0750905275344849
93,211,1.0787328481674194
93,212,1.0654443502426147
93,213,1.1146327257156372
93,214,1.2257436513900757
93,215,1.2079538106918335
93,216,1.1512413024902344
93,217,1.1020594835281372
93,218,1.2015836238861084
93,219,1.0801457166671753
93,220,0.9812425374984741
93,221,1.1966612339019775
93,222,1.2526202201843262
93,223,1.0390424728393555
93,224,1.2276242971420288
93,225,1.0615143775939941
93,226,1.2959716320037842
93,227,1.1108852624893188
93,228,0.9771296977996826
93,229,1.2756612300872803
93,230,1.035804271697998
93,231,1.0629690885543823
93,232,1.1393165588378906
93,233,1.3361115455627441
93,234,1.1770646572113037
93,235,0.9656898975372314
93,236,1.2024457454681396
93,237,1.043858528137207
93,238,1.127102255821228
93,239,1.0320698022842407
93,240,1.0854988098144531
93,241,1.1562367677688599
93,242,1.508331298828125
93,243,1.2025575637817383
93,244,1.2650158405303955
93,245,0.9942068457603455
93,246,1.1257972717285156
93,247,1.0529214143753052
93,248,1.1784849166870117
93,249,1.223175048828125
93,250,1.0910875797271729
93,251,1.1886522769927979
93,252,1.0239968299865723
93,253,1.0581839084625244
93,254,1.0955705642700195
93,255,1.2545872926712036
93,256,1.1861158609390259
93,257,1.1440095901489258
93,258,1.0796704292297363
93,259,1.1702051162719727
93,260,1.229305624961853
93,261,0.997875988483429
93,262,1.0852351188659668
93,263,1.035043478012085
93,264,1.1824779510498047
93,265,1.064439296722412
93,266,1.0432724952697754
93,267,1.0024892091751099
93,268,1.1861438751220703
93,269,1.3125004768371582
93,270,1.1730148792266846
93,271,1.2613577842712402
93,272,0.9874395132064819
93,273,1.1793466806411743
93,274,0.9625547528266907
93,275,1.181161642074585
93,276,1.3252009153366089
93,277,1.0460988283157349
93,278,1.0817762613296509
93,279,1.1467424631118774
93,280,1.1831002235412598
93,281,1.0701290369033813
93,282,1.445099949836731
93,283,1.0191148519515991
93,284,1.1051472425460815
93,285,1.0138672590255737
93,286,1.0594167709350586
93,287,1.186577558517456
93,288,0.9720298051834106
93,289,1.356952428817749
93,290,1.0533130168914795
93,291,1.369102954864502
93,292,1.3136839866638184
93,293,1.070845127105713
93,294,1.2416768074035645
93,295,1.0949945449829102
93,296,1.0709322690963745
93,297,1.1324015855789185
93,298,1.1960258483886719
93,299,1.076583743095398
93,300,1.0635933876037598
93,301,1.0274659395217896
93,302,1.1380181312561035
93,303,1.1867918968200684
93,304,1.116827368736267
93,305,1.528957724571228
93,306,1.1834654808044434
93,307,1.268215298652649
93,308,1.1340922117233276
93,309,1.071589469909668
93,310,1.1949352025985718
93,311,1.1087895631790161
94,0,1.1139410734176636
94,1,1.0689499378204346
94,2,1.135955572128296
94,3,0.8697261214256287
94,4,1.114965796470642
94,5,1.1912051439285278
94,6,1.1168336868286133
94,7,0.9869166016578674
94,8,1.2002413272857666
94,9,1.139017939567566
94,10,1.0550317764282227
94,11,1.30591881275177
94,12,1.6553640365600586
94,13,1.0916630029678345
94,14,1.1761895418167114
94,15,1.0395622253417969
94,16,1.120349645614624
94,17,1.2148503065109253
94,18,1.0252019166946411
94,19,1.1431103944778442
94,20,1.0282307863235474
94,21,1.459907054901123
94,22,1.0691617727279663
94,23,1.050136685371399
94,24,1.138232946395874
94,25,0.9889297485351562
94,26,1.1167608499526978
94,27,1.299497127532959
94,28,1.195617914199829
94,29,1.0077002048492432
94,30,1.0371208190917969
94,31,1.107987403869629
94,32,1.0305778980255127
94,33,1.2846711874008179
94,34,1.148059606552124
94,35,1.1279739141464233
94,36,1.2137130498886108
94,37,1.0405735969543457
94,38,1.2533868551254272
94,39,1.2367055416107178
94,40,1.2283838987350464
94,41,0.9987680912017822
94,42,1.101995825767517
94,43,1.005298137664795
94,44,1.2487118244171143
94,45,1.22115159034729
94,46,1.0890436172485352
94,47,1.0189863443374634
94,48,1.0848698616027832
94,49,1.2006266117095947
94,50,1.1052961349487305
94,51,1.0582973957061768
94,52,1.1493219137191772
94,53,1.240728735923767
94,54,1.0037931203842163
94,55,1.2854678630828857
94,56,1.1169015169143677
94,57,1.3246784210205078
94,58,1.177985429763794
94,59,1.094590187072754
94,60,1.1331443786621094
94,61,1.2634713649749756
94,62,1.0975391864776611
94,63,1.1724671125411987
94,64,1.3139536380767822
94,65,1.3695695400238037
94,66,1.1380205154418945
94,67,1.3469336032867432
94,68,1.0482414960861206
94,69,1.158178448677063
94,70,1.2112767696380615
94,71,1.1517982482910156
94,72,1.0466890335083008
94,73,1.023362636566162
94,74,0.9812014102935791
94,75,1.1665948629379272
94,76,1.1649110317230225
94,77,1.069153904914856
94,78,0.9499355554580688
94,79,1.1425353288650513
94,80,1.224577784538269
94,81,1.0647146701812744
94,82,1.0546687841415405
94,83,1.0899875164031982
94,84,1.250867247581482
94,85,1.2707481384277344
94,86,1.268315315246582
94,87,1.0183312892913818
94,88,1.3033971786499023
94,89,1.0698131322860718
94,90,1.2248713970184326
94,91,1.316972255706787
94,92,1.330253005027771
94,93,1.4357030391693115
94,94,1.1086889505386353
94,95,1.0463348627090454
94,96,1.0551681518554688
94,97,1.277220606803894
94,98,1.1669665575027466
94,99,1.2077524662017822
94,100,1.0957757234573364
94,101,1.0832371711730957
94,102,1.2311581373214722
94,103,1.0832850933074951
94,104,1.1080020666122437
94,105,1.015775203704834
94,106,1.1203739643096924
94,107,1.0037039518356323
94,108,0.9972689151763916
94,109,1.254415512084961
94,110,1.1785287857055664
94,111,1.0511133670806885
94,112,1.0349057912826538
94,113,0.995143711566925
94,114,1.1313567161560059
94,115,1.3046278953552246
94,116,1.0147738456726074
94,117,1.1928844451904297
94,118,1.1927317380905151
94,119,1.0762028694152832
94,120,1.1057374477386475
94,121,1.2821662425994873
94,122,1.133758306503296
94,123,1.0865955352783203
94,124,1.0754114389419556
94,125,1.060416340827942
94,126,1.0637626647949219
94,127,1.1055514812469482
94,128,1.0242060422897339
94,129,1.2917779684066772
94,130,1.066031813621521
94,131,1.0792489051818848
94,132,1.167585015296936
94,133,1.3198356628417969
94,134,1.1726961135864258
94,135,1.0827829837799072
94,136,1.1953624486923218
94,137,1.138753890991211
94,138,1.1061339378356934
94,139,1.2885010242462158
94,140,1.067516565322876
94,141,1.237877607345581
94,142,1.285284399986267
94,143,0.9521605372428894
94,144,0.9940295815467834
94,145,1.1945240497589111
94,146,1.0612294673919678
94,147,1.0608125925064087
94,148,1.101628065109253
94,149,1.0717947483062744
94,150,1.1350911855697632
94,151,1.1874161958694458
94,152,1.176016926765442
94,153,0.9988847374916077
94,154,1.0398565530776978
94,155,1.0566086769104004
94,156,1.1869488954544067
94,157,1.19298255443573
94,158,1.1381018161773682
94,159,1.1895437240600586
94,160,1.0614900588989258
94,161,1.1824995279312134
94,162,1.2792168855667114
94,163,1.0459706783294678
94,164,0.9042345881462097
94,165,1.110305666923523
94,166,1.0195903778076172
94,167,1.1047872304916382
94,168,1.0082225799560547
94,169,1.32504403591156
94,170,1.1366478204727173
94,171,1.1941630840301514
94,172,1.0729637145996094
94,173,1.3522884845733643
94,174,1.0997835397720337
94,175,1.0744069814682007
94,176,1.400115966796875
94,177,1.1821171045303345
94,178,1.0484519004821777
94,179,1.015127182006836
94,180,1.1872894763946533
94,181,0.9683225750923157
94,182,1.1356639862060547
94,183,0.9620140790939331
94,184,1.09096360206604
94,185,1.0033818483352661
94,186,1.0387128591537476
94,187,1.0316171646118164
94,188,1.1022838354110718
94,189,1.0136067867279053
94,190,1.3228269815444946
94,191,1.1549888849258423
94,192,1.0682073831558228
94,193,1.036562204360962
94,194,1.0958248376846313
94,195,1.1043620109558105
94,196,1.095073938369751
94,197,1.1073217391967773
94,198,1.0516514778137207
94,199,0.9974539279937744
94,200,1.0590263605117798
94,201,1.2086626291275024
94,202,1.1579478979110718
94,203,1.2616575956344604
94,204,1.1388190984725952
94,205,1.1373991966247559
94,206,1.0952610969543457
94,207,1.0630931854248047
94,208,1.0563100576400757
94,209,0.978413462638855
94,210,1.083268404006958
94,211,1.3672655820846558
94,212,1.1695672273635864
94,213,1.4069151878356934
94,214,1.0710948705673218
94,215,1.1271387338638306
94,216,1.0301527976989746
94,217,1.1553655862808228
94,218,1.191692590713501
94,219,1.1383613348007202
94,220,1.072066307067871
94,221,1.1875282526016235
94,222,0.9847119450569153
94,223,1.086797833442688
94,224,1.2140977382659912
94,225,0.9579564332962036
94,226,1.0837664604187012
94,227,1.0931103229522705
94,228,1.147192358970642
94,229,1.2290966510772705
94,230,1.0836808681488037
94,231,1.0907278060913086
94,232,0.9725372791290283
94,233,1.0755828619003296
94,234,1.0507848262786865
94,235,1.1438066959381104
94,236,1.0212693214416504
94,237,0.9681218266487122
94,238,1.2220531702041626
94,239,1.1870654821395874
94,240,1.1347447633743286
94,241,1.2169232368469238
94,242,1.090660572052002
94,243,1.0490453243255615
94,244,1.0561573505401611
94,245,1.0349392890930176
94,246,1.184828519821167
94,247,1.4054229259490967
94,248,1.0109364986419678
94,249,1.114080786705017
94,250,1.116024374961853
94,251,1.070061206817627
94,252,0.9459754824638367
94,253,1.0480424165725708
94,254,1.0922349691390991
94,255,1.144226312637329
94,256,1.1807141304016113
94,257,1.1081583499908447
94,258,0.9678107500076294
94,259,1.0977944135665894
94,260,1.063247799873352
94,261,1.1549303531646729
94,262,1.1877834796905518
94,263,1.1883552074432373
94,264,1.294121265411377
94,265,1.1863921880722046
94,266,1.0673373937606812
94,267,1.3474421501159668
94,268,0.9840407371520996
94,269,1.085964560508728
94,270,1.080684781074524
94,271,1.0413872003555298
94,272,1.4374854564666748
94,273,1.0336644649505615
94,274,1.1628773212432861
94,275,1.2069010734558105
94,276,1.1465433835983276
94,277,1.018000602722168
94,278,1.1145466566085815
94,279,1.0805851221084595
94,280,1.1202819347381592
94,281,1.1762064695358276
94,282,1.2848458290100098
94,283,1.2305560111999512
94,284,1.1478418111801147
94,285,1.065810203552246
94,286,1.0272216796875
94,287,1.0474162101745605
94,288,1.1154319047927856
94,289,1.1829760074615479
94,290,0.9801589250564575
94,291,1.2053186893463135
94,292,1.1533907651901245
94,293,1.0270915031433105
94,294,0.9772345423698425
94,295,1.085031270980835
94,296,1.1960132122039795
94,297,1.3826475143432617
94,298,1.1487648487091064
94,299,1.026973843574524
94,300,1.23396897315979
94,301,1.2224822044372559
94,302,1.0283921957015991
94,303,1.4666922092437744
94,304,1.1384941339492798
94,305,1.111824870109558
94,306,1.0800306797027588
94,307,1.094772458076477
94,308,1.044790506362915
94,309,1.093457579612732
94,310,1.0170471668243408
94,311,1.4606800079345703
95,0,0.9784371256828308
95,1,1.094552993774414
95,2,1.0411378145217896
95,3,1.1435211896896362
95,4,1.115116000175476
95,5,0.9087071418762207
95,6,1.1507030725479126
95,7,1.1954929828643799
95,8,1.0003740787506104
95,9,1.2176421880722046
95,10,1.0607582330703735
95,11,1.110534906387329
95,12,1.1386114358901978
95,13,1.1252131462097168
95,14,1.1296594142913818
95,15,1.1187995672225952
95,16,1.1099679470062256
95,17,1.1543104648590088
95,18,1.3892247676849365
95,19,1.2166259288787842
95,20,0.9789476990699768
95,21,1.0740301609039307
95,22,1.11699378490448
95,23,1.0978949069976807
95,24,1.420878529548645
95,25,1.1474826335906982
95,26,0.985727071762085
95,27,1.162020206451416
95,28,1.1548246145248413
95,29,0.9590821266174316
95,30,1.0802143812179565
95,31,1.044109582901001
95,32,1.0746499300003052
95,33,1.0929677486419678
95,34,1.1456868648529053
95,35,1.032047986984253
95,36,1.1263617277145386
95,37,1.04427969455719
95,38,1.2184991836547852
95,39,1.1044611930847168
95,40,1.0924896001815796
95,41,1.121596336364746
95,42,1.1194636821746826
95,43,1.0350090265274048
95,44,1.1379960775375366
95,45,1.0418126583099365
95,46,1.0939748287200928
95,47,1.180313229560852
95,48,1.043648600578308
95,49,0.9868567585945129
95,50,1.0273663997650146
95,51,1.0320156812667847
95,52,1.1922575235366821
95,53,1.1002042293548584
95,54,1.262171745300293
95,55,1.1522091627120972
95,56,1.0579060316085815
95,57,1.0163675546646118
95,58,1.129209041595459
95,59,1.2298779487609863
95,60,1.0928853750228882
95,61,1.0415842533111572
95,62,1.1377077102661133
95,63,1.0270370244979858
95,64,1.0119750499725342
95,65,1.056883454322815
95,66,1.0563483238220215
95,67,0.950175404548645
95,68,1.1401700973510742
95,69,1.1468143463134766
95,70,1.135995864868164
95,71,1.2548351287841797
95,72,1.1130311489105225
95,73,1.0690608024597168
95,74,1.1037997007369995
95,75,0.9987453818321228
95,76,1.5926010608673096
95,77,1.038530945777893
95,78,1.1149368286132812
95,79,1.30037522315979
95,80,1.118190050125122
95,81,1.1651209592819214
95,82,1.0362393856048584
95,83,1.000949740409851
95,84,1.0096476078033447
95,85,0.9598438739776611
95,86,1.1892380714416504
95,87,1.0673171281814575
95,88,1.0473729372024536
95,89,1.0932354927062988
95,90,1.1493980884552002
95,91,1.2524466514587402
95,92,1.43430495262146
95,93,1.0157132148742676
95,94,1.1412795782089233
95,95,1.033928632736206
95,96,1.1124110221862793
95,97,1.099435806274414
95,98,1.0290827751159668
95,99,1.1972651481628418
95,100,1.19016695022583
95,101,1.1003354787826538
95,102,1.0050430297851562
95,103,1.0220472812652588
95,104,1.059516429901123
95,105,1.0171796083450317
95,106,1.1995327472686768
95,107,1.2176215648651123
95,108,1.312661051750183
95,109,1.0987718105316162
95,110,1.0741156339645386
95,111,1.0994564294815063
95,112,1.2165570259094238
95,113,1.3034801483154297
95,114,1.1054716110229492
95,115,1.1649430990219116
95,116,1.0094736814498901
95,117,1.2546274662017822
95,118,0.9522865414619446
95,119,1.2229375839233398
95,120,1.0291790962219238
95,121,1.0375139713287354
95,122,1.018951177597046
95,123,1.113532304763794
95,124,1.0760080814361572
95,125,1.0849334001541138
95,126,1.1665831804275513
95,127,0.9491063356399536
95,128,0.9554934501647949
95,129,1.1902902126312256
95,130,1.055902361869812
95,131,0.9963597059249878
95,132,1.3130650520324707
95,133,1.0539140701293945
95,134,1.2493373155593872
95,135,1.322937250137329
95,136,1.1645832061767578
95,137,1.142029881477356
95,138,1.2431702613830566
95,139,1.1021671295166016
95,140,1.1753599643707275
95,141,0.9522291421890259
95,142,1.1558403968811035
95,143,0.9823970794677734
95,144,1.4637210369110107
95,145,1.1029376983642578
95,146,1.052567958831787
95,147,1.1315162181854248
95,148,0.9787806272506714
95,149,1.1747286319732666
95,150,1.0541834831237793
95,151,1.0782992839813232
95,152,1.2510700225830078
95,153,1.0514334440231323
95,154,1.1991527080535889
95,155,1.053523063659668
95,156,1.0980005264282227
95,157,1.1134053468704224
95,158,1.2205439805984497
95,159,1.3944661617279053
95,160,1.1141688823699951
95,161,1.1485579013824463
95,162,1.061854600906372
95,163,0.9911468029022217
95,164,1.0565088987350464
95,165,1.1326656341552734
95,166,1.0468279123306274
95,167,1.1046874523162842
95,168,1.0390300750732422
95,169,1.319230318069458
95,170,0.9841440916061401
95,171,0.9417494535446167
95,172,1.0624568462371826
95,173,1.4413855075836182
95,174,1.4115912914276123
95,175,1.3356608152389526
95,176,1.081300139427185
95,177,1.2303576469421387
95,178,0.9572081565856934
95,179,1.1400713920593262
95,180,1.166790246963501
95,181,1.1163575649261475
95,182,0.9663946628570557
95,183,1.168992042541504
95,184,1.1939318180084229
95,185,1.2320443391799927
95,186,1.1678844690322876
95,187,1.2889869213104248
95,188,1.2086515426635742
95,189,1.122423768043518
95,190,1.0204381942749023
95,191,1.2224328517913818
95,192,1.0726875066757202
95,193,1.0884474515914917
95,194,1.1920280456542969
95,195,1.0256779193878174
95,196,0.9648746848106384
95,197,1.0133826732635498
95,198,1.0812515020370483
95,199,1.2333729267120361
95,200,1.2361634969711304
95,201,1.0582928657531738
95,202,1.0783007144927979
95,203,1.1985751390457153
95,204,1.2114883661270142
95,205,1.0842342376708984
95,206,1.019763708114624
95,207,1.3342931270599365
95,208,1.0097932815551758
95,209,1.026633858680725
95,210,1.0653855800628662
95,211,1.0726840496063232
95,212,1.1480910778045654
95,213,1.0758329629898071
95,214,1.0984653234481812
95,215,0.9982035160064697
95,216,1.026066541671753
95,217,1.0374529361724854
95,218,1.0913448333740234
95,219,1.0078606605529785
95,220,1.1725510358810425
95,221,1.540095567703247
95,222,1.152580976486206
95,223,1.1577883958816528
95,224,1.1004794836044312
95,225,1.062792420387268
95,226,1.0707972049713135
95,227,0.9216374158859253
95,228,1.3790301084518433
95,229,1.0454490184783936
95,230,1.0133990049362183
95,231,1.0447077751159668
95,232,1.25662362575531
95,233,1.105074405670166
95,234,1.277452826499939
95,235,1.1312068700790405
95,236,1.128235936164856
95,237,1.1674785614013672
95,238,1.4066330194473267
95,239,0.9529193043708801
95,240,1.2319681644439697
95,241,1.0316064357757568
95,242,1.2445008754730225
95,243,0.9606430530548096
95,244,1.1168076992034912
95,245,1.0776910781860352
95,246,1.1325665712356567
95,247,1.14622962474823
95,248,1.171689510345459
95,249,1.2265574932098389
95,250,1.0633177757263184
95,251,1.0878016948699951
95,252,1.2051438093185425
95,253,0.966379702091217
95,254,1.1858978271484375
95,255,1.138465404510498
95,256,0.9410880208015442
95,257,1.0261428356170654
95,258,1.1229453086853027
95,259,1.1163121461868286
95,260,1.0366525650024414
95,261,1.0131843090057373
95,262,1.0430407524108887
95,263,1.1694631576538086
95,264,1.2509876489639282
95,265,1.0946505069732666
95,266,1.0877655744552612
95,267,0.966257631778717
95,268,1.1450769901275635
95,269,1.0882806777954102
95,270,1.0439300537109375
95,271,1.1001455783843994
95,272,0.9899303913116455
95,273,1.0306520462036133
95,274,1.211011528968811
95,275,1.0744292736053467
95,276,1.0401253700256348
95,277,1.1451770067214966
95,278,1.273698091506958
95,279,1.4506083726882935
95,280,1.2038898468017578
95,281,1.0871303081512451
95,282,1.1194766759872437
95,283,1.0939198732376099
95,284,1.2869970798492432
95,285,1.0928330421447754
95,286,1.1023869514465332
95,287,1.1969724893569946
95,288,1.2071741819381714
95,289,1.297142744064331
95,290,1.0035343170166016
95,291,1.0415161848068237
95,292,1.205233097076416
95,293,1.2153475284576416
95,294,1.1682997941970825
95,295,1.216867208480835
95,296,1.0235947370529175
95,297,1.1000781059265137
95,298,1.233830213546753
95,299,1.393148422241211
95,300,1.156894326210022
95,301,1.0828053951263428
95,302,1.2459816932678223
95,303,0.9631722569465637
95,304,0.9359071850776672
95,305,0.995954155921936
95,306,1.2191580533981323
95,307,0.9462624788284302
95,308,1.3247195482254028
95,309,1.1121221780776978
95,310,1.1229140758514404
95,311,1.1687079668045044
96,0,1.1023098230361938
96,1,1.1224606037139893
96,2,0.9478333592414856
96,3,1.0649809837341309
96,4,0.9943019151687622
96,5,1.0983744859695435
96,6,1.0953030586242676
96,7,0.9605668187141418
96,8,1.0301399230957031
96,9,1.0732029676437378
96,10,1.1248515844345093
96,11,1.0033422708511353
96,12,1.075835943222046
96,13,1.1855354309082031
96,14,0.9362981915473938
96,15,1.0778522491455078
96,16,1.1334847211837769
96,17,1.1867475509643555
96,18,1.0306199789047241
96,19,1.1131986379623413
96,20,0.9484245181083679
96,21,1.05448579788208
96,22,1.0981559753417969
96,23,1.1604723930358887
96,24,1.0735856294631958
96,25,1.0702910423278809
96,26,1.101059913635254
96,27,1.2162833213806152
96,28,1.032612681388855
96,29,1.0201425552368164
96,30,1.316100835800171
96,31,0.9739670753479004
96,32,0.9673457741737366
96,33,1.0320428609848022
96,34,1.5323643684387207
96,35,1.3013737201690674
96,36,1.0780019760131836
96,37,0.9447096586227417
96,38,1.0308283567428589
96,39,1.124828577041626
96,40,1.0767375230789185
96,41,1.2818117141723633
96,42,1.0602929592132568
96,43,1.236639142036438
96,44,1.1407719850540161
96,45,1.0442733764648438
96,46,1.0053468942642212
96,47,1.1934573650360107
96,48,1.0309193134307861
96,49,1.1692748069763184
96,50,1.1473560333251953
96,51,1.112987995147705
96,52,1.0662118196487427
96,53,1.0925756692886353
96,54,1.0552176237106323
96,55,1.1751595735549927
96,56,1.0871665477752686
96,57,0.9811627864837646
96,58,1.291499376296997
96,59,1.0567384958267212
96,60,1.2638602256774902
96,61,1.1030577421188354
96,62,1.0818440914154053
96,63,1.0838958024978638
96,64,1.0444804430007935
96,65,1.047204852104187
96,66,1.1467795372009277
96,67,1.1372554302215576
96,68,0.9738608598709106
96,69,1.0809643268585205
96,70,1.1815221309661865
96,71,1.1370874643325806
96,72,1.1163287162780762
96,73,1.2119306325912476
96,74,1.4122321605682373
96,75,1.0277109146118164
96,76,1.1984989643096924
96,77,0.9962814450263977
96,78,1.0554912090301514
96,79,1.2162251472473145
96,80,1.1052476167678833
96,81,1.2227818965911865
96,82,1.1892993450164795
96,83,1.03499436378479
96,84,1.2791762351989746
96,85,1.2572095394134521
96,86,1.0883419513702393
96,87,1.0303404331207275
96,88,1.038993000984192
96,89,1.228461503982544
96,90,1.1638611555099487
96,91,1.0432302951812744
96,92,1.1695287227630615
96,93,0.9946129322052002
96,94,1.1119723320007324
96,95,1.020302176475525
96,96,1.1584694385528564
96,97,1.1498843431472778
96,98,1.397109866142273
96,99,1.0996239185333252
96,100,0.9928770661354065
96,101,1.2326363325119019
96,102,1.4326181411743164
96,103,1.080270528793335
96,104,1.0558013916015625
96,105,1.020111083984375
96,106,1.3682408332824707
96,107,1.0450725555419922
96,108,1.0394783020019531
96,109,1.0938949584960938
96,110,1.1470680236816406
96,111,1.0606709718704224
96,112,1.1437091827392578
96,113,1.0806488990783691
96,114,1.2476136684417725
96,115,1.1402885913848877
96,116,0.9699975848197937
96,117,0.982147753238678
96,118,1.001099944114685
96,119,1.030911922454834
96,120,1.1078314781188965
96,121,1.0274925231933594
96,122,1.0260093212127686
96,123,0.9896721839904785
96,124,1.0423957109451294
96,125,1.0417673587799072
96,126,1.2755846977233887
96,127,1.184253454208374
96,128,1.075291395187378
96,129,1.1498348712921143
96,130,1.1209970712661743
96,131,0.9803237318992615
96,132,1.1135389804840088
96,133,1.0341299772262573
96,134,1.0781317949295044
96,135,1.147424578666687
96,136,1.1508766412734985
96,137,0.9779927730560303
96,138,1.0155881643295288
96,139,1.0057308673858643
96,140,1.0344562530517578
96,141,1.0288158655166626
96,142,1.2786086797714233
96,143,1.0073211193084717
96,144,1.1577938795089722
96,145,1.0892913341522217
96,146,1.0730009078979492
96,147,1.2860852479934692
96,148,1.057079792022705
96,149,1.1057426929473877
96,150,1.0863045454025269
96,151,1.4153029918670654
96,152,1.1545898914337158
96,153,1.355130910873413
96,154,1.132550835609436
96,155,1.3028404712677002
96,156,1.105911135673523
96,157,1.0224807262420654
96,158,1.0520105361938477
96,159,1.2781312465667725
96,160,1.051750898361206
96,161,1.1026034355163574
96,162,1.1120091676712036
96,163,1.0474224090576172
96,164,1.0236570835113525
96,165,1.0886822938919067
96,166,1.1346815824508667
96,167,1.089079737663269
96,168,1.2666563987731934
96,169,1.5493943691253662
96,170,0.9944263100624084
96,171,1.083031177520752
96,172,1.185354471206665
96,173,1.1222859621047974
96,174,1.3762896060943604
96,175,0.9877020120620728
96,176,1.214734435081482
96,177,1.2363545894622803
96,178,1.149061918258667
96,179,1.0845495462417603
96,180,1.0425492525100708
96,181,1.246527075767517
96,182,0.9971332550048828
96,183,1.0987085103988647
96,184,1.0081756114959717
96,185,1.066162109375
96,186,1.0877940654754639
96,187,1.1034374237060547
96,188,1.0202665328979492
96,189,1.096665382385254
96,190,1.0239825248718262
96,191,1.157435417175293
96,192,1.2035062313079834
96,193,1.0036580562591553
96,194,1.0105597972869873
96,195,1.0287997722625732
96,196,1.0925159454345703
96,197,1.1068081855773926
96,198,1.1724367141723633
96,199,1.105076789855957
96,200,1.1166749000549316
96,201,1.189117670059204
96,202,1.0330288410186768
96,203,0.9362066984176636
96,204,1.0962204933166504
96,205,1.1439998149871826
96,206,1.1368589401245117
96,207,1.101912498474121
96,208,1.316004753112793
96,209,1.0653066635131836
96,210,1.134899616241455
96,211,0.9810173511505127
96,212,1.2690080404281616
96,213,1.0391972064971924
96,214,1.0925434827804565
96,215,1.2578610181808472
96,216,1.059899091720581
96,217,1.0458238124847412
96,218,0.946876585483551
96,219,1.2246763706207275
96,220,0.9794738292694092
96,221,1.0807726383209229
96,222,1.050321102142334
96,223,1.0891185998916626
96,224,1.3085081577301025
96,225,1.1217873096466064
96,226,1.0720852613449097
96,227,1.0217499732971191
96,228,1.1537199020385742
96,229,1.203446388244629
96,230,1.0349507331848145
96,231,0.9799447655677795
96,232,1.3516103029251099
96,233,1.1374958753585815
96,234,1.1494261026382446
96,235,1.131678581237793
96,236,1.048218011856079
96,237,1.2889986038208008
96,238,0.9532682299613953
96,239,0.9795624613761902
96,240,1.0063831806182861
96,241,1.0808274745941162
96,242,1.0338711738586426
96,243,1.2310179471969604
96,244,1.2698183059692383
96,245,1.0150542259216309
96,246,1.2828147411346436
96,247,1.0463333129882812
96,248,0.9946790337562561
96,249,1.2097649574279785
96,250,1.0819779634475708
96,251,1.1554691791534424
96,252,1.2694337368011475
96,253,1.1823302507400513
96,254,1.1310009956359863
96,255,1.1537044048309326
96,256,1.1136783361434937
96,257,1.1150275468826294
96,258,1.1325573921203613
96,259,1.1083003282546997
96,260,1.1423852443695068
96,261,1.1238560676574707
96,262,0.9576563835144043
96,263,0.9773606657981873
96,264,1.0875686407089233
96,265,1.1535106897354126
96,266,1.059684157371521
96,267,1.2113051414489746
96,268,1.040675163269043
96,269,0.9910808205604553
96,270,1.143286108970642
96,271,1.0952072143554688
96,272,1.04206120967865
96,273,1.0153454542160034
96,274,1.0026440620422363
96,275,1.3753070831298828
96,276,1.0642266273498535
96,277,1.1745622158050537
96,278,1.3178210258483887
96,279,1.1983500719070435
96,280,0.9675288200378418
96,281,1.1873359680175781
96,282,1.1433355808258057
96,283,1.2807501554489136
96,284,1.1476054191589355
96,285,1.054572343826294
96,286,1.1485223770141602
96,287,1.117364525794983
96,288,1.1350301504135132
96,289,1.135170340538025
96,290,1.172163724899292
96,291,1.150313377380371
96,292,1.234910488128662
96,293,1.0534777641296387
96,294,1.099144697189331
96,295,1.1979801654815674
96,296,1.2403981685638428
96,297,1.060667634010315
96,298,1.0698899030685425
96,299,1.192796230316162
96,300,0.9168345928192139
96,301,1.1039220094680786
96,302,1.4836087226867676
96,303,1.111981987953186
96,304,1.027099370956421
96,305,1.1127880811691284
96,306,1.131679654121399
96,307,1.149677038192749
96,308,1.2282640933990479
96,309,1.0256643295288086
96,310,1.0310521125793457
96,311,1.1040616035461426
97,0,0.9553886651992798
97,1,1.179412603378296
97,2,1.1660099029541016
97,3,1.3319398164749146
97,4,0.9921483993530273
97,5,1.091156244277954
97,6,1.1879463195800781
97,7,1.1019669771194458
97,8,1.117611289024353
97,9,0.9871408343315125
97,10,1.0536377429962158
97,11,1.1835963726043701
97,12,1.0738905668258667
97,13,1.0356425046920776
97,14,1.4178049564361572
97,15,1.0149561166763306
97,16,1.0367940664291382
97,17,0.9447863101959229
97,18,1.0967357158660889
97,19,1.2281681299209595
97,20,1.1572377681732178
97,21,1.3328399658203125
97,22,1.0958540439605713
97,23,1.2434357404708862
97,24,1.0717730522155762
97,25,1.0568482875823975
97,26,1.054142713546753
97,27,1.3104071617126465
97,28,1.1033329963684082
97,29,1.1582326889038086
97,30,1.1116467714309692
97,31,1.0111371278762817
97,32,0.973917543888092
97,33,1.123571515083313
97,34,0.9870123267173767
97,35,0.9499744772911072
97,36,1.1289968490600586
97,37,1.010687232017517
97,38,1.0121691226959229
97,39,0.9512922763824463
97,40,1.0978760719299316
97,41,1.2312158346176147
97,42,1.3839755058288574
97,43,1.1851205825805664
97,44,1.453507661819458
97,45,1.2288850545883179
97,46,1.069917917251587
97,47,1.0675384998321533
97,48,0.9800205230712891
97,49,1.1473515033721924
97,50,0.9765444397926331
97,51,1.0229638814926147
97,52,1.021893858909607
97,53,1.0954632759094238
97,54,0.9982081651687622
97,55,1.3589802980422974
97,56,1.0832020044326782
97,57,1.0800182819366455
97,58,1.0746848583221436
97,59,1.0142452716827393
97,60,1.0371339321136475
97,61,1.0503391027450562
97,62,1.058646559715271
97,63,1.1115505695343018
97,64,1.1504559516906738
97,65,0.9611015319824219
97,66,1.1477892398834229
97,67,0.9537670016288757
97,68,1.0276944637298584
97,69,1.0196592807769775
97,70,1.176294207572937
97,71,1.2272955179214478
97,72,1.0709275007247925
97,73,1.074235200881958
97,74,1.2446317672729492
97,75,1.111628532409668
97,76,1.2081547975540161
97,77,1.2570602893829346
97,78,1.0846134424209595
97,79,1.0405255556106567
97,80,1.235590934753418
97,81,1.0662257671356201
97,82,0.9873369336128235
97,83,1.0871055126190186
97,84,0.889701783657074
97,85,1.4116158485412598
97,86,1.1102831363677979
97,87,1.0532400608062744
97,88,0.9860707521438599
97,89,1.093283772468567
97,90,1.097011685371399
97,91,1.1092233657836914
97,92,1.0482523441314697
97,93,1.0469188690185547
97,94,1.2114002704620361
97,95,1.1001975536346436
97,96,1.08338463306427
97,97,1.1202242374420166
97,98,1.1301193237304688
97,99,1.1424843072891235
97,100,1.2416551113128662
97,101,1.1559076309204102
97,102,0.9098539352416992
97,103,1.2382690906524658
97,104,1.1862883567810059
97,105,1.1416972875595093
97,106,1.216679573059082
97,107,1.0502336025238037
97,108,0.9818267226219177
97,109,1.1368608474731445
97,110,1.0070877075195312
97,111,1.1677120923995972
97,112,0.9955717921257019
97,113,1.0346932411193848
97,114,1.1058416366577148
97,115,1.0211924314498901
97,116,1.1116582155227661
97,117,1.2460007667541504
97,118,1.02674400806427
97,119,1.2365989685058594
97,120,1.019317865371704
97,121,1.121460199356079
97,122,0.9883604049682617
97,123,1.0410070419311523
97,124,1.1385509967803955
97,125,1.1771453619003296
97,126,1.0822196006774902
97,127,1.1198148727416992
97,128,1.0705631971359253
97,129,1.0356786251068115
97,130,1.0296752452850342
97,131,1.2530897855758667
97,132,1.1336283683776855
97,133,1.1354798078536987
97,134,0.9959231615066528
97,135,1.065956711769104
97,136,1.0286802053451538
97,137,1.1722865104675293
97,138,1.032926082611084
97,139,1.1287761926651
97,140,0.9484868049621582
97,141,1.1225571632385254
97,142,1.1460515260696411
97,143,1.2641260623931885
97,144,0.9927171468734741
97,145,1.1758017539978027
97,146,0.9985953569412231
97,147,1.0403292179107666
97,148,1.0039855241775513
97,149,1.0688077211380005
97,150,1.1460376977920532
97,151,0.9966340661048889
97,152,1.0524439811706543
97,153,0.9869337677955627
97,154,1.204643726348877
97,155,1.048459768295288
97,156,1.0143861770629883
97,157,0.9912843704223633
97,158,1.1316077709197998
97,159,1.0806117057800293
97,160,1.204965353012085
97,161,1.0788917541503906
97,162,1.0223520994186401
97,163,1.1536320447921753
97,164,1.1582016944885254
97,165,1.0896024703979492
97,166,1.1922308206558228
97,167,1.0023854970932007
97,168,1.113452434539795
97,169,1.0685282945632935
97,170,1.1471023559570312
97,171,1.1218119859695435
97,172,1.0613210201263428
97,173,1.5786844491958618
97,174,1.1201586723327637
97,175,1.0925204753875732
97,176,1.195317029953003
97,177,1.0657787322998047
97,178,0.9991400241851807
97,179,0.9857292175292969
97,180,1.0942445993423462
97,181,1.0709888935089111
97,182,1.3129637241363525
97,183,1.00996994972229
97,184,1.0526601076126099
97,185,1.1398961544036865
97,186,1.0665534734725952
97,187,1.0585503578186035
97,188,1.064056158065796
97,189,0.9932617545127869
97,190,1.0467414855957031
97,191,1.049595832824707
97,192,1.0501158237457275
97,193,1.0615752935409546
97,194,1.2429189682006836
97,195,1.0750361680984497
97,196,1.056152105331421
97,197,1.4216562509536743
97,198,1.1973681449890137
97,199,1.1065009832382202
97,200,1.0798276662826538
97,201,1.0358049869537354
97,202,1.3628830909729004
97,203,1.0201414823532104
97,204,1.0184941291809082
97,205,0.9757341146469116
97,206,1.0628395080566406
97,207,1.021550178527832
97,208,1.1049093008041382
97,209,1.1524949073791504
97,210,1.2113234996795654
97,211,0.975409209728241
97,212,1.017272710800171
97,213,1.0987815856933594
97,214,1.1673555374145508
97,215,1.0877974033355713
97,216,1.2085777521133423
97,217,1.2276372909545898
97,218,1.0091273784637451
97,219,1.0990774631500244
97,220,0.9487925171852112
97,221,1.1516714096069336
97,222,1.0442299842834473
97,223,1.0603320598602295
97,224,1.0019785165786743
97,225,1.0989837646484375
97,226,1.1217973232269287
97,227,0.9480004906654358
97,228,1.1120092868804932
97,229,1.1236469745635986
97,230,1.0714658498764038
97,231,1.2307512760162354
97,232,1.5648741722106934
97,233,1.203625202178955
97,234,1.0636357069015503
97,235,1.066001057624817
97,236,1.0448695421218872
97,237,1.266882300376892
97,238,1.2388882637023926
97,239,1.1092524528503418
97,240,1.0047929286956787
97,241,1.0209550857543945
97,242,0.9855828881263733
97,243,1.163325309753418
97,244,1.081186056137085
97,245,1.1093567609786987
97,246,1.0561351776123047
97,247,1.054509162902832
97,248,1.1671934127807617
97,249,1.0850427150726318
97,250,1.0054715871810913
97,251,1.0667120218276978
97,252,1.0454391241073608
97,253,0.9819134473800659
97,254,1.145545482635498
97,255,1.0282256603240967
97,256,0.9504145383834839
97,257,1.0300004482269287
97,258,1.0267587900161743
97,259,1.0088263750076294
97,260,1.0834773778915405
97,261,1.0756324529647827
97,262,1.0113744735717773
97,263,1.0826451778411865
97,264,0.9794660806655884
97,265,1.1528687477111816
97,266,1.097476840019226
97,267,1.0487830638885498
97,268,1.1299415826797485
97,269,1.1169699430465698
97,270,1.2018388509750366
97,271,1.2105247974395752
97,272,1.1108386516571045
97,273,1.1060855388641357
97,274,1.0047132968902588
97,275,1.177535891532898
97,276,0.9797315001487732
97,277,1.131788969039917
97,278,1.0355002880096436
97,279,1.1628974676132202
97,280,1.223662257194519
97,281,1.1805274486541748
97,282,1.1098203659057617
97,283,1.0470410585403442
97,284,1.2733490467071533
97,285,1.0367311239242554
97,286,1.0568362474441528
97,287,1.0798234939575195
97,288,1.0932649374008179
97,289,0.9173169136047363
97,290,1.2041347026824951
97,291,1.0237120389938354
97,292,1.024482250213623
97,293,1.194374442100525
97,294,0.9941667318344116
97,295,1.1000161170959473
97,296,1.119800090789795
97,297,1.0970346927642822
97,298,1.0595959424972534
97,299,1.1149914264678955
97,300,1.1017833948135376
97,301,1.086727499961853
97,302,1.2177027463912964
97,303,1.1452689170837402
97,304,1.127949595451355
97,305,1.0333232879638672
97,306,1.213261365890503
97,307,1.0717573165893555
97,308,1.0663354396820068
97,309,0.9802568554878235
97,310,1.1678547859191895
97,311,2.1613621711730957
98,0,1.1050227880477905
98,1,1.1603472232818604
98,2,1.2120556831359863
98,3,1.1056146621704102
98,4,1.1136975288391113
98,5,1.0739576816558838
98,6,0.9075366258621216
98,7,1.1113624572753906
98,8,1.0684914588928223
98,9,1.0326859951019287
98,10,1.2148524522781372
98,11,0.9707711338996887
98,12,1.3142952919006348
98,13,1.2156232595443726
98,14,1.0205563306808472
98,15,1.0282189846038818
98,16,1.0677502155303955
98,17,1.4063490629196167
98,18,1.0093815326690674
98,19,0.9308370351791382
98,20,1.179840087890625
98,21,1.248443365097046
98,22,1.0692620277404785
98,23,0.9790561199188232
98,24,1.0955671072006226
98,25,0.9915628433227539
98,26,1.0213305950164795
98,27,1.0674711465835571
98,28,1.10804283618927
98,29,1.13728928565979
98,30,0.9562906622886658
98,31,1.0753319263458252
98,32,1.3238052129745483
98,33,1.0972540378570557
98,34,1.157874584197998
98,35,1.0677516460418701
98,36,0.9608621001243591
98,37,1.1367361545562744
98,38,1.2417398691177368
98,39,0.9930344820022583
98,40,1.0058382749557495
98,41,0.995739221572876
98,42,0.9995089769363403
98,43,1.089624285697937
98,44,1.0898559093475342
98,45,1.1426401138305664
98,46,1.0510374307632446
98,47,1.026286005973816
98,48,1.0787160396575928
98,49,1.1194626092910767
98,50,1.331063985824585
98,51,0.9573468565940857
98,52,1.0873099565505981
98,53,1.0335763692855835
98,54,1.0683833360671997
98,55,1.1435508728027344
98,56,1.106772780418396
98,57,1.1269272565841675
98,58,1.1158517599105835
98,59,1.0531572103500366
98,60,1.0656259059906006
98,61,1.113492488861084
98,62,1.1904314756393433
98,63,1.1354295015335083
98,64,1.042302131652832
98,65,1.3910300731658936
98,66,1.0911775827407837
98,67,1.0827960968017578
98,68,1.2036993503570557
98,69,1.0487478971481323
98,70,1.0477021932601929
98,71,1.0532745122909546
98,72,1.1023606061935425
98,73,1.1140592098236084
98,74,1.1182013750076294
98,75,1.0355613231658936
98,76,1.0723992586135864
98,77,0.9444265961647034
98,78,1.2272975444793701
98,79,0.9229053258895874
98,80,0.9839776754379272
98,81,1.1823023557662964
98,82,1.1455507278442383
98,83,1.064058780670166
98,84,0.9670897722244263
98,85,0.9660272598266602
98,86,1.0799838304519653
98,87,0.9902868866920471
98,88,1.1691855192184448
98,89,1.2416805028915405
98,90,1.118617296218872
98,91,1.0711361169815063
98,92,1.008189082145691
98,93,1.1949714422225952
98,94,1.09187650680542
98,95,1.1132079362869263
98,96,1.0768024921417236
98,97,1.1663388013839722
98,98,1.2380316257476807
98,99,1.0407241582870483
98,100,1.1188249588012695
98,101,1.1274187564849854
98,102,1.0572741031646729
98,103,1.6313354969024658
98,104,1.0725860595703125
98,105,1.1678601503372192
98,106,1.0270895957946777
98,107,1.010588526725769
98,108,1.1245129108428955
98,109,1.1019455194473267
98,110,1.1991524696350098
98,111,1.1047723293304443
98,112,1.1007232666015625
98,113,1.1418827772140503
98,114,1.0155835151672363
98,115,0.9819251298904419
98,116,1.059607744216919
98,117,1.0506631135940552
98,118,1.05074942111969
98,119,1.2100310325622559
98,120,1.0525853633880615
98,121,1.0584726333618164
98,122,1.2089521884918213
98,123,1.1570966243743896
98,124,0.9848349690437317
98,125,1.0133278369903564
98,126,1.1336990594863892
98,127,1.0600427389144897
98,128,0.9709844589233398
98,129,1.0220930576324463
98,130,1.216719627380371
98,131,0.9762925505638123
98,132,1.1664286851882935
98,133,1.1695400476455688
98,134,1.072637915611267
98,135,1.193901777267456
98,136,1.070754051208496
98,137,1.0060094594955444
98,138,1.093665361404419
98,139,1.2705135345458984
98,140,0.9804392457008362
98,141,1.1915316581726074
98,142,1.1728639602661133
98,143,1.0852537155151367
98,144,1.154144287109375
98,145,1.0346083641052246
98,146,1.009749412536621
98,147,1.0823012590408325
98,148,1.1771094799041748
98,149,1.0655677318572998
98,150,1.0420523881912231
98,151,1.2167372703552246
98,152,0.9392915964126587
98,153,1.1110666990280151
98,154,1.071488857269287
98,155,1.2841328382492065
98,156,0.991608738899231
98,157,1.0697579383850098
98,158,1.0781822204589844
98,159,1.0872454643249512
98,160,1.1093628406524658
98,161,1.356245994567871
98,162,1.143322229385376
98,163,1.0377223491668701
98,164,1.0278799533843994
98,165,1.022536277770996
98,166,1.0416193008422852
98,167,1.0354881286621094
98,168,1.1302947998046875
98,169,1.0115598440170288
98,170,1.0633655786514282
98,171,0.9942606091499329
98,172,1.1332272291183472
98,173,1.1356040239334106
98,174,1.1071250438690186
98,175,1.1371235847473145
98,176,1.1295409202575684
98,177,1.0196373462677002
98,178,1.0600674152374268
98,179,1.2184557914733887
98,180,1.1337628364562988
98,181,1.3179218769073486
98,182,1.074327826499939
98,183,0.9338458180427551
98,184,1.3216068744659424
98,185,0.965785026550293
98,186,1.129962682723999
98,187,1.1738923788070679
98,188,1.171058177947998
98,189,0.9580870866775513
98,190,1.0398530960083008
98,191,1.1142545938491821
98,192,1.082247257232666
98,193,1.4117741584777832
98,194,1.1083436012268066
98,195,1.053440809249878
98,196,1.0246684551239014
98,197,1.0137574672698975
98,198,1.3812618255615234
98,199,1.0859975814819336
98,200,1.1188400983810425
98,201,0.9817618131637573
98,202,1.0973100662231445
98,203,1.2107234001159668
98,204,1.0885249376296997
98,205,1.1900206804275513
98,206,1.0556327104568481
98,207,1.0189604759216309
98,208,1.1572295427322388
98,209,1.0969409942626953
98,210,1.0640344619750977
98,211,1.0823110342025757
98,212,0.9882316589355469
98,213,1.070955514907837
98,214,0.9666009545326233
98,215,1.2193729877471924
98,216,0.9909206032752991
98,217,1.019530177116394
98,218,1.0424045324325562
98,219,1.1458035707473755
98,220,1.0308594703674316
98,221,1.174001932144165
98,222,1.0008113384246826
98,223,0.9841961860656738
98,224,1.0358365774154663
98,225,0.9798991680145264
98,226,1.1587960720062256
98,227,1.0412137508392334
98,228,1.027578592300415
98,229,1.0377260446548462
98,230,1.0821728706359863
98,231,1.1105196475982666
98,232,1.0718432664871216
98,233,1.2839534282684326
98,234,1.044152021408081
98,235,1.4969220161437988
98,236,0.9726194143295288
98,237,1.218508005142212
98,238,1.0220462083816528
98,239,1.0099568367004395
98,240,1.042604684829712
98,241,1.2817108631134033
98,242,1.136906385421753
98,243,1.3149315118789673
98,244,1.4336090087890625
98,245,1.012223243713379
98,246,1.1930614709854126
98,247,1.1427299976348877
98,248,1.0328818559646606
98,249,1.124420166015625
98,250,1.3165885210037231
98,251,0.940784752368927
98,252,1.2603044509887695
98,253,1.2096827030181885
98,254,1.0506017208099365
98,255,1.0667717456817627
98,256,0.9987164735794067
98,257,1.0533573627471924
98,258,1.023516058921814
98,259,1.109683871269226
98,260,1.2064998149871826
98,261,0.9706434607505798
98,262,1.1507794857025146
98,263,1.351890206336975
98,264,1.0369185209274292
98,265,1.1450031995773315
98,266,1.113606572151184
98,267,1.4067871570587158
98,268,0.9701961278915405
98,269,0.9705848097801208
98,270,1.3012182712554932
98,271,1.0573058128356934
98,272,1.0938262939453125
98,273,1.1048310995101929
98,274,0.9823780655860901
98,275,1.1165159940719604
98,276,0.9521039724349976
98,277,1.138862133026123
98,278,1.0118491649627686
98,279,1.1491081714630127
98,280,1.187738060951233
98,281,1.1937921047210693
98,282,1.0315372943878174
98,283,1.2146081924438477
98,284,1.0041234493255615
98,285,0.937135636806488
98,286,1.0035454034805298
98,287,1.0245225429534912
98,288,1.2664982080459595
98,289,0.9624366760253906
98,290,1.2055178880691528
98,291,1.0786761045455933
98,292,1.1523756980895996
98,293,1.0644097328186035
98,294,1.3084678649902344
98,295,1.0924676656723022
98,296,1.1069519519805908
98,297,1.1256554126739502
98,298,1.136721134185791
98,299,1.2415428161621094
98,300,1.0739446878433228
98,301,1.287523627281189
98,302,0.9810761213302612
98,303,0.9806115031242371
98,304,1.0885950326919556
98,305,1.4407404661178589
98,306,1.0277926921844482
98,307,1.0117276906967163
98,308,1.2407341003417969
98,309,1.035709023475647
98,310,1.3433947563171387
98,311,1.104334831237793
99,0,1.0696899890899658
99,1,0.9837052822113037
99,2,1.2623735666275024
99,3,1.1295262575149536
99,4,1.2003215551376343
99,5,1.252665400505066
99,6,0.9955369234085083
99,7,1.170532464981079
99,8,1.1048078536987305
99,9,1.011948823928833
99,10,1.0891377925872803
99,11,1.2873224020004272
99,12,1.1114972829818726
99,13,1.070391058921814
99,14,1.1719735860824585
99,15,1.0733366012573242
99,16,1.1263537406921387
99,17,1.065120816230774
99,18,1.0617763996124268
99,19,0.965562105178833
99,20,1.2519298791885376
99,21,1.0501899719238281
99,22,0.9852842688560486
99,23,1.0183770656585693
99,24,1.0370510816574097
99,25,1.2179546356201172
99,26,1.0401055812835693
99,27,1.0354264974594116
99,28,1.034230351448059
99,29,0.9477744698524475
99,30,1.2651606798171997
99,31,1.07098388671875
99,32,1.0613925457000732
99,33,1.018491268157959
99,34,1.1107531785964966
99,35,1.185185432434082
99,36,1.0265710353851318
99,37,1.0856781005859375
99,38,1.0665953159332275
99,39,0.9644148945808411
99,40,0.9984719753265381
99,41,1.098020076751709
99,42,0.9557760953903198
99,43,0.9890708327293396
99,44,1.0412499904632568
99,45,1.1449140310287476
99,46,1.044287919998169
99,47,1.0208367109298706
99,48,1.1412526369094849
99,49,1.1270923614501953
99,50,1.1424527168273926
99,51,0.9898883104324341
99,52,1.0182441473007202
99,53,0.9988178014755249
99,54,1.1627178192138672
99,55,0.9892747402191162
99,56,1.2382081747055054
99,57,1.1164026260375977
99,58,1.140343427658081
99,59,1.2157764434814453
99,60,1.0977503061294556
99,61,1.023776888847351
99,62,1.118626594543457
99,63,1.0409778356552124
99,64,1.0382673740386963
99,65,1.012832760810852
99,66,1.0622566938400269
99,67,1.2753175497055054
99,68,0.9940939545631409
99,69,1.1963348388671875
99,70,1.18837308883667
99,71,1.1327730417251587
99,72,1.169512152671814
99,73,1.0546824932098389
99,74,1.0302008390426636
99,75,0.9810391664505005
99,76,1.1806385517120361
99,77,1.074130654335022
99,78,1.271347165107727
99,79,1.018396019935608
99,80,1.164354681968689
99,81,1.2459079027175903
99,82,1.038888931274414
99,83,1.1058228015899658
99,84,1.151546597480774
99,85,1.0430667400360107
99,86,1.057295799255371
99,87,1.0460448265075684
99,88,1.1171739101409912
99,89,1.136805772781372
99,90,1.2566907405853271
99,91,1.0027650594711304
99,92,1.0812275409698486
99,93,1.0892786979675293
99,94,1.051997423171997
99,95,1.1536154747009277
99,96,1.2340048551559448
99,97,1.0001581907272339
99,98,1.0847294330596924
99,99,1.075836181640625
99,100,1.1425139904022217
99,101,1.034144639968872
99,102,1.1127653121948242
99,103,0.9833435416221619
99,104,1.118419885635376
99,105,1.24929678440094
99,106,0.984595775604248
99,107,1.142479419708252
99,108,1.2027113437652588
99,109,1.082034945487976
99,110,1.0421135425567627
99,111,1.0951781272888184
99,112,0.9692397713661194
99,113,1.2314417362213135
99,114,1.1407380104064941
99,115,1.1831274032592773
99,116,1.0522443056106567
99,117,1.301666498184204
99,118,1.1147034168243408
99,119,1.1502829790115356
99,120,1.067784309387207
99,121,1.2268787622451782
99,122,0.9908721446990967
99,123,1.1492418050765991
99,124,1.1562950611114502
99,125,1.240902304649353
99,126,0.9901847839355469
99,127,1.1893963813781738
99,128,1.2969690561294556
99,129,1.0922019481658936
99,130,1.0389941930770874
99,131,1.2390339374542236
99,132,1.0503721237182617
99,133,1.1025662422180176
99,134,1.2231957912445068
99,135,1.0832562446594238
99,136,1.15570867061615
99,137,1.1978909969329834
99,138,0.9839165210723877
99,139,1.024283528327942
99,140,1.1656684875488281
99,141,1.148183822631836
99,142,1.1005620956420898
99,143,1.0380797386169434
99,144,0.9979246258735657
99,145,1.005183458328247
99,146,1.1302425861358643
99,147,1.1554250717163086
99,148,1.1019575595855713
99,149,1.2705501317977905
99,150,1.1301465034484863
99,151,0.9645912051200867
99,152,1.280755639076233
99,153,1.179715633392334
99,154,1.028031826019287
99,155,1.0251426696777344
99,156,1.0381178855895996
99,157,0.9877547025680542
99,158,1.0693620443344116
99,159,1.0706510543823242
99,160,0.9802893400192261
99,161,1.3893705606460571
99,162,1.019208312034607
99,163,1.0706309080123901
99,164,1.112791657447815
99,165,0.9938201904296875
99,166,1.1039453744888306
99,167,0.9776613712310791
99,168,1.122694730758667
99,169,1.20395827293396
99,170,1.2238690853118896
99,171,1.1844278573989868
99,172,1.218726634979248
99,173,1.0065584182739258
99,174,1.0256400108337402
99,175,1.1587861776351929
99,176,1.0519026517868042
99,177,1.0998092889785767
99,178,1.192151427268982
99,179,1.00814950466156
99,180,0.9580287933349609
99,181,1.2559999227523804
99,182,1.1995972394943237
99,183,1.1262365579605103
99,184,1.0327973365783691
99,185,0.9315145015716553
99,186,1.1318809986114502
99,187,1.059409737586975
99,188,1.259527325630188
99,189,1.211833119392395
99,190,1.1007626056671143
99,191,1.0572504997253418
99,192,1.1774303913116455
99,193,1.042250633239746
99,194,0.9664508104324341
99,195,1.0959844589233398
99,196,1.0380480289459229
99,197,0.9725704193115234
99,198,1.2851781845092773
99,199,0.9978132843971252
99,200,1.079530954360962
99,201,1.1700773239135742
99,202,1.2007367610931396
99,203,1.0250341892242432
99,204,1.1863470077514648
99,205,1.4678634405136108
99,206,1.0020318031311035
99,207,1.12088143825531
99,208,1.0432357788085938
99,209,1.130159854888916
99,210,1.139294147491455
99,211,1.0627198219299316
99,212,1.1064475774765015
99,213,1.360701560974121
99,214,1.289414644241333
99,215,1.1481635570526123
99,216,1.178839087486267
99,217,1.0419094562530518
99,218,1.0632123947143555
99,219,1.1465704441070557
99,220,0.999580979347229
99,221,1.153886079788208
99,222,1.051834225654602
99,223,1.2558555603027344
99,224,1.253419041633606
99,225,0.9478815197944641
99,226,1.0763745307922363
99,227,1.1606061458587646
99,228,1.1407982110977173
99,229,0.9808942079544067
99,230,1.036767601966858
99,231,1.0892479419708252
99,232,1.1541094779968262
99,233,1.009127140045166
99,234,1.0946578979492188
99,235,1.1019543409347534
99,236,1.21819007396698
99,237,1.1085284948349
99,238,1.191583275794983
99,239,1.1260064840316772
99,240,1.0685102939605713
99,241,1.188096046447754
99,242,1.1461763381958008
99,243,1.1265758275985718
99,244,1.1035691499710083
99,245,1.045842170715332
99,246,1.1821986436843872
99,247,1.1471022367477417
99,248,1.2247048616409302
99,249,1.1478222608566284
99,250,1.1050212383270264
99,251,1.071511149406433
99,252,1.0650856494903564
99,253,1.2071924209594727
99,254,1.0291316509246826
99,255,1.0475435256958008
99,256,1.0056184530258179
99,257,1.0956764221191406
99,258,1.0936861038208008
99,259,1.0961928367614746
99,260,1.0338846445083618
99,261,1.0129084587097168
99,262,1.0959986448287964
99,263,1.0887012481689453
99,264,0.9982790946960449
99,265,1.0068435668945312
99,266,1.3754794597625732
99,267,1.1156067848205566
99,268,1.047274112701416
99,269,1.1742563247680664
99,270,1.0524163246154785
99,271,1.0992369651794434
99,272,1.0476553440093994
99,273,0.9715442657470703
99,274,0.9964239597320557
99,275,1.0188448429107666
99,276,1.093927025794983
99,277,1.2635114192962646
99,278,1.0917778015136719
99,279,1.074185848236084
99,280,0.9918462038040161
99,281,1.35992431640625
99,282,1.0298519134521484
99,283,1.130385398864746
99,284,0.9677088260650635
99,285,1.1830482482910156
99,286,1.0607198476791382
99,287,1.080775260925293
99,288,1.2074484825134277
99,289,1.0233500003814697
99,290,1.2237251996994019
99,291,0.9692738652229309
99,292,1.3016414642333984
99,293,1.1302169561386108
99,294,1.4014332294464111
99,295,0.9301087856292725
99,296,1.0664291381835938
99,297,1.03782057762146
99,298,0.9779641628265381
99,299,1.0126882791519165
99,300,1.1937310695648193
99,301,1.166670799255371
99,302,1.1386032104492188
99,303,1.1464802026748657
99,304,0.9982191324234009
99,305,1.2130430936813354
99,306,1.0301052331924438
99,307,1.1926294565200806
99,308,1.1023682355880737
99,309,1.208418607711792
99,310,1.0507433414459229
99,311,1.289638638496399
100,0,1.1179825067520142
100,1,1.050559639930725
100,2,1.069061517715454
100,3,1.086174488067627
100,4,1.0578447580337524
100,5,1.1620720624923706
100,6,1.1401078701019287
100,7,1.1432206630706787
100,8,1.1642234325408936
100,9,1.245826244354248
100,10,1.0316344499588013
100,11,1.0683435201644897
100,12,1.0698742866516113
100,13,1.0307340621948242
100,14,0.9448095560073853
100,15,1.0495144128799438
100,16,0.9872109889984131
100,17,1.1899943351745605
100,18,1.1016911268234253
100,19,1.1311111450195312
100,20,1.2883152961730957
100,21,1.168332815170288
100,22,1.0563015937805176
100,23,1.1241528987884521
100,24,1.0079100131988525
100,25,1.0746426582336426
100,26,1.069455623626709
100,27,1.1995893716812134
100,28,1.0601726770401
100,29,1.0415480136871338
100,30,1.1667845249176025
100,31,1.0866141319274902
100,32,1.2325310707092285
100,33,0.9773117899894714
100,34,1.2336677312850952
100,35,1.0733544826507568
100,36,1.1310172080993652
100,37,1.0556159019470215
100,38,1.0553840398788452
100,39,1.0189077854156494
100,40,0.9353718757629395
100,41,1.1552120447158813
100,42,0.9855518341064453
100,43,1.0516319274902344
100,44,1.1223955154418945
100,45,1.326780915260315
100,46,0.9840618371963501
100,47,1.3941317796707153
100,48,1.0688564777374268
100,49,1.0713841915130615
100,50,1.0919725894927979
100,51,1.1879353523254395
100,52,1.0270473957061768
100,53,1.061502456665039
100,54,1.1887316703796387
100,55,1.2443673610687256
100,56,1.136535406112671
100,57,1.1374191045761108
100,58,1.0597763061523438
100,59,1.2778942584991455
100,60,1.1619070768356323
100,61,0.9412592053413391
100,62,1.306591510772705
100,63,1.0027766227722168
100,64,1.1536113023757935
100,65,1.0744836330413818
100,66,0.9652630090713501
100,67,1.6309010982513428
100,68,1.0928596258163452
100,69,1.0458922386169434
100,70,1.040557622909546
100,71,1.0868868827819824
100,72,1.1239817142486572
100,73,1.1149156093597412
100,74,1.0116469860076904
100,75,1.1679091453552246
100,76,1.0199474096298218
100,77,1.0447865724563599
100,78,1.090355634689331
100,79,1.0784058570861816
100,80,0.962568461894989
100,81,1.018010139465332
100,82,1.006149411201477
100,83,1.2118985652923584
100,84,1.0988274812698364
100,85,1.2498775720596313
100,86,1.1820604801177979
100,87,1.165789246559143
100,88,1.1463384628295898
100,89,1.231654167175293
100,90,1.1079034805297852
100,91,1.1047497987747192
100,92,1.2210158109664917
100,93,1.1191935539245605
100,94,1.0894986391067505
100,95,0.9598132371902466
100,96,0.9660689234733582
100,97,0.9691281914710999
100,98,1.125656247138977
100,99,1.202696442604065
100,100,1.0138092041015625
100,101,1.2348371744155884
100,102,1.0942530632019043
100,103,1.2573832273483276
100,104,1.0354845523834229
100,105,1.1987974643707275
100,106,1.0586007833480835
100,107,0.9664887189865112
100,108,1.047456979751587
100,109,1.150752067565918
100,110,1.0617872476577759
100,111,1.0879583358764648
100,112,1.013012170791626
100,113,1.0720977783203125
100,114,1.1726012229919434
100,115,1.0427290201187134
100,116,1.0288739204406738
100,117,1.1627920866012573
100,118,1.0822157859802246
100,119,0.9483051300048828
100,120,1.2745274305343628
100,121,1.2605770826339722
100,122,1.1048446893692017
100,123,0.9766761064529419
100,124,0.9630513191223145
100,125,1.0249879360198975
100,126,0.9732193946838379
100,127,1.0116207599639893
100,128,0.9723238348960876
100,129,1.0363619327545166
100,130,1.1023733615875244
100,131,1.17055082321167
100,132,1.4250388145446777
100,133,1.229736566543579
100,134,1.2028112411499023
100,135,1.171578288078308
100,136,1.1535862684249878
100,137,1.0492804050445557
100,138,1.237295150756836
100,139,1.1681201457977295
100,140,1.1164240837097168
100,141,1.1996761560440063
100,142,1.0021413564682007
100,143,1.163767695426941
100,144,1.0378730297088623
100,145,1.3473670482635498
100,146,1.1058199405670166
100,147,1.0424615144729614
100,148,1.1649242639541626
100,149,0.9939006567001343
100,150,1.2533107995986938
100,151,1.016806721687317
100,152,1.0489420890808105
100,153,0.9777422547340393
100,154,1.0888400077819824
100,155,0.9827423691749573
100,156,1.0417540073394775
100,157,1.0159085988998413
100,158,1.2407515048980713
100,159,1.0801771879196167
100,160,1.0865302085876465
100,161,1.2522361278533936
100,162,1.0322985649108887
100,163,1.0182842016220093
100,164,1.163097858428955
100,165,0.9917703866958618
100,166,1.2428152561187744
100,167,1.1538175344467163
100,168,0.9563778638839722
100,169,1.1701881885528564
100,170,1.0937985181808472
100,171,1.009028434753418
100,172,1.0471463203430176
100,173,1.0352783203125
100,174,0.9390602707862854
100,175,1.3549156188964844
100,176,1.122003197669983
100,177,1.0789597034454346
100,178,1.1461725234985352
100,179,1.3305610418319702
100,180,1.0241496562957764
100,181,1.2851039171218872
100,182,1.107537031173706
100,183,1.3115555047988892
100,184,0.9737771153450012
100,185,1.054426670074463
100,186,1.1297922134399414
100,187,1.2828855514526367
100,188,1.1112523078918457
100,189,1.177799940109253
100,190,1.0207698345184326
100,191,1.0640145540237427
100,192,1.1000466346740723
100,193,0.9918751120567322
100,194,1.1844266653060913
100,195,1.253228783607483
100,196,0.972019612789154
100,197,1.075923204421997
100,198,1.020794153213501
100,199,1.20744788646698
100,200,1.0239912271499634
100,201,1.0722017288208008
100,202,0.9766508340835571
100,203,1.0033674240112305
100,204,1.157175064086914
100,205,1.2193431854248047
100,206,0.9970859289169312
100,207,1.0541818141937256
100,208,0.965718686580658
100,209,1.1210869550704956
100,210,0.9653791785240173
100,211,1.1892378330230713
100,212,1.0701878070831299
100,213,1.096497893333435
100,214,0.9345978498458862
100,215,1.0160677433013916
100,216,1.2831172943115234
100,217,1.2990198135375977
100,218,1.0744038820266724
100,219,0.9666644930839539
100,220,1.1685115098953247
100,221,0.998741090297699
100,222,0.9010888934135437
100,223,1.023928165435791
100,224,1.1214693784713745
100,225,1.0382328033447266
100,226,1.1802165508270264
100,227,1.0042414665222168
100,228,1.1477453708648682
100,229,1.0998919010162354
100,230,1.0152380466461182
100,231,1.1066579818725586
100,232,1.0288499593734741
100,233,1.0752853155136108
100,234,1.1091135740280151
100,235,1.0513973236083984
100,236,1.1416823863983154
100,237,1.2398321628570557
100,238,1.0649867057800293
100,239,1.144409418106079
100,240,1.0086802244186401
100,241,1.1639825105667114
100,242,1.207107424736023
100,243,1.0907785892486572
100,244,0.9918769598007202
100,245,1.049940824508667
100,246,1.1031211614608765
100,247,1.2638685703277588
100,248,1.1090929508209229
100,249,1.0905287265777588
100,250,1.1066714525222778
100,251,1.0945886373519897
100,252,1.1176111698150635
100,253,1.0900826454162598
100,254,1.1035974025726318
100,255,1.098746657371521
100,256,0.9664976596832275
100,257,1.0660910606384277
100,258,1.0094478130340576
100,259,1.3440029621124268
100,260,1.2051725387573242
100,261,1.1187665462493896
100,262,1.450055718421936
100,263,1.0134974718093872
100,264,1.0358957052230835
100,265,1.1016204357147217
100,266,1.2014164924621582
100,267,1.0754244327545166
100,268,0.9597371816635132
100,269,0.9721652865409851
100,270,1.234583854675293
100,271,0.9985558390617371
100,272,0.9372906684875488
100,273,1.1221582889556885
100,274,1.0023729801177979
100,275,1.1392581462860107
100,276,0.9668053984642029
100,277,1.2349543571472168
100,278,1.1355167627334595
100,279,1.0683071613311768
100,280,1.176950454711914
100,281,1.1711831092834473
100,282,0.9431204199790955
100,283,1.0683104991912842
100,284,1.1000016927719116
100,285,1.0369166135787964
100,286,1.1209440231323242
100,287,1.1907272338867188
100,288,1.2334139347076416
100,289,1.323734998703003
100,290,1.2043225765228271
100,291,1.052319884300232
100,292,1.0277575254440308
100,293,1.2383285760879517
100,294,1.1180847883224487
100,295,1.1347081661224365
100,296,1.0632960796356201
100,297,1.2213668823242188
100,298,0.9498544335365295
100,299,1.0059231519699097
100,300,1.1219627857208252
100,301,0.9682152271270752
100,302,1.1068426370620728
100,303,1.2338361740112305
100,304,1.0032153129577637
100,305,1.2870029211044312
100,306,1.0620830059051514
100,307,1.0733331441879272
100,308,1.0801916122436523
100,309,1.045765995979309
100,310,1.181901216506958
100,311,1.2007228136062622
101,0,1.021207571029663
101,1,1.1020816564559937
101,2,1.2617309093475342
101,3,1.1613274812698364
101,4,1.1173920631408691
101,5,1.2019069194793701
101,6,1.3594982624053955
101,7,1.0055171251296997
101,8,1.0821748971939087
101,9,1.2829763889312744
101,10,1.0778062343597412
101,11,1.152733325958252
101,12,1.082840919494629
101,13,1.1516737937927246
101,14,0.9856584668159485
101,15,1.0424962043762207
101,16,1.009098768234253
101,17,1.0254452228546143
101,18,1.1488382816314697
101,19,1.065159559249878
101,20,1.173181414604187
101,21,1.2641392946243286
101,22,1.0285887718200684
101,23,1.037813663482666
101,24,1.004786729812622
101,25,1.2781699895858765
101,26,1.060865044593811
101,27,1.0515038967132568
101,28,1.1728421449661255
101,29,0.968704104423523
101,30,1.2050683498382568
101,31,1.1158554553985596
101,32,1.0717052221298218
101,33,1.0481141805648804
101,34,1.0684864521026611
101,35,0.9728507995605469
101,36,1.0701693296432495
101,37,1.0473214387893677
101,38,1.0158052444458008
101,39,1.0742740631103516
101,40,1.0463145971298218
101,41,1.0547363758087158
101,42,1.1184380054473877
101,43,0.9171725511550903
101,44,1.2627111673355103
101,45,1.129806399345398
101,46,1.2783918380737305
101,47,1.1039199829101562
101,48,1.0897464752197266
101,49,1.1637446880340576
101,50,1.0511868000030518
101,51,0.9893385171890259
101,52,0.9361771941184998
101,53,1.0102174282073975
101,54,1.1547112464904785
101,55,0.9995388984680176
101,56,1.063090205192566
101,57,1.1937516927719116
101,58,0.9791271686553955
101,59,1.2465392351150513
101,60,1.0130398273468018
101,61,1.0872533321380615
101,62,1.0186176300048828
101,63,1.2368741035461426
101,64,1.0699533224105835
101,65,1.1328306198120117
101,66,1.3220696449279785
101,67,1.2083905935287476
101,68,0.9937487840652466
101,69,1.1479383707046509
101,70,1.1185381412506104
101,71,1.084823727607727
101,72,1.21195387840271
101,73,1.061537742614746
101,74,1.1830697059631348
101,75,0.9785074591636658
101,76,1.2587926387786865
101,77,1.0712990760803223
101,78,1.022429347038269
101,79,0.960008442401886
101,80,1.0418678522109985
101,81,1.1168673038482666
101,82,1.0981663465499878
101,83,1.0697054862976074
101,84,1.3251378536224365
101,85,1.110416054725647
101,86,1.0228075981140137
101,87,1.0284371376037598
101,88,1.1364941596984863
101,89,1.0618513822555542
101,90,1.2327513694763184
101,91,0.9559620022773743
101,92,1.0730006694793701
101,93,1.0528541803359985
101,94,1.266361117362976
101,95,1.0770421028137207
101,96,1.1579029560089111
101,97,0.8727924823760986
101,98,0.9817198514938354
101,99,0.962827205657959
101,100,1.1085458993911743
101,101,1.256892204284668
101,102,1.0145866870880127
101,103,1.3041049242019653
101,104,1.1496601104736328
101,105,1.037707805633545
101,106,1.4014544486999512
101,107,1.2336610555648804
101,108,1.2604718208312988
101,109,1.0206204652786255
101,110,1.0954102277755737
101,111,1.149552345275879
101,112,1.1135902404785156
101,113,1.1497557163238525
101,114,1.013236403465271
101,115,1.101637840270996
101,116,1.0283091068267822
101,117,0.9460435509681702
101,118,1.027975082397461
101,119,1.152239203453064
101,120,1.1337378025054932
101,121,1.1173392534255981
101,122,0.9936676025390625
101,123,1.153829574584961
101,124,1.0947151184082031
101,125,1.090172529220581
101,126,1.2948895692825317
101,127,1.0595049858093262
101,128,1.0013971328735352
101,129,0.998753547668457
101,130,1.065469741821289
101,131,1.1017628908157349
101,132,1.120269536972046
101,133,1.0657908916473389
101,134,0.9923529624938965
101,135,1.200207233428955
101,136,0.9872815608978271
101,137,1.0662130117416382
101,138,0.9573578238487244
101,139,1.1304064989089966
101,140,1.1386172771453857
101,141,1.108389139175415
101,142,1.0050432682037354
101,143,1.0112276077270508
101,144,1.0388424396514893
101,145,1.0654232501983643
101,146,1.0063191652297974
101,147,1.1482863426208496
101,148,1.0856199264526367
101,149,1.1809872388839722
101,150,1.6279600858688354
101,151,1.2065789699554443
101,152,1.0293248891830444
101,153,1.2906686067581177
101,154,1.0449217557907104
101,155,0.9863238334655762
101,156,1.0206053256988525
101,157,1.105898141860962
101,158,1.069407343864441
101,159,1.02259361743927
101,160,1.1879314184188843
101,161,1.165581226348877
101,162,1.0437378883361816
101,163,1.09986412525177
101,164,1.063550591468811
101,165,1.1270750761032104
101,166,1.1788134574890137
101,167,1.066637396812439
101,168,1.3428025245666504
101,169,1.0531237125396729
101,170,0.947473406791687
101,171,0.8923419713973999
101,172,1.0701981782913208
101,173,1.022710919380188
101,174,0.9270309209823608
101,175,1.0223115682601929
101,176,1.018191933631897
101,177,1.0289093255996704
101,178,0.9679269194602966
101,179,2.0127499103546143
101,180,1.15309739112854
101,181,1.1192865371704102
101,182,1.0917913913726807
101,183,0.996511697769165
101,184,1.0001776218414307
101,185,1.1163941621780396
101,186,1.1482373476028442
101,187,0.9674568176269531
101,188,1.2081782817840576
101,189,1.2693591117858887
101,190,1.118778109550476
101,191,1.1072297096252441
101,192,1.117446780204773
101,193,1.0292768478393555
101,194,1.1025348901748657
101,195,1.0583055019378662
101,196,1.2918779850006104
101,197,1.2181986570358276
101,198,1.0536874532699585
101,199,1.0895237922668457
101,200,1.1314836740493774
101,201,1.11325204372406
101,202,1.1071926355361938
101,203,1.0713095664978027
101,204,1.3056800365447998
101,205,1.0017924308776855
101,206,1.1124067306518555
101,207,1.078674554824829
101,208,1.2740273475646973
101,209,1.1458758115768433
101,210,1.1554718017578125
101,211,1.1329553127288818
101,212,1.147101879119873
101,213,1.057929277420044
101,214,1.1426327228546143
101,215,1.0121904611587524
101,216,1.0273096561431885
101,217,1.0110617876052856
101,218,0.9884529113769531
101,219,0.9484649300575256
101,220,1.0242648124694824
101,221,0.9883982539176941
101,222,1.3875617980957031
101,223,1.0706359148025513
101,224,1.0986602306365967
101,225,1.256250262260437
101,226,1.0259548425674438
101,227,1.0115362405776978
101,228,1.133320927619934
101,229,1.0390619039535522
101,230,1.0209587812423706
101,231,1.228867530822754
101,232,1.1206015348434448
101,233,1.1824958324432373
101,234,1.0332070589065552
101,235,1.0400300025939941
101,236,1.0625466108322144
101,237,1.0835111141204834
101,238,1.1821959018707275
101,239,0.9312835335731506
101,240,1.182624340057373
101,241,1.2386868000030518
101,242,1.1329033374786377
101,243,1.1109375953674316
101,244,1.1393494606018066
101,245,1.0620611906051636
101,246,1.0533934831619263
101,247,1.0427055358886719
101,248,1.1174626350402832
101,249,0.959193766117096
101,250,1.277381181716919
101,251,1.0283091068267822
101,252,1.1954047679901123
101,253,1.191312551498413
101,254,1.0866879224777222
101,255,1.2062349319458008
101,256,1.0348081588745117
101,257,1.0168685913085938
101,258,1.4009084701538086
101,259,1.1227078437805176
101,260,1.1045194864273071
101,261,1.1131229400634766
101,262,1.1538071632385254
101,263,1.2443643808364868
101,264,1.5500212907791138
101,265,0.9754759073257446
101,266,1.026412844657898
101,267,0.962009847164154
101,268,1.1918450593948364
101,269,1.0184009075164795
101,270,1.0464870929718018
101,271,1.1003910303115845
101,272,1.053959608078003
101,273,0.9608297944068909
101,274,1.001502513885498
101,275,1.394518494606018
101,276,0.9738296270370483
101,277,1.2484560012817383
101,278,1.1079134941101074
101,279,1.1135133504867554
101,280,1.1021549701690674
101,281,0.9854934215545654
101,282,1.1360406875610352
101,283,1.2205108404159546
101,284,1.1394305229187012
101,285,1.104826807975769
101,286,1.0114209651947021
101,287,1.2864595651626587
101,288,1.088678002357483
101,289,1.0363456010818481
101,290,1.1174734830856323
101,291,0.9928101897239685
101,292,1.0631413459777832
101,293,1.1125786304473877
101,294,1.1601769924163818
101,295,1.0650686025619507
101,296,1.1700798273086548
101,297,0.9884955883026123
101,298,1.141127109527588
101,299,1.014431118965149
101,300,1.010942816734314
101,301,1.0663143396377563
101,302,1.1262989044189453
101,303,1.5121893882751465
101,304,1.1848024129867554
101,305,1.0866464376449585
101,306,1.0514376163482666
101,307,1.0758193731307983
101,308,0.9580215215682983
101,309,1.4076588153839111
101,310,1.0638103485107422
101,311,1.3141391277313232
102,0,1.2328660488128662
102,1,1.0507782697677612
102,2,0.9752912521362305
102,3,1.0606259107589722
102,4,0.9864391684532166
102,5,0.9965616464614868
102,6,1.2895228862762451
102,7,1.1319806575775146
102,8,1.175890564918518
102,9,1.0655394792556763
102,10,1.026820182800293
102,11,1.0686975717544556
102,12,1.0116766691207886
102,13,1.0156298875808716
102,14,1.1582244634628296
102,15,1.19529128074646
102,16,1.2971022129058838
102,17,1.124698519706726
102,18,1.0090339183807373
102,19,1.3191916942596436
102,20,1.1825718879699707
102,21,1.3491096496582031
102,22,1.2159028053283691
102,23,1.1648194789886475
102,24,1.1263728141784668
102,25,1.0609456300735474
102,26,1.1097747087478638
102,27,1.0009875297546387
102,28,1.1635297536849976
102,29,1.1363637447357178
102,30,0.9489995837211609
102,31,1.2647465467453003
102,32,1.0944775342941284
102,33,1.0649394989013672
102,34,1.247572898864746
102,35,1.0469552278518677
102,36,1.1561815738677979
102,37,1.1009752750396729
102,38,1.1058768033981323
102,39,1.0960793495178223
102,40,0.9758275747299194
102,41,1.1330420970916748
102,42,1.0331319570541382
102,43,1.0447943210601807
102,44,1.0160515308380127
102,45,0.9447954893112183
102,46,1.0285625457763672
102,47,0.9575906991958618
102,48,0.9813439846038818
102,49,1.0694246292114258
102,50,1.1146053075790405
102,51,1.0308728218078613
102,52,1.2089345455169678
102,53,1.1347723007202148
102,54,1.007619857788086
102,55,1.2018687725067139
102,56,1.2593454122543335
102,57,1.0080246925354004
102,58,1.121518611907959
102,59,0.9751240611076355
102,60,1.2016719579696655
102,61,1.0664620399475098
102,62,1.0262643098831177
102,63,1.0614452362060547
102,64,1.0535035133361816
102,65,1.0391089916229248
102,66,1.0721917152404785
102,67,1.3550583124160767
102,68,1.2276532649993896
102,69,1.065017580986023
102,70,1.4324328899383545
102,71,1.0910743474960327
102,72,1.0744223594665527
102,73,1.050976276397705
102,74,1.1982994079589844
102,75,1.052740454673767
102,76,1.0064839124679565
102,77,1.1159069538116455
102,78,1.039498209953308
102,79,1.1349716186523438
102,80,0.9757764935493469
102,81,0.9832522869110107
102,82,0.9816203117370605
102,83,1.2406446933746338
102,84,1.0144398212432861
102,85,1.0052857398986816
102,86,1.0435925722122192
102,87,1.0815279483795166
102,88,1.1665186882019043
102,89,1.081834077835083
102,90,1.040616512298584
102,91,1.192977786064148
102,92,1.0136784315109253
102,93,1.1756105422973633
102,94,1.1970653533935547
102,95,1.1118985414505005
102,96,1.136505126953125
102,97,1.1539610624313354
102,98,0.9132727980613708
102,99,0.9318550825119019
102,100,1.2279624938964844
102,101,1.1567999124526978
102,102,1.1093506813049316
102,103,1.0166025161743164
102,104,1.3134236335754395
102,105,1.233367681503296
102,106,1.2746374607086182
102,107,1.1178691387176514
102,108,1.016929268836975
102,109,1.0906062126159668
102,110,1.063636302947998
102,111,1.030352234840393
102,112,1.0202802419662476
102,113,1.1192936897277832
102,114,1.1477285623550415
102,115,1.0742675065994263
102,116,1.0635279417037964
102,117,1.2684104442596436
102,118,1.0891200304031372
102,119,1.2752079963684082
102,120,1.061161994934082
102,121,1.157425045967102
102,122,1.037872552871704
102,123,0.9614956378936768
102,124,0.9798932075500488
102,125,0.9969611167907715
102,126,1.0774813890457153
102,127,1.205836534500122
102,128,0.9882116913795471
102,129,1.0477367639541626
102,130,1.0171149969100952
102,131,1.0535054206848145
102,132,1.2531206607818604
102,133,1.1160850524902344
102,134,1.315441608428955
102,135,0.9710509777069092
102,136,1.034857988357544
102,137,0.9787557125091553
102,138,1.0434058904647827
102,139,0.9963492155075073
102,140,1.1531341075897217
102,141,1.0606552362442017
102,142,1.1396775245666504
102,143,1.1184871196746826
102,144,1.0778999328613281
102,145,0.9897488951683044
102,146,1.0775984525680542
102,147,1.2436803579330444
102,148,0.9357346296310425
102,149,0.9328650832176208
102,150,0.9775509834289551
102,151,0.8910741806030273
102,152,1.2969624996185303
102,153,1.0280524492263794
102,154,1.0119450092315674
102,155,1.0893211364746094
102,156,1.2430278062820435
102,157,1.0549867153167725
102,158,1.0770087242126465
102,159,1.1191060543060303
102,160,0.9764916300773621
102,161,1.0699363946914673
102,162,0.9859886765480042
102,163,1.1193541288375854
102,164,1.0124367475509644
102,165,1.0656273365020752
102,166,0.9981004595756531
102,167,1.0350708961486816
102,168,1.0602744817733765
102,169,1.0356431007385254
102,170,0.9874060750007629
102,171,1.1003844738006592
102,172,1.1289587020874023
102,173,1.1115379333496094
102,174,1.1800167560577393
102,175,1.090572476387024
102,176,0.8981646299362183
102,177,1.0116279125213623
102,178,0.9816819429397583
102,179,1.0072646141052246
102,180,1.1173367500305176
102,181,1.0991413593292236
102,182,1.1029754877090454
102,183,1.0229777097702026
102,184,1.1665364503860474
102,185,1.0092337131500244
102,186,1.332194447517395
102,187,1.1196155548095703
102,188,1.0914599895477295
102,189,1.3132449388504028
102,190,1.0403879880905151
102,191,1.1500238180160522
102,192,1.0373846292495728
102,193,0.9711335897445679
102,194,1.1272952556610107
102,195,0.9819865226745605
102,196,1.134830117225647
102,197,1.1392993927001953
102,198,1.0402783155441284
102,199,1.210158109664917
102,200,1.0414552688598633
102,201,1.133512020111084
102,202,1.0573227405548096
102,203,0.995211660861969
102,204,1.1340923309326172
102,205,0.9881018400192261
102,206,1.0758030414581299
102,207,1.054640293121338
102,208,0.9688150882720947
102,209,1.0929690599441528
102,210,1.0928128957748413
102,211,1.1460953950881958
102,212,1.0506781339645386
102,213,1.0915549993515015
102,214,1.0508087873458862
102,215,1.2065191268920898
102,216,0.9950249195098877
102,217,1.2063096761703491
102,218,1.1446925401687622
102,219,1.0786826610565186
102,220,1.0103315114974976
102,221,1.0756760835647583
102,222,1.1865911483764648
102,223,1.1655689477920532
102,224,1.0188007354736328
102,225,1.0554767847061157
102,226,0.9326616525650024
102,227,1.172091007232666
102,228,0.9450791478157043
102,229,1.0130789279937744
102,230,1.269017219543457
102,231,1.2102999687194824
102,232,1.258619785308838
102,233,1.2003906965255737
102,234,1.1415354013442993
102,235,1.0943593978881836
102,236,1.1028506755828857
102,237,0.9666651487350464
102,238,1.0265579223632812
102,239,1.6658225059509277
102,240,1.2368581295013428
102,241,1.0586748123168945
102,242,1.240194320678711
102,243,1.1664447784423828
102,244,1.1070568561553955
102,245,1.0071041584014893
102,246,1.1308420896530151
102,247,0.9590885639190674
102,248,0.9363797903060913
102,249,1.1439729928970337
102,250,1.1076236963272095
102,251,1.0987964868545532
102,252,1.0080183744430542
102,253,1.163528561592102
102,254,1.0648243427276611
102,255,1.0400054454803467
102,256,1.0203707218170166
102,257,1.159422755241394
102,258,1.2037761211395264
102,259,1.1092947721481323
102,260,1.031185507774353
102,261,1.2572591304779053
102,262,1.0906879901885986
102,263,1.053745985031128
102,264,1.1196342706680298
102,265,1.1020251512527466
102,266,1.1278642416000366
102,267,1.0495617389678955
102,268,1.0950860977172852
102,269,0.9550714492797852
102,270,1.2598447799682617
102,271,1.0465588569641113
102,272,1.134486436843872
102,273,1.3055185079574585
102,274,1.4111557006835938
102,275,1.116824984550476
102,276,1.0212328433990479
102,277,1.1701570749282837
102,278,1.1088554859161377
102,279,1.2579103708267212
102,280,0.9876238107681274
102,281,1.1968064308166504
102,282,1.0284156799316406
102,283,0.963026225566864
102,284,1.0710828304290771
102,285,1.0449769496917725
102,286,1.0628254413604736
102,287,1.0301324129104614
102,288,1.1101384162902832
102,289,1.1334716081619263
102,290,1.0483105182647705
102,291,0.9857885241508484
102,292,0.9928727746009827
102,293,1.1152875423431396
102,294,1.2664830684661865
102,295,1.2063467502593994
102,296,1.07523775100708
102,297,1.0442551374435425
102,298,1.2183479070663452
102,299,1.0326964855194092
102,300,1.1814157962799072
102,301,1.1327588558197021
102,302,1.2585256099700928
102,303,1.2025716304779053
102,304,1.1280683279037476
102,305,1.130410075187683
102,306,1.0219285488128662
102,307,1.1707758903503418
102,308,1.0478540658950806
102,309,1.4276878833770752
102,310,1.02537202835083
102,311,1.2030376195907593
103,0,1.2075635194778442
103,1,0.9516990780830383
103,2,1.3161449432373047
103,3,1.163475513458252
103,4,0.9848886728286743
103,5,1.023504614830017
103,6,1.2605643272399902
103,7,1.0527410507202148
103,8,1.1654528379440308
103,9,1.0967230796813965
103,10,1.0450599193572998
103,11,1.0736217498779297
103,12,1.1735156774520874
103,13,0.9616243839263916
103,14,1.0204408168792725
103,15,1.1910446882247925
103,16,1.2015689611434937
103,17,1.1186885833740234
103,18,1.2428607940673828
103,19,1.3720860481262207
103,20,1.1144737005233765
103,21,1.0649614334106445
103,22,0.9698595404624939
103,23,1.1729350090026855
103,24,1.0252211093902588
103,25,1.0877821445465088
103,26,1.2298613786697388
103,27,1.0242482423782349
103,28,0.9823437333106995
103,29,1.0351166725158691
103,30,1.1448869705200195
103,31,1.0347132682800293
103,32,1.2011439800262451
103,33,1.0137243270874023
103,34,1.0955560207366943
103,35,1.066580891609192
103,36,0.9838293790817261
103,37,1.0900083780288696
103,38,1.0287399291992188
103,39,1.171645998954773
103,40,1.1069391965866089
103,41,1.1496652364730835
103,42,1.1146440505981445
103,43,1.133050560951233
103,44,1.1501717567443848
103,45,0.9970084428787231
103,46,1.0646501779556274
103,47,1.2383590936660767
103,48,1.1472454071044922
103,49,1.1294355392456055
103,50,1.0320308208465576
103,51,1.1480532884597778
103,52,1.2931982278823853
103,53,1.024311900138855
103,54,1.0099810361862183
103,55,1.1889821290969849
103,56,1.137343168258667
103,57,1.0749008655548096
103,58,1.0405833721160889
103,59,1.1374588012695312
103,60,1.0604734420776367
103,61,0.990260899066925
103,62,0.9339696168899536
103,63,1.062134027481079
103,64,1.217453956604004
103,65,1.149183750152588
103,66,1.1822346448898315
103,67,1.00697922706604
103,68,1.0009592771530151
103,69,1.0785192251205444
103,70,1.0204894542694092
103,71,1.0114637613296509
103,72,0.9750025868415833
103,73,1.0883997678756714
103,74,1.3043928146362305
103,75,1.1046535968780518
103,76,1.503517746925354
103,77,1.051880955696106
103,78,1.1332124471664429
103,79,0.9953972101211548
103,80,1.214463233947754
103,81,1.1654267311096191
103,82,1.0654867887496948
103,83,1.0517668724060059
103,84,1.2861437797546387
103,85,1.0489953756332397
103,86,1.1166727542877197
103,87,1.1358826160430908
103,88,1.0758817195892334
103,89,1.0529770851135254
103,90,1.126801609992981
103,91,1.1309975385665894
103,92,0.9749732613563538
103,93,1.0624735355377197
103,94,1.126721739768982
103,95,1.0658953189849854
103,96,1.0531691312789917
103,97,1.064964771270752
103,98,1.0901408195495605
103,99,1.0134631395339966
103,100,1.2854928970336914
103,101,1.0364420413970947
103,102,0.9941587448120117
103,103,1.1049435138702393
103,104,1.0154767036437988
103,105,0.9503000378608704
103,106,1.0839722156524658
103,107,1.175471305847168
103,108,1.2158880233764648
103,109,1.2834912538528442
103,110,0.9942172765731812
103,111,1.0131484270095825
103,112,1.148040771484375
103,113,1.2052441835403442
103,114,1.0622700452804565
103,115,1.1284667253494263
103,116,1.0076804161071777
103,117,0.9840941429138184
103,118,0.9237568974494934
103,119,1.1115376949310303
103,120,1.1432901620864868
103,121,1.0447540283203125
103,122,0.9489883780479431
103,123,1.0816736221313477
103,124,1.196065902709961
103,125,1.318171501159668
103,126,1.1166372299194336
103,127,1.195114254951477
103,128,1.0456864833831787
103,129,1.265746831893921
103,130,0.9379783868789673
103,131,1.2262144088745117
103,132,1.0633732080459595
103,133,1.162614107131958
103,134,1.083374261856079
103,135,1.1544532775878906
103,136,0.9996765851974487
103,137,1.007023811340332
103,138,1.0352401733398438
103,139,0.9691146612167358
103,140,0.9934077262878418
103,141,1.1291242837905884
103,142,1.102891206741333
103,143,1.2178211212158203
103,144,0.9321543574333191
103,145,1.1213243007659912
103,146,1.0358915328979492
103,147,1.0663206577301025
103,148,0.9205200672149658
103,149,1.120991587638855
103,150,1.141137957572937
103,151,1.032624363899231
103,152,1.055251121520996
103,153,1.231836199760437
103,154,1.1667289733886719
103,155,0.9860363006591797
103,156,0.9610287547111511
103,157,1.105884075164795
103,158,1.1611384153366089
103,159,1.1491118669509888
103,160,0.9474712014198303
103,161,1.190384864807129
103,162,1.0786631107330322
103,163,1.049751877784729
103,164,1.1030205488204956
103,165,1.1699798107147217
103,166,1.1559007167816162
103,167,1.0174604654312134
103,168,1.0351521968841553
103,169,1.0684988498687744
103,170,1.3887169361114502
103,171,1.101133942604065
103,172,1.224582314491272
103,173,1.0067191123962402
103,174,1.2381505966186523
103,175,0.9923330545425415
103,176,1.052656650543213
103,177,1.07368004322052
103,178,1.3347114324569702
103,179,1.0590282678604126
103,180,1.0641289949417114
103,181,1.087593674659729
103,182,1.2173094749450684
103,183,1.01771879196167
103,184,1.0647374391555786
103,185,1.1742916107177734
103,186,1.12472665309906
103,187,1.0787783861160278
103,188,1.3247997760772705
103,189,1.0380499362945557
103,190,1.3354644775390625
103,191,1.1136807203292847
103,192,1.2125418186187744
103,193,1.1091192960739136
103,194,1.1582742929458618
103,195,1.0885062217712402
103,196,0.9549468755722046
103,197,1.083616852760315
103,198,1.1321558952331543
103,199,0.9482741951942444
103,200,1.025899052619934
103,201,1.1750379800796509
103,202,1.1655795574188232
103,203,1.2131612300872803
103,204,1.126009464263916
103,205,1.0319278240203857
103,206,1.1873211860656738
103,207,1.187807559967041
103,208,1.0338618755340576
103,209,0.9668785333633423
103,210,1.3017475605010986
103,211,1.0870826244354248
103,212,1.3100473880767822
103,213,1.0246877670288086
103,214,1.0583077669143677
103,215,1.2360761165618896
103,216,1.3649630546569824
103,217,1.0523278713226318
103,218,1.126791000366211
103,219,1.0821092128753662
103,220,1.1340844631195068
103,221,1.093827724456787
103,222,1.2904739379882812
103,223,1.0930378437042236
103,224,1.2517246007919312
103,225,1.3194326162338257
103,226,1.0562872886657715
103,227,1.0017096996307373
103,228,1.1088697910308838
103,229,0.9681264162063599
103,230,0.999640941619873
103,231,1.2466763257980347
103,232,1.109037160873413
103,233,1.086808443069458
103,234,1.0974757671356201
103,235,1.0249474048614502
103,236,1.1296765804290771
103,237,1.0439863204956055
103,238,1.0707952976226807
103,239,1.0257714986801147
103,240,1.046433925628662
103,241,1.0257760286331177
103,242,0.8933886289596558
103,243,1.0742268562316895
103,244,1.012105941772461
103,245,1.2104278802871704
103,246,1.0494122505187988
103,247,1.178321361541748
103,248,1.3831496238708496
103,249,1.3010486364364624
103,250,1.2302159070968628
103,251,1.111952543258667
103,252,1.2220268249511719
103,253,0.9711545705795288
103,254,1.206441044807434
103,255,1.0233495235443115
103,256,1.074292540550232
103,257,0.9752350449562073
103,258,1.198144793510437
103,259,1.3117656707763672
103,260,1.0760295391082764
103,261,0.9983781576156616
103,262,1.2552026510238647
103,263,1.1949561834335327
103,264,1.0934500694274902
103,265,0.9536494016647339
103,266,1.5310750007629395
103,267,1.1245912313461304
103,268,1.1967614889144897
103,269,1.0687017440795898
103,270,0.9530320763587952
103,271,1.0747390985488892
103,272,1.1363807916641235
103,273,1.0505995750427246
103,274,1.061288595199585
103,275,1.070255994796753
103,276,1.1053874492645264
103,277,1.0052303075790405
103,278,0.9617570638656616
103,279,1.1137458086013794
103,280,1.2186881303787231
103,281,1.0163624286651611
103,282,1.058936595916748
103,283,0.9882475137710571
103,284,1.067854881286621
103,285,1.2226970195770264
103,286,1.0083032846450806
103,287,1.0107614994049072
103,288,1.0683501958847046
103,289,1.070666790008545
103,290,1.3434100151062012
103,291,1.0782747268676758
103,292,1.0137990713119507
103,293,1.1726630926132202
103,294,0.9906205534934998
103,295,1.088218331336975
103,296,1.0414189100265503
103,297,1.091666340827942
103,298,1.0988359451293945
103,299,0.9626689553260803
103,300,1.032578706741333
103,301,1.2263236045837402
103,302,1.0834877490997314
103,303,1.0100083351135254
103,304,1.150132179260254
103,305,1.1015117168426514
103,306,1.10420823097229
103,307,1.0144736766815186
103,308,1.19669508934021
103,309,1.066840410232544
103,310,0.979803204536438
103,311,1.2684998512268066
104,0,0.9788448810577393
104,1,1.2547821998596191
104,2,1.2545735836029053
104,3,1.2561087608337402
104,4,1.0966007709503174
104,5,1.2527000904083252
104,6,1.014554500579834
104,7,1.077587604522705
104,8,1.0498602390289307
104,9,0.961696982383728
104,10,1.0913739204406738
104,11,1.1730971336364746
104,12,1.0999078750610352
104,13,1.192046880722046
104,14,1.176897644996643
104,15,1.112149953842163
104,16,0.9908862113952637
104,17,1.0457327365875244
104,18,1.0888524055480957
104,19,0.9546611905097961
104,20,1.071702241897583
104,21,1.189992904663086
104,22,1.0119826793670654
104,23,0.9221108555793762
104,24,1.0243099927902222
104,25,1.0882834196090698
104,26,1.102681040763855
104,27,1.0752761363983154
104,28,1.1234130859375
104,29,1.0238673686981201
104,30,1.1801173686981201
104,31,0.9915899634361267
104,32,1.0628244876861572
104,33,1.1263904571533203
104,34,1.1460893154144287
104,35,1.2455261945724487
104,36,1.499237060546875
104,37,1.0377683639526367
104,38,0.9936195611953735
104,39,0.9699532985687256
104,40,1.0781716108322144
104,41,1.1309740543365479
104,42,1.1305538415908813
104,43,1.1426764726638794
104,44,1.1405420303344727
104,45,1.0077292919158936
104,46,0.9889379143714905
104,47,1.0875195264816284
104,48,1.1962637901306152
104,49,1.2395884990692139
104,50,0.9935437440872192
104,51,1.1248219013214111
104,52,0.963839590549469
104,53,0.9772570133209229
104,54,0.9691629409790039
104,55,1.0115513801574707
104,56,1.0732313394546509
104,57,0.9842140078544617
104,58,1.0717005729675293
104,59,1.0185303688049316
104,60,1.1439900398254395
104,61,1.043386697769165
104,62,1.0906364917755127
104,63,1.0402398109436035
104,64,1.2470406293869019
104,65,1.0283087491989136
104,66,1.019755482673645
104,67,1.0646471977233887
104,68,1.197629451751709
104,69,1.0746407508850098
104,70,1.1064655780792236
104,71,1.0558584928512573
104,72,0.9459947347640991
104,73,1.1301848888397217
104,74,1.0191469192504883
104,75,1.0923826694488525
104,76,0.9903353452682495
104,77,1.0128390789031982
104,78,1.321815013885498
104,79,1.0020724534988403
104,80,1.1641215085983276
104,81,1.2694916725158691
104,82,1.0150511264801025
104,83,0.9955366253852844
104,84,1.0125401020050049
104,85,0.9311460852622986
104,86,1.2251532077789307
104,87,1.4094552993774414
104,88,1.0227293968200684
104,89,1.0213420391082764
104,90,1.0774708986282349
104,91,1.1410925388336182
104,92,1.092039942741394
104,93,1.040942907333374
104,94,1.074938416481018
104,95,0.9383553266525269
104,96,1.0356409549713135
104,97,1.0154117345809937
104,98,1.0445188283920288
104,99,1.181548833847046
104,100,0.9973844289779663
104,101,1.0751311779022217
104,102,1.0254099369049072
104,103,1.1711589097976685
104,104,0.9964296221733093
104,105,0.9678350687026978
104,106,1.1004576683044434
104,107,1.1716346740722656
104,108,1.1990777254104614
104,109,1.104714274406433
104,110,1.291437029838562
104,111,1.2037748098373413
104,112,0.9840837717056274
104,113,1.0151832103729248
104,114,1.1552960872650146
104,115,1.034225583076477
104,116,1.1749848127365112
104,117,1.2333357334136963
104,118,1.0731600522994995
104,119,1.2717112302780151
104,120,1.1649584770202637
104,121,0.9975766539573669
104,122,1.1259890794754028
104,123,1.0994324684143066
104,124,1.100264310836792
104,125,1.0113602876663208
104,126,1.0657817125320435
104,127,1.0955009460449219
104,128,1.115405559539795
104,129,1.1748740673065186
104,130,0.9549247026443481
104,131,1.0949772596359253
104,132,1.06116783618927
104,133,1.0729042291641235
104,134,1.1004503965377808
104,135,1.161313772201538
104,136,1.2342572212219238
104,137,1.1564276218414307
104,138,1.3519580364227295
104,139,0.9389894008636475
104,140,1.0124021768569946
104,141,1.1072814464569092
104,142,1.0903185606002808
104,143,1.0797396898269653
104,144,1.3138179779052734
104,145,1.0129916667938232
104,146,1.0193116664886475
104,147,0.9407514333724976
104,148,1.0701618194580078
104,149,1.0338212251663208
104,150,0.9684213399887085
104,151,1.102736234664917
104,152,1.1427584886550903
104,153,1.049613356590271
104,154,1.0234757661819458
104,155,1.0586097240447998
104,156,1.1777840852737427
104,157,1.1820956468582153
104,158,1.0664652585983276
104,159,1.0302578210830688
104,160,1.0417706966400146
104,161,1.170480728149414
104,162,1.0689656734466553
104,163,1.0268205404281616
104,164,1.1020938158035278
104,165,1.0099906921386719
104,166,1.0833512544631958
104,167,1.1155593395233154
104,168,0.9681128263473511
104,169,1.0074626207351685
104,170,1.0968575477600098
104,171,1.0299513339996338
104,172,1.1499083042144775
104,173,1.0900002717971802
104,174,1.1181106567382812
104,175,1.0064172744750977
104,176,1.1205158233642578
104,177,1.0924606323242188
104,178,1.2584443092346191
104,179,1.212361454963684
104,180,1.044034481048584
104,181,1.198400616645813
104,182,1.2174301147460938
104,183,1.0300281047821045
104,184,1.0324596166610718
104,185,0.9401466846466064
104,186,1.1378928422927856
104,187,1.2098969221115112
104,188,1.2452998161315918
104,189,1.015426754951477
104,190,1.308584451675415
104,191,1.1798450946807861
104,192,1.1079912185668945
104,193,1.1077558994293213
104,194,0.9905058145523071
104,195,1.2616033554077148
104,196,1.0636987686157227
104,197,1.1021068096160889
104,198,0.9238458871841431
104,199,1.44137704372406
104,200,1.1247578859329224
104,201,1.1372544765472412
104,202,1.087214708328247
104,203,1.0568466186523438
104,204,1.1172553300857544
104,205,1.18825101852417
104,206,1.0010665655136108
104,207,0.9736438989639282
104,208,1.256036639213562
104,209,1.1283985376358032
104,210,1.1009116172790527
104,211,1.0783571004867554
104,212,1.0355335474014282
104,213,1.002464771270752
104,214,1.093656063079834
104,215,0.956706166267395
104,216,1.0826078653335571
104,217,1.106750726699829
104,218,0.9773354530334473
104,219,1.121698021888733
104,220,1.1018426418304443
104,221,1.3295292854309082
104,222,1.0086640119552612
104,223,1.2497789859771729
104,224,1.2261161804199219
104,225,1.0830038785934448
104,226,1.0161007642745972
104,227,1.0143394470214844
104,228,1.1390478610992432
104,229,1.1300380229949951
104,230,1.007028579711914
104,231,1.0326088666915894
104,232,1.0600199699401855
104,233,1.1234424114227295
104,234,1.2559826374053955
104,235,1.0865259170532227
104,236,0.9995599985122681
104,237,1.1411019563674927
104,238,0.9848353862762451
104,239,1.0485987663269043
104,240,0.9603509902954102
104,241,0.9741959571838379
104,242,1.1997649669647217
104,243,1.0109872817993164
104,244,1.0073002576828003
104,245,1.1807937622070312
104,246,1.11504328250885
104,247,1.1609694957733154
104,248,1.1551152467727661
104,249,1.1485097408294678
104,250,1.2612346410751343
104,251,1.1816167831420898
104,252,1.0518903732299805
104,253,1.0866824388504028
104,254,0.9932987689971924
104,255,1.0187169313430786
104,256,1.000450849533081
104,257,0.9891610145568848
104,258,1.3272838592529297
104,259,0.9729438424110413
104,260,1.1295245885849
104,261,0.9862866401672363
104,262,1.1233710050582886
104,263,1.1747417449951172
104,264,1.1064287424087524
104,265,1.0976693630218506
104,266,0.9757335782051086
104,267,1.107491135597229
104,268,0.9394415020942688
104,269,1.0889928340911865
104,270,1.037785530090332
104,271,1.003480315208435
104,272,1.091799020767212
104,273,1.1121450662612915
104,274,1.0467537641525269
104,275,0.9937241077423096
104,276,1.2433720827102661
104,277,1.1759681701660156
104,278,1.0666004419326782
104,279,0.9840475916862488
104,280,1.1285384893417358
104,281,1.083587408065796
104,282,1.3499293327331543
104,283,1.1711969375610352
104,284,1.023693323135376
104,285,0.9829220771789551
104,286,1.1668874025344849
104,287,1.1113954782485962
104,288,0.9068127870559692
104,289,0.9839090704917908
104,290,0.9505376219749451
104,291,0.9621391892433167
104,292,1.0125198364257812
104,293,1.0356595516204834
104,294,1.2706934213638306
104,295,1.2402596473693848
104,296,1.1422744989395142
104,297,1.0735838413238525
104,298,1.1597141027450562
104,299,0.9862327575683594
104,300,0.9841812252998352
104,301,1.4448645114898682
104,302,1.2004120349884033
104,303,1.0772969722747803
104,304,1.0597946643829346
104,305,1.1210005283355713
104,306,1.0029582977294922
104,307,1.268459677696228
104,308,1.0680747032165527
104,309,1.1853938102722168
104,310,1.0779203176498413
104,311,1.3271868228912354
105,0,1.0746546983718872
105,1,1.089576005935669
105,2,1.0119860172271729
105,3,0.9981479644775391
105,4,0.9451410174369812
105,5,1.0883212089538574
105,6,1.0407497882843018
105,7,1.0216381549835205
105,8,1.106250286102295
105,9,1.024177074432373
105,10,1.1411625146865845
105,11,1.1390548944473267
105,12,1.0057933330535889
105,13,1.1042962074279785
105,14,0.9763803482055664
105,15,0.9647608399391174
105,16,1.0231701135635376
105,17,0.9647800922393799
105,18,1.0527369976043701
105,19,1.0476263761520386
105,20,0.9824490547180176
105,21,1.146214485168457
105,22,1.1349310874938965
105,23,1.1446970701217651
105,24,1.1125425100326538
105,25,0.9048516154289246
105,26,1.0110183954238892
105,27,1.2010459899902344
105,28,1.0438525676727295
105,29,1.0640277862548828
105,30,0.9983218908309937
105,31,1.04164719581604
105,32,1.0995358228683472
105,33,1.2273305654525757
105,34,1.0519999265670776
105,35,1.2075846195220947
105,36,1.0171316862106323
105,37,1.0445257425308228
105,38,1.2969799041748047
105,39,1.09329092502594
105,40,1.0652103424072266
105,41,1.2981557846069336
105,42,1.12733793258667
105,43,1.0015044212341309
105,44,1.0185015201568604
105,45,1.0079023838043213
105,46,1.2934927940368652
105,47,1.0633660554885864
105,48,1.013911247253418
105,49,1.081484317779541
105,50,1.1096198558807373
105,51,1.1390209197998047
105,52,1.0087933540344238
105,53,0.9824175834655762
105,54,1.1846532821655273
105,55,1.151914358139038
105,56,0.9970161318778992
105,57,1.2977991104125977
105,58,1.2224955558776855
105,59,1.066245675086975
105,60,0.9734210968017578
105,61,1.221143126487732
105,62,1.0585530996322632
105,63,1.1120593547821045
105,64,1.0480005741119385
105,65,1.1423630714416504
105,66,1.0335865020751953
105,67,1.059981346130371
105,68,0.9757169485092163
105,69,1.080145001411438
105,70,1.1332534551620483
105,71,1.094342827796936
105,72,1.0410490036010742
105,73,1.0766422748565674
105,74,1.1131633520126343
105,75,0.9920557737350464
105,76,1.1871609687805176
105,77,1.1638681888580322
105,78,1.1948410272598267
105,79,1.0469599962234497
105,80,1.140178918838501
105,81,1.0175902843475342
105,82,1.189034342765808
105,83,1.1021898984909058
105,84,1.2424066066741943
105,85,0.9669235944747925
105,86,1.1923381090164185
105,87,1.0583515167236328
105,88,0.980606198310852
105,89,0.9897321462631226
105,90,0.972516655921936
105,91,1.1376644372940063
105,92,1.168165922164917
105,93,1.0360956192016602
105,94,0.9828597903251648
105,95,1.0831245183944702
105,96,1.1268342733383179
105,97,1.1331076622009277
105,98,1.0810964107513428
105,99,1.1597976684570312
105,100,1.1431946754455566
105,101,0.995324969291687
105,102,1.2898426055908203
105,103,1.129237413406372
105,104,1.0155236721038818
105,105,1.0218307971954346
105,106,1.1531304121017456
105,107,1.0298844575881958
105,108,0.8717355728149414
105,109,0.972684383392334
105,110,1.0529865026474
105,111,1.0914171934127808
105,112,0.9581722021102905
105,113,1.061955451965332
105,114,1.093461513519287
105,115,1.2661608457565308
105,116,1.1263765096664429
105,117,0.9971308708190918
105,118,1.0910471677780151
105,119,1.0598036050796509
105,120,1.0710605382919312
105,121,0.909509539604187
105,122,1.0242928266525269
105,123,1.0681169033050537
105,124,1.131384253501892
105,125,1.099928855895996
105,126,1.1273776292800903
105,127,1.134791374206543
105,128,1.0021593570709229
105,129,1.129386067390442
105,130,1.0374525785446167
105,131,1.3734378814697266
105,132,1.1703321933746338
105,133,1.2136054039001465
105,134,1.0981148481369019
105,135,1.1892647743225098
105,136,1.173289179801941
105,137,1.1429555416107178
105,138,1.1674662828445435
105,139,1.0089913606643677
105,140,1.1205031871795654
105,141,1.0575459003448486
105,142,1.0177834033966064
105,143,1.1860849857330322
105,144,0.9911750555038452
105,145,0.9543604850769043
105,146,1.1957606077194214
105,147,1.0650765895843506
105,148,1.1462761163711548
105,149,1.136974811553955
105,150,1.1785318851470947
105,151,1.1054425239562988
105,152,1.069149136543274
105,153,1.1550120115280151
105,154,1.0293726921081543
105,155,1.115257740020752
105,156,1.0719949007034302
105,157,1.0791478157043457
105,158,1.050231695175171
105,159,1.0977709293365479
105,160,1.0717840194702148
105,161,1.054853916168213
105,162,1.3532788753509521
105,163,1.0748145580291748
105,164,1.2887768745422363
105,165,1.0411226749420166
105,166,1.0881214141845703
105,167,1.073678970336914
105,168,0.9321368932723999
105,169,0.9706496596336365
105,170,1.0905283689498901
105,171,0.9359402060508728
105,172,1.0964142084121704
105,173,1.1107261180877686
105,174,0.9717816114425659
105,175,1.0830450057983398
105,176,0.9877688884735107
105,177,1.0016239881515503
105,178,0.9882639646530151
105,179,1.0343632698059082
105,180,1.0608234405517578
105,181,1.008159875869751
105,182,0.9966527223587036
105,183,1.1270862817764282
105,184,0.9845176339149475
105,185,1.053361415863037
105,186,1.066638469696045
105,187,1.012845754623413
105,188,1.0223053693771362
105,189,1.1156277656555176
105,190,0.9904992580413818
105,191,1.1690443754196167
105,192,1.1588802337646484
105,193,0.9840055704116821
105,194,1.067519187927246
105,195,1.1815900802612305
105,196,1.2983617782592773
105,197,1.2610887289047241
105,198,1.046059250831604
105,199,1.0114165544509888
105,200,1.1318159103393555
105,201,1.2545311450958252
105,202,1.2669367790222168
105,203,1.0961464643478394
105,204,1.042022466659546
105,205,1.2500827312469482
105,206,1.1599335670471191
105,207,0.9987401366233826
105,208,1.0689778327941895
105,209,0.955120325088501
105,210,0.9585803151130676
105,211,1.1721583604812622
105,212,1.163428544998169
105,213,1.0143120288848877
105,214,1.2815587520599365
105,215,0.9504717588424683
105,216,1.1404045820236206
105,217,1.1344919204711914
105,218,1.0412421226501465
105,219,1.064413070678711
105,220,1.1281999349594116
105,221,0.9961930513381958
105,222,0.8895404934883118
105,223,1.2354950904846191
105,224,1.0283033847808838
105,225,1.0697603225708008
105,226,0.910632848739624
105,227,0.982466459274292
105,228,1.1523951292037964
105,229,0.9934917688369751
105,230,1.0115822553634644
105,231,1.0883489847183228
105,232,1.1190468072891235
105,233,1.0723704099655151
105,234,1.0533000230789185
105,235,1.058700442314148
105,236,1.1219580173492432
105,237,1.2040756940841675
105,238,1.1028507947921753
105,239,1.1183617115020752
105,240,1.0237469673156738
105,241,1.217330813407898
105,242,1.0784121751785278
105,243,1.0713752508163452
105,244,0.9201238751411438
105,245,1.0596044063568115
105,246,1.1886959075927734
105,247,1.216205358505249
105,248,1.1073493957519531
105,249,1.2483417987823486
105,250,1.2147908210754395
105,251,1.274644136428833
105,252,0.9983277320861816
105,253,1.1640452146530151
105,254,1.0556647777557373
105,255,0.8962919116020203
105,256,1.1458663940429688
105,257,1.0508878231048584
105,258,1.0261766910552979
105,259,1.0452131032943726
105,260,0.977236270904541
105,261,1.0950496196746826
105,262,0.9573158025741577
105,263,1.1243478059768677
105,264,1.0562195777893066
105,265,1.1730717420578003
105,266,1.0769896507263184
105,267,1.3997782468795776
105,268,1.124192476272583
105,269,0.9157495498657227
105,270,1.196694254875183
105,271,1.1754181385040283
105,272,0.911076545715332
105,273,1.153188705444336
105,274,1.2245819568634033
105,275,0.9691855907440186
105,276,0.9244464635848999
105,277,1.126718521118164
105,278,1.0980088710784912
105,279,1.2585818767547607
105,280,1.1172246932983398
105,281,1.0666899681091309
105,282,0.9841623902320862
105,283,1.0951653718948364
105,284,1.0549545288085938
105,285,0.9791028499603271
105,286,1.276688575744629
105,287,1.2486248016357422
105,288,1.1427152156829834
105,289,1.392348289489746
105,290,1.071345329284668
105,291,1.0017060041427612
105,292,1.1159131526947021
105,293,1.0490303039550781
105,294,1.0310899019241333
105,295,1.1720521450042725
105,296,1.138993740081787
105,297,1.2420474290847778
105,298,0.9958620071411133
105,299,1.1090455055236816
105,300,1.0938884019851685
105,301,1.0760066509246826
105,302,1.1170507669448853
105,303,1.0050104856491089
105,304,1.0633480548858643
105,305,1.1153497695922852
105,306,1.0665578842163086
105,307,1.4027742147445679
105,308,1.0035454034805298
105,309,1.2946425676345825
105,310,1.1734763383865356
105,311,1.0736641883850098
106,0,0.9930818676948547
106,1,1.125074863433838
106,2,1.0098834037780762
106,3,1.1016182899475098
106,4,1.1030817031860352
106,5,1.006440281867981
106,6,1.072272539138794
106,7,1.1252031326293945
106,8,1.0599421262741089
106,9,1.0442821979522705
106,10,1.0063111782073975
106,11,1.2481191158294678
106,12,1.2167778015136719
106,13,1.0046488046646118
106,14,1.257423996925354
106,15,1.0964747667312622
106,16,1.19646155834198
106,17,1.0069305896759033
106,18,1.0668805837631226
106,19,1.039478063583374
106,20,1.0812196731567383
106,21,1.0416109561920166
106,22,0.9526095390319824
106,23,1.0839780569076538
106,24,0.947141706943512
106,25,1.062713623046875
106,26,1.0590100288391113
106,27,0.9856056571006775
106,28,1.1979999542236328
106,29,1.0506469011306763
106,30,1.1300336122512817
106,31,1.141114354133606
106,32,1.0354838371276855
106,33,0.8935674428939819
106,34,0.9457687735557556
106,35,1.084257960319519
106,36,1.2058427333831787
106,37,1.0245143175125122
106,38,1.0024185180664062
106,39,1.1773653030395508
106,40,1.237572431564331
106,41,0.9337735176086426
106,42,0.9683100581169128
106,43,0.9697003364562988
106,44,1.1654926538467407
106,45,1.1227941513061523
106,46,1.346620798110962
106,47,1.023626446723938
106,48,0.9377912282943726
106,49,1.2576968669891357
106,50,1.0543547868728638
106,51,1.123832106590271
106,52,1.0770031213760376
106,53,0.9931545257568359
106,54,1.0654239654541016
106,55,1.0640110969543457
106,56,0.98039311170578
106,57,1.2934858798980713
106,58,1.21901535987854
106,59,1.0480577945709229
106,60,1.1064966917037964
106,61,1.0180518627166748
106,62,1.1015205383300781
106,63,1.0264161825180054
106,64,1.118121862411499
106,65,1.3071658611297607
106,66,1.3042757511138916
106,67,1.0767605304718018
106,68,1.0953621864318848
106,69,1.07522451877594
106,70,1.0792548656463623
106,71,0.9781829118728638
106,72,1.1766084432601929
106,73,1.0347357988357544
106,74,0.9931071996688843
106,75,1.0099700689315796
106,76,1.1569280624389648
106,77,0.970189094543457
106,78,0.9744812250137329
106,79,0.9832298755645752
106,80,1.0305362939834595
106,81,1.0353413820266724
106,82,1.0784169435501099
106,83,0.9468278884887695
106,84,1.1492817401885986
106,85,1.0915663242340088
106,86,1.0766355991363525
106,87,1.0927451848983765
106,88,1.038242220878601
106,89,1.0117149353027344
106,90,1.037222981452942
106,91,1.2969861030578613
106,92,1.318444848060608
106,93,1.3562366962432861
106,94,1.096398115158081
106,95,1.080611228942871
106,96,1.1835987567901611
106,97,1.0815752744674683
106,98,0.9850608706474304
106,99,1.0506372451782227
106,100,1.0114656686782837
106,101,1.1352605819702148
106,102,0.9877623319625854
106,103,1.0230542421340942
106,104,1.033194899559021
106,105,1.0239068269729614
106,106,1.0038259029388428
106,107,1.0884284973144531
106,108,1.0871999263763428
106,109,0.9747418165206909
106,110,1.1230257749557495
106,111,0.9711360931396484
106,112,1.0280648469924927
106,113,1.0004289150238037
106,114,0.9909946322441101
106,115,1.0755807161331177
106,116,1.1515870094299316
106,117,1.1410670280456543
106,118,1.0041940212249756
106,119,1.0165905952453613
106,120,1.046762228012085
106,121,1.02611243724823
106,122,1.0623468160629272
106,123,1.2474515438079834
106,124,1.1252573728561401
106,125,0.9177666306495667
106,126,1.3386484384536743
106,127,1.0586868524551392
106,128,1.0573081970214844
106,129,1.1192610263824463
106,130,1.024714469909668
106,131,1.1607218980789185
106,132,1.0166096687316895
106,133,1.1706979274749756
106,134,1.1416821479797363
106,135,1.1092886924743652
106,136,1.1953004598617554
106,137,1.339996337890625
106,138,1.283637285232544
106,139,1.0995780229568481
106,140,1.099670648574829
106,141,0.911233127117157
106,142,1.1863917112350464
106,143,1.1473318338394165
106,144,1.0322680473327637
106,145,1.3095782995224
106,146,1.100903034210205
106,147,1.1755805015563965
106,148,1.2195611000061035
106,149,1.14384925365448
106,150,1.1491725444793701
106,151,1.0439085960388184
106,152,1.055759310722351
106,153,0.9931929111480713
106,154,1.0273357629776
106,155,1.1202337741851807
106,156,1.0927951335906982
106,157,0.8715804219245911
106,158,1.016075849533081
106,159,0.9688323736190796
106,160,0.9785243272781372
106,161,1.108562707901001
106,162,0.9851194620132446
106,163,1.0691026449203491
106,164,0.9710206985473633
106,165,1.0972239971160889
106,166,0.9701487421989441
106,167,1.0401979684829712
106,168,1.0317155122756958
106,169,1.3313714265823364
106,170,0.9962829351425171
106,171,0.9390631914138794
106,172,0.9328867197036743
106,173,1.2608439922332764
106,174,1.235722541809082
106,175,0.95830237865448
106,176,1.0792326927185059
106,177,1.050133228302002
106,178,1.1249475479125977
106,179,0.9310007691383362
106,180,1.0009400844573975
106,181,1.1930309534072876
106,182,1.012576937675476
106,183,1.0879013538360596
106,184,0.9019371271133423
106,185,1.0475196838378906
106,186,0.9872232675552368
106,187,1.1099618673324585
106,188,1.0527174472808838
106,189,1.0457905530929565
106,190,1.15996515750885
106,191,0.9892376065254211
106,192,1.0875308513641357
106,193,1.0937169790267944
106,194,0.9458084106445312
106,195,1.272982120513916
106,196,1.2121492624282837
106,197,1.1341501474380493
106,198,1.1211098432540894
106,199,1.1377387046813965
106,200,1.0988550186157227
106,201,1.1192786693572998
106,202,1.0338350534439087
106,203,1.197521448135376
106,204,1.2770259380340576
106,205,1.0503209829330444
106,206,1.0511000156402588
106,207,1.0218580961227417
106,208,0.9698220491409302
106,209,1.0666078329086304
106,210,1.108147382736206
106,211,0.9949501156806946
106,212,1.1786165237426758
106,213,1.048549771308899
106,214,1.1920650005340576
106,215,0.9648425579071045
106,216,0.9848771691322327
106,217,1.2068144083023071
106,218,1.1327030658721924
106,219,1.042635202407837
106,220,1.1245734691619873
106,221,1.0595612525939941
106,222,1.2784123420715332
106,223,1.0650447607040405
106,224,0.9991710782051086
106,225,0.982478678226471
106,226,1.1235921382904053
106,227,1.0992971658706665
106,228,1.1784523725509644
106,229,0.9984556436538696
106,230,1.1424736976623535
106,231,1.0260698795318604
106,232,1.0469334125518799
106,233,1.0924170017242432
106,234,1.2550592422485352
106,235,0.9451830983161926
106,236,1.0936174392700195
106,237,1.1301040649414062
106,238,1.024275302886963
106,239,1.257700800895691
106,240,1.034985065460205
106,241,1.0888457298278809
106,242,1.0666468143463135
106,243,1.2937288284301758
106,244,1.165165901184082
106,245,1.0758026838302612
106,246,1.1219538450241089
106,247,0.9967432022094727
106,248,1.1105966567993164
106,249,1.156219482421875
106,250,1.0253239870071411
106,251,0.9835124015808105
106,252,1.1057612895965576
106,253,1.0542293787002563
106,254,1.0061225891113281
106,255,1.0165075063705444
106,256,0.9642130136489868
106,257,1.1054677963256836
106,258,1.0308985710144043
106,259,1.2978824377059937
106,260,1.138753056526184
106,261,1.0381402969360352
106,262,1.0102548599243164
106,263,1.0199761390686035
106,264,1.1619824171066284
106,265,1.0928317308425903
106,266,0.8638072609901428
106,267,1.0372735261917114
106,268,1.3067197799682617
106,269,1.013490915298462
106,270,0.9829888343811035
106,271,1.1181496381759644
106,272,1.0367276668548584
106,273,0.953819751739502
106,274,1.109871506690979
106,275,1.0299928188323975
106,276,1.1344997882843018
106,277,1.143916130065918
106,278,1.0585098266601562
106,279,1.0923669338226318
106,280,1.1579155921936035
106,281,0.8950057029724121
106,282,0.9852259159088135
106,283,1.0558773279190063
106,284,0.9903353452682495
106,285,1.0564625263214111
106,286,1.1053582429885864
106,287,1.0203157663345337
106,288,1.1305351257324219
106,289,1.1123175621032715
106,290,1.132796287536621
106,291,1.2103495597839355
106,292,1.197908878326416
106,293,1.0680161714553833
106,294,1.0945154428482056
106,295,1.1559779644012451
106,296,1.2914706468582153
106,297,0.952736496925354
106,298,0.9470008015632629
106,299,0.9378674626350403
106,300,1.1423693895339966
106,301,1.1443476676940918
106,302,1.0971568822860718
106,303,1.0526455640792847
106,304,1.1712793111801147
106,305,1.0602223873138428
106,306,1.1333813667297363
106,307,0.9968675374984741
106,308,1.2303751707077026
106,309,0.9688898324966431
106,310,1.0687344074249268
106,311,1.1793107986450195
107,0,1.222071886062622
107,1,1.0070512294769287
107,2,1.0313262939453125
107,3,1.003218412399292
107,4,1.03084135055542
107,5,1.034538745880127
107,6,1.0268709659576416
107,7,0.985197126865387
107,8,1.0252224206924438
107,9,1.1240547895431519
107,10,1.1228493452072144
107,11,1.1351878643035889
107,12,0.9630361199378967
107,13,1.2851197719573975
107,14,1.0364511013031006
107,15,1.0770500898361206
107,16,1.0611598491668701
107,17,1.0054826736450195
107,18,1.0802559852600098
107,19,1.1693155765533447
107,20,0.9496235847473145
107,21,1.174004077911377
107,22,1.0025142431259155
107,23,1.0332932472229004
107,24,1.0333704948425293
107,25,1.2251242399215698
107,26,1.044283390045166
107,27,1.1532098054885864
107,28,1.1218738555908203
107,29,1.0994582176208496
107,30,1.0120291709899902
107,31,1.0523428916931152
107,32,1.2863143682479858
107,33,1.1466525793075562
107,34,1.094702959060669
107,35,1.0044599771499634
107,36,0.9308689832687378
107,37,1.0557985305786133
107,38,1.05727219581604
107,39,1.2760958671569824
107,40,1.0657250881195068
107,41,1.0931085348129272
107,42,1.2004295587539673
107,43,1.0521788597106934
107,44,1.0671972036361694
107,45,1.1047868728637695
107,46,1.0624632835388184
107,47,1.226496696472168
107,48,1.0099902153015137
107,49,1.0017911195755005
107,50,0.9558862447738647
107,51,0.9994443655014038
107,52,0.9245295524597168
107,53,0.9635627269744873
107,54,1.129625678062439
107,55,1.081590175628662
107,56,1.0262588262557983
107,57,1.1203302145004272
107,58,1.0449904203414917
107,59,1.1391069889068604
107,60,1.1835870742797852
107,61,1.10722815990448
107,62,1.005826711654663
107,63,1.0489435195922852
107,64,1.1947146654129028
107,65,1.0748014450073242
107,66,1.2551718950271606
107,67,1.1468946933746338
107,68,1.0464658737182617
107,69,1.0494394302368164
107,70,1.081329107284546
107,71,1.013139009475708
107,72,1.0259500741958618
107,73,1.293731451034546
107,74,1.096886157989502
107,75,1.1466755867004395
107,76,0.9830825328826904
107,77,1.3094960451126099
107,78,1.1175768375396729
107,79,1.1559944152832031
107,80,0.954900324344635
107,81,1.022419810295105
107,82,1.1278693675994873
107,83,1.048187017440796
107,84,1.1718971729278564
107,85,1.1135051250457764
107,86,1.0752745866775513
107,87,1.1288491487503052
107,88,1.0932962894439697
107,89,1.0229605436325073
107,90,1.0184749364852905
107,91,1.0698102712631226
107,92,1.0201809406280518
107,93,0.9783872961997986
107,94,1.0932642221450806
107,95,1.094918966293335
107,96,1.1149709224700928
107,97,1.0617797374725342
107,98,1.016681432723999
107,99,1.1035637855529785
107,100,1.2049061059951782
107,101,0.9575018882751465
107,102,1.0465962886810303
107,103,1.0258231163024902
107,104,1.2741271257400513
107,105,1.018704891204834
107,106,1.2463548183441162
107,107,0.9165699481964111
107,108,1.127066731452942
107,109,1.2086796760559082
107,110,1.1339737176895142
107,111,1.0435230731964111
107,112,1.0848619937896729
107,113,1.083709716796875
107,114,1.0493353605270386
107,115,1.1060802936553955
107,116,1.3228485584259033
107,117,0.9923509359359741
107,118,1.0736820697784424
107,119,1.3002681732177734
107,120,1.0050163269042969
107,121,1.3209837675094604
107,122,1.177891731262207
107,123,1.0451898574829102
107,124,1.0833075046539307
107,125,1.053696632385254
107,126,1.2294845581054688
107,127,1.0377572774887085
107,128,1.0523715019226074
107,129,1.2823598384857178
107,130,1.1158041954040527
107,131,1.0251356363296509
107,132,1.023166537284851
107,133,1.2057418823242188
107,134,1.187215805053711
107,135,1.006476640701294
107,136,1.1319637298583984
107,137,0.9572536945343018
107,138,1.19150710105896
107,139,0.9655400514602661
107,140,1.0748937129974365
107,141,1.2587635517120361
107,142,1.0561519861221313
107,143,1.2858420610427856
107,144,1.5892902612686157
107,145,1.1991463899612427
107,146,1.1827744245529175
107,147,1.2058762311935425
107,148,1.3374500274658203
107,149,1.213492751121521
107,150,1.0615601539611816
107,151,0.951694130897522
107,152,1.094139575958252
107,153,1.1315994262695312
107,154,1.0994642972946167
107,155,1.156998872756958
107,156,1.2808810472488403
107,157,1.0463274717330933
107,158,1.0651806592941284
107,159,1.2185370922088623
107,160,1.076201319694519
107,161,1.1368918418884277
107,162,1.0237936973571777
107,163,1.1617025136947632
107,164,0.9462799429893494
107,165,1.1693288087844849
107,166,1.1411771774291992
107,167,1.0582027435302734
107,168,1.0176018476486206
107,169,0.9948348999023438
107,170,0.934340238571167
107,171,1.1584656238555908
107,172,1.3060731887817383
107,173,1.0146958827972412
107,174,0.9440383315086365
107,175,1.125639796257019
107,176,0.9952501654624939
107,177,1.1054810285568237
107,178,1.1287943124771118
107,179,1.1464790105819702
107,180,1.0598496198654175
107,181,1.1685043573379517
107,182,1.272910475730896
107,183,1.0871994495391846
107,184,0.9956393241882324
107,185,1.2320764064788818
107,186,1.144749641418457
107,187,1.1412055492401123
107,188,1.0832101106643677
107,189,1.0345326662063599
107,190,1.0352357625961304
107,191,1.0461385250091553
107,192,0.9496466517448425
107,193,1.0897283554077148
107,194,1.0886969566345215
107,195,1.1641286611557007
107,196,0.9752489924430847
107,197,1.1219037771224976
107,198,0.997115969657898
107,199,1.0143977403640747
107,200,0.9784191250801086
107,201,1.0104950666427612
107,202,1.0767505168914795
107,203,1.2010622024536133
107,204,1.1636717319488525
107,205,1.0114645957946777
107,206,1.1345493793487549
107,207,1.130794644355774
107,208,1.0712987184524536
107,209,1.0942357778549194
107,210,1.0038869380950928
107,211,1.0998525619506836
107,212,1.113890528678894
107,213,1.0458296537399292
107,214,0.9874365329742432
107,215,1.0070571899414062
107,216,0.8796824812889099
107,217,0.9698203206062317
107,218,0.9689125418663025
107,219,1.1869494915008545
107,220,1.0471028089523315
107,221,1.0476875305175781
107,222,1.023410677909851
107,223,1.048094391822815
107,224,0.974548876285553
107,225,1.364280343055725
107,226,1.0439941883087158
107,227,1.214727520942688
107,228,1.046433925628662
107,229,1.2237015962600708
107,230,0.9918766617774963
107,231,0.9441803693771362
107,232,0.989290714263916
107,233,1.2309648990631104
107,234,1.1192092895507812
107,235,1.175229549407959
107,236,1.0713695287704468
107,237,1.1739424467086792
107,238,1.0805091857910156
107,239,1.26760995388031
107,240,1.2208393812179565
107,241,1.0291171073913574
107,242,1.0973145961761475
107,243,1.237710952758789
107,244,1.0254946947097778
107,245,1.1512161493301392
107,246,1.0793497562408447
107,247,1.0475376844406128
107,248,1.064963459968567
107,249,1.154636263847351
107,250,0.9751468300819397
107,251,1.1371389627456665
107,252,1.1171042919158936
107,253,1.0138797760009766
107,254,1.098344326019287
107,255,0.9369704723358154
107,256,0.9682729840278625
107,257,1.0117498636245728
107,258,1.1492280960083008
107,259,1.1156013011932373
107,260,1.0884156227111816
107,261,1.1210201978683472
107,262,1.0341986417770386
107,263,1.1265965700149536
107,264,1.1452513933181763
107,265,1.319087028503418
107,266,1.092496395111084
107,267,1.0588209629058838
107,268,1.0084717273712158
107,269,1.0850903987884521
107,270,1.107965111732483
107,271,1.1029086112976074
107,272,1.167637825012207
107,273,1.1644537448883057
107,274,1.0373026132583618
107,275,1.0819534063339233
107,276,1.3757357597351074
107,277,1.013486385345459
107,278,1.0159687995910645
107,279,1.0806344747543335
107,280,0.9477883577346802
107,281,0.9813189506530762
107,282,1.1509068012237549
107,283,1.9801145792007446
107,284,0.9340986013412476
107,285,0.9236128330230713
107,286,1.0049324035644531
107,287,1.0368602275848389
107,288,1.055143117904663
107,289,0.9511431455612183
107,290,1.1309776306152344
107,291,1.2166619300842285
107,292,1.104862093925476
107,293,1.1264407634735107
107,294,1.0419483184814453
107,295,1.0407012701034546
107,296,1.062085509300232
107,297,1.126365065574646
107,298,1.0408129692077637
107,299,1.053586721420288
107,300,0.9633828401565552
107,301,1.0498536825180054
107,302,1.0743927955627441
107,303,1.2691357135772705
107,304,0.9884203672409058
107,305,0.9766014814376831
107,306,1.0522655248641968
107,307,0.9488146305084229
107,308,1.1091728210449219
107,309,1.1603378057479858
107,310,1.122011423110962
107,311,1.170876383781433
108,0,0.9797483086585999
108,1,0.9728981852531433
108,2,0.9861379861831665
108,3,1.2976219654083252
108,4,1.1055200099945068
108,5,1.0214409828186035
108,6,0.9490625858306885
108,7,1.1180930137634277
108,8,0.9666628837585449
108,9,1.0054165124893188
108,10,1.0128607749938965
108,11,1.0269666910171509
108,12,1.0976773500442505
108,13,1.0835838317871094
108,14,1.1880229711532593
108,15,1.0268657207489014
108,16,0.9932990074157715
108,17,1.0437424182891846
108,18,1.031916856765747
108,19,1.0365427732467651
108,20,1.0304770469665527
108,21,1.1229302883148193
108,22,1.0930978059768677
108,23,0.8849175572395325
108,24,1.0313228368759155
108,25,0.9189081192016602
108,26,1.0073249340057373
108,27,1.1682541370391846
108,28,0.9575228691101074
108,29,1.230566382408142
108,30,1.0010584592819214
108,31,0.9585520625114441
108,32,1.0272152423858643
108,33,1.1292473077774048
108,34,1.053313970565796
108,35,1.149348497390747
108,36,0.887156069278717
108,37,0.9802693128585815
108,38,1.1021887063980103
108,39,0.94359290599823
108,40,1.173311471939087
108,41,1.0235161781311035
108,42,1.1143115758895874
108,43,1.0769907236099243
108,44,1.0825587511062622
108,45,1.1801400184631348
108,46,1.0120835304260254
108,47,0.9638848900794983
108,48,1.1132919788360596
108,49,1.057332158088684
108,50,1.0665955543518066
108,51,0.9400220513343811
108,52,0.996019721031189
108,53,1.0098919868469238
108,54,1.0322463512420654
108,55,1.0557315349578857
108,56,1.1836494207382202
108,57,1.0303395986557007
108,58,1.0742729902267456
108,59,1.074554443359375
108,60,1.1911418437957764
108,61,1.2415951490402222
108,62,1.157148838043213
108,63,0.9693366289138794
108,64,1.0158227682113647
108,65,1.0574098825454712
108,66,0.9856249094009399
108,67,1.156201720237732
108,68,1.1274899244308472
108,69,1.114025354385376
108,70,1.2206101417541504
108,71,1.1468398571014404
108,72,1.1129881143569946
108,73,0.9395374655723572
108,74,1.0894787311553955
108,75,1.0718110799789429
108,76,1.0192104578018188
108,77,1.0215171575546265
108,78,1.3083325624465942
108,79,1.0281028747558594
108,80,0.9480530619621277
108,81,1.0567681789398193
108,82,1.038720726966858
108,83,1.33048415184021
108,84,1.1638611555099487
108,85,1.1160387992858887
108,86,1.1324275732040405
108,87,1.1089763641357422
108,88,1.0834126472473145
108,89,1.0338237285614014
108,90,1.1980513334274292
108,91,1.0558176040649414
108,92,1.1326991319656372
108,93,1.125669002532959
108,94,1.0820978879928589
108,95,1.0777733325958252
108,96,1.1259047985076904
108,97,1.0594966411590576
108,98,1.135801911354065
108,99,1.0490716695785522
108,100,1.0516976118087769
108,101,1.0447962284088135
108,102,1.129906415939331
108,103,0.9883760213851929
108,104,1.1678411960601807
108,105,1.0179049968719482
108,106,0.9697558283805847
108,107,1.0545086860656738
108,108,1.0217080116271973
108,109,1.1331937313079834
108,110,1.211145281791687
108,111,1.0584638118743896
108,112,1.102524995803833
108,113,1.041161060333252
108,114,1.068023681640625
108,115,0.9209342002868652
108,116,1.252694010734558
108,117,1.0214946269989014
108,118,1.1088016033172607
108,119,1.0579155683517456
108,120,1.013430118560791
108,121,1.1558176279067993
108,122,1.1517589092254639
108,123,1.0833075046539307
108,124,1.0184168815612793
108,125,1.1478819847106934
108,126,1.113966703414917
108,127,1.026256799697876
108,128,1.0962231159210205
108,129,1.1065897941589355
108,130,1.017706274986267
108,131,1.2457687854766846
108,132,1.170265793800354
108,133,1.0576930046081543
108,134,1.0599137544631958
108,135,1.012342095375061
108,136,1.0294628143310547
108,137,1.1650760173797607
108,138,1.1438944339752197
108,139,0.9905799627304077
108,140,1.0162408351898193
108,141,1.0837266445159912
108,142,0.9898424744606018
108,143,1.0412122011184692
108,144,1.0592994689941406
108,145,1.0530146360397339
108,146,1.1898629665374756
108,147,1.1390570402145386
108,148,1.0104825496673584
108,149,1.0644162893295288
108,150,0.9894397258758545
108,151,0.9924132823944092
108,152,1.0308877229690552
108,153,1.0303955078125
108,154,0.9789653420448303
108,155,1.148895263671875
108,156,1.0790317058563232
108,157,1.0242643356323242
108,158,1.016569972038269
108,159,1.1484758853912354
108,160,1.0732191801071167
108,161,0.9925040006637573
108,162,1.0498569011688232
108,163,0.9862183332443237
108,164,1.0504330396652222
108,165,1.1814641952514648
108,166,1.0867743492126465
108,167,0.938389003276825
108,168,0.9275552034378052
108,169,1.0190742015838623
108,170,0.9928924441337585
108,171,1.2366520166397095
108,172,1.102601408958435
108,173,1.2237522602081299
108,174,0.9756349921226501
108,175,0.999106764793396
108,176,1.0276188850402832
108,177,1.0110290050506592
108,178,1.108290195465088
108,179,1.0417449474334717
108,180,0.9535807371139526
108,181,1.2895638942718506
108,182,0.9670047760009766
108,183,0.9719579219818115
108,184,1.167467713356018
108,185,1.0944827795028687
108,186,1.4665248394012451
108,187,1.0025936365127563
108,188,1.065380334854126
108,189,1.0841959714889526
108,190,1.0732508897781372
108,191,1.2075340747833252
108,192,1.2537751197814941
108,193,1.0549697875976562
108,194,1.1073015928268433
108,195,1.1247386932373047
108,196,1.1593906879425049
108,197,0.981367290019989
108,198,1.2729780673980713
108,199,1.1597912311553955
108,200,0.9869053959846497
108,201,1.2499542236328125
108,202,1.1526962518692017
108,203,1.0317212343215942
108,204,1.0131993293762207
108,205,0.9917216300964355
108,206,1.4008474349975586
108,207,1.012779951095581
108,208,1.3037183284759521
108,209,1.0732530355453491
108,210,0.9696020483970642
108,211,1.1370500326156616
108,212,0.9908633828163147
108,213,1.0958226919174194
108,214,1.1566895246505737
108,215,1.2622350454330444
108,216,1.0682891607284546
108,217,1.1075961589813232
108,218,1.0087534189224243
108,219,1.0464465618133545
108,220,0.9914443492889404
108,221,1.128077745437622
108,222,0.979398250579834
108,223,1.0693933963775635
108,224,1.0688742399215698
108,225,0.9471571445465088
108,226,1.0133556127548218
108,227,1.0497385263442993
108,228,1.1350747346878052
108,229,1.0235321521759033
108,230,1.1816903352737427
108,231,1.1852012872695923
108,232,1.0493788719177246
108,233,1.242327332496643
108,234,1.0204789638519287
108,235,1.082775354385376
108,236,0.9970699548721313
108,237,1.232451319694519
108,238,1.0291386842727661
108,239,0.9865469932556152
108,240,1.0299537181854248
108,241,1.0514271259307861
108,242,1.0654997825622559
108,243,1.0378354787826538
108,244,0.9449873566627502
108,245,1.0390896797180176
108,246,0.9915063977241516
108,247,1.0532630681991577
108,248,1.2450664043426514
108,249,1.1218515634536743
108,250,0.9200106859207153
108,251,1.039364218711853
108,252,1.1430094242095947
108,253,0.9039811491966248
108,254,1.0018681287765503
108,255,1.0892149209976196
108,256,1.1113579273223877
108,257,1.0161787271499634
108,258,1.108513355255127
108,259,1.1565877199172974
108,260,1.2451115846633911
108,261,1.0836716890335083
108,262,1.1269731521606445
108,263,0.9467825293540955
108,264,1.0422124862670898
108,265,1.0558438301086426
108,266,1.0333528518676758
108,267,1.330918550491333
108,268,1.0877001285552979
108,269,1.3134994506835938
108,270,1.0165919065475464
108,271,1.3076601028442383
108,272,0.9784812331199646
108,273,0.9936016798019409
108,274,1.030253529548645
108,275,1.3194676637649536
108,276,1.106248140335083
108,277,1.0774929523468018
108,278,1.1115552186965942
108,279,1.0091054439544678
108,280,1.034515619277954
108,281,1.0486258268356323
108,282,1.2701046466827393
108,283,1.0286251306533813
108,284,1.069464087486267
108,285,1.138778567314148
108,286,0.9712915420532227
108,287,1.1538479328155518
108,288,0.9298036098480225
108,289,1.146864891052246
108,290,1.0996193885803223
108,291,1.2481144666671753
108,292,1.0327794551849365
108,293,0.9509326815605164
108,294,0.9985038638114929
108,295,0.9753641486167908
108,296,1.0259244441986084
108,297,1.2268407344818115
108,298,1.1434032917022705
108,299,1.1910526752471924
108,300,1.0452814102172852
108,301,0.93333899974823
108,302,1.1940538883209229
108,303,1.04633367061615
108,304,1.1170897483825684
108,305,1.2261472940444946
108,306,1.0213770866394043
108,307,1.0300421714782715
108,308,1.0408517122268677
108,309,1.2757679224014282
108,310,1.3253535032272339
108,311,1.3167482614517212
109,0,1.019599437713623
109,1,1.058067798614502
109,2,1.0668400526046753
109,3,1.0356073379516602
109,4,1.2239289283752441
109,5,1.260453701019287
109,6,0.9653880596160889
109,7,1.1000893115997314
109,8,1.202800989151001
109,9,1.0522375106811523
109,10,1.0017845630645752
109,11,1.1829496622085571
109,12,1.0624845027923584
109,13,0.9296998977661133
109,14,1.0719748735427856
109,15,1.0940912961959839
109,16,0.934607744216919
109,17,1.0255922079086304
109,18,1.352359652519226
109,19,1.0122463703155518
109,20,0.9962545037269592
109,21,0.9617888927459717
109,22,0.9865459203720093
109,23,1.1258280277252197
109,24,1.136737585067749
109,25,1.1162492036819458
109,26,1.0967142581939697
109,27,0.980594277381897
109,28,1.1756778955459595
109,29,1.0755736827850342
109,30,1.101442813873291
109,31,0.974213719367981
109,32,1.240625262260437
109,33,1.0816410779953003
109,34,1.1210681200027466
109,35,0.9361348748207092
109,36,1.2566678524017334
109,37,1.109898328781128
109,38,1.1122350692749023
109,39,0.9578602313995361
109,40,1.0053491592407227
109,41,1.0222296714782715
109,42,1.0269619226455688
109,43,1.1594171524047852
109,44,1.039304256439209
109,45,1.1646945476531982
109,46,1.0407007932662964
109,47,1.1643319129943848
109,48,1.0764760971069336
109,49,1.073047399520874
109,50,1.112790822982788
109,51,0.9508994221687317
109,52,1.0545955896377563
109,53,0.9803133606910706
109,54,1.0991559028625488
109,55,0.9281072616577148
109,56,1.0929160118103027
109,57,1.0090811252593994
109,58,1.0924081802368164
109,59,1.1254136562347412
109,60,1.110469937324524
109,61,1.0346142053604126
109,62,1.0284003019332886
109,63,1.0177152156829834
109,64,1.0810623168945312
109,65,0.9823497533798218
109,66,1.1294575929641724
109,67,0.9625680446624756
109,68,1.0114203691482544
109,69,1.5599298477172852
109,70,1.080630898475647
109,71,1.035269856452942
109,72,1.0769882202148438
109,73,1.0266233682632446
109,74,1.139091968536377
109,75,1.1165179014205933
109,76,0.938406229019165
109,77,1.056018352508545
109,78,1.0616321563720703
109,79,1.0411219596862793
109,80,1.0836970806121826
109,81,0.9886747002601624
109,82,1.3093980550765991
109,83,1.0310720205307007
109,84,0.9520421028137207
109,85,1.124962568283081
109,86,1.0385863780975342
109,87,1.1572296619415283
109,88,1.1158931255340576
109,89,1.0999139547348022
109,90,1.2321263551712036
109,91,1.0237280130386353
109,92,1.1202044486999512
109,93,0.9954569339752197
109,94,1.0907446146011353
109,95,1.2423343658447266
109,96,0.9487999677658081
109,97,1.107818365097046
109,98,1.0084282159805298
109,99,1.0704360008239746
109,100,1.0904103517532349
109,101,1.2551085948944092
109,102,1.20783531665802
109,103,0.9486895203590393
109,104,1.0365471839904785
109,105,1.1588788032531738
109,106,1.0369677543640137
109,107,1.0026551485061646
109,108,1.2123403549194336
109,109,1.0771584510803223
109,110,1.0423436164855957
109,111,1.1245613098144531
109,112,0.9992424249649048
109,113,1.099137783050537
109,114,1.0785236358642578
109,115,1.0979907512664795
109,116,1.026071548461914
109,117,1.1321899890899658
109,118,1.092529535293579
109,119,0.9458884596824646
109,120,1.0907062292099
109,121,1.0157109498977661
109,122,0.9604068994522095
109,123,1.1554369926452637
109,124,0.9624069929122925
109,125,1.0628206729888916
109,126,1.2315807342529297
109,127,1.0689328908920288
109,128,0.9293636679649353
109,129,1.0505121946334839
109,130,1.0422701835632324
109,131,1.0287706851959229
109,132,1.0820231437683105
109,133,1.1822714805603027
109,134,1.068314552307129
109,135,1.306373119354248
109,136,1.1912686824798584
109,137,1.1241134405136108
109,138,1.028064250946045
109,139,1.0436381101608276
109,140,1.4776204824447632
109,141,1.1205146312713623
109,142,1.0685750246047974
109,143,0.9118156433105469
109,144,1.0824427604675293
109,145,0.9914491176605225
109,146,1.063567876815796
109,147,1.0429975986480713
109,148,1.0142978429794312
109,149,1.1821479797363281
109,150,1.0745761394500732
109,151,1.097913384437561
109,152,0.9137279987335205
109,153,0.9525865316390991
109,154,1.0061521530151367
109,155,1.051794171333313
109,156,1.0085458755493164
109,157,1.0334759950637817
109,158,1.0860432386398315
109,159,0.9922986030578613
109,160,1.0059603452682495
109,161,1.3700692653656006
109,162,1.0176664590835571
109,163,1.0926107168197632
109,164,1.0400385856628418
109,165,1.4594513177871704
109,166,0.9251077771186829
109,167,0.958778977394104
109,168,1.0474157333374023
109,169,1.1365461349487305
109,170,1.0507183074951172
109,171,1.0829814672470093
109,172,1.3781852722167969
109,173,1.0247434377670288
109,174,1.0359783172607422
109,175,1.1475619077682495
109,176,0.9477499127388
109,177,1.1528946161270142
109,178,1.1071363687515259
109,179,1.0561504364013672
109,180,1.02189302444458
109,181,1.357030987739563
109,182,1.229353904724121
109,183,1.0066280364990234
109,184,1.0049082040786743
109,185,1.0590473413467407
109,186,1.1993800401687622
109,187,0.9580675363540649
109,188,1.0192168951034546
109,189,1.114043116569519
109,190,1.0603063106536865
109,191,1.047229290008545
109,192,1.0620092153549194
109,193,1.5583467483520508
109,194,1.082553505897522
109,195,1.0145599842071533
109,196,1.112210750579834
109,197,1.0514646768569946
109,198,1.1411840915679932
109,199,1.0240164995193481
109,200,1.1505115032196045
109,201,1.0509757995605469
109,202,1.0816481113433838
109,203,1.105743169784546
109,204,0.9740766882896423
109,205,1.0700634717941284
109,206,1.1130807399749756
109,207,1.1680808067321777
109,208,1.128477931022644
109,209,1.0003124475479126
109,210,1.138228178024292
109,211,1.0080394744873047
109,212,0.9947599768638611
109,213,1.1944992542266846
109,214,1.0397717952728271
109,215,1.0950219631195068
109,216,0.9898273944854736
109,217,1.157539963722229
109,218,1.0597834587097168
109,219,1.1556885242462158
109,220,1.040790319442749
109,221,1.1847450733184814
109,222,1.1758736371994019
109,223,1.2612100839614868
109,224,1.0570682287216187
109,225,1.0483206510543823
109,226,1.1365599632263184
109,227,0.9719003438949585
109,228,1.1573994159698486
109,229,1.2715297937393188
109,230,1.0781196355819702
109,231,1.0783964395523071
109,232,1.2479889392852783
109,233,0.9810628890991211
109,234,1.2027084827423096
109,235,1.0127782821655273
109,236,1.020027756690979
109,237,1.2748792171478271
109,238,1.196584701538086
109,239,1.0805845260620117
109,240,1.2237626314163208
109,241,1.2617318630218506
109,242,1.071047067642212
109,243,1.1161649227142334
109,244,0.9987027645111084
109,245,0.9903426766395569
109,246,0.9153516292572021
109,247,1.0072910785675049
109,248,0.9667755961418152
109,249,1.0440149307250977
109,250,1.1533886194229126
109,251,0.9679757356643677
109,252,1.1062984466552734
109,253,1.34879732131958
109,254,1.0643095970153809
109,255,1.0747053623199463
109,256,0.9755612015724182
109,257,1.0255835056304932
109,258,1.0306800603866577
109,259,1.379228949546814
109,260,1.0100382566452026
109,261,1.1111466884613037
109,262,1.0805916786193848
109,263,1.0952093601226807
109,264,1.027030110359192
109,265,1.1167863607406616
109,266,1.0218324661254883
109,267,1.259997844696045
109,268,1.057262659072876
109,269,1.1210278272628784
109,270,1.0676190853118896
109,271,1.0372507572174072
109,272,1.0502440929412842
109,273,1.0968248844146729
109,274,1.2018651962280273
109,275,1.0220229625701904
109,276,1.2131216526031494
109,277,0.9724195003509521
109,278,1.0965038537979126
109,279,0.9841652512550354
109,280,1.0490411520004272
109,281,1.2570385932922363
109,282,1.069571614265442
109,283,1.0560369491577148
109,284,1.05081045627594
109,285,0.9873753190040588
109,286,1.004632830619812
109,287,1.0205681324005127
109,288,1.1350762844085693
109,289,1.0628952980041504
109,290,1.0956262350082397
109,291,1.1865358352661133
109,292,1.275712490081787
109,293,0.9493026733398438
109,294,0.9647206664085388
109,295,1.1120798587799072
109,296,1.2466187477111816
109,297,1.0681935548782349
109,298,1.1133090257644653
109,299,1.1351029872894287
109,300,1.09706711769104
109,301,1.120126724243164
109,302,1.0757704973220825
109,303,0.9257217645645142
109,304,1.1332849264144897
109,305,1.2043334245681763
109,306,1.1761112213134766
109,307,1.0581711530685425
109,308,1.1089192628860474
109,309,0.9462689161300659
109,310,0.9946463704109192
109,311,1.6901991367340088
110,0,1.0780949592590332
110,1,1.0422172546386719
110,2,1.1707944869995117
110,3,1.306166648864746
110,4,1.0028784275054932
110,5,1.12960684299469
110,6,1.0533102750778198
110,7,1.079780101776123
110,8,1.0337556600570679
110,9,0.944328248500824
110,10,1.111931562423706
110,11,1.1277843713760376
110,12,1.0066373348236084
110,13,1.103134036064148
110,14,1.1207830905914307
110,15,0.9711810350418091
110,16,1.0711326599121094
110,17,0.963005542755127
110,18,1.0489838123321533
110,19,0.9764588475227356
110,20,1.0115633010864258
110,21,0.9755513072013855
110,22,1.1557915210723877
110,23,1.1336148977279663
110,24,1.2448818683624268
110,25,1.0901026725769043
110,26,1.1270406246185303
110,27,1.030184030532837
110,28,1.0333386659622192
110,29,0.866902768611908
110,30,1.223357915878296
110,31,0.9795125722885132
110,32,1.0670726299285889
110,33,1.1004101037979126
110,34,1.2123329639434814
110,35,1.1402592658996582
110,36,1.152625322341919
110,37,1.1490790843963623
110,38,1.0629993677139282
110,39,1.1564650535583496
110,40,1.1457901000976562
110,41,1.079007863998413
110,42,1.3360460996627808
110,43,1.1159636974334717
110,44,1.0987067222595215
110,45,1.0665340423583984
110,46,1.031624674797058
110,47,1.0012176036834717
110,48,1.2737963199615479
110,49,1.075156331062317
110,50,0.9924542903900146
110,51,0.970649242401123
110,52,1.0454716682434082
110,53,0.9696683883666992
110,54,1.189808964729309
110,55,1.0707883834838867
110,56,1.0049817562103271
110,57,1.0329976081848145
110,58,1.026599407196045
110,59,1.0617247819900513
110,60,1.093955636024475
110,61,0.983614444732666
110,62,1.2010200023651123
110,63,1.040709376335144
110,64,1.078221082687378
110,65,1.0165059566497803
110,66,1.0236499309539795
110,67,1.227975606918335
110,68,1.1222410202026367
110,69,1.0863313674926758
110,70,1.0806853771209717
110,71,0.9945753812789917
110,72,0.969230592250824
110,73,1.2356022596359253
110,74,1.0123345851898193
110,75,1.0412949323654175
110,76,1.093323826789856
110,77,1.1192359924316406
110,78,1.0436408519744873
110,79,1.045882225036621
110,80,1.0513392686843872
110,81,1.003849744796753
110,82,1.0149247646331787
110,83,1.0378968715667725
110,84,1.0069535970687866
110,85,1.0617016553878784
110,86,1.1441172361373901
110,87,1.0018467903137207
110,88,1.0176674127578735
110,89,0.9686963558197021
110,90,1.0278408527374268
110,91,1.1746058464050293
110,92,1.0825741291046143
110,93,1.0258268117904663
110,94,0.9899964928627014
110,95,1.0633257627487183
110,96,1.193329930305481
110,97,1.2818690538406372
110,98,1.072021245956421
110,99,1.0142769813537598
110,100,0.9778926968574524
110,101,1.140554666519165
110,102,1.0699448585510254
110,103,1.013394832611084
110,104,1.1108598709106445
110,105,1.1530362367630005
110,106,1.054481863975525
110,107,1.05954909324646
110,108,1.0817828178405762
110,109,1.1332283020019531
110,110,1.1378872394561768
110,111,1.1646486520767212
110,112,1.0357487201690674
110,113,1.022799015045166
110,114,1.1431105136871338
110,115,1.131848692893982
110,116,1.0269616842269897
110,117,1.0273652076721191
110,118,1.1169428825378418
110,119,1.1424968242645264
110,120,1.1158757209777832
110,121,1.0291897058486938
110,122,1.0776607990264893
110,123,1.0715560913085938
110,124,1.1070624589920044
110,125,1.2267740964889526
110,126,0.9908130168914795
110,127,1.167106032371521
110,128,1.0272337198257446
110,129,1.1425936222076416
110,130,1.1639233827590942
110,131,1.233210802078247
110,132,1.2935761213302612
110,133,1.091751217842102
110,134,1.055130124092102
110,135,0.9397834539413452
110,136,0.9935969710350037
110,137,1.0623258352279663
110,138,1.059228539466858
110,139,0.9585286378860474
110,140,1.124080777168274
110,141,1.1149321794509888
110,142,1.1439180374145508
110,143,1.0893142223358154
110,144,1.052130937576294
110,145,0.9432357549667358
110,146,1.038260579109192
110,147,1.004855751991272
110,148,1.1400693655014038
110,149,0.9703558683395386
110,150,1.0659005641937256
110,151,1.0226953029632568
110,152,1.0045616626739502
110,153,1.185936450958252
110,154,1.1085659265518188
110,155,0.9523247480392456
110,156,1.168379306793213
110,157,0.9658023715019226
110,158,1.0994449853897095
110,159,0.9717302322387695
110,160,1.101152777671814
110,161,1.1800886392593384
110,162,1.0187501907348633
110,163,1.1923449039459229
110,164,1.1242088079452515
110,165,1.258094072341919
110,166,0.9817445278167725
110,167,1.0920822620391846
110,168,0.9698004126548767
110,169,1.0708571672439575
110,170,1.0140079259872437
110,171,1.2380218505859375
110,172,0.9628732800483704
110,173,1.0504201650619507
110,174,1.1817790269851685
110,175,1.0046281814575195
110,176,1.0971882343292236
110,177,1.0932503938674927
110,178,1.2080318927764893
110,179,1.0059237480163574
110,180,0.979381799697876
110,181,0.9773355722427368
110,182,1.0071606636047363
110,183,1.2085888385772705
110,184,1.084281086921692
110,185,1.015034794807434
110,186,1.064295768737793
110,187,1.2030024528503418
110,188,1.2999827861785889
110,189,1.0850186347961426
110,190,1.0457249879837036
110,191,0.9215106964111328
110,192,1.0784485340118408
110,193,1.0916259288787842
110,194,0.9549643993377686
110,195,1.119148850440979
110,196,0.9658154249191284
110,197,1.1266108751296997
110,198,1.0818266868591309
110,199,1.1356720924377441
110,200,0.9976324439048767
110,201,0.9112313389778137
110,202,1.1627916097640991
110,203,0.9485970735549927
110,204,0.9710149168968201
110,205,1.385206699371338
110,206,1.1389069557189941
110,207,1.3016958236694336
110,208,1.0070871114730835
110,209,0.9640511870384216
110,210,0.964832067489624
110,211,0.9769434928894043
110,212,1.032334804534912
110,213,1.0762712955474854
110,214,1.0779048204421997
110,215,1.094972848892212
110,216,1.0343360900878906
110,217,1.106548547744751
110,218,0.9324482679367065
110,219,1.0602507591247559
110,220,1.3328428268432617
110,221,1.128471851348877
110,222,1.0806398391723633
110,223,1.1012287139892578
110,224,0.9566500782966614
110,225,1.0528351068496704
110,226,0.9899708032608032
110,227,0.937234103679657
110,228,1.0072782039642334
110,229,1.1326696872711182
110,230,0.960281252861023
110,231,0.9219937324523926
110,232,1.017343282699585
110,233,1.259976863861084
110,234,1.262803554534912
110,235,0.9733114838600159
110,236,1.0366673469543457
110,237,1.4201312065124512
110,238,1.0218541622161865
110,239,1.2753326892852783
110,240,1.0151211023330688
110,241,1.0212727785110474
110,242,0.992566704750061
110,243,1.2460711002349854
110,244,1.1210424900054932
110,245,1.0925612449645996
110,246,1.0186808109283447
110,247,1.135949969291687
110,248,1.113445520401001
110,249,1.0525579452514648
110,250,0.974906325340271
110,251,1.099232792854309
110,252,1.0309336185455322
110,253,1.0696995258331299
110,254,1.1271131038665771
110,255,1.0847498178482056
110,256,1.1372307538986206
110,257,0.9915800094604492
110,258,1.0659072399139404
110,259,1.0774335861206055
110,260,0.9391399025917053
110,261,1.2228119373321533
110,262,1.1205613613128662
110,263,1.162577748298645
110,264,1.0447202920913696
110,265,1.0706819295883179
110,266,0.9851943850517273
110,267,1.0465247631072998
110,268,1.1062794923782349
110,269,1.0752862691879272
110,270,1.107958197593689
110,271,1.1798138618469238
110,272,1.1819329261779785
110,273,1.0542709827423096
110,274,1.0942573547363281
110,275,1.0064029693603516
110,276,1.0295487642288208
110,277,1.1271687746047974
110,278,1.1601042747497559
110,279,0.9572947025299072
110,280,1.20943284034729
110,281,1.087599277496338
110,282,1.0366734266281128
110,283,1.1247867345809937
110,284,1.2434370517730713
110,285,1.0988731384277344
110,286,1.1157785654067993
110,287,1.0941241979599
110,288,1.0748637914657593
110,289,1.1243890523910522
110,290,1.10673189163208
110,291,1.0859122276306152
110,292,1.0956342220306396
110,293,1.0077250003814697
110,294,1.012682557106018
110,295,1.1452027559280396
110,296,1.1142061948776245
110,297,1.1441007852554321
110,298,1.157123327255249
110,299,1.0763622522354126
110,300,1.107315182685852
110,301,1.045096755027771
110,302,1.0687577724456787
110,303,1.140852928161621
110,304,0.9816526174545288
110,305,0.9320904612541199
110,306,0.9935635328292847
110,307,1.1694600582122803
110,308,1.1011019945144653
110,309,1.081315040588379
110,310,1.081054449081421
110,311,1.1222167015075684
111,0,1.1245167255401611
111,1,1.2497144937515259
111,2,0.9802671670913696
111,3,1.064192295074463
111,4,0.999923050403595
111,5,1.2287414073944092
111,6,1.182991623878479
111,7,1.0096492767333984
111,8,0.9400323629379272
111,9,1.1613094806671143
111,10,1.1330358982086182
111,11,1.0339562892913818
111,12,1.0411264896392822
111,13,1.0293210744857788
111,14,0.9834346771240234
111,15,1.1193230152130127
111,16,1.0739881992340088
111,17,1.039495825767517
111,18,0.9826275706291199
111,19,1.3165843486785889
111,20,1.2053840160369873
111,21,1.3498263359069824
111,22,0.9907633066177368
111,23,0.9590938687324524
111,24,0.9834859371185303
111,25,1.0566402673721313
111,26,1.0358654260635376
111,27,1.1207759380340576
111,28,1.0375566482543945
111,29,0.9946098923683167
111,30,1.0649077892303467
111,31,1.1139596700668335
111,32,1.183763027191162
111,33,1.2428512573242188
111,34,1.102827787399292
111,35,1.135366678237915
111,36,1.1614192724227905
111,37,0.9693536758422852
111,38,1.0744667053222656
111,39,1.0162603855133057
111,40,1.0596165657043457
111,41,1.2611669301986694
111,42,1.003342866897583
111,43,0.9940488338470459
111,44,1.1525530815124512
111,45,1.0384480953216553
111,46,0.9882498383522034
111,47,1.1504207849502563
111,48,1.1177074909210205
111,49,1.0122003555297852
111,50,1.1132986545562744
111,51,1.0661370754241943
111,52,1.1094660758972168
111,53,1.1990679502487183
111,54,1.2533454895019531
111,55,1.2311122417449951
111,56,1.2062489986419678
111,57,1.099320888519287
111,58,1.151707410812378
111,59,1.1372300386428833
111,60,1.1229745149612427
111,61,1.2226556539535522
111,62,1.071987509727478
111,63,1.1095352172851562
111,64,1.108615517616272
111,65,1.0050890445709229
111,66,1.0029162168502808
111,67,1.0952050685882568
111,68,1.0212671756744385
111,69,1.0535526275634766
111,70,1.168545126914978
111,71,1.0665435791015625
111,72,1.1169174909591675
111,73,1.138055682182312
111,74,1.0431900024414062
111,75,1.0206774473190308
111,76,1.0138224363327026
111,77,1.037503957748413
111,78,1.0989675521850586
111,79,1.0445904731750488
111,80,1.0124895572662354
111,81,1.1616308689117432
111,82,1.1521188020706177
111,83,1.043785572052002
111,84,0.9889909029006958
111,85,1.0280474424362183
111,86,1.4984767436981201
111,87,1.0571635961532593
111,88,1.0670459270477295
111,89,1.0626673698425293
111,90,1.045034646987915
111,91,0.9597293138504028
111,92,1.0143063068389893
111,93,1.1839827299118042
111,94,1.088127851486206
111,95,0.9713562726974487
111,96,1.1357481479644775
111,97,1.044992208480835
111,98,1.022513747215271
111,99,0.9828717708587646
111,100,1.0914970636367798
111,101,0.9666802883148193
111,102,1.201198935508728
111,103,1.0092191696166992
111,104,1.0878069400787354
111,105,1.1966713666915894
111,106,0.9050909876823425
111,107,1.0711256265640259
111,108,1.2189843654632568
111,109,0.9970585107803345
111,110,1.0520708560943604
111,111,0.9696282148361206
111,112,1.1653964519500732
111,113,1.175607442855835
111,114,1.2455723285675049
111,115,1.0239927768707275
111,116,1.1840112209320068
111,117,1.0311965942382812
111,118,0.9577459692955017
111,119,0.9827818274497986
111,120,1.056349277496338
111,121,1.3970084190368652
111,122,1.0321956872940063
111,123,1.4671988487243652
111,124,1.2021501064300537
111,125,1.068403959274292
111,126,1.0985567569732666
111,127,0.988929033279419
111,128,0.9864745140075684
111,129,1.349891185760498
111,130,1.0676803588867188
111,131,0.994580864906311
111,132,0.9946532845497131
111,133,0.9901251196861267
111,134,1.1265543699264526
111,135,0.9357431530952454
111,136,1.2818621397018433
111,137,1.1031397581100464
111,138,1.3223100900650024
111,139,1.0309982299804688
111,140,1.231379747390747
111,141,1.0176252126693726
111,142,0.9934226274490356
111,143,1.103304147720337
111,144,1.0396778583526611
111,145,1.0614413022994995
111,146,0.9759547710418701
111,147,1.08653724193573
111,148,0.9554007053375244
111,149,1.1173583269119263
111,150,1.073380470275879
111,151,1.0439516305923462
111,152,1.217205286026001
111,153,1.1727112531661987
111,154,1.040666937828064
111,155,1.0234966278076172
111,156,1.3216137886047363
111,157,1.0898255109786987
111,158,1.0544322729110718
111,159,1.1897696256637573
111,160,1.0104172229766846
111,161,1.0168354511260986
111,162,1.0079962015151978
111,163,1.0127893686294556
111,164,1.030430555343628
111,165,1.0967319011688232
111,166,1.0972750186920166
111,167,0.9940922260284424
111,168,1.2072944641113281
111,169,0.989547848701477
111,170,1.0063881874084473
111,171,1.0895922183990479
111,172,1.0786141157150269
111,173,1.0956605672836304
111,174,1.0371365547180176
111,175,1.032138705253601
111,176,1.1065788269042969
111,177,1.1373099088668823
111,178,1.4053905010223389
111,179,1.0768160820007324
111,180,1.063020944595337
111,181,1.0059807300567627
111,182,0.9677528142929077
111,183,1.294020175933838
111,184,1.0072484016418457
111,185,0.9476006031036377
111,186,1.023791790008545
111,187,0.9972541928291321
111,188,1.2789990901947021
111,189,1.206616997718811
111,190,1.2406054735183716
111,191,1.1700626611709595
111,192,0.9494712352752686
111,193,1.0891358852386475
111,194,1.1329028606414795
111,195,1.2006947994232178
111,196,1.168534278869629
111,197,1.2053157091140747
111,198,1.1372672319412231
111,199,1.0561399459838867
111,200,1.0438945293426514
111,201,0.9745175838470459
111,202,1.2191405296325684
111,203,1.0707528591156006
111,204,1.1074566841125488
111,205,1.145275592803955
111,206,1.159327507019043
111,207,1.2338536977767944
111,208,1.1796584129333496
111,209,1.083137035369873
111,210,1.0580604076385498
111,211,1.0972111225128174
111,212,1.0582001209259033
111,213,1.0790053606033325
111,214,1.0501996278762817
111,215,1.1387817859649658
111,216,0.9988618493080139
111,217,1.170053243637085
111,218,1.065900444984436
111,219,0.9990436434745789
111,220,1.0436416864395142
111,221,1.0990900993347168
111,222,1.0542272329330444
111,223,1.1963485479354858
111,224,1.1900376081466675
111,225,1.149045467376709
111,226,1.1359193325042725
111,227,1.0550957918167114
111,228,1.1319845914840698
111,229,1.0337064266204834
111,230,1.0211737155914307
111,231,1.1373534202575684
111,232,1.1446583271026611
111,233,1.0339748859405518
111,234,0.9513604640960693
111,235,1.1845864057540894
111,236,1.0220296382904053
111,237,1.3097431659698486
111,238,1.1149910688400269
111,239,1.0320795774459839
111,240,0.9897831678390503
111,241,1.1793133020401
111,242,1.1270856857299805
111,243,1.0366805791854858
111,244,0.947565495967865
111,245,1.019918441772461
111,246,0.9946506023406982
111,247,1.1428061723709106
111,248,1.1194559335708618
111,249,1.0453341007232666
111,250,1.1342318058013916
111,251,1.049354910850525
111,252,1.0439327955245972
111,253,1.1139386892318726
111,254,1.0932331085205078
111,255,1.0135409832000732
111,256,1.0191256999969482
111,257,1.112344741821289
111,258,1.033542513847351
111,259,0.9725476503372192
111,260,1.155469298362732
111,261,1.0452030897140503
111,262,1.254883885383606
111,263,1.0252712965011597
111,264,1.209883689880371
111,265,1.1128287315368652
111,266,1.0061593055725098
111,267,0.8945795297622681
111,268,1.0127922296524048
111,269,1.0931824445724487
111,270,1.0382225513458252
111,271,1.0178380012512207
111,272,0.9262455701828003
111,273,0.9626557230949402
111,274,1.1367427110671997
111,275,0.9871888160705566
111,276,1.0664639472961426
111,277,1.1435312032699585
111,278,1.178798794746399
111,279,1.0767195224761963
111,280,1.0830234289169312
111,281,1.241966962814331
111,282,1.252029299736023
111,283,1.092132329940796
111,284,1.0925166606903076
111,285,1.0951646566390991
111,286,0.9795229434967041
111,287,0.9735808968544006
111,288,1.1186320781707764
111,289,1.0762686729431152
111,290,1.1735775470733643
111,291,1.068738341331482
111,292,1.004079818725586
111,293,1.1059514284133911
111,294,0.9362794160842896
111,295,1.1466259956359863
111,296,1.100795030593872
111,297,1.165198802947998
111,298,1.2212532758712769
111,299,1.059895634651184
111,300,1.2377899885177612
111,301,1.103698968887329
111,302,1.0301231145858765
111,303,0.9878464937210083
111,304,1.2377469539642334
111,305,1.0589747428894043
111,306,1.226830244064331
111,307,1.160278558731079
111,308,1.0615499019622803
111,309,1.112886905670166
111,310,1.0783168077468872
111,311,1.3454701900482178
112,0,0.977407693862915
112,1,1.0790807008743286
112,2,1.0536168813705444
112,3,1.0683614015579224
112,4,0.9810436367988586
112,5,0.9114632606506348
112,6,1.1404507160186768
112,7,1.2795778512954712
112,8,1.0868295431137085
112,9,1.1132431030273438
112,10,1.2159478664398193
112,11,1.079195261001587
112,12,1.0642762184143066
112,13,1.0080277919769287
112,14,1.0423334836959839
112,15,1.1332429647445679
112,16,1.0379711389541626
112,17,1.050403118133545
112,18,1.0143920183181763
112,19,1.0449837446212769
112,20,1.1013749837875366
112,21,1.0848016738891602
112,22,0.9197628498077393
112,23,1.0298588275909424
112,24,0.999381422996521
112,25,1.112825632095337
112,26,1.0296025276184082
112,27,1.0354952812194824
112,28,1.1026740074157715
112,29,1.1976019144058228
112,30,1.0404753684997559
112,31,0.9953895807266235
112,32,0.9412581324577332
112,33,0.9933584928512573
112,34,1.014054775238037
112,35,1.0135447978973389
112,36,1.1636862754821777
112,37,1.0370440483093262
112,38,1.1566368341445923
112,39,1.0561789274215698
112,40,1.0929574966430664
112,41,1.1139909029006958
112,42,1.047166347503662
112,43,1.143913984298706
112,44,1.0164175033569336
112,45,1.330642580986023
112,46,1.2986990213394165
112,47,1.0196950435638428
112,48,1.0979100465774536
112,49,1.089101791381836
112,50,1.0393621921539307
112,51,0.9819029569625854
112,52,1.142182469367981
112,53,1.0063092708587646
112,54,1.1141172647476196
112,55,1.039903998374939
112,56,1.1479750871658325
112,57,1.019005298614502
112,58,1.0922263860702515
112,59,1.0063958168029785
112,60,1.03511643409729
112,61,1.092659831047058
112,62,1.0945616960525513
112,63,1.109602928161621
112,64,1.4148080348968506
112,65,1.085187315940857
112,66,1.0734741687774658
112,67,1.0535855293273926
112,68,1.0083273649215698
112,69,1.010465145111084
112,70,1.3493435382843018
112,71,1.0061404705047607
112,72,1.1162075996398926
112,73,0.9875712990760803
112,74,1.127864122390747
112,75,0.9824007749557495
112,76,1.1757112741470337
112,77,1.0559120178222656
112,78,1.0687986612319946
112,79,1.1621716022491455
112,80,1.1626121997833252
112,81,1.1104573011398315
112,82,1.1355834007263184
112,83,1.1522033214569092
112,84,1.020073652267456
112,85,1.0374889373779297
112,86,0.9755897521972656
112,87,1.0290451049804688
112,88,1.3021489381790161
112,89,1.0880916118621826
112,90,1.085152506828308
112,91,0.9966239929199219
112,92,1.1524546146392822
112,93,1.0532035827636719
112,94,0.9723149538040161
112,95,1.1690231561660767
112,96,1.1193115711212158
112,97,1.4045023918151855
112,98,0.9943578243255615
112,99,1.186859130859375
112,100,1.111593246459961
112,101,1.3401637077331543
112,102,1.0718152523040771
112,103,1.0941612720489502
112,104,1.023495078086853
112,105,1.0324339866638184
112,106,1.2261292934417725
112,107,0.9959510564804077
112,108,1.3599939346313477
112,109,0.9192409515380859
112,110,1.1693767309188843
112,111,1.0022194385528564
112,112,1.1489313840866089
112,113,1.2954988479614258
112,114,1.2638616561889648
112,115,0.911811113357544
112,116,1.0190529823303223
112,117,1.0794881582260132
112,118,1.1915173530578613
112,119,1.0112683773040771
112,120,1.0042668581008911
112,121,0.953955888748169
112,122,1.226477861404419
112,123,1.0308630466461182
112,124,0.862702488899231
112,125,1.2767603397369385
112,126,1.2165166139602661
112,127,1.2069039344787598
112,128,1.1045691967010498
112,129,1.258298397064209
112,130,0.9346431493759155
112,131,1.0326392650604248
112,132,1.0043971538543701
112,133,0.9925537109375
112,134,1.239079475402832
112,135,0.9781020879745483
112,136,0.9958387017250061
112,137,0.9633041620254517
112,138,1.189634919166565
112,139,1.1898103952407837
112,140,1.1336796283721924
112,141,1.0497772693634033
112,142,0.9303463697433472
112,143,1.0893728733062744
112,144,1.068833827972412
112,145,1.058931589126587
112,146,1.195089340209961
112,147,1.232849359512329
112,148,1.026536464691162
112,149,1.0227909088134766
112,150,1.0191181898117065
112,151,1.0318065881729126
112,152,1.0265854597091675
112,153,1.0708059072494507
112,154,0.8938649892807007
112,155,1.180208444595337
112,156,1.1129668951034546
112,157,0.9464597105979919
112,158,1.1249419450759888
112,159,1.0287936925888062
112,160,1.2411484718322754
112,161,1.2557194232940674
112,162,1.0136241912841797
112,163,0.9656066298484802
112,164,1.1277703046798706
112,165,1.137597680091858
112,166,1.1672531366348267
112,167,0.9291282296180725
112,168,1.4522912502288818
112,169,1.0141661167144775
112,170,1.0039652585983276
112,171,1.087308645248413
112,172,1.0062456130981445
112,173,1.2072306871414185
112,174,1.0434939861297607
112,175,1.0544928312301636
112,176,1.1279730796813965
112,177,1.0807876586914062
112,178,1.0807127952575684
112,179,1.003735065460205
112,180,1.0180554389953613
112,181,1.054100751876831
112,182,1.0419801473617554
112,183,1.027464747428894
112,184,1.2096024751663208
112,185,0.9636166095733643
112,186,1.1774640083312988
112,187,1.0421552658081055
112,188,1.093942403793335
112,189,1.0754224061965942
112,190,1.1095577478408813
112,191,1.095158338546753
112,192,1.018675446510315
112,193,1.1349800825119019
112,194,1.1494500637054443
112,195,1.1126002073287964
112,196,1.1504056453704834
112,197,1.1565693616867065
112,198,1.029588222503662
112,199,1.1862303018569946
112,200,1.0390191078186035
112,201,1.0369011163711548
112,202,0.9896737337112427
112,203,1.0488605499267578
112,204,0.9785925149917603
112,205,0.9504474401473999
112,206,1.113822102546692
112,207,1.1357327699661255
112,208,1.0902243852615356
112,209,1.0361499786376953
112,210,1.1884183883666992
112,211,1.0557067394256592
112,212,1.015783667564392
112,213,1.1512625217437744
112,214,1.1745811700820923
112,215,1.0663819313049316
112,216,1.114513874053955
112,217,0.9770708680152893
112,218,1.2997019290924072
112,219,1.0160326957702637
112,220,1.1458942890167236
112,221,1.0622059106826782
112,222,1.0293772220611572
112,223,1.08428955078125
112,224,1.2294130325317383
112,225,1.263972282409668
112,226,1.043683648109436
112,227,1.055983304977417
112,228,1.163130760192871
112,229,1.0657708644866943
112,230,1.0677467584609985
112,231,1.081264615058899
112,232,1.1041616201400757
112,233,1.0133107900619507
112,234,0.9759575128555298
112,235,0.9767070412635803
112,236,1.0645387172698975
112,237,1.0734853744506836
112,238,0.9297428727149963
112,239,1.0472568273544312
112,240,1.0923047065734863
112,241,1.1091549396514893
112,242,1.1027956008911133
112,243,1.0853023529052734
112,244,1.1308114528656006
112,245,1.0174404382705688
112,246,1.1728614568710327
112,247,1.0735032558441162
112,248,1.0101478099822998
112,249,1.033813714981079
112,250,1.1543943881988525
112,251,1.1385133266448975
112,252,1.071010708808899
112,253,1.107198715209961
112,254,1.0272226333618164
112,255,1.2214723825454712
112,256,0.9807523488998413
112,257,0.9804657101631165
112,258,0.9612194299697876
112,259,1.1870146989822388
112,260,1.1700029373168945
112,261,1.0233036279678345
112,262,1.1282737255096436
112,263,1.112178087234497
112,264,1.184730052947998
112,265,0.9719187021255493
112,266,1.083653211593628
112,267,1.0822464227676392
112,268,1.1008615493774414
112,269,1.1336841583251953
112,270,1.1232420206069946
112,271,0.9888522624969482
112,272,1.0787577629089355
112,273,1.0802065134048462
112,274,1.2143454551696777
112,275,1.0914332866668701
112,276,1.090980887413025
112,277,1.0755608081817627
112,278,1.0835347175598145
112,279,1.1709299087524414
112,280,1.1452265977859497
112,281,0.9716777205467224
112,282,1.0499038696289062
112,283,1.0913116931915283
112,284,1.2132866382598877
112,285,1.3884165287017822
112,286,1.0685067176818848
112,287,1.149248719215393
112,288,1.000859260559082
112,289,0.9984669089317322
112,290,1.1197395324707031
112,291,0.9092718958854675
112,292,0.9875800609588623
112,293,1.0020349025726318
112,294,1.1850154399871826
112,295,1.0647993087768555
112,296,0.9643357992172241
112,297,1.0221631526947021
112,298,1.0985078811645508
112,299,1.224529504776001
112,300,1.0457545518875122
112,301,1.4109811782836914
112,302,1.2595348358154297
112,303,1.1003812551498413
112,304,1.113985300064087
112,305,0.960570216178894
112,306,1.0132639408111572
112,307,1.0028107166290283
112,308,0.9918808937072754
112,309,1.0368238687515259
112,310,1.2451175451278687
112,311,1.973872184753418
113,0,1.1422113180160522
113,1,1.0396008491516113
113,2,1.0687322616577148
113,3,1.2283402681350708
113,4,0.9513620138168335
113,5,1.0735844373703003
113,6,0.9919818043708801
113,7,1.1165803670883179
113,8,1.2592600584030151
113,9,1.0369421243667603
113,10,1.131674885749817
113,11,1.1028636693954468
113,12,1.4252128601074219
113,13,1.0366613864898682
113,14,1.0830998420715332
113,15,1.0012140274047852
113,16,1.0365116596221924
113,17,0.9411834478378296
113,18,1.0146034955978394
113,19,1.0694422721862793
113,20,1.1256077289581299
113,21,1.0601263046264648
113,22,1.1958353519439697
113,23,1.131520390510559
113,24,0.9932656288146973
113,25,1.1674249172210693
113,26,0.9492384195327759
113,27,1.2594518661499023
113,28,1.0493069887161255
113,29,0.9962518811225891
113,30,1.2640433311462402
113,31,1.3980414867401123
113,32,1.1555705070495605
113,33,0.9962863922119141
113,34,0.956790566444397
113,35,1.018754482269287
113,36,1.1017102003097534
113,37,1.1636611223220825
113,38,1.0997707843780518
113,39,1.1560535430908203
113,40,1.0153355598449707
113,41,1.082139253616333
113,42,1.0630700588226318
113,43,1.0657042264938354
113,44,1.1408941745758057
113,45,1.107628345489502
113,46,1.1103404760360718
113,47,1.0795249938964844
113,48,1.1218684911727905
113,49,1.0811315774917603
113,50,1.163647174835205
113,51,1.097597360610962
113,52,1.0065562725067139
113,53,1.271740436553955
113,54,1.1700990200042725
113,55,1.0095528364181519
113,56,0.97345370054245
113,57,1.2449774742126465
113,58,1.1077097654342651
113,59,1.1117894649505615
113,60,1.048018217086792
113,61,1.1289348602294922
113,62,1.252332329750061
113,63,1.2162410020828247
113,64,1.1260427236557007
113,65,1.1123872995376587
113,66,0.9990549087524414
113,67,0.9620382189750671
113,68,1.0646471977233887
113,69,1.0824978351593018
113,70,1.0080522298812866
113,71,1.093076229095459
113,72,1.159623384475708
113,73,1.086101770401001
113,74,1.0628750324249268
113,75,1.0803449153900146
113,76,0.9313079714775085
113,77,1.1211028099060059
113,78,0.9786280393600464
113,79,0.9349666833877563
113,80,0.9968521595001221
113,81,0.9167020916938782
113,82,1.0806466341018677
113,83,0.9649845361709595
113,84,1.11028254032135
113,85,1.1320167779922485
113,86,0.9749079942703247
113,87,1.0534747838974
113,88,1.1158400774002075
113,89,1.030557632446289
113,90,1.1277559995651245
113,91,0.9760037064552307
113,92,1.0571341514587402
113,93,1.3101316690444946
113,94,1.3242549896240234
113,95,0.97626131772995
113,96,1.0164382457733154
113,97,1.1082615852355957
113,98,1.1698391437530518
113,99,1.0875177383422852
113,100,1.0111110210418701
113,101,1.4591670036315918
113,102,1.0132496356964111
113,103,0.95643550157547
113,104,1.1728990077972412
113,105,1.2355804443359375
113,106,0.9889378547668457
113,107,1.1229619979858398
113,108,1.0644090175628662
113,109,1.060175895690918
113,110,1.083752155303955
113,111,1.0770937204360962
113,112,0.9627156853675842
113,113,1.0405678749084473
113,114,1.2378418445587158
113,115,1.0880699157714844
113,116,1.0227757692337036
113,117,1.0550177097320557
113,118,0.9455251693725586
113,119,0.9659209251403809
113,120,1.009850025177002
113,121,0.9287106394767761
113,122,1.1250360012054443
113,123,0.9080411195755005
113,124,0.9871880412101746
113,125,1.1370431184768677
113,126,1.0409131050109863
113,127,1.2394436597824097
113,128,1.0581789016723633
113,129,1.044071912765503
113,130,1.112191915512085
113,131,1.0164976119995117
113,132,1.2442679405212402
113,133,0.9953070282936096
113,134,1.0500167608261108
113,135,1.1436700820922852
113,136,0.9543662071228027
113,137,1.262724757194519
113,138,1.1046003103256226
113,139,1.1396158933639526
113,140,1.1676732301712036
113,141,1.106798529624939
113,142,1.1018517017364502
113,143,1.0249289274215698
113,144,1.1238805055618286
113,145,0.9711273908615112
113,146,1.0645047426223755
113,147,1.0486098527908325
113,148,1.272778868675232
113,149,1.0723493099212646
113,150,1.1265208721160889
113,151,1.0403988361358643
113,152,1.1213793754577637
113,153,1.2434130907058716
113,154,1.2819290161132812
113,155,1.0518815517425537
113,156,1.2456260919570923
113,157,1.2341781854629517
113,158,1.0193873643875122
113,159,1.100501537322998
113,160,1.080566167831421
113,161,1.0027449131011963
113,162,0.9735952019691467
113,163,1.0464394092559814
113,164,0.9767004251480103
113,165,1.0499043464660645
113,166,0.963798999786377
113,167,1.1873204708099365
113,168,1.051074504852295
113,169,1.2381939888000488
113,170,1.2105478048324585
113,171,1.0337693691253662
113,172,1.0892541408538818
113,173,1.0945155620574951
113,174,1.010453701019287
113,175,1.0633032321929932
113,176,1.1089038848876953
113,177,1.1425817012786865
113,178,0.9585325717926025
113,179,1.2305057048797607
113,180,1.1228065490722656
113,181,1.2569152116775513
113,182,1.065410852432251
113,183,1.041420817375183
113,184,1.1005324125289917
113,185,1.2344542741775513
113,186,1.1056828498840332
113,187,0.9786301851272583
113,188,1.020181655883789
113,189,0.9846990704536438
113,190,1.1304621696472168
113,191,1.0179567337036133
113,192,1.110638976097107
113,193,1.1677472591400146
113,194,1.0152209997177124
113,195,1.021822214126587
113,196,1.0033094882965088
113,197,0.9341170787811279
113,198,1.3676549196243286
113,199,1.4154860973358154
113,200,0.9456827640533447
113,201,1.0481154918670654
113,202,1.0261043310165405
113,203,1.0458861589431763
113,204,1.0766911506652832
113,205,1.1115115880966187
113,206,1.0972673892974854
113,207,1.1781266927719116
113,208,1.022939682006836
113,209,1.004120111465454
113,210,1.0874369144439697
113,211,1.0391192436218262
113,212,1.069968581199646
113,213,1.0136339664459229
113,214,1.0669727325439453
113,215,0.956885039806366
113,216,1.0222480297088623
113,217,1.0521583557128906
113,218,1.0452039241790771
113,219,1.0266791582107544
113,220,1.005845546722412
113,221,0.9927947521209717
113,222,0.9689631462097168
113,223,1.0482549667358398
113,224,1.0822763442993164
113,225,0.9834854602813721
113,226,1.0652008056640625
113,227,1.1452866792678833
113,228,0.9709746241569519
113,229,1.2529386281967163
113,230,1.0109460353851318
113,231,1.1425586938858032
113,232,1.0935509204864502
113,233,1.06186842918396
113,234,1.1092116832733154
113,235,1.0214481353759766
113,236,1.0325486660003662
113,237,0.9710525274276733
113,238,0.9685497283935547
113,239,0.9910410642623901
113,240,1.0118800401687622
113,241,1.2756811380386353
113,242,1.106351613998413
113,243,1.143126130104065
113,244,0.8915783166885376
113,245,1.1412503719329834
113,246,1.080074429512024
113,247,1.0830127000808716
113,248,1.4754359722137451
113,249,1.0516037940979004
113,250,1.048736810684204
113,251,1.0285472869873047
113,252,1.104886770248413
113,253,1.6398885250091553
113,254,0.9727646708488464
113,255,1.051012396812439
113,256,1.2827810049057007
113,257,1.0333287715911865
113,258,1.0964387655258179
113,259,1.0678772926330566
113,260,0.931621789932251
113,261,0.9949043989181519
113,262,0.9633652567863464
113,263,1.025118112564087
113,264,1.1502505540847778
113,265,1.0517189502716064
113,266,1.177161693572998
113,267,1.0039058923721313
113,268,1.1438238620758057
113,269,1.0842646360397339
113,270,1.0927878618240356
113,271,1.0044554471969604
113,272,1.0526326894760132
113,273,1.0623962879180908
113,274,0.9865637421607971
113,275,1.186649203300476
113,276,1.0526843070983887
113,277,1.0799331665039062
113,278,1.0528311729431152
113,279,1.160696268081665
113,280,1.0507004261016846
113,281,1.2827684879302979
113,282,1.0663187503814697
113,283,1.053451418876648
113,284,1.0944697856903076
113,285,1.0206503868103027
113,286,0.9668827652931213
113,287,1.1450861692428589
113,288,1.006138563156128
113,289,1.0774683952331543
113,290,1.3661060333251953
113,291,1.2594743967056274
113,292,1.0660555362701416
113,293,1.0970141887664795
113,294,1.1204566955566406
113,295,1.1637513637542725
113,296,1.2119808197021484
113,297,1.2464488744735718
113,298,0.958737850189209
113,299,1.0008771419525146
113,300,0.9963629245758057
113,301,1.076063871383667
113,302,1.0123144388198853
113,303,1.1211142539978027
113,304,0.9844682216644287
113,305,1.0685529708862305
113,306,1.0259227752685547
113,307,1.0481992959976196
113,308,1.1398446559906006
113,309,0.9271251559257507
113,310,1.089645266532898
113,311,1.1031572818756104
114,0,1.0373144149780273
114,1,0.9938621520996094
114,2,1.0646569728851318
114,3,1.0784249305725098
114,4,1.0805466175079346
114,5,1.0183217525482178
114,6,1.0584365129470825
114,7,1.2666749954223633
114,8,0.9780993461608887
114,9,1.0982743501663208
114,10,1.106214165687561
114,11,0.9647567272186279
114,12,1.1056393384933472
114,13,1.2514300346374512
114,14,1.0728192329406738
114,15,1.060562014579773
114,16,1.0558888912200928
114,17,1.138532280921936
114,18,1.165550947189331
114,19,1.043740153312683
114,20,1.0645132064819336
114,21,0.9128918051719666
114,22,1.1659133434295654
114,23,1.0125395059585571
114,24,1.1580920219421387
114,25,1.0137845277786255
114,26,1.2366704940795898
114,27,1.0236146450042725
114,28,1.0388753414154053
114,29,1.0572969913482666
114,30,1.036867618560791
114,31,0.984849750995636
114,32,1.021214246749878
114,33,1.0211340188980103
114,34,1.0093640089035034
114,35,0.9679085612297058
114,36,0.9491397142410278
114,37,1.0841822624206543
114,38,0.9987675547599792
114,39,1.046311855316162
114,40,1.1713907718658447
114,41,1.039097785949707
114,42,0.9280217885971069
114,43,1.0869345664978027
114,44,1.1297390460968018
114,45,0.9826071858406067
114,46,0.9521710872650146
114,47,1.1616592407226562
114,48,0.9691808223724365
114,49,1.0432020425796509
114,50,1.059787631034851
114,51,1.178794026374817
114,52,0.9829257726669312
114,53,1.086748719215393
114,54,1.1207451820373535
114,55,0.9727973341941833
114,56,1.0384173393249512
114,57,1.118521809577942
114,58,1.109251618385315
114,59,1.0107873678207397
114,60,1.1538594961166382
114,61,1.0850145816802979
114,62,1.035457730293274
114,63,1.0290977954864502
114,64,0.9093396067619324
114,65,1.0276844501495361
114,66,1.2663828134536743
114,67,0.9864810705184937
114,68,1.0085989236831665
114,69,0.9682650566101074
114,70,0.8779875040054321
114,71,1.062653660774231
114,72,1.045088768005371
114,73,1.099460244178772
114,74,1.2050148248672485
114,75,1.0689425468444824
114,76,1.0614547729492188
114,77,1.1122606992721558
114,78,0.9556629657745361
114,79,1.1107224225997925
114,80,1.1928461790084839
114,81,1.097874402999878
114,82,1.0333836078643799
114,83,1.2172818183898926
114,84,0.9415096640586853
114,85,1.0636038780212402
114,86,0.9612183570861816
114,87,1.0718741416931152
114,88,0.9021663665771484
114,89,1.1203234195709229
114,90,1.0131641626358032
114,91,1.0634081363677979
114,92,1.1043509244918823
114,93,1.1357365846633911
114,94,0.9540575742721558
114,95,0.9257397055625916
114,96,1.0121073722839355
114,97,0.9424036145210266
114,98,0.943572998046875
114,99,1.0800411701202393
114,100,0.9812824130058289
114,101,0.9636958837509155
114,102,1.1140422821044922
114,103,1.0485957860946655
114,104,1.068898320198059
114,105,1.128720998764038
114,106,0.9362906217575073
114,107,0.9880923628807068
114,108,1.0235483646392822
114,109,1.092453956604004
114,110,0.9406434297561646
114,111,1.1623014211654663
114,112,1.0698919296264648
114,113,1.1438775062561035
114,114,1.0763580799102783
114,115,0.9843578934669495
114,116,1.0860453844070435
114,117,1.0524523258209229
114,118,1.1144667863845825
114,119,0.9589908719062805
114,120,1.0309669971466064
114,121,0.9710575342178345
114,122,0.9636796712875366
114,123,1.1055500507354736
114,124,0.9850790500640869
114,125,1.2156907320022583
114,126,1.1120448112487793
114,127,1.041595458984375
114,128,1.1013410091400146
114,129,0.9716397523880005
114,130,1.0860037803649902
114,131,1.0831892490386963
114,132,1.201356053352356
114,133,1.108346939086914
114,134,0.9373489618301392
114,135,1.055806279182434
114,136,1.073632001876831
114,137,0.9802559614181519
114,138,1.149322748184204
114,139,1.0888911485671997
114,140,1.1035873889923096
114,141,0.8809136152267456
114,142,1.0188894271850586
114,143,1.1544394493103027
114,144,1.0314280986785889
114,145,1.1803431510925293
114,146,1.0654716491699219
114,147,1.2287687063217163
114,148,1.0047999620437622
114,149,1.315441370010376
114,150,1.0276108980178833
114,151,1.1346070766448975
114,152,1.0267308950424194
114,153,0.9848995804786682
114,154,1.034591555595398
114,155,1.1937280893325806
114,156,1.0908745527267456
114,157,1.0357084274291992
114,158,0.9779778718948364
114,159,1.027237892150879
114,160,1.010047435760498
114,161,1.0472111701965332
114,162,1.0067272186279297
114,163,1.3018882274627686
114,164,1.0977617502212524
114,165,1.0800589323043823
114,166,1.1128813028335571
114,167,0.9239886999130249
114,168,1.0141699314117432
114,169,1.034432291984558
114,170,1.0684502124786377
114,171,1.1699247360229492
114,172,1.0809906721115112
114,173,1.0621296167373657
114,174,1.0013922452926636
114,175,1.079068899154663
114,176,1.045684814453125
114,177,1.0720646381378174
114,178,0.9235151410102844
114,179,0.9905722141265869
114,180,1.0803272724151611
114,181,0.9765512943267822
114,182,1.0164567232131958
114,183,0.9900038838386536
114,184,1.090431809425354
114,185,1.08939790725708
114,186,0.9899942278862
114,187,1.3285987377166748
114,188,1.1584129333496094
114,189,1.1192667484283447
114,190,1.0921368598937988
114,191,0.9579908847808838
114,192,1.0532662868499756
114,193,0.9417718052864075
114,194,1.1112468242645264
114,195,1.1775106191635132
114,196,1.1497851610183716
114,197,1.1035122871398926
114,198,0.920258641242981
114,199,1.0285707712173462
114,200,0.9973655939102173
114,201,1.048530101776123
114,202,0.9242897033691406
114,203,1.0927330255508423
114,204,1.1525847911834717
114,205,1.1523865461349487
114,206,1.341148018836975
114,207,0.9842938184738159
114,208,0.9263217449188232
114,209,1.1055519580841064
114,210,1.133327841758728
114,211,1.0537928342819214
114,212,1.1439073085784912
114,213,1.083282470703125
114,214,1.0447866916656494
114,215,1.0639660358428955
114,216,1.088686227798462
114,217,1.1723597049713135
114,218,1.1530998945236206
114,219,1.0074464082717896
114,220,1.0420318841934204
114,221,1.090604305267334
114,222,1.0382049083709717
114,223,1.2151854038238525
114,224,0.9647817015647888
114,225,1.1402971744537354
114,226,1.1565072536468506
114,227,1.0410499572753906
114,228,1.0767822265625
114,229,1.0681545734405518
114,230,1.1158735752105713
114,231,1.0889897346496582
114,232,0.990504801273346
114,233,0.9524206519126892
114,234,1.1720659732818604
114,235,1.0194292068481445
114,236,0.9949260950088501
114,237,1.1680489778518677
114,238,1.164652943611145
114,239,1.0972607135772705
114,240,1.01667320728302
114,241,1.0590932369232178
114,242,1.3181407451629639
114,243,1.0530866384506226
114,244,0.952694296836853
114,245,1.0779857635498047
114,246,1.20432448387146
114,247,1.0701038837432861
114,248,1.0674800872802734
114,249,1.0673454999923706
114,250,1.1474339962005615
114,251,0.9804081916809082
114,252,1.157346248626709
114,253,1.0735877752304077
114,254,1.1778604984283447
114,255,1.0685710906982422
114,256,0.9662989377975464
114,257,1.114253282546997
114,258,0.9378743767738342
114,259,0.9900683164596558
114,260,1.1475825309753418
114,261,1.0981569290161133
114,262,1.0314059257507324
114,263,1.0433883666992188
114,264,1.1131341457366943
114,265,1.0116991996765137
114,266,1.038705587387085
114,267,1.068049669265747
114,268,1.0800886154174805
114,269,1.3466637134552002
114,270,0.9729058146476746
114,271,1.031650185585022
114,272,1.173932671546936
114,273,1.0672129392623901
114,274,1.099695086479187
114,275,1.1703723669052124
114,276,1.127943515777588
114,277,0.9104251861572266
114,278,0.9699083566665649
114,279,1.336546540260315
114,280,1.1428618431091309
114,281,1.0688735246658325
114,282,1.0935561656951904
114,283,0.955257773399353
114,284,1.3456015586853027
114,285,1.1719961166381836
114,286,1.0318577289581299
114,287,1.0722122192382812
114,288,0.9210885763168335
114,289,0.9917190074920654
114,290,0.9999080896377563
114,291,1.263911485671997
114,292,1.0702178478240967
114,293,1.2058820724487305
114,294,1.1100382804870605
114,295,1.1315367221832275
114,296,0.9987398386001587
114,297,1.084764838218689
114,298,1.101434350013733
114,299,1.1247414350509644
114,300,1.3254170417785645
114,301,0.9745909571647644
114,302,1.225014567375183
114,303,1.050279140472412
114,304,1.0219528675079346
114,305,1.181473970413208
114,306,1.1618189811706543
114,307,1.128371000289917
114,308,1.0800836086273193
114,309,0.9292566776275635
114,310,1.0740501880645752
114,311,1.1952005624771118
115,0,1.0407943725585938
115,1,1.130219578742981
115,2,1.064937949180603
115,3,1.048603892326355
115,4,1.1799618005752563
115,5,1.0607647895812988
115,6,1.104495644569397
115,7,0.9658316969871521
115,8,0.9856878519058228
115,9,1.1173760890960693
115,10,1.0463875532150269
115,11,1.301100254058838
115,12,0.9901494979858398
115,13,1.0442816019058228
115,14,1.1435655355453491
115,15,1.1245837211608887
115,16,1.0184235572814941
115,17,1.263333797454834
115,18,1.0883238315582275
115,19,1.0578333139419556
115,20,1.006192922592163
115,21,1.1904914379119873
115,22,1.145137071609497
115,23,1.0188628435134888
115,24,1.0431524515151978
115,25,1.0290192365646362
115,26,1.3144551515579224
115,27,1.0386385917663574
115,28,1.1076040267944336
115,29,1.2691893577575684
115,30,1.0122915506362915
115,31,0.9667755961418152
115,32,1.07514226436615
115,33,1.0830974578857422
115,34,1.1455626487731934
115,35,1.108435869216919
115,36,0.9963837265968323
115,37,0.9605425596237183
115,38,1.041330099105835
115,39,0.8908852338790894
115,40,1.1994733810424805
115,41,0.9048764109611511
115,42,1.1290580034255981
115,43,1.139240026473999
115,44,0.9413536787033081
115,45,1.1401914358139038
115,46,1.0704611539840698
115,47,1.0766297578811646
115,48,1.1761995553970337
115,49,1.0258002281188965
115,50,1.0683417320251465
115,51,1.1209996938705444
115,52,1.1189374923706055
115,53,1.0703341960906982
115,54,0.9911597967147827
115,55,1.2054109573364258
115,56,1.0018446445465088
115,57,0.9557202458381653
115,58,0.9187354445457458
115,59,1.1955845355987549
115,60,1.1129289865493774
115,61,0.9675338268280029
115,62,1.0002098083496094
115,63,1.008262276649475
115,64,1.3529853820800781
115,65,1.055773138999939
115,66,1.0500435829162598
115,67,1.0240963697433472
115,68,1.1002360582351685
115,69,1.0857411623001099
115,70,1.0088005065917969
115,71,1.009897232055664
115,72,1.1054645776748657
115,73,1.0697846412658691
115,74,1.2167471647262573
115,75,1.258881688117981
115,76,1.120448112487793
115,77,0.9754390716552734
115,78,1.0702654123306274
115,79,1.1543142795562744
115,80,1.004963994026184
115,81,0.8984586000442505
115,82,1.1585887670516968
115,83,1.0599955320358276
115,84,1.0486376285552979
115,85,1.1305322647094727
115,86,1.125449538230896
115,87,1.0653501749038696
115,88,0.9813245534896851
115,89,0.9565883874893188
115,90,1.058478593826294
115,91,0.9577548503875732
115,92,1.1819144487380981
115,93,1.2562484741210938
115,94,1.1071314811706543
115,95,1.0795005559921265
115,96,0.9442728161811829
115,97,1.011294960975647
115,98,1.1031113862991333
115,99,1.1018084287643433
115,100,1.1787197589874268
115,101,1.0278552770614624
115,102,0.9546763300895691
115,103,1.0746022462844849
115,104,1.2092270851135254
115,105,1.1586359739303589
115,106,1.0270832777023315
115,107,1.053398847579956
115,108,1.169379711151123
115,109,0.9777843952178955
115,110,0.953822135925293
115,111,1.005424976348877
115,112,0.9331936240196228
115,113,0.9926654100418091
115,114,1.0764740705490112
115,115,0.9518272876739502
115,116,1.132138967514038
115,117,1.0510607957839966
115,118,1.1248347759246826
115,119,0.8944377899169922
115,120,1.0032397508621216
115,121,1.0444971323013306
115,122,1.0574779510498047
115,123,1.1930253505706787
115,124,0.9005551338195801
115,125,1.0266915559768677
115,126,1.1872620582580566
115,127,1.0264033079147339
115,128,0.9397591352462769
115,129,1.0965420007705688
115,130,1.0039068460464478
115,131,1.0583678483963013
115,132,1.0770301818847656
115,133,1.0348756313323975
115,134,1.1320704221725464
115,135,0.9670505523681641
115,136,1.2076650857925415
115,137,1.0359280109405518
115,138,1.303253412246704
115,139,0.984182596206665
115,140,1.0210037231445312
115,141,1.1263307332992554
115,142,0.9716877341270447
115,143,1.1073812246322632
115,144,1.244122862815857
115,145,1.0316239595413208
115,146,0.9619575142860413
115,147,1.0247482061386108
115,148,1.0279974937438965
115,149,1.0636266469955444
115,150,0.992786705493927
115,151,1.0935925245285034
115,152,1.0638482570648193
115,153,1.1563087701797485
115,154,1.169967532157898
115,155,1.0071053504943848
115,156,1.039973497390747
115,157,1.2263250350952148
115,158,1.0884473323822021
115,159,0.9287518262863159
115,160,1.0864148139953613
115,161,1.1647305488586426
115,162,0.9707275629043579
115,163,0.9903488755226135
115,164,1.3239779472351074
115,165,1.059171199798584
115,166,1.1504497528076172
115,167,1.0784838199615479
115,168,1.1824908256530762
115,169,1.180030345916748
115,170,0.9507871866226196
115,171,1.0997730493545532
115,172,0.9140364527702332
115,173,0.9674692153930664
115,174,1.0909254550933838
115,175,0.9515882730484009
115,176,1.1190181970596313
115,177,1.0011656284332275
115,178,1.1072808504104614
115,179,1.1669790744781494
115,180,1.129868745803833
115,181,1.013532280921936
115,182,1.049107551574707
115,183,0.9862470626831055
115,184,1.2206298112869263
115,185,0.9999160766601562
115,186,1.094961404800415
115,187,0.9784732460975647
115,188,0.9602447152137756
115,189,1.2654926776885986
115,190,1.1711366176605225
115,191,0.9173436760902405
115,192,1.158463478088379
115,193,1.2215116024017334
115,194,1.0551282167434692
115,195,1.058477759361267
115,196,1.0408190488815308
115,197,1.027153491973877
115,198,1.1615098714828491
115,199,1.1244900226593018
115,200,1.1224411725997925
115,201,1.099508285522461
115,202,1.0962069034576416
115,203,1.3310027122497559
115,204,1.1911672353744507
115,205,1.0793771743774414
115,206,1.0670210123062134
115,207,1.098132848739624
115,208,1.0230991840362549
115,209,1.0030628442764282
115,210,1.0382493734359741
115,211,0.9884530901908875
115,212,1.0583610534667969
115,213,0.9825452566146851
115,214,0.9271267056465149
115,215,1.0100584030151367
115,216,1.4540495872497559
115,217,1.0710302591323853
115,218,1.099208116531372
115,219,1.2577590942382812
115,220,1.0800870656967163
115,221,0.9776681661605835
115,222,1.0986722707748413
115,223,1.2324632406234741
115,224,1.2309303283691406
115,225,1.1426860094070435
115,226,1.0053105354309082
115,227,1.1200218200683594
115,228,1.168328046798706
115,229,1.0190037488937378
115,230,1.0157735347747803
115,231,1.03704833984375
115,232,1.0202929973602295
115,233,1.0424925088882446
115,234,1.075642466545105
115,235,1.3367729187011719
115,236,1.1190502643585205
115,237,1.1141246557235718
115,238,1.1599847078323364
115,239,1.160180926322937
115,240,1.4242746829986572
115,241,1.0323578119277954
115,242,1.2682030200958252
115,243,1.164506435394287
115,244,1.0189579725265503
115,245,1.0562801361083984
115,246,1.1240884065628052
115,247,1.1264073848724365
115,248,0.9985218644142151
115,249,0.9869468808174133
115,250,0.95494544506073
115,251,1.0490325689315796
115,252,1.2768113613128662
115,253,1.2281217575073242
115,254,0.873319149017334
115,255,1.1034101247787476
115,256,1.3346253633499146
115,257,1.18947172164917
115,258,1.029525876045227
115,259,1.295257806777954
115,260,1.0660266876220703
115,261,0.9374606609344482
115,262,1.0252803564071655
115,263,1.1217868328094482
115,264,1.107191801071167
115,265,1.2149266004562378
115,266,1.0048518180847168
115,267,0.9713354706764221
115,268,0.9416171908378601
115,269,1.0872468948364258
115,270,1.060850977897644
115,271,1.0205965042114258
115,272,1.1575243473052979
115,273,1.0330032110214233
115,274,1.1416372060775757
115,275,1.1628330945968628
115,276,1.0770072937011719
115,277,1.1499441862106323
115,278,0.9929869174957275
115,279,0.9905552864074707
115,280,1.090726613998413
115,281,1.1296660900115967
115,282,1.0834134817123413
115,283,0.9762260913848877
115,284,0.9473366141319275
115,285,0.99857097864151
115,286,1.0501930713653564
115,287,1.0355392694473267
115,288,1.0270739793777466
115,289,1.131980538368225
115,290,1.1262638568878174
115,291,1.113392949104309
115,292,1.0569169521331787
115,293,0.9651063680648804
115,294,1.0736244916915894
115,295,1.0249583721160889
115,296,1.0519357919692993
115,297,1.2686591148376465
115,298,1.158247709274292
115,299,0.9362552165985107
115,300,1.1051045656204224
115,301,1.1745566129684448
115,302,1.066823124885559
115,303,1.163957118988037
115,304,0.974574089050293
115,305,1.0435512065887451
115,306,1.0501132011413574
115,307,0.9596114754676819
115,308,1.1214052438735962
115,309,1.160996437072754
115,310,1.0610634088516235
115,311,1.0812057256698608
116,0,1.1133573055267334
116,1,1.0727629661560059
116,2,1.042391061782837
116,3,0.9346024394035339
116,4,1.1147598028182983
116,5,1.05386483669281
116,6,0.9332003593444824
116,7,1.1403347253799438
116,8,1.213108777999878
116,9,1.0539436340332031
116,10,1.0422031879425049
116,11,1.0470725297927856
116,12,0.9486578702926636
116,13,1.1117651462554932
116,14,1.0851408243179321
116,15,1.0657904148101807
116,16,1.0141409635543823
116,17,1.1053751707077026
116,18,1.0433152914047241
116,19,0.9895144104957581
116,20,0.9890198707580566
116,21,1.0780571699142456
116,22,1.2857320308685303
116,23,0.9686518311500549
116,24,1.1568034887313843
116,25,1.1037726402282715
116,26,1.092572569847107
116,27,1.0402586460113525
116,28,1.1325572729110718
116,29,1.097980260848999
116,30,1.304505467414856
116,31,1.1801868677139282
116,32,1.005897045135498
116,33,1.0484333038330078
116,34,1.1121245622634888
116,35,0.9739514589309692
116,36,1.1235793828964233
116,37,1.101745367050171
116,38,1.1667697429656982
116,39,1.002673864364624
116,40,0.9926742315292358
116,41,1.2050724029541016
116,42,1.0319440364837646
116,43,1.0181233882904053
116,44,1.027340292930603
116,45,1.1125905513763428
116,46,1.1376235485076904
116,47,1.00188148021698
116,48,1.0454685688018799
116,49,1.0818474292755127
116,50,0.9799663424491882
116,51,0.949778139591217
116,52,1.0916422605514526
116,53,1.104516625404358
116,54,1.1305277347564697
116,55,1.0598304271697998
116,56,1.1561944484710693
116,57,0.951348066329956
116,58,1.0380496978759766
116,59,1.0419989824295044
116,60,1.0480362176895142
116,61,1.086747169494629
116,62,1.1325016021728516
116,63,1.0127042531967163
116,64,1.03310227394104
116,65,0.9926988482475281
116,66,1.1147147417068481
116,67,0.9748767614364624
116,68,1.077218770980835
116,69,0.9879791736602783
116,70,1.12100350856781
116,71,0.9729884266853333
116,72,1.0414050817489624
116,73,1.0177627801895142
116,74,0.9905219674110413
116,75,1.2813911437988281
116,76,1.5161476135253906
116,77,0.9911705255508423
116,78,1.0646733045578003
116,79,1.0110151767730713
116,80,1.066582441329956
116,81,1.0249762535095215
116,82,1.0927162170410156
116,83,1.0078433752059937
116,84,1.0781537294387817
116,85,0.9925562739372253
116,86,1.0026555061340332
116,87,1.0387883186340332
116,88,0.9930611848831177
116,89,1.0023645162582397
116,90,0.9778803586959839
116,91,1.1616169214248657
116,92,0.9263596534729004
116,93,1.0114740133285522
116,94,1.0120620727539062
116,95,1.0535533428192139
116,96,0.9802545309066772
116,97,0.9449979662895203
116,98,1.0524799823760986
116,99,1.2441260814666748
116,100,1.1389878988265991
116,101,1.0062742233276367
116,102,1.0126118659973145
116,103,1.0868417024612427
116,104,1.199825644493103
116,105,1.0473812818527222
116,106,1.0390288829803467
116,107,1.1326907873153687
116,108,1.0902740955352783
116,109,1.0261904001235962
116,110,1.0870361328125
116,111,0.947778582572937
116,112,1.229870319366455
116,113,1.0560293197631836
116,114,1.109678864479065
116,115,0.9977909922599792
116,116,1.202891230583191
116,117,0.9987332224845886
116,118,1.0798766613006592
116,119,1.2693105936050415
116,120,0.9359570145606995
116,121,0.9234827756881714
116,122,1.0174540281295776
116,123,1.102369785308838
116,124,1.1581294536590576
116,125,1.1024421453475952
116,126,0.9911579489707947
116,127,1.0610283613204956
116,128,1.0471270084381104
116,129,1.1398909091949463
116,130,1.0053108930587769
116,131,1.1545398235321045
116,132,1.065781593322754
116,133,1.1369856595993042
116,134,0.9493030309677124
116,135,1.1097278594970703
116,136,1.1199889183044434
116,137,0.9916403293609619
116,138,1.0564866065979004
116,139,0.9748903512954712
116,140,0.9647158980369568
116,141,1.2971241474151611
116,142,1.0459980964660645
116,143,1.0352768898010254
116,144,1.518589735031128
116,145,1.0868470668792725
116,146,1.3247982263565063
116,147,0.9131191372871399
116,148,1.0672945976257324
116,149,1.0322363376617432
116,150,1.046583890914917
116,151,1.1141635179519653
116,152,1.1568983793258667
116,153,0.8704610466957092
116,154,0.9765838384628296
116,155,1.1374216079711914
116,156,1.0683664083480835
116,157,0.99034583568573
116,158,0.9504186511039734
116,159,1.0113906860351562
116,160,1.0354366302490234
116,161,1.1196839809417725
116,162,0.9191423058509827
116,163,1.067502737045288
116,164,1.0384920835494995
116,165,1.0323337316513062
116,166,1.184883952140808
116,167,1.0783436298370361
116,168,1.1688244342803955
116,169,0.971054196357727
116,170,1.2703708410263062
116,171,1.0907130241394043
116,172,0.9178786277770996
116,173,0.9236003756523132
116,174,1.1657741069793701
116,175,1.1692453622817993
116,176,0.9450160264968872
116,177,1.0205296277999878
116,178,1.1127538681030273
116,179,1.146869421005249
116,180,1.017613172531128
116,181,1.0277162790298462
116,182,1.058897852897644
116,183,1.0250394344329834
116,184,0.9662741422653198
116,185,1.0158054828643799
116,186,1.0345232486724854
116,187,1.0851449966430664
116,188,1.1427757740020752
116,189,1.0138918161392212
116,190,1.0107886791229248
116,191,1.171877145767212
116,192,1.0733308792114258
116,193,1.152143120765686
116,194,1.1189348697662354
116,195,1.1172007322311401
116,196,1.0452547073364258
116,197,1.0387589931488037
116,198,1.0277012586593628
116,199,1.0561233758926392
116,200,1.0460107326507568
116,201,1.236828327178955
116,202,1.0150501728057861
116,203,0.9483701586723328
116,204,1.165825605392456
116,205,1.0893107652664185
116,206,1.0752949714660645
116,207,1.2305818796157837
116,208,1.0671844482421875
116,209,1.023983120918274
116,210,1.2821111679077148
116,211,1.0596996545791626
116,212,0.9792841672897339
116,213,1.259324550628662
116,214,1.0689924955368042
116,215,1.1997572183609009
116,216,1.0519635677337646
116,217,1.1506743431091309
116,218,1.0064464807510376
116,219,0.9879373908042908
116,220,1.042978048324585
116,221,1.1700786352157593
116,222,1.1911247968673706
116,223,0.968073308467865
116,224,1.1830997467041016
116,225,0.9404500722885132
116,226,1.0858290195465088
116,227,1.2104694843292236
116,228,1.266062617301941
116,229,1.1866838932037354
116,230,1.050095796585083
116,231,0.8982093930244446
116,232,1.203564167022705
116,233,1.0394327640533447
116,234,0.9088469743728638
116,235,1.0802298784255981
116,236,1.242908000946045
116,237,1.0356132984161377
116,238,1.0257744789123535
116,239,1.0538201332092285
116,240,1.002683162689209
116,241,0.9886167645454407
116,242,1.0806994438171387
116,243,1.1012170314788818
116,244,1.2211289405822754
116,245,1.0151433944702148
116,246,1.3435935974121094
116,247,1.0285968780517578
116,248,1.272716760635376
116,249,1.0527291297912598
116,250,0.9923869371414185
116,251,1.0122591257095337
116,252,0.8885525465011597
116,253,0.976087212562561
116,254,1.1391853094100952
116,255,0.9148197174072266
116,256,1.0226651430130005
116,257,1.0465996265411377
116,258,0.966905951499939
116,259,1.301210641860962
116,260,1.2472506761550903
116,261,1.2726330757141113
116,262,1.0063010454177856
116,263,1.0050984621047974
116,264,1.0389060974121094
116,265,1.0682228803634644
116,266,0.9013829231262207
116,267,1.3200960159301758
116,268,1.4658942222595215
116,269,0.9672200679779053
116,270,1.0909135341644287
116,271,1.2427325248718262
116,272,1.1024386882781982
116,273,0.9310491681098938
116,274,1.0409539937973022
116,275,1.1267729997634888
116,276,1.0318800210952759
116,277,0.9710218906402588
116,278,1.1117308139801025
116,279,1.0980421304702759
116,280,1.3257200717926025
116,281,1.112583875656128
116,282,1.0267751216888428
116,283,0.9896149635314941
116,284,1.0527738332748413
116,285,1.236261010169983
116,286,1.047566294670105
116,287,0.9703220129013062
116,288,1.0126864910125732
116,289,0.9907336235046387
116,290,1.0638279914855957
116,291,1.103158712387085
116,292,1.0332624912261963
116,293,1.0937578678131104
116,294,0.9543739557266235
116,295,1.1156630516052246
116,296,1.162611484527588
116,297,1.0735504627227783
116,298,1.0167392492294312
116,299,0.9931846261024475
116,300,1.3144336938858032
116,301,1.2398643493652344
116,302,1.0105546712875366
116,303,1.1224160194396973
116,304,1.0174670219421387
116,305,1.2114485502243042
116,306,0.9982115030288696
116,307,1.0815587043762207
116,308,1.0168421268463135
116,309,1.0259511470794678
116,310,1.1019632816314697
116,311,1.1736550331115723
117,0,0.9884875416755676
117,1,1.0378823280334473
117,2,1.2605633735656738
117,3,1.052656650543213
117,4,1.301917552947998
117,5,1.058200716972351
117,6,1.1427220106124878
117,7,1.1078158617019653
117,8,1.1454063653945923
117,9,1.2728546857833862
117,10,1.0786410570144653
117,11,0.8790115118026733
117,12,1.138974905014038
117,13,1.0565617084503174
117,14,1.1647272109985352
117,15,1.1057180166244507
117,16,1.044204831123352
117,17,0.9910892248153687
117,18,1.0681222677230835
117,19,0.9846515655517578
117,20,1.0625946521759033
117,21,0.9805483818054199
117,22,1.0198701620101929
117,23,1.1630533933639526
117,24,0.9139823913574219
117,25,1.0103249549865723
117,26,1.0535866022109985
117,27,1.0315810441970825
117,28,1.1666233539581299
117,29,1.1805615425109863
117,30,1.0989458560943604
117,31,1.034006118774414
117,32,1.0331708192825317
117,33,0.987589955329895
117,34,1.2597746849060059
117,35,1.0049176216125488
117,36,1.080062747001648
117,37,1.0937020778656006
117,38,1.0493323802947998
117,39,0.9945725202560425
117,40,0.9924030303955078
117,41,1.1429585218429565
117,42,1.0172561407089233
117,43,1.0492091178894043
117,44,0.9169807434082031
117,45,1.2235839366912842
117,46,1.0060572624206543
117,47,0.959428071975708
117,48,1.1730530261993408
117,49,0.9761639833450317
117,50,1.0979472398757935
117,51,0.8770554065704346
117,52,1.002138376235962
117,53,0.9068493247032166
117,54,1.057662010192871
117,55,0.9112904667854309
117,56,1.0168043375015259
117,57,1.0093384981155396
117,58,0.9881889820098877
117,59,1.0838680267333984
117,60,1.155078649520874
117,61,1.036224365234375
117,62,1.0053766965866089
117,63,0.9936587810516357
117,64,0.9898906350135803
117,65,1.0528333187103271
117,66,1.1756184101104736
117,67,1.2083330154418945
117,68,1.2502435445785522
117,69,0.9785974025726318
117,70,1.042697548866272
117,71,1.1086841821670532
117,72,1.1869254112243652
117,73,1.091260552406311
117,74,1.0336089134216309
117,75,0.9793330430984497
117,76,1.1896817684173584
117,77,1.0044461488723755
117,78,1.0922343730926514
117,79,1.024924874305725
117,80,1.0348355770111084
117,81,1.198029637336731
117,82,1.060449242591858
117,83,1.232161521911621
117,84,1.062281847000122
117,85,1.038153052330017
117,86,1.074235439300537
117,87,1.1331464052200317
117,88,1.0609155893325806
117,89,1.0697778463363647
117,90,0.9529037475585938
117,91,1.0660638809204102
117,92,1.0500035285949707
117,93,1.030495047569275
117,94,1.0919902324676514
117,95,1.1788904666900635
117,96,1.0476467609405518
117,97,1.1187844276428223
117,98,0.9731327295303345
117,99,1.1208033561706543
117,100,1.1561470031738281
117,101,0.9556382894515991
117,102,1.0647900104522705
117,103,0.934402346611023
117,104,0.9820672869682312
117,105,0.8771641850471497
117,106,0.9874698519706726
117,107,1.0782934427261353
117,108,0.9877341389656067
117,109,0.954532265663147
117,110,1.2146000862121582
117,111,1.0659472942352295
117,112,1.126573085784912
117,113,1.182194709777832
117,114,1.013146996498108
117,115,0.9322245121002197
117,116,1.0270498991012573
117,117,0.9931837320327759
117,118,0.9251952171325684
117,119,1.0648826360702515
117,120,1.1368052959442139
117,121,1.0666289329528809
117,122,1.1518824100494385
117,123,0.9335301518440247
117,124,1.0866844654083252
117,125,1.094590187072754
117,126,1.1395161151885986
117,127,0.9527865648269653
117,128,1.1046278476715088
117,129,1.1760008335113525
117,130,0.9980096817016602
117,131,1.0115320682525635
117,132,0.985611081123352
117,133,1.0227261781692505
117,134,1.2000758647918701
117,135,1.116324543952942
117,136,1.0269237756729126
117,137,0.9732516407966614
117,138,1.0768712759017944
117,139,1.0128254890441895
117,140,1.104210615158081
117,141,0.9736794233322144
117,142,1.012022852897644
117,143,1.1298789978027344
117,144,1.0216586589813232
117,145,1.0035706758499146
117,146,1.1699751615524292
117,147,1.031917691230774
117,148,1.0922136306762695
117,149,1.1600641012191772
117,150,1.0263046026229858
117,151,1.2557735443115234
117,152,1.0984435081481934
117,153,0.9738866090774536
117,154,0.9821452498435974
117,155,1.0501112937927246
117,156,1.2546676397323608
117,157,1.0601935386657715
117,158,0.9742812514305115
117,159,1.2225698232650757
117,160,1.069918155670166
117,161,1.0980714559555054
117,162,1.0514106750488281
117,163,1.036940336227417
117,164,1.060402512550354
117,165,0.9356644153594971
117,166,1.008073091506958
117,167,1.2627873420715332
117,168,1.007662296295166
117,169,1.0302611589431763
117,170,1.1126651763916016
117,171,1.013439655303955
117,172,1.0215795040130615
117,173,1.0118212699890137
117,174,0.9935801029205322
117,175,1.3192522525787354
117,176,0.9377380013465881
117,177,1.166745662689209
117,178,1.0187485218048096
117,179,1.1066625118255615
117,180,1.1263151168823242
117,181,0.9553917646408081
117,182,0.922813355922699
117,183,1.296787977218628
117,184,1.1014342308044434
117,185,1.0239042043685913
117,186,1.098716378211975
117,187,1.0622003078460693
117,188,1.048570990562439
117,189,1.0333290100097656
117,190,1.229171872138977
117,191,1.0093075037002563
117,192,1.0354797840118408
117,193,1.1534521579742432
117,194,0.9980291724205017
117,195,1.087352991104126
117,196,0.9862637519836426
117,197,1.1015639305114746
117,198,1.2192554473876953
117,199,1.0991950035095215
117,200,0.9479668736457825
117,201,0.9299407005310059
117,202,1.1057943105697632
117,203,0.9626743197441101
117,204,1.0958523750305176
117,205,0.9969967007637024
117,206,0.9341737031936646
117,207,0.9027159214019775
117,208,0.9822252988815308
117,209,1.0888584852218628
117,210,1.0525884628295898
117,211,1.1545672416687012
117,212,0.9982448816299438
117,213,1.0468487739562988
117,214,1.1046863794326782
117,215,1.1335694789886475
117,216,1.1105599403381348
117,217,1.15531587600708
117,218,1.1806578636169434
117,219,1.0933289527893066
117,220,1.1105619668960571
117,221,0.9553747177124023
117,222,0.9757214784622192
117,223,1.040024995803833
117,224,0.9208168983459473
117,225,1.0553194284439087
117,226,0.9350312948226929
117,227,0.9453411102294922
117,228,1.1366318464279175
117,229,1.032478928565979
117,230,1.0289442539215088
117,231,0.9510319232940674
117,232,1.0702985525131226
117,233,1.0623970031738281
117,234,0.9783884882926941
117,235,0.9652535915374756
117,236,1.0354715585708618
117,237,0.991286039352417
117,238,0.9503189325332642
117,239,1.0343858003616333
117,240,1.1400704383850098
117,241,1.091157078742981
117,242,1.1289068460464478
117,243,1.1882634162902832
117,244,1.1442445516586304
117,245,1.0144367218017578
117,246,1.1927238702774048
117,247,1.0092966556549072
117,248,1.2609002590179443
117,249,0.9575881361961365
117,250,1.0779659748077393
117,251,1.041865587234497
117,252,1.0038902759552002
117,253,1.2372171878814697
117,254,1.1856080293655396
117,255,1.4041597843170166
117,256,1.0593252182006836
117,257,1.0392823219299316
117,258,1.1204410791397095
117,259,1.02120041847229
117,260,1.0469286441802979
117,261,0.9872710704803467
117,262,0.977575957775116
117,263,1.0888571739196777
117,264,1.1848121881484985
117,265,1.090532660484314
117,266,1.243323564529419
117,267,1.2989332675933838
117,268,1.013704538345337
117,269,1.0094664096832275
117,270,1.102748990058899
117,271,1.047174334526062
117,272,0.8604099154472351
117,273,1.0272300243377686
117,274,0.9400394558906555
117,275,1.045789122581482
117,276,1.014296293258667
117,277,1.0186182260513306
117,278,1.1348109245300293
117,279,1.0053317546844482
117,280,1.0388214588165283
117,281,1.0217392444610596
117,282,1.106623888015747
117,283,0.9829726219177246
117,284,0.8938493132591248
117,285,0.9967465400695801
117,286,0.9775412678718567
117,287,1.0261162519454956
117,288,1.1981760263442993
117,289,1.066536784172058
117,290,1.0531233549118042
117,291,0.9592736959457397
117,292,1.1304720640182495
117,293,0.9349952936172485
117,294,1.0963040590286255
117,295,0.904377818107605
117,296,0.9472212195396423
117,297,1.5028932094573975
117,298,1.205815315246582
117,299,1.1725263595581055
117,300,0.9653201103210449
117,301,0.9889892339706421
117,302,0.9732683897018433
117,303,1.1325592994689941
117,304,1.16311514377594
117,305,1.0210041999816895
117,306,1.0383092164993286
117,307,1.1816887855529785
117,308,1.0533924102783203
117,309,1.0675562620162964
117,310,1.094305157661438
117,311,1.1193363666534424
118,0,1.1138206720352173
118,1,1.031132459640503
118,2,1.0517891645431519
118,3,1.0938880443572998
118,4,1.0814632177352905
118,5,0.9722996354103088
118,6,1.170940637588501
118,7,1.1150338649749756
118,8,0.9450210332870483
118,9,1.0356626510620117
118,10,1.0254327058792114
118,11,1.098157286643982
118,12,1.1018598079681396
118,13,0.9394016861915588
118,14,0.9172654747962952
118,15,1.09159517288208
118,16,1.0846436023712158
118,17,1.0677196979522705
118,18,1.1419644355773926
118,19,1.001999020576477
118,20,1.162776231765747
118,21,1.2518377304077148
118,22,0.999016284942627
118,23,0.9476145505905151
118,24,1.0355448722839355
118,25,0.9830483198165894
118,26,1.142825961112976
118,27,1.1303296089172363
118,28,1.1036092042922974
118,29,1.0054993629455566
118,30,1.0228350162506104
118,31,1.1191078424453735
118,32,1.0957199335098267
118,33,1.0167300701141357
118,34,1.1882606744766235
118,35,0.9644771218299866
118,36,1.0710265636444092
118,37,1.0160307884216309
118,38,1.0863085985183716
118,39,1.1286060810089111
118,40,0.9145634174346924
118,41,1.1559600830078125
118,42,0.9296023845672607
118,43,1.2020924091339111
118,44,1.1146644353866577
118,45,0.996780514717102
118,46,1.0539101362228394
118,47,0.9779508113861084
118,48,1.034958839416504
118,49,0.9701991081237793
118,50,0.9964094758033752
118,51,0.9413288235664368
118,52,0.9761767983436584
118,53,1.1737849712371826
118,54,1.0168540477752686
118,55,0.9810461401939392
118,56,1.0774849653244019
118,57,1.119900107383728
118,58,0.992752194404602
118,59,1.085374355316162
118,60,1.0874298810958862
118,61,0.9862063527107239
118,62,1.0586352348327637
118,63,0.9141340851783752
118,64,1.0457556247711182
118,65,1.0586397647857666
118,66,0.9929302930831909
118,67,1.1211333274841309
118,68,1.1156374216079712
118,69,0.9604727029800415
118,70,1.0475108623504639
118,71,1.0228348970413208
118,72,0.9465682506561279
118,73,1.0465162992477417
118,74,0.9877946376800537
118,75,1.0446630716323853
118,76,0.9448326230049133
118,77,1.0206406116485596
118,78,0.92283695936203
118,79,1.2295138835906982
118,80,1.2656874656677246
118,81,1.0770412683486938
118,82,1.0204086303710938
118,83,1.1754992008209229
118,84,1.2057417631149292
118,85,1.0112919807434082
118,86,1.078358769416809
118,87,1.0709805488586426
118,88,0.9595037698745728
118,89,1.1448450088500977
118,90,1.1136651039123535
118,91,1.108941674232483
118,92,1.0396547317504883
118,93,0.9375446438789368
118,94,0.9486905336380005
118,95,1.0149916410446167
118,96,1.0512255430221558
118,97,1.083304524421692
118,98,0.9296428561210632
118,99,1.1085608005523682
118,100,1.2112700939178467
118,101,1.0539768934249878
118,102,1.071428656578064
118,103,0.9673439860343933
118,104,1.0098422765731812
118,105,1.186417818069458
118,106,0.9827938079833984
118,107,1.0502170324325562
118,108,1.01760733127594
118,109,0.9791766405105591
118,110,1.1599243879318237
118,111,1.1282026767730713
118,112,1.0754693746566772
118,113,1.1248818635940552
118,114,1.0885401964187622
118,115,1.0431064367294312
118,116,1.0093413591384888
118,117,1.1168549060821533
118,118,0.99241042137146
118,119,1.3202917575836182
118,120,0.9770591259002686
118,121,1.2051117420196533
118,122,0.9756478071212769
118,123,1.0501043796539307
118,124,1.0792864561080933
118,125,1.0721217393875122
118,126,1.0290746688842773
118,127,1.0787768363952637
118,128,0.9674985408782959
118,129,1.0476479530334473
118,130,1.1153225898742676
118,131,0.9344130754470825
118,132,1.0309970378875732
118,133,1.0481706857681274
118,134,1.0979673862457275
118,135,1.0128583908081055
118,136,0.9866602420806885
118,137,1.1668787002563477
118,138,0.980738639831543
118,139,1.0029370784759521
118,140,1.1706981658935547
118,141,1.0937644243240356
118,142,0.9546886682510376
118,143,1.1546896696090698
118,144,1.1402171850204468
118,145,0.938683032989502
118,146,1.089228630065918
118,147,0.9834985733032227
118,148,0.9876580238342285
118,149,0.9958044290542603
118,150,1.0785331726074219
118,151,1.205825686454773
118,152,0.9368679523468018
118,153,1.0005841255187988
118,154,1.034496784210205
118,155,1.1229910850524902
118,156,1.2820398807525635
118,157,1.0590511560440063
118,158,1.254695177078247
118,159,0.9752907752990723
118,160,1.0484898090362549
118,161,1.0032029151916504
118,162,1.03531813621521
118,163,1.0354363918304443
118,164,0.8820669054985046
118,165,1.1393710374832153
118,166,1.1200898885726929
118,167,0.926575779914856
118,168,1.1022181510925293
118,169,1.158069133758545
118,170,1.1163225173950195
118,171,0.9611669182777405
118,172,1.0965015888214111
118,173,1.079384684562683
118,174,1.0895748138427734
118,175,0.9658511877059937
118,176,1.1213183403015137
118,177,1.0383632183074951
118,178,1.3549847602844238
118,179,1.420893907546997
118,180,1.0266258716583252
118,181,1.0378034114837646
118,182,1.2541791200637817
118,183,0.9671050310134888
118,184,0.9380289316177368
118,185,0.9727938771247864
118,186,0.9720343351364136
118,187,1.0509012937545776
118,188,1.0307652950286865
118,189,1.0240540504455566
118,190,1.0132222175598145
118,191,1.0067673921585083
118,192,1.08719801902771
118,193,1.320844054222107
118,194,1.1621359586715698
118,195,1.0772418975830078
118,196,1.0812599658966064
118,197,1.0786598920822144
118,198,1.1698997020721436
118,199,0.912160336971283
118,200,0.9391526579856873
118,201,1.1087416410446167
118,202,1.0767228603363037
118,203,0.9960564374923706
118,204,1.1125195026397705
118,205,1.085932731628418
118,206,1.32448148727417
118,207,1.1458539962768555
118,208,1.1916025876998901
118,209,1.0269997119903564
118,210,1.0014194250106812
118,211,0.9554733037948608
118,212,0.9995930194854736
118,213,1.0980557203292847
118,214,1.172117829322815
118,215,1.1649117469787598
118,216,1.1732580661773682
118,217,1.0739375352859497
118,218,1.0459914207458496
118,219,1.0038037300109863
118,220,1.3810755014419556
118,221,0.9753496646881104
118,222,1.1444520950317383
118,223,1.0606156587600708
118,224,1.0859867334365845
118,225,1.0630106925964355
118,226,1.0052039623260498
118,227,1.0641400814056396
118,228,1.1762537956237793
118,229,0.9446712732315063
118,230,0.9839811325073242
118,231,0.9979028701782227
118,232,0.9893514513969421
118,233,1.2900570631027222
118,234,1.1883726119995117
118,235,1.1258738040924072
118,236,1.0565766096115112
118,237,0.9722163081169128
118,238,1.2199461460113525
118,239,1.1536927223205566
118,240,1.1516753435134888
118,241,1.030614972114563
118,242,1.1673489809036255
118,243,1.0271961688995361
118,244,0.9697604179382324
118,245,1.1436418294906616
118,246,0.9540350437164307
118,247,0.9307156205177307
118,248,1.0673168897628784
118,249,1.0472266674041748
118,250,1.0089882612228394
118,251,0.9612784385681152
118,252,1.1036326885223389
118,253,1.070501446723938
118,254,1.0620133876800537
118,255,0.9897097945213318
118,256,1.0449506044387817
118,257,1.099483847618103
118,258,1.1361894607543945
118,259,1.010521411895752
118,260,1.07014000415802
118,261,1.0509536266326904
118,262,1.0795907974243164
118,263,0.9958083033561707
118,264,1.1250741481781006
118,265,0.9724042415618896
118,266,1.247654676437378
118,267,0.9589883089065552
118,268,1.5105701684951782
118,269,1.1281492710113525
118,270,0.9805825352668762
118,271,1.125110387802124
118,272,1.3147345781326294
118,273,1.1519098281860352
118,274,0.9288207292556763
118,275,1.1140189170837402
118,276,0.9616819024085999
118,277,1.0630426406860352
118,278,1.0686113834381104
118,279,1.1521759033203125
118,280,1.1126594543457031
118,281,1.1525802612304688
118,282,1.0707706212997437
118,283,0.9409924745559692
118,284,0.9721206426620483
118,285,1.0298099517822266
118,286,1.0340001583099365
118,287,1.181682825088501
118,288,1.1916966438293457
118,289,1.1672258377075195
118,290,1.0075902938842773
118,291,1.1464953422546387
118,292,1.0171946287155151
118,293,1.2266223430633545
118,294,0.9682844877243042
118,295,1.060863971710205
118,296,1.017099380493164
118,297,1.1508055925369263
118,298,1.1842752695083618
118,299,1.0326440334320068
118,300,1.1203422546386719
118,301,1.3284403085708618
118,302,1.0714679956436157
118,303,1.124091386795044
118,304,1.2157623767852783
118,305,0.9741150140762329
118,306,1.0295953750610352
118,307,1.0970032215118408
118,308,1.2356730699539185
118,309,1.2448570728302002
118,310,1.1040648221969604
118,311,1.2560274600982666
119,0,0.9827002882957458
119,1,1.015650749206543
119,2,1.0789920091629028
119,3,1.0809440612792969
119,4,1.1166889667510986
119,5,1.0728299617767334
119,6,0.9063404202461243
119,7,1.0075914859771729
119,8,1.0949487686157227
119,9,1.0564707517623901
119,10,1.0769122838974
119,11,0.9615113735198975
119,12,1.2058660984039307
119,13,1.0671558380126953
119,14,0.9955864548683167
119,15,1.0125741958618164
119,16,1.0721644163131714
119,17,0.9947072863578796
119,18,0.9859353303909302
119,19,1.1122229099273682
119,20,0.9769808650016785
119,21,1.1823623180389404
119,22,1.233704924583435
119,23,1.3373174667358398
119,24,0.9664480090141296
119,25,1.0705440044403076
119,26,1.0240261554718018
119,27,1.1112147569656372
119,28,1.0275778770446777
119,29,1.1609110832214355
119,30,1.0771095752716064
119,31,1.0908457040786743
119,32,1.1012022495269775
119,33,1.2997558116912842
119,34,1.1228852272033691
119,35,1.0151269435882568
119,36,1.1416220664978027
119,37,1.0122418403625488
119,38,1.1136703491210938
119,39,1.0529800653457642
119,40,1.2159686088562012
119,41,0.9565305709838867
119,42,1.0756299495697021
119,43,1.011150598526001
119,44,1.1123754978179932
119,45,1.1997065544128418
119,46,1.1603708267211914
119,47,1.105444312095642
119,48,1.065322756767273
119,49,1.1979973316192627
119,50,1.0851249694824219
119,51,0.9603802561759949
119,52,0.9365015625953674
119,53,1.0648829936981201
119,54,0.999912440776825
119,55,1.0907734632492065
119,56,0.997275710105896
119,57,1.0044000148773193
119,58,1.0367083549499512
119,59,1.2024494409561157
119,60,0.8920280933380127
119,61,1.2713559865951538
119,62,1.0385684967041016
119,63,1.0241650342941284
119,64,1.158713698387146
119,65,0.9959024786949158
119,66,0.9885552525520325
119,67,1.0567007064819336
119,68,1.0897634029388428
119,69,1.0890241861343384
119,70,1.0586986541748047
119,71,1.0659312009811401
119,72,1.0439164638519287
119,73,1.1335586309432983
119,74,1.3957412242889404
119,75,1.0614122152328491
119,76,0.9039623737335205
119,77,1.0075373649597168
119,78,0.9943383932113647
119,79,1.218105673789978
119,80,1.015831470489502
119,81,1.010780692100525
119,82,1.0701446533203125
119,83,0.9225355982780457
119,84,1.0317827463150024
119,85,1.1218881607055664
119,86,0.9377744793891907
119,87,0.9702499508857727
119,88,1.3860284090042114
119,89,1.029415488243103
119,90,1.0818601846694946
119,91,1.124084711074829
119,92,1.1827514171600342
119,93,1.0651487112045288
119,94,0.9797728061676025
119,95,0.9364126920700073
119,96,1.0647940635681152
119,97,1.1511660814285278
119,98,0.9192028045654297
119,99,1.25136399269104
119,100,1.0383752584457397
119,101,1.0588619709014893
119,102,1.0576587915420532
119,103,1.0939056873321533
119,104,1.154615879058838
119,105,1.0173180103302002
119,106,0.9593514800071716
119,107,1.035940170288086
119,108,1.0182172060012817
119,109,1.000533103942871
119,110,1.1741578578948975
119,111,1.334620714187622
119,112,0.9682523012161255
119,113,1.2287704944610596
119,114,0.9225647449493408
119,115,1.0795435905456543
119,116,1.128995418548584
119,117,1.2308717966079712
119,118,0.9361342787742615
119,119,0.9574536681175232
119,120,1.0405771732330322
119,121,1.107518196105957
119,122,1.1227836608886719
119,123,1.086075782775879
119,124,0.9968624114990234
119,125,1.1128755807876587
119,126,1.30753755569458
119,127,0.9616363644599915
119,128,1.2440797090530396
119,129,0.9528490304946899
119,130,0.9657907485961914
119,131,0.890701413154602
119,132,0.9526849985122681
119,133,1.1617791652679443
119,134,1.1427972316741943
119,135,1.0771437883377075
119,136,1.152161717414856
119,137,1.101367712020874
119,138,1.1561238765716553
119,139,1.2312121391296387
119,140,1.031980276107788
119,141,1.0890905857086182
119,142,1.0403602123260498
119,143,1.077736496925354
119,144,1.0952417850494385
119,145,1.1027908325195312
119,146,1.0039187669754028
119,147,1.1357836723327637
119,148,1.0124744176864624
119,149,1.0001882314682007
119,150,1.0982096195220947
119,151,1.1462894678115845
119,152,0.9879770874977112
119,153,0.9764016270637512
119,154,1.1345665454864502
119,155,1.0637521743774414
119,156,0.9779669046401978
119,157,0.9933316707611084
119,158,1.0791516304016113
119,159,1.1358017921447754
119,160,1.1468898057937622
119,161,1.0627108812332153
119,162,1.0464792251586914
119,163,0.9300192594528198
119,164,1.0523293018341064
119,165,1.0202820301055908
119,166,1.0874793529510498
119,167,0.9565803408622742
119,168,1.1005016565322876
119,169,1.121858835220337
119,170,0.9438334107398987
119,171,0.9114248752593994
119,172,0.8805384039878845
119,173,1.0645053386688232
119,174,1.031351089477539
119,175,1.1364972591400146
119,176,1.080029010772705
119,177,1.2452170848846436
119,178,0.9903163313865662
119,179,1.0047041177749634
119,180,1.0286669731140137
119,181,1.1868822574615479
119,182,1.0060503482818604
119,183,1.0686781406402588
119,184,1.0501453876495361
119,185,1.0547268390655518
119,186,0.9632498025894165
119,187,1.333780288696289
119,188,1.1767463684082031
119,189,1.0188003778457642
119,190,1.038649082183838
119,191,0.983647346496582
119,192,1.0244848728179932
119,193,1.2445769309997559
119,194,1.0258302688598633
119,195,1.0663663148880005
119,196,1.008811593055725
119,197,0.9441919922828674
119,198,1.2328801155090332
119,199,1.0605334043502808
119,200,1.0232304334640503
119,201,1.1378068923950195
119,202,1.0949897766113281
119,203,1.1436116695404053
119,204,1.2064467668533325
119,205,1.1456226110458374
119,206,1.0034284591674805
119,207,1.0017670392990112
119,208,1.1436630487442017
119,209,1.0897551774978638
119,210,0.9738778471946716
119,211,1.0097895860671997
119,212,1.1832813024520874
119,213,1.0653306245803833
119,214,0.9872871041297913
119,215,0.9355453848838806
119,216,1.0461797714233398
119,217,1.0263056755065918
119,218,1.126373052597046
119,219,1.1470485925674438
119,220,1.0714021921157837
119,221,0.9694695472717285
119,222,1.0549728870391846
119,223,1.0220096111297607
119,224,1.0981884002685547
119,225,1.0694098472595215
119,226,0.993081271648407
119,227,1.093735694885254
119,228,1.0485329627990723
119,229,0.9496728777885437
119,230,1.0245342254638672
119,231,1.0045688152313232
119,232,0.9602042436599731
119,233,0.9950419664382935
119,234,1.2333323955535889
119,235,1.0271812677383423
119,236,1.1720653772354126
119,237,1.2112979888916016
119,238,0.9289001822471619
119,239,0.878235936164856
119,240,1.1458749771118164
119,241,0.9888849854469299
119,242,1.0285351276397705
119,243,0.900347888469696
119,244,1.0483189821243286
119,245,1.2793020009994507
119,246,1.0895463228225708
119,247,0.9601516723632812
119,248,1.0632137060165405
119,249,1.116740345954895
119,250,1.0811346769332886
119,251,1.2174664735794067
119,252,1.2047791481018066
119,253,1.1320297718048096
119,254,1.0502877235412598
119,255,1.0212072134017944
119,256,1.1206836700439453
119,257,1.1290700435638428
119,258,1.2416183948516846
119,259,0.9355780482292175
119,260,0.9377748966217041
119,261,1.1282845735549927
119,262,1.0488888025283813
119,263,1.1826766729354858
119,264,1.019057035446167
119,265,0.9767467379570007
119,266,0.9785065054893494
119,267,0.930145263671875
119,268,1.0279195308685303
119,269,0.9473229646682739
119,270,1.0964851379394531
119,271,1.0013270378112793
119,272,0.9759777784347534
119,273,1.3240530490875244
119,274,0.9808491468429565
119,275,1.0131897926330566
119,276,1.0430068969726562
119,277,1.1726491451263428
119,278,0.9149666428565979
119,279,1.107541799545288
119,280,1.1433229446411133
119,281,1.173022985458374
119,282,0.9876790642738342
119,283,0.9554864168167114
119,284,0.9882596731185913
119,285,1.0129061937332153
119,286,1.2612289190292358
119,287,1.079681158065796
119,288,1.0905604362487793
119,289,1.0011045932769775
119,290,1.1132478713989258
119,291,1.0698612928390503
119,292,1.0089871883392334
119,293,1.0415434837341309
119,294,1.0647542476654053
119,295,1.3808770179748535
119,296,1.062703251838684
119,297,1.1308709383010864
119,298,0.9710375070571899
119,299,1.055734395980835
119,300,1.0450239181518555
119,301,1.1509238481521606
119,302,1.1192247867584229
119,303,1.0772178173065186
119,304,0.9693275690078735
119,305,1.262049913406372
119,306,0.9953861236572266
119,307,1.3266050815582275
119,308,1.0677169561386108
119,309,1.1250909566879272
119,310,1.017956256866455
119,311,1.0638372898101807
120,0,0.9945998191833496
120,1,0.9265782833099365
120,2,1.2243843078613281
120,3,1.0433337688446045
120,4,0.973866879940033
120,5,1.180745005607605
120,6,1.0634464025497437
120,7,0.9713072776794434
120,8,1.2846500873565674
120,9,0.9154123067855835
120,10,0.9063662886619568
120,11,0.9672641158103943
120,12,1.1145552396774292
120,13,1.114034652709961
120,14,1.0423794984817505
120,15,1.0203295946121216
120,16,1.18003511428833
120,17,1.0809823274612427
120,18,1.120597243309021
120,19,1.037939190864563
120,20,0.9377031326293945
120,21,0.9237731099128723
120,22,0.9269399642944336
120,23,1.3522934913635254
120,24,1.1857537031173706
120,25,0.8950012922286987
120,26,1.2303603887557983
120,27,0.9234764575958252
120,28,1.0530835390090942
120,29,0.9696487188339233
120,30,1.0734528303146362
120,31,0.8953794240951538
120,32,1.0516526699066162
120,33,1.001727819442749
120,34,1.0444579124450684
120,35,1.1193923950195312
120,36,1.0345299243927002
120,37,0.965140163898468
120,38,1.0420364141464233
120,39,0.9817344546318054
120,40,0.9420978426933289
120,41,0.9425889253616333
120,42,1.312507152557373
120,43,1.0605125427246094
120,44,0.9786316156387329
120,45,1.1557508707046509
120,46,1.1381059885025024
120,47,0.9948559999465942
120,48,1.0544978380203247
120,49,1.233191967010498
120,50,1.022855281829834
120,51,1.1200801134109497
120,52,0.9981340169906616
120,53,1.0355498790740967
120,54,1.2369933128356934
120,55,1.0922234058380127
120,56,1.1773780584335327
120,57,1.0870825052261353
120,58,1.0902047157287598
120,59,0.923075795173645
120,60,1.320967674255371
120,61,1.0719637870788574
120,62,0.9726505279541016
120,63,1.1386057138442993
120,64,1.055898904800415
120,65,1.0993804931640625
120,66,0.9343867301940918
120,67,0.9929904341697693
120,68,1.1194162368774414
120,69,1.3824353218078613
120,70,1.0613646507263184
120,71,1.14119291305542
120,72,0.9681096076965332
120,73,1.0216962099075317
120,74,1.2296310663223267
120,75,1.2264293432235718
120,76,1.21524178981781
120,77,0.9837862849235535
120,78,1.1063127517700195
120,79,0.966834545135498
120,80,0.9151273965835571
120,81,1.1353731155395508
120,82,1.0737658739089966
120,83,0.9788254499435425
120,84,1.0217628479003906
120,85,1.0608495473861694
120,86,1.1056652069091797
120,87,1.0182358026504517
120,88,1.2908039093017578
120,89,0.9697033166885376
120,90,0.9707286357879639
120,91,1.2033042907714844
120,92,0.9460121393203735
120,93,1.1645495891571045
120,94,0.97981858253479
120,95,1.0096089839935303
120,96,1.171631097793579
120,97,1.024133563041687
120,98,1.1605336666107178
120,99,1.068953514099121
120,100,1.0883623361587524
120,101,0.9575749635696411
120,102,0.983329176902771
120,103,0.9430879354476929
120,104,0.9601402282714844
120,105,1.088153600692749
120,106,1.0962870121002197
120,107,1.26749849319458
120,108,1.0505977869033813
120,109,0.9152821898460388
120,110,1.1533763408660889
120,111,1.0018889904022217
120,112,1.1934813261032104
120,113,1.146693229675293
120,114,0.9659777879714966
120,115,1.028365969657898
120,116,1.1494628190994263
120,117,1.2382291555404663
120,118,1.0204675197601318
120,119,1.1354535818099976
120,120,1.1214954853057861
120,121,0.9738617539405823
120,122,1.028663992881775
120,123,1.07735276222229
120,124,1.1073269844055176
120,125,0.9819573163986206
120,126,0.9917814135551453
120,127,0.9941673278808594
120,128,0.9904547929763794
120,129,1.111344814300537
120,130,1.096268653869629
120,131,1.03607177734375
120,132,0.933152437210083
120,133,1.2048052549362183
120,134,1.0788909196853638
120,135,1.0551831722259521
120,136,0.9638835191726685
120,137,0.9351460933685303
120,138,1.0716032981872559
120,139,1.0685396194458008
120,140,1.196829915046692
120,141,1.1029905080795288
120,142,0.975970983505249
120,143,1.0142927169799805
120,144,0.9618803262710571
120,145,1.2442182302474976
120,146,1.0321412086486816
120,147,1.1436711549758911
120,148,0.9740850925445557
120,149,1.124670386314392
120,150,1.0678620338439941
120,151,1.1106698513031006
120,152,1.053009271621704
120,153,1.1881390810012817
120,154,1.0654454231262207
120,155,1.0386792421340942
120,156,1.0843652486801147
120,157,1.2583030462265015
120,158,1.337458848953247
120,159,0.9846522808074951
120,160,0.9032920598983765
120,161,1.2233355045318604
120,162,1.0147634744644165
120,163,1.3980038166046143
120,164,0.9870582818984985
120,165,0.9873627424240112
120,166,0.87107253074646
120,167,1.084449052810669
120,168,1.0812935829162598
120,169,1.2143175601959229
120,170,1.0308640003204346
120,171,1.0857810974121094
120,172,1.0728402137756348
120,173,0.9946823716163635
120,174,1.0546497106552124
120,175,1.0484962463378906
120,176,1.0536962747573853
120,177,0.9295386075973511
120,178,1.0418763160705566
120,179,1.0205566883087158
120,180,0.9854590892791748
120,181,1.14823317527771
120,182,0.9497518539428711
120,183,1.0982335805892944
120,184,0.9793976545333862
120,185,1.0239384174346924
120,186,0.9456292390823364
120,187,1.0595040321350098
120,188,1.104193925857544
120,189,1.0215559005737305
120,190,1.1345207691192627
120,191,0.9285995364189148
120,192,1.0366196632385254
120,193,1.0915237665176392
120,194,1.0925060510635376
120,195,1.0890125036239624
120,196,1.0616462230682373
120,197,0.9913756847381592
120,198,1.0472991466522217
120,199,1.2575035095214844
120,200,1.0750157833099365
120,201,1.0434529781341553
120,202,1.0334876775741577
120,203,1.0306453704833984
120,204,1.03517746925354
120,205,1.0756949186325073
120,206,0.9413825869560242
120,207,1.0797282457351685
120,208,1.1937307119369507
120,209,1.0124279260635376
120,210,1.0126222372055054
120,211,0.9534354209899902
120,212,0.9466123580932617
120,213,0.9898843169212341
120,214,1.010117769241333
120,215,0.8730459809303284
120,216,1.3133097887039185
120,217,0.9553914666175842
120,218,1.0750716924667358
120,219,0.9189794659614563
120,220,0.9770272970199585
120,221,1.157211184501648
120,222,1.112762212753296
120,223,1.0213927030563354
120,224,1.0299882888793945
120,225,1.109830617904663
120,226,1.0771424770355225
120,227,1.0228092670440674
120,228,1.0208768844604492
120,229,1.1514371633529663
120,230,0.9393118023872375
120,231,1.049725890159607
120,232,1.1321580410003662
120,233,1.048436164855957
120,234,0.9820413589477539
120,235,1.0683472156524658
120,236,1.0440242290496826
120,237,1.1438007354736328
120,238,0.9794262647628784
120,239,1.0583038330078125
120,240,1.3816927671432495
120,241,1.0655884742736816
120,242,1.0906411409378052
120,243,1.0421422719955444
120,244,1.0109649896621704
120,245,0.8597431778907776
120,246,1.1732778549194336
120,247,1.0480300188064575
120,248,1.0140942335128784
120,249,1.3173792362213135
120,250,1.1005738973617554
120,251,0.9617375135421753
120,252,0.9598042964935303
120,253,1.0268807411193848
120,254,1.0013822317123413
120,255,1.0481723546981812
120,256,0.9666178822517395
120,257,0.9985220432281494
120,258,1.109878659248352
120,259,1.0826270580291748
120,260,1.0322283506393433
120,261,1.1605474948883057
120,262,0.9023497104644775
120,263,1.0215904712677002
120,264,0.9483264088630676
120,265,1.2372034788131714
120,266,0.9738868474960327
120,267,1.0965752601623535
120,268,1.28786039352417
120,269,0.9521812796592712
120,270,1.0471397638320923
120,271,0.9933491945266724
120,272,0.9982818365097046
120,273,1.0777441263198853
120,274,1.1507835388183594
120,275,1.0311543941497803
120,276,0.9655458331108093
120,277,1.1608060598373413
120,278,0.9826119542121887
120,279,0.9800158143043518
120,280,1.164658546447754
120,281,1.3997046947479248
120,282,1.0345790386199951
120,283,1.0849854946136475
120,284,1.3318849802017212
120,285,0.9662818312644958
120,286,0.975305438041687
120,287,0.9928938150405884
120,288,1.0799769163131714
120,289,1.0128732919692993
120,290,1.0846173763275146
120,291,1.0693793296813965
120,292,1.0387336015701294
120,293,1.0841879844665527
120,294,1.1296056509017944
120,295,1.1363246440887451
120,296,1.0220026969909668
120,297,1.1470962762832642
120,298,1.138386845588684
120,299,0.9755166172981262
120,300,1.035029411315918
120,301,1.1505204439163208
120,302,0.9374097585678101
120,303,0.9139522314071655
120,304,1.0697166919708252
120,305,1.02007257938385
120,306,1.1060601472854614
120,307,1.2841706275939941
120,308,1.0374884605407715
120,309,1.1442546844482422
120,310,1.036132574081421
120,311,1.0838993787765503
