Epoch,Class_0,Class_1,Class_2,Class_3,Class_4,Class_5,Class_6,Class_7,Class_8,Class_9,Class_10,Class_11,Class_12,Class_13,Class_14,Class_15,Class_16,Class_17,Class_18,Class_19,Class_20,Class_21,Class_22,Class_23,Class_24,Class_25,Class_26,Class_27,Class_28,Class_29,Class_30,Class_31,Class_32,Class_33,Class_34,Class_35,Class_36,Class_37,Class_38,Class_39,Class_40,Class_41,Class_42,Class_43,Class_44,Class_45,Class_46,Class_47,Class_48,Class_49,Class_50,Class_51,Class_52,Class_53,Class_54,Class_55,Class_56,Class_57,Class_58,Class_59,Class_60,Class_61,Class_62,Class_63,Class_64,Class_65,Class_66,Class_67,Class_68,Class_69,Class_70,Class_71,Class_72,Class_73,Class_74,Class_75,Class_76,Class_77,Class_78,Class_79,Class_80,Class_81,Class_82,Class_83,Class_84,Class_85,Class_86,Class_87,Class_88,Class_89,Class_90,Class_91,Class_92,Class_93,Class_94,Class_95,Class_96,Class_97,Class_98,Class_99,Class_100,Class_101,Class_102,Class_103
1,N/A,N/A,N/A,N/A,N/A,N/A,N/A,N/A,N/A,N/A,N/A,N/A,N/A,N/A,N/A,N/A,N/A,N/A,N/A,N/A,N/A,N/A,N/A,N/A,N/A,N/A,N/A,N/A,N/A,N/A,N/A,N/A,N/A,N/A,N/A,N/A,N/A,N/A,N/A,N/A,N/A,N/A,N/A,N/A,N/A,N/A,N/A,N/A,N/A,N/A,N/A,N/A,N/A,N/A,N/A,N/A,N/A,N/A,N/A,N/A,N/A,N/A,N/A,N/A,N/A,N/A,N/A,N/A,N/A,N/A,N/A,N/A,N/A,N/A,N/A,N/A,N/A,N/A,N/A,N/A,N/A,N/A,N/A,N/A,N/A,N/A,N/A,N/A,N/A,N/A,N/A,N/A,N/A,N/A,N/A,N/A,N/A,N/A,N/A,N/A,N/A,N/A,N/A,N/A
2,N/A,N/A,N/A,N/A,N/A,N/A,N/A,N/A,N/A,N/A,N/A,N/A,N/A,N/A,N/A,N/A,N/A,N/A,N/A,N/A,N/A,N/A,N/A,N/A,N/A,N/A,N/A,N/A,N/A,N/A,N/A,N/A,N/A,N/A,N/A,N/A,N/A,N/A,N/A,N/A,N/A,N/A,N/A,N/A,N/A,N/A,N/A,N/A,N/A,N/A,N/A,N/A,N/A,N/A,N/A,N/A,N/A,N/A,N/A,N/A,N/A,N/A,N/A,N/A,N/A,N/A,N/A,N/A,N/A,N/A,N/A,N/A,N/A,N/A,N/A,N/A,N/A,N/A,N/A,N/A,N/A,N/A,N/A,N/A,N/A,N/A,N/A,N/A,N/A,N/A,N/A,N/A,N/A,N/A,N/A,N/A,N/A,N/A,N/A,N/A,N/A,N/A,N/A,N/A
3,N/A,N/A,N/A,N/A,N/A,N/A,N/A,N/A,N/A,N/A,N/A,N/A,N/A,N/A,N/A,N/A,N/A,N/A,N/A,N/A,N/A,N/A,N/A,N/A,N/A,N/A,N/A,N/A,N/A,N/A,N/A,N/A,N/A,N/A,N/A,N/A,N/A,N/A,N/A,N/A,N/A,N/A,N/A,N/A,N/A,N/A,N/A,N/A,N/A,N/A,N/A,N/A,N/A,N/A,N/A,N/A,N/A,N/A,N/A,N/A,N/A,N/A,N/A,N/A,N/A,N/A,N/A,N/A,N/A,N/A,N/A,N/A,N/A,N/A,N/A,N/A,N/A,N/A,N/A,N/A,N/A,N/A,N/A,N/A,N/A,N/A,N/A,N/A,N/A,N/A,N/A,N/A,N/A,N/A,N/A,N/A,N/A,N/A,N/A,N/A,N/A,N/A,N/A,N/A
4,N/A,N/A,N/A,N/A,N/A,N/A,N/A,N/A,N/A,N/A,N/A,N/A,N/A,N/A,N/A,N/A,N/A,N/A,N/A,N/A,N/A,N/A,N/A,N/A,N/A,N/A,N/A,N/A,N/A,N/A,N/A,N/A,N/A,N/A,N/A,N/A,N/A,N/A,N/A,N/A,N/A,N/A,N/A,N/A,N/A,N/A,N/A,N/A,N/A,N/A,N/A,N/A,N/A,N/A,N/A,N/A,N/A,N/A,N/A,N/A,N/A,N/A,N/A,N/A,N/A,N/A,N/A,N/A,N/A,N/A,N/A,N/A,N/A,N/A,N/A,N/A,N/A,N/A,N/A,N/A,N/A,N/A,N/A,N/A,N/A,N/A,N/A,N/A,N/A,N/A,N/A,N/A,N/A,N/A,N/A,N/A,N/A,N/A,N/A,N/A,N/A,N/A,N/A,N/A
5,0.691474437713623,0.0,0.0,0.46793437004089355,0.0,0.3606925904750824,0.0001001864584395662,0.0,0.40690499544143677,3.898014983860776e-05,0.4183700382709503,0.00010857685992959887,0.3414364457130432,0.06322502344846725,0.3572551906108856,1.3925924577051774e-05,0.0,0.01610562577843666,6.580397166544572e-05,0.0,0.0,0.0004453934379853308,0.0001385538198519498,0.0,0.15252399444580078,0.030861448496580124,0.0,0.0,0.0,0.3916381597518921,0.4755394160747528,0.12714159488677979,0.42611193656921387,0.002666980028152466,0.0,0.0,0.14584659039974213,0.557945966720581,0.0,0.0,0.24982000887393951,0.524634063243866,0.08226644992828369,0.0,0.35839778184890747,0.0,0.34575706720352173,0.00377945345826447,0.31315532326698303,0.019087770953774452,0.01992524042725563,0.001829395885579288,0.33700868487358093,0.0,0.11851464211940765,0.37816062569618225,0.44141870737075806,0.03904452919960022,0.4905400574207306,0.6104660630226135,0.0,0.0,0.0,0.0,0.36392226815223694,0.5265388488769531,0.6567732095718384,0.32019463181495667,0.0,0.0,0.39822083711624146,0.0,0.2594781219959259,0.3595474064350128,0.0,0.0,0.0002580519940238446,0.0,0.0037012933753430843,0.0,0.38714295625686646,0.0,0.2188696414232254,0.0,0.5668092370033264,0.6093841791152954,0.0,0.49034956097602844,0.49577873945236206,0.3709879517555237,0.001052600215189159,5.212561154621653e-05,0.0,0.16358211636543274,0.20980523526668549,0.684117317199707,0.535711407661438,0.0,0.0,0.0,0.0,0.10304848104715347,0.0,0.0
6,N/A,N/A,N/A,N/A,N/A,N/A,N/A,N/A,N/A,N/A,N/A,N/A,N/A,N/A,N/A,N/A,N/A,N/A,N/A,N/A,N/A,N/A,N/A,N/A,N/A,N/A,N/A,N/A,N/A,N/A,N/A,N/A,N/A,N/A,N/A,N/A,N/A,N/A,N/A,N/A,N/A,N/A,N/A,N/A,N/A,N/A,N/A,N/A,N/A,N/A,N/A,N/A,N/A,N/A,N/A,N/A,N/A,N/A,N/A,N/A,N/A,N/A,N/A,N/A,N/A,N/A,N/A,N/A,N/A,N/A,N/A,N/A,N/A,N/A,N/A,N/A,N/A,N/A,N/A,N/A,N/A,N/A,N/A,N/A,N/A,N/A,N/A,N/A,N/A,N/A,N/A,N/A,N/A,N/A,N/A,N/A,N/A,N/A,N/A,N/A,N/A,N/A,N/A,N/A
7,N/A,N/A,N/A,N/A,N/A,N/A,N/A,N/A,N/A,N/A,N/A,N/A,N/A,N/A,N/A,N/A,N/A,N/A,N/A,N/A,N/A,N/A,N/A,N/A,N/A,N/A,N/A,N/A,N/A,N/A,N/A,N/A,N/A,N/A,N/A,N/A,N/A,N/A,N/A,N/A,N/A,N/A,N/A,N/A,N/A,N/A,N/A,N/A,N/A,N/A,N/A,N/A,N/A,N/A,N/A,N/A,N/A,N/A,N/A,N/A,N/A,N/A,N/A,N/A,N/A,N/A,N/A,N/A,N/A,N/A,N/A,N/A,N/A,N/A,N/A,N/A,N/A,N/A,N/A,N/A,N/A,N/A,N/A,N/A,N/A,N/A,N/A,N/A,N/A,N/A,N/A,N/A,N/A,N/A,N/A,N/A,N/A,N/A,N/A,N/A,N/A,N/A,N/A,N/A
8,N/A,N/A,N/A,N/A,N/A,N/A,N/A,N/A,N/A,N/A,N/A,N/A,N/A,N/A,N/A,N/A,N/A,N/A,N/A,N/A,N/A,N/A,N/A,N/A,N/A,N/A,N/A,N/A,N/A,N/A,N/A,N/A,N/A,N/A,N/A,N/A,N/A,N/A,N/A,N/A,N/A,N/A,N/A,N/A,N/A,N/A,N/A,N/A,N/A,N/A,N/A,N/A,N/A,N/A,N/A,N/A,N/A,N/A,N/A,N/A,N/A,N/A,N/A,N/A,N/A,N/A,N/A,N/A,N/A,N/A,N/A,N/A,N/A,N/A,N/A,N/A,N/A,N/A,N/A,N/A,N/A,N/A,N/A,N/A,N/A,N/A,N/A,N/A,N/A,N/A,N/A,N/A,N/A,N/A,N/A,N/A,N/A,N/A,N/A,N/A,N/A,N/A,N/A,N/A
9,N/A,N/A,N/A,N/A,N/A,N/A,N/A,N/A,N/A,N/A,N/A,N/A,N/A,N/A,N/A,N/A,N/A,N/A,N/A,N/A,N/A,N/A,N/A,N/A,N/A,N/A,N/A,N/A,N/A,N/A,N/A,N/A,N/A,N/A,N/A,N/A,N/A,N/A,N/A,N/A,N/A,N/A,N/A,N/A,N/A,N/A,N/A,N/A,N/A,N/A,N/A,N/A,N/A,N/A,N/A,N/A,N/A,N/A,N/A,N/A,N/A,N/A,N/A,N/A,N/A,N/A,N/A,N/A,N/A,N/A,N/A,N/A,N/A,N/A,N/A,N/A,N/A,N/A,N/A,N/A,N/A,N/A,N/A,N/A,N/A,N/A,N/A,N/A,N/A,N/A,N/A,N/A,N/A,N/A,N/A,N/A,N/A,N/A,N/A,N/A,N/A,N/A,N/A,N/A
10,0.8080875277519226,0.0,0.0,0.5043875575065613,0.0,0.45133012533187866,0.00016576272901147604,0.0,0.4450892508029938,0.008756923489272594,0.41606906056404114,0.0,0.3588537871837616,0.26839637756347656,0.3106747567653656,0.026245489716529846,0.0,0.1784162074327469,3.0132423489703797e-05,0.0,0.0,0.034346647560596466,0.0,0.0,0.2935173809528351,0.20179352164268494,0.0,0.0,0.0014211138477548957,0.5853210687637329,0.7031756043434143,0.3156874179840088,0.6173669099807739,5.537497145269299e-06,0.0,0.0,0.20365871489048004,0.5364575386047363,0.0,0.0293902400881052,0.3572113513946533,0.4741840958595276,0.40106937289237976,0.0,0.4385741651058197,0.0,0.3968757390975952,0.10691608488559723,0.3640892505645752,0.2363668978214264,0.17300796508789062,0.07087838649749756,0.3816624581813812,0.0,0.2915494740009308,0.5561143159866333,0.49582040309906006,0.37902113795280457,0.5248050093650818,0.7208937406539917,0.0,0.278048574924469,0.0,0.0,0.47553929686546326,0.5413225293159485,0.6628357768058777,0.31032752990722656,0.004061833489686251,0.0,0.49018993973731995,0.0,0.546379566192627,0.614116370677948,0.0,0.0,0.011805873364210129,0.0,0.0,0.0,0.37892693281173706,0.021176885813474655,0.5317620038986206,0.0,0.6501743197441101,0.5774506330490112,0.0,0.7749484181404114,0.48537400364875793,0.38428252935409546,0.022469813004136086,0.3995048701763153,0.0,0.29880133271217346,0.3043588101863861,0.6667311191558838,0.5406885743141174,0.0,0.014452789910137653,0.0,0.0,0.224813774228096,0.0,4.5705062802881e-05
11,N/A,N/A,N/A,N/A,N/A,N/A,N/A,N/A,N/A,N/A,N/A,N/A,N/A,N/A,N/A,N/A,N/A,N/A,N/A,N/A,N/A,N/A,N/A,N/A,N/A,N/A,N/A,N/A,N/A,N/A,N/A,N/A,N/A,N/A,N/A,N/A,N/A,N/A,N/A,N/A,N/A,N/A,N/A,N/A,N/A,N/A,N/A,N/A,N/A,N/A,N/A,N/A,N/A,N/A,N/A,N/A,N/A,N/A,N/A,N/A,N/A,N/A,N/A,N/A,N/A,N/A,N/A,N/A,N/A,N/A,N/A,N/A,N/A,N/A,N/A,N/A,N/A,N/A,N/A,N/A,N/A,N/A,N/A,N/A,N/A,N/A,N/A,N/A,N/A,N/A,N/A,N/A,N/A,N/A,N/A,N/A,N/A,N/A,N/A,N/A,N/A,N/A,N/A,N/A
12,N/A,N/A,N/A,N/A,N/A,N/A,N/A,N/A,N/A,N/A,N/A,N/A,N/A,N/A,N/A,N/A,N/A,N/A,N/A,N/A,N/A,N/A,N/A,N/A,N/A,N/A,N/A,N/A,N/A,N/A,N/A,N/A,N/A,N/A,N/A,N/A,N/A,N/A,N/A,N/A,N/A,N/A,N/A,N/A,N/A,N/A,N/A,N/A,N/A,N/A,N/A,N/A,N/A,N/A,N/A,N/A,N/A,N/A,N/A,N/A,N/A,N/A,N/A,N/A,N/A,N/A,N/A,N/A,N/A,N/A,N/A,N/A,N/A,N/A,N/A,N/A,N/A,N/A,N/A,N/A,N/A,N/A,N/A,N/A,N/A,N/A,N/A,N/A,N/A,N/A,N/A,N/A,N/A,N/A,N/A,N/A,N/A,N/A,N/A,N/A,N/A,N/A,N/A,N/A
13,N/A,N/A,N/A,N/A,N/A,N/A,N/A,N/A,N/A,N/A,N/A,N/A,N/A,N/A,N/A,N/A,N/A,N/A,N/A,N/A,N/A,N/A,N/A,N/A,N/A,N/A,N/A,N/A,N/A,N/A,N/A,N/A,N/A,N/A,N/A,N/A,N/A,N/A,N/A,N/A,N/A,N/A,N/A,N/A,N/A,N/A,N/A,N/A,N/A,N/A,N/A,N/A,N/A,N/A,N/A,N/A,N/A,N/A,N/A,N/A,N/A,N/A,N/A,N/A,N/A,N/A,N/A,N/A,N/A,N/A,N/A,N/A,N/A,N/A,N/A,N/A,N/A,N/A,N/A,N/A,N/A,N/A,N/A,N/A,N/A,N/A,N/A,N/A,N/A,N/A,N/A,N/A,N/A,N/A,N/A,N/A,N/A,N/A,N/A,N/A,N/A,N/A,N/A,N/A
14,N/A,N/A,N/A,N/A,N/A,N/A,N/A,N/A,N/A,N/A,N/A,N/A,N/A,N/A,N/A,N/A,N/A,N/A,N/A,N/A,N/A,N/A,N/A,N/A,N/A,N/A,N/A,N/A,N/A,N/A,N/A,N/A,N/A,N/A,N/A,N/A,N/A,N/A,N/A,N/A,N/A,N/A,N/A,N/A,N/A,N/A,N/A,N/A,N/A,N/A,N/A,N/A,N/A,N/A,N/A,N/A,N/A,N/A,N/A,N/A,N/A,N/A,N/A,N/A,N/A,N/A,N/A,N/A,N/A,N/A,N/A,N/A,N/A,N/A,N/A,N/A,N/A,N/A,N/A,N/A,N/A,N/A,N/A,N/A,N/A,N/A,N/A,N/A,N/A,N/A,N/A,N/A,N/A,N/A,N/A,N/A,N/A,N/A,N/A,N/A,N/A,N/A,N/A,N/A
15,0.7825500965118408,0.0,0.0,0.5512405633926392,0.15864895284175873,0.4257270097732544,0.31178760528564453,0.0,0.3991836905479431,0.0299127995967865,0.41966789960861206,0.006269747857004404,0.27934402227401733,0.33040714263916016,0.29510417580604553,0.11823177337646484,0.0,0.37515199184417725,0.024398095905780792,0.0,0.0,0.3526541590690613,0.0345161072909832,0.0,0.42319679260253906,0.37050527334213257,0.0,0.0,0.0433858297765255,0.5881083011627197,0.671927809715271,0.37743040919303894,0.5347372889518738,0.32600536942481995,0.0313788466155529,0.15792110562324524,0.2995067834854126,0.6478158831596375,6.283553375396878e-05,0.43691614270210266,0.37458372116088867,0.571666955947876,0.5361544489860535,0.0,0.5108803510665894,0.027457069605588913,0.4205204248428345,0.08335801959037781,0.39215022325515747,0.2916887402534485,0.22159607708454132,0.13174454867839813,0.3763771951198578,0.0,0.3176584839820862,0.5112645626068115,0.43379083275794983,0.37444397807121277,0.5241060853004456,0.7128465175628662,0.0,0.2613765001296997,0.0,0.0,0.5592454075813293,0.5783107876777649,0.6116417646408081,0.3991346061229706,0.31740689277648926,0.0,0.4600852429866791,0.0,0.5703349709510803,0.6519453525543213,0.0,0.0,0.06770075857639313,0.025570722296833992,0.16052140295505524,0.00010966762056341395,0.42227908968925476,0.4291359484195709,0.5435536503791809,0.0,0.6876280903816223,0.5426881313323975,0.0,0.7447453141212463,0.5394728779792786,0.44768768548965454,0.12163062393665314,0.43093082308769226,0.0,0.34274595975875854,0.3455048203468323,0.6994426846504211,0.5578796863555908,0.0,0.02890370599925518,0.0,0.0,0.2687380611896515,0.0,1.662025897530839e-05
16,N/A,N/A,N/A,N/A,N/A,N/A,N/A,N/A,N/A,N/A,N/A,N/A,N/A,N/A,N/A,N/A,N/A,N/A,N/A,N/A,N/A,N/A,N/A,N/A,N/A,N/A,N/A,N/A,N/A,N/A,N/A,N/A,N/A,N/A,N/A,N/A,N/A,N/A,N/A,N/A,N/A,N/A,N/A,N/A,N/A,N/A,N/A,N/A,N/A,N/A,N/A,N/A,N/A,N/A,N/A,N/A,N/A,N/A,N/A,N/A,N/A,N/A,N/A,N/A,N/A,N/A,N/A,N/A,N/A,N/A,N/A,N/A,N/A,N/A,N/A,N/A,N/A,N/A,N/A,N/A,N/A,N/A,N/A,N/A,N/A,N/A,N/A,N/A,N/A,N/A,N/A,N/A,N/A,N/A,N/A,N/A,N/A,N/A,N/A,N/A,N/A,N/A,N/A,N/A
17,N/A,N/A,N/A,N/A,N/A,N/A,N/A,N/A,N/A,N/A,N/A,N/A,N/A,N/A,N/A,N/A,N/A,N/A,N/A,N/A,N/A,N/A,N/A,N/A,N/A,N/A,N/A,N/A,N/A,N/A,N/A,N/A,N/A,N/A,N/A,N/A,N/A,N/A,N/A,N/A,N/A,N/A,N/A,N/A,N/A,N/A,N/A,N/A,N/A,N/A,N/A,N/A,N/A,N/A,N/A,N/A,N/A,N/A,N/A,N/A,N/A,N/A,N/A,N/A,N/A,N/A,N/A,N/A,N/A,N/A,N/A,N/A,N/A,N/A,N/A,N/A,N/A,N/A,N/A,N/A,N/A,N/A,N/A,N/A,N/A,N/A,N/A,N/A,N/A,N/A,N/A,N/A,N/A,N/A,N/A,N/A,N/A,N/A,N/A,N/A,N/A,N/A,N/A,N/A
18,N/A,N/A,N/A,N/A,N/A,N/A,N/A,N/A,N/A,N/A,N/A,N/A,N/A,N/A,N/A,N/A,N/A,N/A,N/A,N/A,N/A,N/A,N/A,N/A,N/A,N/A,N/A,N/A,N/A,N/A,N/A,N/A,N/A,N/A,N/A,N/A,N/A,N/A,N/A,N/A,N/A,N/A,N/A,N/A,N/A,N/A,N/A,N/A,N/A,N/A,N/A,N/A,N/A,N/A,N/A,N/A,N/A,N/A,N/A,N/A,N/A,N/A,N/A,N/A,N/A,N/A,N/A,N/A,N/A,N/A,N/A,N/A,N/A,N/A,N/A,N/A,N/A,N/A,N/A,N/A,N/A,N/A,N/A,N/A,N/A,N/A,N/A,N/A,N/A,N/A,N/A,N/A,N/A,N/A,N/A,N/A,N/A,N/A,N/A,N/A,N/A,N/A,N/A,N/A
19,N/A,N/A,N/A,N/A,N/A,N/A,N/A,N/A,N/A,N/A,N/A,N/A,N/A,N/A,N/A,N/A,N/A,N/A,N/A,N/A,N/A,N/A,N/A,N/A,N/A,N/A,N/A,N/A,N/A,N/A,N/A,N/A,N/A,N/A,N/A,N/A,N/A,N/A,N/A,N/A,N/A,N/A,N/A,N/A,N/A,N/A,N/A,N/A,N/A,N/A,N/A,N/A,N/A,N/A,N/A,N/A,N/A,N/A,N/A,N/A,N/A,N/A,N/A,N/A,N/A,N/A,N/A,N/A,N/A,N/A,N/A,N/A,N/A,N/A,N/A,N/A,N/A,N/A,N/A,N/A,N/A,N/A,N/A,N/A,N/A,N/A,N/A,N/A,N/A,N/A,N/A,N/A,N/A,N/A,N/A,N/A,N/A,N/A,N/A,N/A,N/A,N/A,N/A,N/A
20,0.8468114733695984,0.0,0.0,0.5322048664093018,0.0477270632982254,0.4525120258331299,0.648987889289856,0.0,0.47527700662612915,0.020094329491257668,0.3806508779525757,0.027383696287870407,0.39977434277534485,0.34971359372138977,0.4181281626224518,0.16836251318454742,0.0,0.07617699354887009,0.03250442072749138,0.0,0.0,0.3145224452018738,0.02688542753458023,0.0,0.45639845728874207,0.34497275948524475,0.0,0.0,0.2009311467409134,0.5593096613883972,0.7387858033180237,0.3895929753780365,0.6388693451881409,0.3366296589374542,0.0,0.001524976920336485,0.34489625692367554,0.6394307017326355,0.0,0.07475914061069489,0.2944139540195465,0.6129865646362305,0.5565594434738159,0.0,0.4334515929222107,0.02807374857366085,0.4164579212665558,0.08209515362977982,0.3891400694847107,0.2520665228366852,0.09676562249660492,0.011134391650557518,0.3767554461956024,0.00010536683112150058,0.28260156512260437,0.5416877865791321,0.5469011068344116,0.4114114046096802,0.39797839522361755,0.7528402209281921,0.0,0.09790177643299103,0.0,0.0,0.5941219329833984,0.578640341758728,0.6603187918663025,0.27091729640960693,0.3308376371860504,0.0,0.4361961781978607,0.01400058250874281,0.4666984975337982,0.639439582824707,0.0,0.0,0.08358924835920334,0.07913456112146378,0.0,0.4450812339782715,0.41156595945358276,0.24187791347503662,0.5785048007965088,0.0,0.7282513976097107,0.6748306155204773,0.0,0.8194016218185425,0.6446511745452881,0.47117671370506287,0.058965981006622314,0.14268213510513306,8.820315269986168e-05,0.18942731618881226,0.36410510540008545,0.7552170753479004,0.4771282970905304,0.0,0.003444597590714693,0.0,0.0,0.17071855068206787,0.0,0.0
21,N/A,N/A,N/A,N/A,N/A,N/A,N/A,N/A,N/A,N/A,N/A,N/A,N/A,N/A,N/A,N/A,N/A,N/A,N/A,N/A,N/A,N/A,N/A,N/A,N/A,N/A,N/A,N/A,N/A,N/A,N/A,N/A,N/A,N/A,N/A,N/A,N/A,N/A,N/A,N/A,N/A,N/A,N/A,N/A,N/A,N/A,N/A,N/A,N/A,N/A,N/A,N/A,N/A,N/A,N/A,N/A,N/A,N/A,N/A,N/A,N/A,N/A,N/A,N/A,N/A,N/A,N/A,N/A,N/A,N/A,N/A,N/A,N/A,N/A,N/A,N/A,N/A,N/A,N/A,N/A,N/A,N/A,N/A,N/A,N/A,N/A,N/A,N/A,N/A,N/A,N/A,N/A,N/A,N/A,N/A,N/A,N/A,N/A,N/A,N/A,N/A,N/A,N/A,N/A
22,N/A,N/A,N/A,N/A,N/A,N/A,N/A,N/A,N/A,N/A,N/A,N/A,N/A,N/A,N/A,N/A,N/A,N/A,N/A,N/A,N/A,N/A,N/A,N/A,N/A,N/A,N/A,N/A,N/A,N/A,N/A,N/A,N/A,N/A,N/A,N/A,N/A,N/A,N/A,N/A,N/A,N/A,N/A,N/A,N/A,N/A,N/A,N/A,N/A,N/A,N/A,N/A,N/A,N/A,N/A,N/A,N/A,N/A,N/A,N/A,N/A,N/A,N/A,N/A,N/A,N/A,N/A,N/A,N/A,N/A,N/A,N/A,N/A,N/A,N/A,N/A,N/A,N/A,N/A,N/A,N/A,N/A,N/A,N/A,N/A,N/A,N/A,N/A,N/A,N/A,N/A,N/A,N/A,N/A,N/A,N/A,N/A,N/A,N/A,N/A,N/A,N/A,N/A,N/A
23,N/A,N/A,N/A,N/A,N/A,N/A,N/A,N/A,N/A,N/A,N/A,N/A,N/A,N/A,N/A,N/A,N/A,N/A,N/A,N/A,N/A,N/A,N/A,N/A,N/A,N/A,N/A,N/A,N/A,N/A,N/A,N/A,N/A,N/A,N/A,N/A,N/A,N/A,N/A,N/A,N/A,N/A,N/A,N/A,N/A,N/A,N/A,N/A,N/A,N/A,N/A,N/A,N/A,N/A,N/A,N/A,N/A,N/A,N/A,N/A,N/A,N/A,N/A,N/A,N/A,N/A,N/A,N/A,N/A,N/A,N/A,N/A,N/A,N/A,N/A,N/A,N/A,N/A,N/A,N/A,N/A,N/A,N/A,N/A,N/A,N/A,N/A,N/A,N/A,N/A,N/A,N/A,N/A,N/A,N/A,N/A,N/A,N/A,N/A,N/A,N/A,N/A,N/A,N/A
24,N/A,N/A,N/A,N/A,N/A,N/A,N/A,N/A,N/A,N/A,N/A,N/A,N/A,N/A,N/A,N/A,N/A,N/A,N/A,N/A,N/A,N/A,N/A,N/A,N/A,N/A,N/A,N/A,N/A,N/A,N/A,N/A,N/A,N/A,N/A,N/A,N/A,N/A,N/A,N/A,N/A,N/A,N/A,N/A,N/A,N/A,N/A,N/A,N/A,N/A,N/A,N/A,N/A,N/A,N/A,N/A,N/A,N/A,N/A,N/A,N/A,N/A,N/A,N/A,N/A,N/A,N/A,N/A,N/A,N/A,N/A,N/A,N/A,N/A,N/A,N/A,N/A,N/A,N/A,N/A,N/A,N/A,N/A,N/A,N/A,N/A,N/A,N/A,N/A,N/A,N/A,N/A,N/A,N/A,N/A,N/A,N/A,N/A,N/A,N/A,N/A,N/A,N/A,N/A
25,0.8091427683830261,0.0,0.0,0.5442284941673279,0.23810388147830963,0.4222446084022522,0.6121085286140442,0.0,0.45323115587234497,0.10583040863275528,0.4510507583618164,0.18436592817306519,0.38324615359306335,0.3925522565841675,0.4013082981109619,0.3571743965148926,0.0,0.3955039978027344,0.05646120384335518,0.0,0.0,0.3937208652496338,0.25713789463043213,0.0,0.5237555503845215,0.3633967638015747,0.0,0.0,0.23061329126358032,0.647116482257843,0.7325950264930725,0.3496553897857666,0.6609480977058411,0.4355095624923706,0.22574494779109955,0.35957059264183044,0.37577149271965027,0.6630786657333374,0.017648376524448395,0.5778420567512512,0.41490885615348816,0.5401586890220642,0.6042242050170898,0.0,0.47987884283065796,0.3553902506828308,0.39437809586524963,0.16897708177566528,0.42747732996940613,0.25743719935417175,0.19323885440826416,0.18835245072841644,0.4021979570388794,0.1325877457857132,0.31566280126571655,0.6008957028388977,0.536748468875885,0.427592009305954,0.5580272674560547,0.7340853214263916,0.0,0.2440381497144699,0.00013737898552790284,0.0,0.5820828676223755,0.5718365907669067,0.6733362078666687,0.4107334017753601,0.38095924258232117,0.0,0.4861123561859131,0.298004686832428,0.6042876243591309,0.645717978477478,0.0,0.012620766647160053,0.22517049312591553,0.19295461475849152,0.13503995537757874,0.2511581480503082,0.44531750679016113,0.34935450553894043,0.5441954135894775,0.0,0.6571362018585205,0.6667994856834412,0.0,0.7863640785217285,0.5854694247245789,0.44336438179016113,0.4291446805000305,0.42960503697395325,0.14777317643165588,0.34738826751708984,0.3606157898902893,0.7341264486312866,0.594083845615387,0.0,0.06116233021020889,0.0,0.0,0.2874864339828491,0.0,0.0009194632293656468
26,N/A,N/A,N/A,N/A,N/A,N/A,N/A,N/A,N/A,N/A,N/A,N/A,N/A,N/A,N/A,N/A,N/A,N/A,N/A,N/A,N/A,N/A,N/A,N/A,N/A,N/A,N/A,N/A,N/A,N/A,N/A,N/A,N/A,N/A,N/A,N/A,N/A,N/A,N/A,N/A,N/A,N/A,N/A,N/A,N/A,N/A,N/A,N/A,N/A,N/A,N/A,N/A,N/A,N/A,N/A,N/A,N/A,N/A,N/A,N/A,N/A,N/A,N/A,N/A,N/A,N/A,N/A,N/A,N/A,N/A,N/A,N/A,N/A,N/A,N/A,N/A,N/A,N/A,N/A,N/A,N/A,N/A,N/A,N/A,N/A,N/A,N/A,N/A,N/A,N/A,N/A,N/A,N/A,N/A,N/A,N/A,N/A,N/A,N/A,N/A,N/A,N/A,N/A,N/A
27,N/A,N/A,N/A,N/A,N/A,N/A,N/A,N/A,N/A,N/A,N/A,N/A,N/A,N/A,N/A,N/A,N/A,N/A,N/A,N/A,N/A,N/A,N/A,N/A,N/A,N/A,N/A,N/A,N/A,N/A,N/A,N/A,N/A,N/A,N/A,N/A,N/A,N/A,N/A,N/A,N/A,N/A,N/A,N/A,N/A,N/A,N/A,N/A,N/A,N/A,N/A,N/A,N/A,N/A,N/A,N/A,N/A,N/A,N/A,N/A,N/A,N/A,N/A,N/A,N/A,N/A,N/A,N/A,N/A,N/A,N/A,N/A,N/A,N/A,N/A,N/A,N/A,N/A,N/A,N/A,N/A,N/A,N/A,N/A,N/A,N/A,N/A,N/A,N/A,N/A,N/A,N/A,N/A,N/A,N/A,N/A,N/A,N/A,N/A,N/A,N/A,N/A,N/A,N/A
28,N/A,N/A,N/A,N/A,N/A,N/A,N/A,N/A,N/A,N/A,N/A,N/A,N/A,N/A,N/A,N/A,N/A,N/A,N/A,N/A,N/A,N/A,N/A,N/A,N/A,N/A,N/A,N/A,N/A,N/A,N/A,N/A,N/A,N/A,N/A,N/A,N/A,N/A,N/A,N/A,N/A,N/A,N/A,N/A,N/A,N/A,N/A,N/A,N/A,N/A,N/A,N/A,N/A,N/A,N/A,N/A,N/A,N/A,N/A,N/A,N/A,N/A,N/A,N/A,N/A,N/A,N/A,N/A,N/A,N/A,N/A,N/A,N/A,N/A,N/A,N/A,N/A,N/A,N/A,N/A,N/A,N/A,N/A,N/A,N/A,N/A,N/A,N/A,N/A,N/A,N/A,N/A,N/A,N/A,N/A,N/A,N/A,N/A,N/A,N/A,N/A,N/A,N/A,N/A
29,N/A,N/A,N/A,N/A,N/A,N/A,N/A,N/A,N/A,N/A,N/A,N/A,N/A,N/A,N/A,N/A,N/A,N/A,N/A,N/A,N/A,N/A,N/A,N/A,N/A,N/A,N/A,N/A,N/A,N/A,N/A,N/A,N/A,N/A,N/A,N/A,N/A,N/A,N/A,N/A,N/A,N/A,N/A,N/A,N/A,N/A,N/A,N/A,N/A,N/A,N/A,N/A,N/A,N/A,N/A,N/A,N/A,N/A,N/A,N/A,N/A,N/A,N/A,N/A,N/A,N/A,N/A,N/A,N/A,N/A,N/A,N/A,N/A,N/A,N/A,N/A,N/A,N/A,N/A,N/A,N/A,N/A,N/A,N/A,N/A,N/A,N/A,N/A,N/A,N/A,N/A,N/A,N/A,N/A,N/A,N/A,N/A,N/A,N/A,N/A,N/A,N/A,N/A,N/A
30,0.8226222395896912,0.0031996809411793947,0.0,0.5512774586677551,0.1533748060464859,0.4343562424182892,0.7680521011352539,0.0,0.4450707733631134,0.048288743942976,0.41214051842689514,0.009688124060630798,0.3544190526008606,0.41476914286613464,0.3898221552371979,0.3282388150691986,0.0,0.37651175260543823,0.08034392446279526,0.0,0.0,0.43918848037719727,0.29743754863739014,0.0,0.5348190665245056,0.4122636020183563,0.0,0.0,0.350824773311615,0.6766787767410278,0.7108811140060425,0.29745176434516907,0.6428894996643066,0.3545915186405182,0.10795354843139648,0.37691396474838257,0.34589728713035583,0.702849268913269,0.004042417276650667,0.6523439884185791,0.38286828994750977,0.6561324000358582,0.670174777507782,0.0,0.4698866307735443,0.37366801500320435,0.4023574888706207,0.14679798483848572,0.4140014052391052,0.2468506097793579,0.1315765678882599,0.18169516324996948,0.3809772729873657,0.1268087923526764,0.26777011156082153,0.6403193473815918,0.5752831101417542,0.43904539942741394,0.510829508304596,0.814349353313446,0.0,0.32542940974235535,0.0029998908285051584,0.0,0.5301527976989746,0.5581308007240295,0.6959007382392883,0.38012996315956116,0.39168888330459595,0.0,0.43562203645706177,0.10012941062450409,0.5353493690490723,0.6930859684944153,0.0,0.00012231153959874064,0.15031231939792633,0.04538893699645996,0.12573863565921783,0.49457165598869324,0.4568963348865509,0.39016005396842957,0.5869448184967041,0.0,0.7373452186584473,0.7005425095558167,0.0,0.8231595158576965,0.6352043747901917,0.46641552448272705,0.4042748808860779,0.4258440136909485,0.19366659224033356,0.3363066017627716,0.39534786343574524,0.785677969455719,0.6426394581794739,0.0,0.02859836257994175,0.0,0.0,0.2867155075073242,0.0,0.007277111057192087
31,N/A,N/A,N/A,N/A,N/A,N/A,N/A,N/A,N/A,N/A,N/A,N/A,N/A,N/A,N/A,N/A,N/A,N/A,N/A,N/A,N/A,N/A,N/A,N/A,N/A,N/A,N/A,N/A,N/A,N/A,N/A,N/A,N/A,N/A,N/A,N/A,N/A,N/A,N/A,N/A,N/A,N/A,N/A,N/A,N/A,N/A,N/A,N/A,N/A,N/A,N/A,N/A,N/A,N/A,N/A,N/A,N/A,N/A,N/A,N/A,N/A,N/A,N/A,N/A,N/A,N/A,N/A,N/A,N/A,N/A,N/A,N/A,N/A,N/A,N/A,N/A,N/A,N/A,N/A,N/A,N/A,N/A,N/A,N/A,N/A,N/A,N/A,N/A,N/A,N/A,N/A,N/A,N/A,N/A,N/A,N/A,N/A,N/A,N/A,N/A,N/A,N/A,N/A,N/A
32,N/A,N/A,N/A,N/A,N/A,N/A,N/A,N/A,N/A,N/A,N/A,N/A,N/A,N/A,N/A,N/A,N/A,N/A,N/A,N/A,N/A,N/A,N/A,N/A,N/A,N/A,N/A,N/A,N/A,N/A,N/A,N/A,N/A,N/A,N/A,N/A,N/A,N/A,N/A,N/A,N/A,N/A,N/A,N/A,N/A,N/A,N/A,N/A,N/A,N/A,N/A,N/A,N/A,N/A,N/A,N/A,N/A,N/A,N/A,N/A,N/A,N/A,N/A,N/A,N/A,N/A,N/A,N/A,N/A,N/A,N/A,N/A,N/A,N/A,N/A,N/A,N/A,N/A,N/A,N/A,N/A,N/A,N/A,N/A,N/A,N/A,N/A,N/A,N/A,N/A,N/A,N/A,N/A,N/A,N/A,N/A,N/A,N/A,N/A,N/A,N/A,N/A,N/A,N/A
33,N/A,N/A,N/A,N/A,N/A,N/A,N/A,N/A,N/A,N/A,N/A,N/A,N/A,N/A,N/A,N/A,N/A,N/A,N/A,N/A,N/A,N/A,N/A,N/A,N/A,N/A,N/A,N/A,N/A,N/A,N/A,N/A,N/A,N/A,N/A,N/A,N/A,N/A,N/A,N/A,N/A,N/A,N/A,N/A,N/A,N/A,N/A,N/A,N/A,N/A,N/A,N/A,N/A,N/A,N/A,N/A,N/A,N/A,N/A,N/A,N/A,N/A,N/A,N/A,N/A,N/A,N/A,N/A,N/A,N/A,N/A,N/A,N/A,N/A,N/A,N/A,N/A,N/A,N/A,N/A,N/A,N/A,N/A,N/A,N/A,N/A,N/A,N/A,N/A,N/A,N/A,N/A,N/A,N/A,N/A,N/A,N/A,N/A,N/A,N/A,N/A,N/A,N/A,N/A
34,N/A,N/A,N/A,N/A,N/A,N/A,N/A,N/A,N/A,N/A,N/A,N/A,N/A,N/A,N/A,N/A,N/A,N/A,N/A,N/A,N/A,N/A,N/A,N/A,N/A,N/A,N/A,N/A,N/A,N/A,N/A,N/A,N/A,N/A,N/A,N/A,N/A,N/A,N/A,N/A,N/A,N/A,N/A,N/A,N/A,N/A,N/A,N/A,N/A,N/A,N/A,N/A,N/A,N/A,N/A,N/A,N/A,N/A,N/A,N/A,N/A,N/A,N/A,N/A,N/A,N/A,N/A,N/A,N/A,N/A,N/A,N/A,N/A,N/A,N/A,N/A,N/A,N/A,N/A,N/A,N/A,N/A,N/A,N/A,N/A,N/A,N/A,N/A,N/A,N/A,N/A,N/A,N/A,N/A,N/A,N/A,N/A,N/A,N/A,N/A,N/A,N/A,N/A,N/A
35,0.8046462535858154,0.007568977773189545,0.0,0.576267659664154,0.18976910412311554,0.496689110994339,0.5925858616828918,0.0,0.4260067045688629,0.11683327704668045,0.42687615752220154,0.14570629596710205,0.3637339174747467,0.3674931228160858,0.37356987595558167,0.29790422320365906,0.06618861109018326,0.4248254895210266,0.12156952172517776,0.0,0.0,0.4314078092575073,0.34572383761405945,0.0,0.5053666830062866,0.40203988552093506,0.0,0.02049851603806019,0.3838501572608948,0.6664685606956482,0.7676924467086792,0.42998063564300537,0.6750209331512451,0.47476401925086975,0.19938142597675323,0.4608127176761627,0.4334658980369568,0.650195300579071,0.07481366395950317,0.5632421970367432,0.4553941786289215,0.5814077258110046,0.6570950746536255,0.0,0.4786130487918854,0.4712070822715759,0.33909085392951965,0.12061692774295807,0.416150838136673,0.30112943053245544,0.21151839196681976,0.13302497565746307,0.38260504603385925,0.2233126014471054,0.3380230963230133,0.5876272916793823,0.48334646224975586,0.4299411177635193,0.5692244172096252,0.7854707837104797,0.0,0.28291448950767517,0.12044528126716614,0.0,0.5772584676742554,0.5941552519798279,0.6934765577316284,0.4259300231933594,0.37549126148223877,0.0060184793546795845,0.5251652598381042,0.3886513411998749,0.575494647026062,0.6580700874328613,0.0,0.04928762465715408,0.24791041016578674,0.13145700097084045,0.522448718547821,0.4425836503505707,0.4656192660331726,0.4307507872581482,0.5750829577445984,0.0080295754596591,0.7181179523468018,0.6758009195327759,0.0,0.815644383430481,0.5182846188545227,0.4577144980430603,0.4581793248653412,0.43458089232444763,0.4045760929584503,0.34561458230018616,0.3739089369773865,0.7627511024475098,0.6099564433097839,0.0,0.03812557831406593,0.0,0.0,0.26327192783355713,0.0,0.0032443387899547815
36,N/A,N/A,N/A,N/A,N/A,N/A,N/A,N/A,N/A,N/A,N/A,N/A,N/A,N/A,N/A,N/A,N/A,N/A,N/A,N/A,N/A,N/A,N/A,N/A,N/A,N/A,N/A,N/A,N/A,N/A,N/A,N/A,N/A,N/A,N/A,N/A,N/A,N/A,N/A,N/A,N/A,N/A,N/A,N/A,N/A,N/A,N/A,N/A,N/A,N/A,N/A,N/A,N/A,N/A,N/A,N/A,N/A,N/A,N/A,N/A,N/A,N/A,N/A,N/A,N/A,N/A,N/A,N/A,N/A,N/A,N/A,N/A,N/A,N/A,N/A,N/A,N/A,N/A,N/A,N/A,N/A,N/A,N/A,N/A,N/A,N/A,N/A,N/A,N/A,N/A,N/A,N/A,N/A,N/A,N/A,N/A,N/A,N/A,N/A,N/A,N/A,N/A,N/A,N/A
37,N/A,N/A,N/A,N/A,N/A,N/A,N/A,N/A,N/A,N/A,N/A,N/A,N/A,N/A,N/A,N/A,N/A,N/A,N/A,N/A,N/A,N/A,N/A,N/A,N/A,N/A,N/A,N/A,N/A,N/A,N/A,N/A,N/A,N/A,N/A,N/A,N/A,N/A,N/A,N/A,N/A,N/A,N/A,N/A,N/A,N/A,N/A,N/A,N/A,N/A,N/A,N/A,N/A,N/A,N/A,N/A,N/A,N/A,N/A,N/A,N/A,N/A,N/A,N/A,N/A,N/A,N/A,N/A,N/A,N/A,N/A,N/A,N/A,N/A,N/A,N/A,N/A,N/A,N/A,N/A,N/A,N/A,N/A,N/A,N/A,N/A,N/A,N/A,N/A,N/A,N/A,N/A,N/A,N/A,N/A,N/A,N/A,N/A,N/A,N/A,N/A,N/A,N/A,N/A
38,N/A,N/A,N/A,N/A,N/A,N/A,N/A,N/A,N/A,N/A,N/A,N/A,N/A,N/A,N/A,N/A,N/A,N/A,N/A,N/A,N/A,N/A,N/A,N/A,N/A,N/A,N/A,N/A,N/A,N/A,N/A,N/A,N/A,N/A,N/A,N/A,N/A,N/A,N/A,N/A,N/A,N/A,N/A,N/A,N/A,N/A,N/A,N/A,N/A,N/A,N/A,N/A,N/A,N/A,N/A,N/A,N/A,N/A,N/A,N/A,N/A,N/A,N/A,N/A,N/A,N/A,N/A,N/A,N/A,N/A,N/A,N/A,N/A,N/A,N/A,N/A,N/A,N/A,N/A,N/A,N/A,N/A,N/A,N/A,N/A,N/A,N/A,N/A,N/A,N/A,N/A,N/A,N/A,N/A,N/A,N/A,N/A,N/A,N/A,N/A,N/A,N/A,N/A,N/A
39,N/A,N/A,N/A,N/A,N/A,N/A,N/A,N/A,N/A,N/A,N/A,N/A,N/A,N/A,N/A,N/A,N/A,N/A,N/A,N/A,N/A,N/A,N/A,N/A,N/A,N/A,N/A,N/A,N/A,N/A,N/A,N/A,N/A,N/A,N/A,N/A,N/A,N/A,N/A,N/A,N/A,N/A,N/A,N/A,N/A,N/A,N/A,N/A,N/A,N/A,N/A,N/A,N/A,N/A,N/A,N/A,N/A,N/A,N/A,N/A,N/A,N/A,N/A,N/A,N/A,N/A,N/A,N/A,N/A,N/A,N/A,N/A,N/A,N/A,N/A,N/A,N/A,N/A,N/A,N/A,N/A,N/A,N/A,N/A,N/A,N/A,N/A,N/A,N/A,N/A,N/A,N/A,N/A,N/A,N/A,N/A,N/A,N/A,N/A,N/A,N/A,N/A,N/A,N/A
40,0.7669368386268616,0.05680952966213226,0.0,0.5327603220939636,0.23487065732479095,0.4072021543979645,0.5695667266845703,0.0,0.43582671880722046,0.08275482058525085,0.44701895117759705,0.18739038705825806,0.3850993812084198,0.3318156599998474,0.3461011052131653,0.34826040267944336,0.14907322824001312,0.39337339997291565,0.2660634219646454,0.0,0.0,0.47180116176605225,0.3988496661186218,0.0,0.44036298990249634,0.4465698301792145,0.0,0.0,0.3917734920978546,0.6643718481063843,0.7606214284896851,0.43724119663238525,0.6613305807113647,0.5011352896690369,0.2205035239458084,0.49808695912361145,0.3374858796596527,0.6680127382278442,0.026140762493014336,0.5117106437683105,0.43127861618995667,0.584774374961853,0.6540100574493408,0.0,0.49034929275512695,0.43378567695617676,0.39778512716293335,0.12613517045974731,0.39988869428634644,0.2743198573589325,0.2041340470314026,0.2132636457681656,0.36262068152427673,0.37116798758506775,0.3311520218849182,0.5087294578552246,0.4938230514526367,0.357355535030365,0.5510386824607849,0.7544180750846863,0.0,0.3212001323699951,0.10932236909866333,0.009330986067652702,0.5771851539611816,0.5976141095161438,0.625133752822876,0.435025155544281,0.43425166606903076,0.009110670536756516,0.521894633769989,0.38166162371635437,0.5616891980171204,0.6701476573944092,0.0,0.17375822365283966,0.25559037923812866,0.12474521994590759,0.5175776481628418,0.43576255440711975,0.4593496322631836,0.46370959281921387,0.6010918021202087,0.010329675860702991,0.7032561898231506,0.6479853391647339,0.0,0.7902095317840576,0.6082741022109985,0.4571933448314667,0.47746506333351135,0.4129983186721802,0.43026232719421387,0.37067222595214844,0.3910519480705261,0.7551336884498596,0.6287277936935425,0.0,0.20895026624202728,0.0,0.0,0.2717134952545166,0.0,0.007046795450150967
41,N/A,N/A,N/A,N/A,N/A,N/A,N/A,N/A,N/A,N/A,N/A,N/A,N/A,N/A,N/A,N/A,N/A,N/A,N/A,N/A,N/A,N/A,N/A,N/A,N/A,N/A,N/A,N/A,N/A,N/A,N/A,N/A,N/A,N/A,N/A,N/A,N/A,N/A,N/A,N/A,N/A,N/A,N/A,N/A,N/A,N/A,N/A,N/A,N/A,N/A,N/A,N/A,N/A,N/A,N/A,N/A,N/A,N/A,N/A,N/A,N/A,N/A,N/A,N/A,N/A,N/A,N/A,N/A,N/A,N/A,N/A,N/A,N/A,N/A,N/A,N/A,N/A,N/A,N/A,N/A,N/A,N/A,N/A,N/A,N/A,N/A,N/A,N/A,N/A,N/A,N/A,N/A,N/A,N/A,N/A,N/A,N/A,N/A,N/A,N/A,N/A,N/A,N/A,N/A
42,N/A,N/A,N/A,N/A,N/A,N/A,N/A,N/A,N/A,N/A,N/A,N/A,N/A,N/A,N/A,N/A,N/A,N/A,N/A,N/A,N/A,N/A,N/A,N/A,N/A,N/A,N/A,N/A,N/A,N/A,N/A,N/A,N/A,N/A,N/A,N/A,N/A,N/A,N/A,N/A,N/A,N/A,N/A,N/A,N/A,N/A,N/A,N/A,N/A,N/A,N/A,N/A,N/A,N/A,N/A,N/A,N/A,N/A,N/A,N/A,N/A,N/A,N/A,N/A,N/A,N/A,N/A,N/A,N/A,N/A,N/A,N/A,N/A,N/A,N/A,N/A,N/A,N/A,N/A,N/A,N/A,N/A,N/A,N/A,N/A,N/A,N/A,N/A,N/A,N/A,N/A,N/A,N/A,N/A,N/A,N/A,N/A,N/A,N/A,N/A,N/A,N/A,N/A,N/A
43,N/A,N/A,N/A,N/A,N/A,N/A,N/A,N/A,N/A,N/A,N/A,N/A,N/A,N/A,N/A,N/A,N/A,N/A,N/A,N/A,N/A,N/A,N/A,N/A,N/A,N/A,N/A,N/A,N/A,N/A,N/A,N/A,N/A,N/A,N/A,N/A,N/A,N/A,N/A,N/A,N/A,N/A,N/A,N/A,N/A,N/A,N/A,N/A,N/A,N/A,N/A,N/A,N/A,N/A,N/A,N/A,N/A,N/A,N/A,N/A,N/A,N/A,N/A,N/A,N/A,N/A,N/A,N/A,N/A,N/A,N/A,N/A,N/A,N/A,N/A,N/A,N/A,N/A,N/A,N/A,N/A,N/A,N/A,N/A,N/A,N/A,N/A,N/A,N/A,N/A,N/A,N/A,N/A,N/A,N/A,N/A,N/A,N/A,N/A,N/A,N/A,N/A,N/A,N/A
44,N/A,N/A,N/A,N/A,N/A,N/A,N/A,N/A,N/A,N/A,N/A,N/A,N/A,N/A,N/A,N/A,N/A,N/A,N/A,N/A,N/A,N/A,N/A,N/A,N/A,N/A,N/A,N/A,N/A,N/A,N/A,N/A,N/A,N/A,N/A,N/A,N/A,N/A,N/A,N/A,N/A,N/A,N/A,N/A,N/A,N/A,N/A,N/A,N/A,N/A,N/A,N/A,N/A,N/A,N/A,N/A,N/A,N/A,N/A,N/A,N/A,N/A,N/A,N/A,N/A,N/A,N/A,N/A,N/A,N/A,N/A,N/A,N/A,N/A,N/A,N/A,N/A,N/A,N/A,N/A,N/A,N/A,N/A,N/A,N/A,N/A,N/A,N/A,N/A,N/A,N/A,N/A,N/A,N/A,N/A,N/A,N/A,N/A,N/A,N/A,N/A,N/A,N/A,N/A
45,0.8177849650382996,0.12304160743951797,0.0,0.530718982219696,0.22038422524929047,0.37116488814353943,0.6998170614242554,0.0,0.4187837243080139,0.11404828727245331,0.42737942934036255,0.27795034646987915,0.4301041066646576,0.45528632402420044,0.5076180696487427,0.4120829403400421,0.29279303550720215,0.37808531522750854,0.21611838042736053,0.0,0.0,0.4522995352745056,0.3644038140773773,0.0,0.5300732851028442,0.3976650834083557,0.0,0.00023039913503453135,0.31755897402763367,0.6692643165588379,0.6998392939567566,0.42782947421073914,0.6854308247566223,0.4782125651836395,0.2248198688030243,0.479270875453949,0.459048867225647,0.6747475266456604,0.07783611863851547,0.6532809138298035,0.46303790807724,0.6517212390899658,0.7371262311935425,0.0,0.5183515548706055,0.4373141825199127,0.4011681079864502,0.12113130837678909,0.3983292281627655,0.3054518401622772,0.21807338297367096,0.23340393602848053,0.38856810331344604,0.2670321762561798,0.34036245942115784,0.6501585245132446,0.5605401396751404,0.5397745370864868,0.5587152242660522,0.8023586869239807,0.0,0.28524020314216614,0.14667391777038574,0.0007695717504248023,0.5898635387420654,0.6041626930236816,0.6882112622261047,0.4060523509979248,0.41303104162216187,0.008352277800440788,0.5053815841674805,0.38180285692214966,0.5825100541114807,0.6922591924667358,0.0,0.024620218202471733,0.27415555715560913,0.14087779819965363,0.559760570526123,0.5538898706436157,0.4782947599887848,0.5008719563484192,0.5795263648033142,0.010497162118554115,0.7070384621620178,0.6248906850814819,0.0,0.7996881604194641,0.6524931192398071,0.46995189785957336,0.4453548789024353,0.394392728805542,0.49106523394584656,0.3735635578632355,0.40085092186927795,0.7810965180397034,0.6364933848381042,0.0,0.1957695037126541,0.0,0.0,0.22048419713974,4.6963865315774456e-05,0.019452426582574844
46,N/A,N/A,N/A,N/A,N/A,N/A,N/A,N/A,N/A,N/A,N/A,N/A,N/A,N/A,N/A,N/A,N/A,N/A,N/A,N/A,N/A,N/A,N/A,N/A,N/A,N/A,N/A,N/A,N/A,N/A,N/A,N/A,N/A,N/A,N/A,N/A,N/A,N/A,N/A,N/A,N/A,N/A,N/A,N/A,N/A,N/A,N/A,N/A,N/A,N/A,N/A,N/A,N/A,N/A,N/A,N/A,N/A,N/A,N/A,N/A,N/A,N/A,N/A,N/A,N/A,N/A,N/A,N/A,N/A,N/A,N/A,N/A,N/A,N/A,N/A,N/A,N/A,N/A,N/A,N/A,N/A,N/A,N/A,N/A,N/A,N/A,N/A,N/A,N/A,N/A,N/A,N/A,N/A,N/A,N/A,N/A,N/A,N/A,N/A,N/A,N/A,N/A,N/A,N/A
47,N/A,N/A,N/A,N/A,N/A,N/A,N/A,N/A,N/A,N/A,N/A,N/A,N/A,N/A,N/A,N/A,N/A,N/A,N/A,N/A,N/A,N/A,N/A,N/A,N/A,N/A,N/A,N/A,N/A,N/A,N/A,N/A,N/A,N/A,N/A,N/A,N/A,N/A,N/A,N/A,N/A,N/A,N/A,N/A,N/A,N/A,N/A,N/A,N/A,N/A,N/A,N/A,N/A,N/A,N/A,N/A,N/A,N/A,N/A,N/A,N/A,N/A,N/A,N/A,N/A,N/A,N/A,N/A,N/A,N/A,N/A,N/A,N/A,N/A,N/A,N/A,N/A,N/A,N/A,N/A,N/A,N/A,N/A,N/A,N/A,N/A,N/A,N/A,N/A,N/A,N/A,N/A,N/A,N/A,N/A,N/A,N/A,N/A,N/A,N/A,N/A,N/A,N/A,N/A
48,N/A,N/A,N/A,N/A,N/A,N/A,N/A,N/A,N/A,N/A,N/A,N/A,N/A,N/A,N/A,N/A,N/A,N/A,N/A,N/A,N/A,N/A,N/A,N/A,N/A,N/A,N/A,N/A,N/A,N/A,N/A,N/A,N/A,N/A,N/A,N/A,N/A,N/A,N/A,N/A,N/A,N/A,N/A,N/A,N/A,N/A,N/A,N/A,N/A,N/A,N/A,N/A,N/A,N/A,N/A,N/A,N/A,N/A,N/A,N/A,N/A,N/A,N/A,N/A,N/A,N/A,N/A,N/A,N/A,N/A,N/A,N/A,N/A,N/A,N/A,N/A,N/A,N/A,N/A,N/A,N/A,N/A,N/A,N/A,N/A,N/A,N/A,N/A,N/A,N/A,N/A,N/A,N/A,N/A,N/A,N/A,N/A,N/A,N/A,N/A,N/A,N/A,N/A,N/A
49,N/A,N/A,N/A,N/A,N/A,N/A,N/A,N/A,N/A,N/A,N/A,N/A,N/A,N/A,N/A,N/A,N/A,N/A,N/A,N/A,N/A,N/A,N/A,N/A,N/A,N/A,N/A,N/A,N/A,N/A,N/A,N/A,N/A,N/A,N/A,N/A,N/A,N/A,N/A,N/A,N/A,N/A,N/A,N/A,N/A,N/A,N/A,N/A,N/A,N/A,N/A,N/A,N/A,N/A,N/A,N/A,N/A,N/A,N/A,N/A,N/A,N/A,N/A,N/A,N/A,N/A,N/A,N/A,N/A,N/A,N/A,N/A,N/A,N/A,N/A,N/A,N/A,N/A,N/A,N/A,N/A,N/A,N/A,N/A,N/A,N/A,N/A,N/A,N/A,N/A,N/A,N/A,N/A,N/A,N/A,N/A,N/A,N/A,N/A,N/A,N/A,N/A,N/A,N/A
50,0.834996223449707,0.19251742959022522,0.0,0.5683150291442871,0.1893896907567978,0.4493349492549896,0.6985081434249878,0.0,0.4649621546268463,0.07361000031232834,0.44143441319465637,0.20584335923194885,0.3989464044570923,0.44557985663414,0.4288579225540161,0.38708701729774475,0.07250399887561798,0.399269163608551,0.19896787405014038,0.0,0.0,0.4599866271018982,0.39557915925979614,0.0,0.5407472252845764,0.4297032654285431,0.0,0.00040553754661232233,0.39365649223327637,0.697476327419281,0.7115786075592041,0.4036337733268738,0.70182204246521,0.4876972436904907,0.11549201607704163,0.5017298460006714,0.36726266145706177,0.681337296962738,0.14145484566688538,0.7075891494750977,0.398416668176651,0.6409541964530945,0.7377898097038269,0.0,0.5172368288040161,0.461248517036438,0.42364227771759033,0.1313645839691162,0.41329607367515564,0.3066292405128479,0.2348507046699524,0.10971732437610626,0.40136176347732544,0.3120495676994324,0.3176806569099426,0.6773514747619629,0.5674771666526794,0.47544071078300476,0.5464324355125427,0.7849765419960022,0.0,0.33191919326782227,0.03001587837934494,0.0,0.656926155090332,0.6243628263473511,0.698782742023468,0.408462256193161,0.4490704834461212,0.004831720609217882,0.5179245471954346,0.22618915140628815,0.6185806393623352,0.6838032603263855,0.0,0.0376998707652092,0.2762136459350586,0.0762988030910492,0.4438497722148895,0.5769606828689575,0.4825662672519684,0.3920579254627228,0.6250168681144714,0.004128041677176952,0.7250504493713379,0.68342524766922,0.0,0.8279867768287659,0.6564424633979797,0.4577711224555969,0.4574994742870331,0.4444606304168701,0.42899537086486816,0.34114813804626465,0.4309929311275482,0.7770597338676453,0.6773859858512878,0.0,0.1533096581697464,0.0,0.0,0.2754371464252472,0.0,0.015105717815458775
51,N/A,N/A,N/A,N/A,N/A,N/A,N/A,N/A,N/A,N/A,N/A,N/A,N/A,N/A,N/A,N/A,N/A,N/A,N/A,N/A,N/A,N/A,N/A,N/A,N/A,N/A,N/A,N/A,N/A,N/A,N/A,N/A,N/A,N/A,N/A,N/A,N/A,N/A,N/A,N/A,N/A,N/A,N/A,N/A,N/A,N/A,N/A,N/A,N/A,N/A,N/A,N/A,N/A,N/A,N/A,N/A,N/A,N/A,N/A,N/A,N/A,N/A,N/A,N/A,N/A,N/A,N/A,N/A,N/A,N/A,N/A,N/A,N/A,N/A,N/A,N/A,N/A,N/A,N/A,N/A,N/A,N/A,N/A,N/A,N/A,N/A,N/A,N/A,N/A,N/A,N/A,N/A,N/A,N/A,N/A,N/A,N/A,N/A,N/A,N/A,N/A,N/A,N/A,N/A
52,N/A,N/A,N/A,N/A,N/A,N/A,N/A,N/A,N/A,N/A,N/A,N/A,N/A,N/A,N/A,N/A,N/A,N/A,N/A,N/A,N/A,N/A,N/A,N/A,N/A,N/A,N/A,N/A,N/A,N/A,N/A,N/A,N/A,N/A,N/A,N/A,N/A,N/A,N/A,N/A,N/A,N/A,N/A,N/A,N/A,N/A,N/A,N/A,N/A,N/A,N/A,N/A,N/A,N/A,N/A,N/A,N/A,N/A,N/A,N/A,N/A,N/A,N/A,N/A,N/A,N/A,N/A,N/A,N/A,N/A,N/A,N/A,N/A,N/A,N/A,N/A,N/A,N/A,N/A,N/A,N/A,N/A,N/A,N/A,N/A,N/A,N/A,N/A,N/A,N/A,N/A,N/A,N/A,N/A,N/A,N/A,N/A,N/A,N/A,N/A,N/A,N/A,N/A,N/A
53,N/A,N/A,N/A,N/A,N/A,N/A,N/A,N/A,N/A,N/A,N/A,N/A,N/A,N/A,N/A,N/A,N/A,N/A,N/A,N/A,N/A,N/A,N/A,N/A,N/A,N/A,N/A,N/A,N/A,N/A,N/A,N/A,N/A,N/A,N/A,N/A,N/A,N/A,N/A,N/A,N/A,N/A,N/A,N/A,N/A,N/A,N/A,N/A,N/A,N/A,N/A,N/A,N/A,N/A,N/A,N/A,N/A,N/A,N/A,N/A,N/A,N/A,N/A,N/A,N/A,N/A,N/A,N/A,N/A,N/A,N/A,N/A,N/A,N/A,N/A,N/A,N/A,N/A,N/A,N/A,N/A,N/A,N/A,N/A,N/A,N/A,N/A,N/A,N/A,N/A,N/A,N/A,N/A,N/A,N/A,N/A,N/A,N/A,N/A,N/A,N/A,N/A,N/A,N/A
54,N/A,N/A,N/A,N/A,N/A,N/A,N/A,N/A,N/A,N/A,N/A,N/A,N/A,N/A,N/A,N/A,N/A,N/A,N/A,N/A,N/A,N/A,N/A,N/A,N/A,N/A,N/A,N/A,N/A,N/A,N/A,N/A,N/A,N/A,N/A,N/A,N/A,N/A,N/A,N/A,N/A,N/A,N/A,N/A,N/A,N/A,N/A,N/A,N/A,N/A,N/A,N/A,N/A,N/A,N/A,N/A,N/A,N/A,N/A,N/A,N/A,N/A,N/A,N/A,N/A,N/A,N/A,N/A,N/A,N/A,N/A,N/A,N/A,N/A,N/A,N/A,N/A,N/A,N/A,N/A,N/A,N/A,N/A,N/A,N/A,N/A,N/A,N/A,N/A,N/A,N/A,N/A,N/A,N/A,N/A,N/A,N/A,N/A,N/A,N/A,N/A,N/A,N/A,N/A
55,0.7715089321136475,0.3215424418449402,0.0,0.5506510138511658,0.20751865208148956,0.46621277928352356,0.6071164011955261,0.0,0.38299882411956787,0.06807803362607956,0.44500577449798584,0.17889149487018585,0.4120151400566101,0.3777119517326355,0.46401679515838623,0.3184760510921478,0.1401985138654709,0.4077686369419098,0.1967274248600006,4.391224138089456e-05,0.0,0.4318910539150238,0.4163668751716614,0.0,0.4231933057308197,0.4006616473197937,0.0,0.02322581596672535,0.3618788719177246,0.6190283298492432,0.7105295062065125,0.4228329360485077,0.6487138271331787,0.484326034784317,0.21566368639469147,0.5482209324836731,0.3860178589820862,0.6386268138885498,0.12745323777198792,0.4655206799507141,0.4036996066570282,0.634790301322937,0.6681079268455505,0.0,0.5115968585014343,0.4226446747779846,0.4241216778755188,0.16433197259902954,0.42394667863845825,0.3067184090614319,0.238973930478096,0.27317503094673157,0.3589088022708893,0.40327543020248413,0.34048473834991455,0.5888068675994873,0.5835937857627869,0.4481653571128845,0.5589704513549805,0.7839006185531616,0.0,0.27294591069221497,0.11801066994667053,0.1315775364637375,0.5802468061447144,0.581905722618103,0.650658369064331,0.3797932267189026,0.36716505885124207,0.049459878355264664,0.5135351419448853,0.5149437785148621,0.5867655277252197,0.6842483282089233,0.0,0.277962327003479,0.2735005021095276,0.10741080343723297,0.5960107445716858,0.4560384452342987,0.4673851728439331,0.43328505754470825,0.5328649282455444,0.09239044040441513,0.7245902419090271,0.6634607911109924,0.0,0.8013671636581421,0.5130399465560913,0.46716809272766113,0.4803194999694824,0.4443162977695465,0.5593502521514893,0.39482027292251587,0.40885359048843384,0.7573664784431458,0.6143648624420166,0.0,0.17048420011997223,0.007593323942273855,0.0,0.2297619730234146,0.0,0.017510611563920975
56,N/A,N/A,N/A,N/A,N/A,N/A,N/A,N/A,N/A,N/A,N/A,N/A,N/A,N/A,N/A,N/A,N/A,N/A,N/A,N/A,N/A,N/A,N/A,N/A,N/A,N/A,N/A,N/A,N/A,N/A,N/A,N/A,N/A,N/A,N/A,N/A,N/A,N/A,N/A,N/A,N/A,N/A,N/A,N/A,N/A,N/A,N/A,N/A,N/A,N/A,N/A,N/A,N/A,N/A,N/A,N/A,N/A,N/A,N/A,N/A,N/A,N/A,N/A,N/A,N/A,N/A,N/A,N/A,N/A,N/A,N/A,N/A,N/A,N/A,N/A,N/A,N/A,N/A,N/A,N/A,N/A,N/A,N/A,N/A,N/A,N/A,N/A,N/A,N/A,N/A,N/A,N/A,N/A,N/A,N/A,N/A,N/A,N/A,N/A,N/A,N/A,N/A,N/A,N/A
57,N/A,N/A,N/A,N/A,N/A,N/A,N/A,N/A,N/A,N/A,N/A,N/A,N/A,N/A,N/A,N/A,N/A,N/A,N/A,N/A,N/A,N/A,N/A,N/A,N/A,N/A,N/A,N/A,N/A,N/A,N/A,N/A,N/A,N/A,N/A,N/A,N/A,N/A,N/A,N/A,N/A,N/A,N/A,N/A,N/A,N/A,N/A,N/A,N/A,N/A,N/A,N/A,N/A,N/A,N/A,N/A,N/A,N/A,N/A,N/A,N/A,N/A,N/A,N/A,N/A,N/A,N/A,N/A,N/A,N/A,N/A,N/A,N/A,N/A,N/A,N/A,N/A,N/A,N/A,N/A,N/A,N/A,N/A,N/A,N/A,N/A,N/A,N/A,N/A,N/A,N/A,N/A,N/A,N/A,N/A,N/A,N/A,N/A,N/A,N/A,N/A,N/A,N/A,N/A
58,N/A,N/A,N/A,N/A,N/A,N/A,N/A,N/A,N/A,N/A,N/A,N/A,N/A,N/A,N/A,N/A,N/A,N/A,N/A,N/A,N/A,N/A,N/A,N/A,N/A,N/A,N/A,N/A,N/A,N/A,N/A,N/A,N/A,N/A,N/A,N/A,N/A,N/A,N/A,N/A,N/A,N/A,N/A,N/A,N/A,N/A,N/A,N/A,N/A,N/A,N/A,N/A,N/A,N/A,N/A,N/A,N/A,N/A,N/A,N/A,N/A,N/A,N/A,N/A,N/A,N/A,N/A,N/A,N/A,N/A,N/A,N/A,N/A,N/A,N/A,N/A,N/A,N/A,N/A,N/A,N/A,N/A,N/A,N/A,N/A,N/A,N/A,N/A,N/A,N/A,N/A,N/A,N/A,N/A,N/A,N/A,N/A,N/A,N/A,N/A,N/A,N/A,N/A,N/A
59,N/A,N/A,N/A,N/A,N/A,N/A,N/A,N/A,N/A,N/A,N/A,N/A,N/A,N/A,N/A,N/A,N/A,N/A,N/A,N/A,N/A,N/A,N/A,N/A,N/A,N/A,N/A,N/A,N/A,N/A,N/A,N/A,N/A,N/A,N/A,N/A,N/A,N/A,N/A,N/A,N/A,N/A,N/A,N/A,N/A,N/A,N/A,N/A,N/A,N/A,N/A,N/A,N/A,N/A,N/A,N/A,N/A,N/A,N/A,N/A,N/A,N/A,N/A,N/A,N/A,N/A,N/A,N/A,N/A,N/A,N/A,N/A,N/A,N/A,N/A,N/A,N/A,N/A,N/A,N/A,N/A,N/A,N/A,N/A,N/A,N/A,N/A,N/A,N/A,N/A,N/A,N/A,N/A,N/A,N/A,N/A,N/A,N/A,N/A,N/A,N/A,N/A,N/A,N/A
60,0.8297436237335205,0.3398459553718567,0.0,0.5724427700042725,0.1924706995487213,0.47088658809661865,0.6267441511154175,0.0,0.4457836151123047,0.1165667176246643,0.46117541193962097,0.21844059228897095,0.44582995772361755,0.4413178861141205,0.4630628228187561,0.41149041056632996,0.20849119126796722,0.41580504179000854,0.25403279066085815,0.001919275731779635,0.0,0.4451570212841034,0.4159955382347107,0.0,0.4861961305141449,0.43852469325065613,0.0,0.01968380995094776,0.3838924169540405,0.6896350979804993,0.7705667614936829,0.41211193799972534,0.6698487401008606,0.49058040976524353,0.20777802169322968,0.4937744736671448,0.48502117395401,0.6859121918678284,0.1420963555574417,0.6160700917243958,0.4228648543357849,0.5908456444740295,0.701026439666748,0.0,0.562800407409668,0.49513083696365356,0.42186278104782104,0.1405484527349472,0.4250953495502472,0.3089100420475006,0.2106216996908188,0.30260899662971497,0.392110139131546,0.41142624616622925,0.3526025414466858,0.5903610587120056,0.5281333923339844,0.46759146451950073,0.5648124814033508,0.775334358215332,0.0,0.3387870490550995,0.08201315253973007,0.06576293706893921,0.6023196578025818,0.6061251163482666,0.6835811734199524,0.4471082389354706,0.4017914831638336,0.041550248861312866,0.5043097734451294,0.46648702025413513,0.6186843514442444,0.6911141276359558,0.0,0.30259037017822266,0.28122517466545105,0.20216159522533417,0.4809458553791046,0.4867847263813019,0.4594748616218567,0.43938472867012024,0.603569746017456,0.1032758504152298,0.7334558367729187,0.6701788306236267,0.0,0.8026243448257446,0.5841458439826965,0.47747594118118286,0.47809287905693054,0.36735230684280396,0.5303952693939209,0.39380496740341187,0.42683055996894836,0.7456789612770081,0.6378806233406067,0.0,0.22560587525367737,0.06853105872869492,0.0,0.2400517761707306,0.022136932238936424,0.0180694367736578
61,N/A,N/A,N/A,N/A,N/A,N/A,N/A,N/A,N/A,N/A,N/A,N/A,N/A,N/A,N/A,N/A,N/A,N/A,N/A,N/A,N/A,N/A,N/A,N/A,N/A,N/A,N/A,N/A,N/A,N/A,N/A,N/A,N/A,N/A,N/A,N/A,N/A,N/A,N/A,N/A,N/A,N/A,N/A,N/A,N/A,N/A,N/A,N/A,N/A,N/A,N/A,N/A,N/A,N/A,N/A,N/A,N/A,N/A,N/A,N/A,N/A,N/A,N/A,N/A,N/A,N/A,N/A,N/A,N/A,N/A,N/A,N/A,N/A,N/A,N/A,N/A,N/A,N/A,N/A,N/A,N/A,N/A,N/A,N/A,N/A,N/A,N/A,N/A,N/A,N/A,N/A,N/A,N/A,N/A,N/A,N/A,N/A,N/A,N/A,N/A,N/A,N/A,N/A,N/A
62,N/A,N/A,N/A,N/A,N/A,N/A,N/A,N/A,N/A,N/A,N/A,N/A,N/A,N/A,N/A,N/A,N/A,N/A,N/A,N/A,N/A,N/A,N/A,N/A,N/A,N/A,N/A,N/A,N/A,N/A,N/A,N/A,N/A,N/A,N/A,N/A,N/A,N/A,N/A,N/A,N/A,N/A,N/A,N/A,N/A,N/A,N/A,N/A,N/A,N/A,N/A,N/A,N/A,N/A,N/A,N/A,N/A,N/A,N/A,N/A,N/A,N/A,N/A,N/A,N/A,N/A,N/A,N/A,N/A,N/A,N/A,N/A,N/A,N/A,N/A,N/A,N/A,N/A,N/A,N/A,N/A,N/A,N/A,N/A,N/A,N/A,N/A,N/A,N/A,N/A,N/A,N/A,N/A,N/A,N/A,N/A,N/A,N/A,N/A,N/A,N/A,N/A,N/A,N/A
63,N/A,N/A,N/A,N/A,N/A,N/A,N/A,N/A,N/A,N/A,N/A,N/A,N/A,N/A,N/A,N/A,N/A,N/A,N/A,N/A,N/A,N/A,N/A,N/A,N/A,N/A,N/A,N/A,N/A,N/A,N/A,N/A,N/A,N/A,N/A,N/A,N/A,N/A,N/A,N/A,N/A,N/A,N/A,N/A,N/A,N/A,N/A,N/A,N/A,N/A,N/A,N/A,N/A,N/A,N/A,N/A,N/A,N/A,N/A,N/A,N/A,N/A,N/A,N/A,N/A,N/A,N/A,N/A,N/A,N/A,N/A,N/A,N/A,N/A,N/A,N/A,N/A,N/A,N/A,N/A,N/A,N/A,N/A,N/A,N/A,N/A,N/A,N/A,N/A,N/A,N/A,N/A,N/A,N/A,N/A,N/A,N/A,N/A,N/A,N/A,N/A,N/A,N/A,N/A
64,N/A,N/A,N/A,N/A,N/A,N/A,N/A,N/A,N/A,N/A,N/A,N/A,N/A,N/A,N/A,N/A,N/A,N/A,N/A,N/A,N/A,N/A,N/A,N/A,N/A,N/A,N/A,N/A,N/A,N/A,N/A,N/A,N/A,N/A,N/A,N/A,N/A,N/A,N/A,N/A,N/A,N/A,N/A,N/A,N/A,N/A,N/A,N/A,N/A,N/A,N/A,N/A,N/A,N/A,N/A,N/A,N/A,N/A,N/A,N/A,N/A,N/A,N/A,N/A,N/A,N/A,N/A,N/A,N/A,N/A,N/A,N/A,N/A,N/A,N/A,N/A,N/A,N/A,N/A,N/A,N/A,N/A,N/A,N/A,N/A,N/A,N/A,N/A,N/A,N/A,N/A,N/A,N/A,N/A,N/A,N/A,N/A,N/A,N/A,N/A,N/A,N/A,N/A,N/A
65,0.7763379216194153,0.24068962037563324,0.0,0.5826996564865112,0.11911620944738388,0.4729827046394348,0.7366562485694885,0.0,0.3978424668312073,0.09395138174295425,0.3965648412704468,0.21840187907218933,0.4318615794181824,0.3962366580963135,0.4612686038017273,0.3969251811504364,0.17793257534503937,0.3507991135120392,0.14329996705055237,0.0,0.0,0.40134936571121216,0.37263283133506775,0.0,0.5396012663841248,0.362851619720459,0.0,0.0,0.33599764108657837,0.6590978503227234,0.7294358015060425,0.36990854144096375,0.65655916929245,0.42955198884010315,0.08947610855102539,0.25254929065704346,0.5052964091300964,0.6802417039871216,0.20824214816093445,0.6919423341751099,0.4347597360610962,0.6637297868728638,0.7573649287223816,0.0,0.5124135613441467,0.42649683356285095,0.40085524320602417,0.1852707713842392,0.38605472445487976,0.31412750482559204,0.20530211925506592,0.2681034505367279,0.3874208629131317,0.39771750569343567,0.2962293326854706,0.6968106031417847,0.5829382538795471,0.4235312044620514,0.5328173041343689,0.7930522561073303,0.0,0.2713484764099121,0.10765184462070465,0.057236503809690475,0.5146805644035339,0.5829208493232727,0.6905356049537659,0.3819331228733063,0.37260252237319946,0.012480467557907104,0.5037629008293152,0.12800787389278412,0.6044830083847046,0.5980415344238281,0.0,0.2069103717803955,0.2531973421573639,0.10627337545156479,0.6232793927192688,0.39012736082077026,0.4935343861579895,0.3571513593196869,0.5214717388153076,0.013211308047175407,0.7101681232452393,0.6698362231254578,0.0,0.8223519921302795,0.5921267867088318,0.4965771734714508,0.45852139592170715,0.46952733397483826,0.4184513986110687,0.30648016929626465,0.3916729986667633,0.7599679827690125,0.6561385989189148,0.0,0.21418461203575134,0.0,0.0,0.2133178859949112,0.0,0.019223155453801155
66,N/A,N/A,N/A,N/A,N/A,N/A,N/A,N/A,N/A,N/A,N/A,N/A,N/A,N/A,N/A,N/A,N/A,N/A,N/A,N/A,N/A,N/A,N/A,N/A,N/A,N/A,N/A,N/A,N/A,N/A,N/A,N/A,N/A,N/A,N/A,N/A,N/A,N/A,N/A,N/A,N/A,N/A,N/A,N/A,N/A,N/A,N/A,N/A,N/A,N/A,N/A,N/A,N/A,N/A,N/A,N/A,N/A,N/A,N/A,N/A,N/A,N/A,N/A,N/A,N/A,N/A,N/A,N/A,N/A,N/A,N/A,N/A,N/A,N/A,N/A,N/A,N/A,N/A,N/A,N/A,N/A,N/A,N/A,N/A,N/A,N/A,N/A,N/A,N/A,N/A,N/A,N/A,N/A,N/A,N/A,N/A,N/A,N/A,N/A,N/A,N/A,N/A,N/A,N/A
67,N/A,N/A,N/A,N/A,N/A,N/A,N/A,N/A,N/A,N/A,N/A,N/A,N/A,N/A,N/A,N/A,N/A,N/A,N/A,N/A,N/A,N/A,N/A,N/A,N/A,N/A,N/A,N/A,N/A,N/A,N/A,N/A,N/A,N/A,N/A,N/A,N/A,N/A,N/A,N/A,N/A,N/A,N/A,N/A,N/A,N/A,N/A,N/A,N/A,N/A,N/A,N/A,N/A,N/A,N/A,N/A,N/A,N/A,N/A,N/A,N/A,N/A,N/A,N/A,N/A,N/A,N/A,N/A,N/A,N/A,N/A,N/A,N/A,N/A,N/A,N/A,N/A,N/A,N/A,N/A,N/A,N/A,N/A,N/A,N/A,N/A,N/A,N/A,N/A,N/A,N/A,N/A,N/A,N/A,N/A,N/A,N/A,N/A,N/A,N/A,N/A,N/A,N/A,N/A
68,N/A,N/A,N/A,N/A,N/A,N/A,N/A,N/A,N/A,N/A,N/A,N/A,N/A,N/A,N/A,N/A,N/A,N/A,N/A,N/A,N/A,N/A,N/A,N/A,N/A,N/A,N/A,N/A,N/A,N/A,N/A,N/A,N/A,N/A,N/A,N/A,N/A,N/A,N/A,N/A,N/A,N/A,N/A,N/A,N/A,N/A,N/A,N/A,N/A,N/A,N/A,N/A,N/A,N/A,N/A,N/A,N/A,N/A,N/A,N/A,N/A,N/A,N/A,N/A,N/A,N/A,N/A,N/A,N/A,N/A,N/A,N/A,N/A,N/A,N/A,N/A,N/A,N/A,N/A,N/A,N/A,N/A,N/A,N/A,N/A,N/A,N/A,N/A,N/A,N/A,N/A,N/A,N/A,N/A,N/A,N/A,N/A,N/A,N/A,N/A,N/A,N/A,N/A,N/A
69,N/A,N/A,N/A,N/A,N/A,N/A,N/A,N/A,N/A,N/A,N/A,N/A,N/A,N/A,N/A,N/A,N/A,N/A,N/A,N/A,N/A,N/A,N/A,N/A,N/A,N/A,N/A,N/A,N/A,N/A,N/A,N/A,N/A,N/A,N/A,N/A,N/A,N/A,N/A,N/A,N/A,N/A,N/A,N/A,N/A,N/A,N/A,N/A,N/A,N/A,N/A,N/A,N/A,N/A,N/A,N/A,N/A,N/A,N/A,N/A,N/A,N/A,N/A,N/A,N/A,N/A,N/A,N/A,N/A,N/A,N/A,N/A,N/A,N/A,N/A,N/A,N/A,N/A,N/A,N/A,N/A,N/A,N/A,N/A,N/A,N/A,N/A,N/A,N/A,N/A,N/A,N/A,N/A,N/A,N/A,N/A,N/A,N/A,N/A,N/A,N/A,N/A,N/A,N/A
70,0.8119727373123169,0.3716743290424347,0.0,0.5645288825035095,0.19929055869579315,0.44856810569763184,0.6692451238632202,0.0,0.4568869471549988,0.10935243964195251,0.43205660581588745,0.20952703058719635,0.3994866907596588,0.39459919929504395,0.45006993412971497,0.42322853207588196,0.24981282651424408,0.4576531648635864,0.3385438621044159,0.14538131654262543,0.0,0.45636990666389465,0.44828957319259644,0.00146969105117023,0.5004265904426575,0.4085528254508972,0.0,0.0077331047505140305,0.401329904794693,0.6584069728851318,0.7597950100898743,0.4233454763889313,0.6530534029006958,0.5051625370979309,0.25179144740104675,0.5327573418617249,0.5037052035331726,0.6702158451080322,0.21240852773189545,0.6319183111190796,0.4392731487751007,0.5931102633476257,0.7636078000068665,0.0,0.5218492150306702,0.5101431608200073,0.40940091013908386,0.1666327863931656,0.44052109122276306,0.30750373005867004,0.20206867158412933,0.24647648632526398,0.4039047062397003,0.3701823055744171,0.33707088232040405,0.6371824741363525,0.5956364870071411,0.44602295756340027,0.5713260769844055,0.8022467494010925,0.0,0.31404921412467957,0.1479530781507492,0.08358468860387802,0.6299183368682861,0.6140016317367554,0.6860653758049011,0.4166836142539978,0.35200124979019165,0.029144469648599625,0.5400980710983276,0.5519282221794128,0.590054988861084,0.6991173624992371,0.0,0.4526556432247162,0.30622220039367676,0.25025254487991333,0.6102650165557861,0.5410836935043335,0.48643121123313904,0.4806806147098541,0.6037934422492981,0.07397105544805527,0.7051094174385071,0.6952913999557495,0.0,0.8265343308448792,0.5816787481307983,0.4824555218219757,0.4515863060951233,0.45844537019729614,0.5829440951347351,0.38174644112586975,0.39743855595588684,0.7627020478248596,0.6100600957870483,0.0,0.21153931319713593,0.10385419428348541,0.0,0.21265073120594025,0.0001161148538812995,0.027814717963337898
71,N/A,N/A,N/A,N/A,N/A,N/A,N/A,N/A,N/A,N/A,N/A,N/A,N/A,N/A,N/A,N/A,N/A,N/A,N/A,N/A,N/A,N/A,N/A,N/A,N/A,N/A,N/A,N/A,N/A,N/A,N/A,N/A,N/A,N/A,N/A,N/A,N/A,N/A,N/A,N/A,N/A,N/A,N/A,N/A,N/A,N/A,N/A,N/A,N/A,N/A,N/A,N/A,N/A,N/A,N/A,N/A,N/A,N/A,N/A,N/A,N/A,N/A,N/A,N/A,N/A,N/A,N/A,N/A,N/A,N/A,N/A,N/A,N/A,N/A,N/A,N/A,N/A,N/A,N/A,N/A,N/A,N/A,N/A,N/A,N/A,N/A,N/A,N/A,N/A,N/A,N/A,N/A,N/A,N/A,N/A,N/A,N/A,N/A,N/A,N/A,N/A,N/A,N/A,N/A
72,N/A,N/A,N/A,N/A,N/A,N/A,N/A,N/A,N/A,N/A,N/A,N/A,N/A,N/A,N/A,N/A,N/A,N/A,N/A,N/A,N/A,N/A,N/A,N/A,N/A,N/A,N/A,N/A,N/A,N/A,N/A,N/A,N/A,N/A,N/A,N/A,N/A,N/A,N/A,N/A,N/A,N/A,N/A,N/A,N/A,N/A,N/A,N/A,N/A,N/A,N/A,N/A,N/A,N/A,N/A,N/A,N/A,N/A,N/A,N/A,N/A,N/A,N/A,N/A,N/A,N/A,N/A,N/A,N/A,N/A,N/A,N/A,N/A,N/A,N/A,N/A,N/A,N/A,N/A,N/A,N/A,N/A,N/A,N/A,N/A,N/A,N/A,N/A,N/A,N/A,N/A,N/A,N/A,N/A,N/A,N/A,N/A,N/A,N/A,N/A,N/A,N/A,N/A,N/A
73,N/A,N/A,N/A,N/A,N/A,N/A,N/A,N/A,N/A,N/A,N/A,N/A,N/A,N/A,N/A,N/A,N/A,N/A,N/A,N/A,N/A,N/A,N/A,N/A,N/A,N/A,N/A,N/A,N/A,N/A,N/A,N/A,N/A,N/A,N/A,N/A,N/A,N/A,N/A,N/A,N/A,N/A,N/A,N/A,N/A,N/A,N/A,N/A,N/A,N/A,N/A,N/A,N/A,N/A,N/A,N/A,N/A,N/A,N/A,N/A,N/A,N/A,N/A,N/A,N/A,N/A,N/A,N/A,N/A,N/A,N/A,N/A,N/A,N/A,N/A,N/A,N/A,N/A,N/A,N/A,N/A,N/A,N/A,N/A,N/A,N/A,N/A,N/A,N/A,N/A,N/A,N/A,N/A,N/A,N/A,N/A,N/A,N/A,N/A,N/A,N/A,N/A,N/A,N/A
74,N/A,N/A,N/A,N/A,N/A,N/A,N/A,N/A,N/A,N/A,N/A,N/A,N/A,N/A,N/A,N/A,N/A,N/A,N/A,N/A,N/A,N/A,N/A,N/A,N/A,N/A,N/A,N/A,N/A,N/A,N/A,N/A,N/A,N/A,N/A,N/A,N/A,N/A,N/A,N/A,N/A,N/A,N/A,N/A,N/A,N/A,N/A,N/A,N/A,N/A,N/A,N/A,N/A,N/A,N/A,N/A,N/A,N/A,N/A,N/A,N/A,N/A,N/A,N/A,N/A,N/A,N/A,N/A,N/A,N/A,N/A,N/A,N/A,N/A,N/A,N/A,N/A,N/A,N/A,N/A,N/A,N/A,N/A,N/A,N/A,N/A,N/A,N/A,N/A,N/A,N/A,N/A,N/A,N/A,N/A,N/A,N/A,N/A,N/A,N/A,N/A,N/A,N/A,N/A
75,0.7910072803497314,0.42745181918144226,0.0,0.5441747307777405,0.23977914452552795,0.513704776763916,0.6546590924263,0.0,0.4554336667060852,0.1250927746295929,0.4335126280784607,0.21168574690818787,0.34278276562690735,0.3954882323741913,0.4234471023082733,0.30771830677986145,0.23815859854221344,0.4488424062728882,0.35852789878845215,0.0723559781908989,0.00014816470502410084,0.5030534267425537,0.3944547474384308,0.000319309183396399,0.5244581699371338,0.408437579870224,0.0,0.00025003086193464696,0.4262085556983948,0.4982547163963318,0.7361803650856018,0.43302395939826965,0.674828827381134,0.503503143787384,0.19461165368556976,0.5069397687911987,0.4804588258266449,0.6599805951118469,0.14959654211997986,0.6854315400123596,0.37400445342063904,0.6083530783653259,0.6230742931365967,0.0002986593754030764,0.4986540675163269,0.42405471205711365,0.413687527179718,0.18845845758914948,0.41648778319358826,0.3079252243041992,0.20900824666023254,0.26568883657455444,0.3996216058731079,0.3911219537258148,0.3366504907608032,0.5773678421974182,0.5700026154518127,0.4127563536167145,0.5742838382720947,0.7871406078338623,0.0,0.3277955651283264,0.11089026927947998,0.29439735412597656,0.578056275844574,0.5807023644447327,0.6853903532028198,0.43976739048957825,0.33984071016311646,0.06406570971012115,0.5150631070137024,0.49820178747177124,0.5865476131439209,0.6943600177764893,0.0,0.3692283630371094,0.3210889995098114,0.20509856939315796,0.6141114830970764,0.45389142632484436,0.49561747908592224,0.4246836304664612,0.5743116140365601,0.1102486327290535,0.7149940133094788,0.7053477168083191,0.0,0.7990676164627075,0.5732656717300415,0.4847792983055115,0.48098224401474,0.4470295310020447,0.5312276482582092,0.39990830421447754,0.4198111891746521,0.7642666101455688,0.6621482968330383,0.0,0.21556098759174347,0.18131588399410248,0.0,0.21478581428527832,0.033226378262043,0.026072613894939423
76,N/A,N/A,N/A,N/A,N/A,N/A,N/A,N/A,N/A,N/A,N/A,N/A,N/A,N/A,N/A,N/A,N/A,N/A,N/A,N/A,N/A,N/A,N/A,N/A,N/A,N/A,N/A,N/A,N/A,N/A,N/A,N/A,N/A,N/A,N/A,N/A,N/A,N/A,N/A,N/A,N/A,N/A,N/A,N/A,N/A,N/A,N/A,N/A,N/A,N/A,N/A,N/A,N/A,N/A,N/A,N/A,N/A,N/A,N/A,N/A,N/A,N/A,N/A,N/A,N/A,N/A,N/A,N/A,N/A,N/A,N/A,N/A,N/A,N/A,N/A,N/A,N/A,N/A,N/A,N/A,N/A,N/A,N/A,N/A,N/A,N/A,N/A,N/A,N/A,N/A,N/A,N/A,N/A,N/A,N/A,N/A,N/A,N/A,N/A,N/A,N/A,N/A,N/A,N/A
77,N/A,N/A,N/A,N/A,N/A,N/A,N/A,N/A,N/A,N/A,N/A,N/A,N/A,N/A,N/A,N/A,N/A,N/A,N/A,N/A,N/A,N/A,N/A,N/A,N/A,N/A,N/A,N/A,N/A,N/A,N/A,N/A,N/A,N/A,N/A,N/A,N/A,N/A,N/A,N/A,N/A,N/A,N/A,N/A,N/A,N/A,N/A,N/A,N/A,N/A,N/A,N/A,N/A,N/A,N/A,N/A,N/A,N/A,N/A,N/A,N/A,N/A,N/A,N/A,N/A,N/A,N/A,N/A,N/A,N/A,N/A,N/A,N/A,N/A,N/A,N/A,N/A,N/A,N/A,N/A,N/A,N/A,N/A,N/A,N/A,N/A,N/A,N/A,N/A,N/A,N/A,N/A,N/A,N/A,N/A,N/A,N/A,N/A,N/A,N/A,N/A,N/A,N/A,N/A
78,N/A,N/A,N/A,N/A,N/A,N/A,N/A,N/A,N/A,N/A,N/A,N/A,N/A,N/A,N/A,N/A,N/A,N/A,N/A,N/A,N/A,N/A,N/A,N/A,N/A,N/A,N/A,N/A,N/A,N/A,N/A,N/A,N/A,N/A,N/A,N/A,N/A,N/A,N/A,N/A,N/A,N/A,N/A,N/A,N/A,N/A,N/A,N/A,N/A,N/A,N/A,N/A,N/A,N/A,N/A,N/A,N/A,N/A,N/A,N/A,N/A,N/A,N/A,N/A,N/A,N/A,N/A,N/A,N/A,N/A,N/A,N/A,N/A,N/A,N/A,N/A,N/A,N/A,N/A,N/A,N/A,N/A,N/A,N/A,N/A,N/A,N/A,N/A,N/A,N/A,N/A,N/A,N/A,N/A,N/A,N/A,N/A,N/A,N/A,N/A,N/A,N/A,N/A,N/A
79,N/A,N/A,N/A,N/A,N/A,N/A,N/A,N/A,N/A,N/A,N/A,N/A,N/A,N/A,N/A,N/A,N/A,N/A,N/A,N/A,N/A,N/A,N/A,N/A,N/A,N/A,N/A,N/A,N/A,N/A,N/A,N/A,N/A,N/A,N/A,N/A,N/A,N/A,N/A,N/A,N/A,N/A,N/A,N/A,N/A,N/A,N/A,N/A,N/A,N/A,N/A,N/A,N/A,N/A,N/A,N/A,N/A,N/A,N/A,N/A,N/A,N/A,N/A,N/A,N/A,N/A,N/A,N/A,N/A,N/A,N/A,N/A,N/A,N/A,N/A,N/A,N/A,N/A,N/A,N/A,N/A,N/A,N/A,N/A,N/A,N/A,N/A,N/A,N/A,N/A,N/A,N/A,N/A,N/A,N/A,N/A,N/A,N/A,N/A,N/A,N/A,N/A,N/A,N/A
80,0.7809743881225586,0.39862382411956787,0.0,0.5804222822189331,0.22935587167739868,0.4951266348361969,0.6024568676948547,0.0,0.4582611620426178,0.14139126241207123,0.4321405291557312,0.22938445210456848,0.433832049369812,0.40238574147224426,0.470981240272522,0.37686848640441895,0.14976496994495392,0.41826683282852173,0.3721938133239746,0.047557614743709564,0.005723374430090189,0.5057743787765503,0.381712406873703,1.3882815437682439e-05,0.47999805212020874,0.3862972557544708,0.0,0.026625026017427444,0.40968936681747437,0.6391541957855225,0.7535790205001831,0.43125447630882263,0.687635064125061,0.5061464905738831,0.22460058331489563,0.5317298173904419,0.38331276178359985,0.5968080163002014,0.19028323888778687,0.5809980034828186,0.35993966460227966,0.6652980446815491,0.6089838147163391,0.0,0.49504080414772034,0.47955915331840515,0.4082144796848297,0.16660454869270325,0.44733119010925293,0.30424922704696655,0.22634395956993103,0.23466713726520538,0.4142843782901764,0.3945847749710083,0.33731937408447266,0.5792921781539917,0.5887197852134705,0.4561743438243866,0.5663699507713318,0.7689339518547058,0.0,0.27046629786491394,0.09552955627441406,0.20385897159576416,0.6527250409126282,0.6128004193305969,0.6680320501327515,0.4490225315093994,0.2452971637248993,0.052227433770895004,0.5379822850227356,0.5181050896644592,0.5863355398178101,0.6891329884529114,0.0,0.26078709959983826,0.28663894534111023,0.1799815595149994,0.5984070897102356,0.46479129791259766,0.47728458046913147,0.40521714091300964,0.5519900321960449,0.08226750046014786,0.744225025177002,0.6665807962417603,0.0,0.8235118389129639,0.5916889905929565,0.48021751642227173,0.4839916229248047,0.41126441955566406,0.5635401606559753,0.34652629494667053,0.4297734200954437,0.7933133840560913,0.663952112197876,0.0,0.22424763441085815,0.1159423366189003,0.0,0.21220482885837555,0.031552426517009735,0.026816803961992264
81,N/A,N/A,N/A,N/A,N/A,N/A,N/A,N/A,N/A,N/A,N/A,N/A,N/A,N/A,N/A,N/A,N/A,N/A,N/A,N/A,N/A,N/A,N/A,N/A,N/A,N/A,N/A,N/A,N/A,N/A,N/A,N/A,N/A,N/A,N/A,N/A,N/A,N/A,N/A,N/A,N/A,N/A,N/A,N/A,N/A,N/A,N/A,N/A,N/A,N/A,N/A,N/A,N/A,N/A,N/A,N/A,N/A,N/A,N/A,N/A,N/A,N/A,N/A,N/A,N/A,N/A,N/A,N/A,N/A,N/A,N/A,N/A,N/A,N/A,N/A,N/A,N/A,N/A,N/A,N/A,N/A,N/A,N/A,N/A,N/A,N/A,N/A,N/A,N/A,N/A,N/A,N/A,N/A,N/A,N/A,N/A,N/A,N/A,N/A,N/A,N/A,N/A,N/A,N/A
82,N/A,N/A,N/A,N/A,N/A,N/A,N/A,N/A,N/A,N/A,N/A,N/A,N/A,N/A,N/A,N/A,N/A,N/A,N/A,N/A,N/A,N/A,N/A,N/A,N/A,N/A,N/A,N/A,N/A,N/A,N/A,N/A,N/A,N/A,N/A,N/A,N/A,N/A,N/A,N/A,N/A,N/A,N/A,N/A,N/A,N/A,N/A,N/A,N/A,N/A,N/A,N/A,N/A,N/A,N/A,N/A,N/A,N/A,N/A,N/A,N/A,N/A,N/A,N/A,N/A,N/A,N/A,N/A,N/A,N/A,N/A,N/A,N/A,N/A,N/A,N/A,N/A,N/A,N/A,N/A,N/A,N/A,N/A,N/A,N/A,N/A,N/A,N/A,N/A,N/A,N/A,N/A,N/A,N/A,N/A,N/A,N/A,N/A,N/A,N/A,N/A,N/A,N/A,N/A
83,N/A,N/A,N/A,N/A,N/A,N/A,N/A,N/A,N/A,N/A,N/A,N/A,N/A,N/A,N/A,N/A,N/A,N/A,N/A,N/A,N/A,N/A,N/A,N/A,N/A,N/A,N/A,N/A,N/A,N/A,N/A,N/A,N/A,N/A,N/A,N/A,N/A,N/A,N/A,N/A,N/A,N/A,N/A,N/A,N/A,N/A,N/A,N/A,N/A,N/A,N/A,N/A,N/A,N/A,N/A,N/A,N/A,N/A,N/A,N/A,N/A,N/A,N/A,N/A,N/A,N/A,N/A,N/A,N/A,N/A,N/A,N/A,N/A,N/A,N/A,N/A,N/A,N/A,N/A,N/A,N/A,N/A,N/A,N/A,N/A,N/A,N/A,N/A,N/A,N/A,N/A,N/A,N/A,N/A,N/A,N/A,N/A,N/A,N/A,N/A,N/A,N/A,N/A,N/A
84,N/A,N/A,N/A,N/A,N/A,N/A,N/A,N/A,N/A,N/A,N/A,N/A,N/A,N/A,N/A,N/A,N/A,N/A,N/A,N/A,N/A,N/A,N/A,N/A,N/A,N/A,N/A,N/A,N/A,N/A,N/A,N/A,N/A,N/A,N/A,N/A,N/A,N/A,N/A,N/A,N/A,N/A,N/A,N/A,N/A,N/A,N/A,N/A,N/A,N/A,N/A,N/A,N/A,N/A,N/A,N/A,N/A,N/A,N/A,N/A,N/A,N/A,N/A,N/A,N/A,N/A,N/A,N/A,N/A,N/A,N/A,N/A,N/A,N/A,N/A,N/A,N/A,N/A,N/A,N/A,N/A,N/A,N/A,N/A,N/A,N/A,N/A,N/A,N/A,N/A,N/A,N/A,N/A,N/A,N/A,N/A,N/A,N/A,N/A,N/A,N/A,N/A,N/A,N/A
85,0.7862804532051086,0.3441043198108673,0.0,0.5823894143104553,0.20227275788784027,0.4300040602684021,0.649760365486145,0.0,0.4466708302497864,0.12243129312992096,0.4267880320549011,0.22167611122131348,0.3552868962287903,0.38701003789901733,0.4246262311935425,0.349879652261734,0.15545618534088135,0.41188210248947144,0.37087225914001465,0.09198831766843796,0.0022225461434572935,0.4941559433937073,0.4445141553878784,0.0,0.4905533790588379,0.4220730662345886,0.0,0.009530195035040379,0.4347078502178192,0.651328444480896,0.7559224963188171,0.421192467212677,0.68997722864151,0.5061925053596497,0.2580662667751312,0.5446829795837402,0.46370524168014526,0.6724159121513367,0.21959805488586426,0.642716646194458,0.40641123056411743,0.6544276475906372,0.7159680128097534,0.0,0.5249070525169373,0.4591110944747925,0.425881564617157,0.1553167700767517,0.3994576632976532,0.3057309687137604,0.2304753214120865,0.2804604172706604,0.39478346705436707,0.39875105023384094,0.3556978106498718,0.6583842039108276,0.593667209148407,0.45247122645378113,0.5594034790992737,0.758457362651825,0.0,0.2647440433502197,0.09481140971183777,0.18288254737854004,0.6212380528450012,0.6112897396087646,0.6815097332000732,0.3847723603248596,0.38342294096946716,0.06523948907852173,0.5160929560661316,0.49488455057144165,0.5662142634391785,0.6732667684555054,0.0,0.33618348836898804,0.2836708724498749,0.19424813985824585,0.6095524430274963,0.49830541014671326,0.48161792755126953,0.40245652198791504,0.5738635063171387,0.11148879677057266,0.7038285732269287,0.6815876364707947,0.0,0.8121342062950134,0.5301001667976379,0.4847804307937622,0.5228513479232788,0.47702255845069885,0.4832172989845276,0.3903377652168274,0.43550676107406616,0.7714007496833801,0.6634958386421204,0.0,0.19882558286190033,0.20709596574306488,0.0,0.22436945140361786,0.005299553740769625,0.021339431405067444
86,N/A,N/A,N/A,N/A,N/A,N/A,N/A,N/A,N/A,N/A,N/A,N/A,N/A,N/A,N/A,N/A,N/A,N/A,N/A,N/A,N/A,N/A,N/A,N/A,N/A,N/A,N/A,N/A,N/A,N/A,N/A,N/A,N/A,N/A,N/A,N/A,N/A,N/A,N/A,N/A,N/A,N/A,N/A,N/A,N/A,N/A,N/A,N/A,N/A,N/A,N/A,N/A,N/A,N/A,N/A,N/A,N/A,N/A,N/A,N/A,N/A,N/A,N/A,N/A,N/A,N/A,N/A,N/A,N/A,N/A,N/A,N/A,N/A,N/A,N/A,N/A,N/A,N/A,N/A,N/A,N/A,N/A,N/A,N/A,N/A,N/A,N/A,N/A,N/A,N/A,N/A,N/A,N/A,N/A,N/A,N/A,N/A,N/A,N/A,N/A,N/A,N/A,N/A,N/A
87,N/A,N/A,N/A,N/A,N/A,N/A,N/A,N/A,N/A,N/A,N/A,N/A,N/A,N/A,N/A,N/A,N/A,N/A,N/A,N/A,N/A,N/A,N/A,N/A,N/A,N/A,N/A,N/A,N/A,N/A,N/A,N/A,N/A,N/A,N/A,N/A,N/A,N/A,N/A,N/A,N/A,N/A,N/A,N/A,N/A,N/A,N/A,N/A,N/A,N/A,N/A,N/A,N/A,N/A,N/A,N/A,N/A,N/A,N/A,N/A,N/A,N/A,N/A,N/A,N/A,N/A,N/A,N/A,N/A,N/A,N/A,N/A,N/A,N/A,N/A,N/A,N/A,N/A,N/A,N/A,N/A,N/A,N/A,N/A,N/A,N/A,N/A,N/A,N/A,N/A,N/A,N/A,N/A,N/A,N/A,N/A,N/A,N/A,N/A,N/A,N/A,N/A,N/A,N/A
88,N/A,N/A,N/A,N/A,N/A,N/A,N/A,N/A,N/A,N/A,N/A,N/A,N/A,N/A,N/A,N/A,N/A,N/A,N/A,N/A,N/A,N/A,N/A,N/A,N/A,N/A,N/A,N/A,N/A,N/A,N/A,N/A,N/A,N/A,N/A,N/A,N/A,N/A,N/A,N/A,N/A,N/A,N/A,N/A,N/A,N/A,N/A,N/A,N/A,N/A,N/A,N/A,N/A,N/A,N/A,N/A,N/A,N/A,N/A,N/A,N/A,N/A,N/A,N/A,N/A,N/A,N/A,N/A,N/A,N/A,N/A,N/A,N/A,N/A,N/A,N/A,N/A,N/A,N/A,N/A,N/A,N/A,N/A,N/A,N/A,N/A,N/A,N/A,N/A,N/A,N/A,N/A,N/A,N/A,N/A,N/A,N/A,N/A,N/A,N/A,N/A,N/A,N/A,N/A
89,N/A,N/A,N/A,N/A,N/A,N/A,N/A,N/A,N/A,N/A,N/A,N/A,N/A,N/A,N/A,N/A,N/A,N/A,N/A,N/A,N/A,N/A,N/A,N/A,N/A,N/A,N/A,N/A,N/A,N/A,N/A,N/A,N/A,N/A,N/A,N/A,N/A,N/A,N/A,N/A,N/A,N/A,N/A,N/A,N/A,N/A,N/A,N/A,N/A,N/A,N/A,N/A,N/A,N/A,N/A,N/A,N/A,N/A,N/A,N/A,N/A,N/A,N/A,N/A,N/A,N/A,N/A,N/A,N/A,N/A,N/A,N/A,N/A,N/A,N/A,N/A,N/A,N/A,N/A,N/A,N/A,N/A,N/A,N/A,N/A,N/A,N/A,N/A,N/A,N/A,N/A,N/A,N/A,N/A,N/A,N/A,N/A,N/A,N/A,N/A,N/A,N/A,N/A,N/A
90,0.7828335165977478,0.3462328016757965,0.0,0.5476444959640503,0.2193308025598526,0.44623953104019165,0.5402692556381226,0.0,0.42206791043281555,0.14388659596443176,0.4424838721752167,0.2449532449245453,0.42769554257392883,0.39991289377212524,0.49728137254714966,0.35095930099487305,0.2008620649576187,0.47076091170310974,0.3412915766239166,0.0737299844622612,0.00438823364675045,0.468380331993103,0.41234683990478516,0.0003261895617470145,0.4411446154117584,0.41206806898117065,0.0,0.028303470462560654,0.4375196695327759,0.6998262405395508,0.7560549974441528,0.42593297362327576,0.649803876876831,0.5000659823417664,0.26007401943206787,0.5002516508102417,0.4032021760940552,0.6770140528678894,0.22588208317756653,0.609726071357727,0.39545321464538574,0.6630305647850037,0.7068223357200623,0.0,0.5295823812484741,0.5025372505187988,0.4346490502357483,0.1700800657272339,0.44320449233055115,0.3148503601551056,0.21927404403686523,0.30149513483047485,0.39787039160728455,0.3977940082550049,0.36437150835990906,0.5302150249481201,0.5818401575088501,0.49666106700897217,0.5583199262619019,0.7938732504844666,0.0,0.3066476881504059,0.1456265151500702,0.2958569824695587,0.5732806324958801,0.5497344136238098,0.6485676169395447,0.4334169924259186,0.3326590657234192,0.06435815989971161,0.4957451820373535,0.4924679100513458,0.5594791769981384,0.68569415807724,0.0,0.39034247398376465,0.2970691919326782,0.18642212450504303,0.6253674626350403,0.36483994126319885,0.476016640663147,0.4506269097328186,0.5720379948616028,0.1170036643743515,0.7158831357955933,0.6667083501815796,0.0,0.800577700138092,0.567585825920105,0.4768947660923004,0.4988315999507904,0.4349302351474762,0.5481486916542053,0.3441147804260254,0.385378897190094,0.77222740650177,0.5982683897018433,0.0,0.10510054230690002,0.3249058723449707,0.0,0.2511305809020996,0.02262219414114952,0.017864393070340157
91,N/A,N/A,N/A,N/A,N/A,N/A,N/A,N/A,N/A,N/A,N/A,N/A,N/A,N/A,N/A,N/A,N/A,N/A,N/A,N/A,N/A,N/A,N/A,N/A,N/A,N/A,N/A,N/A,N/A,N/A,N/A,N/A,N/A,N/A,N/A,N/A,N/A,N/A,N/A,N/A,N/A,N/A,N/A,N/A,N/A,N/A,N/A,N/A,N/A,N/A,N/A,N/A,N/A,N/A,N/A,N/A,N/A,N/A,N/A,N/A,N/A,N/A,N/A,N/A,N/A,N/A,N/A,N/A,N/A,N/A,N/A,N/A,N/A,N/A,N/A,N/A,N/A,N/A,N/A,N/A,N/A,N/A,N/A,N/A,N/A,N/A,N/A,N/A,N/A,N/A,N/A,N/A,N/A,N/A,N/A,N/A,N/A,N/A,N/A,N/A,N/A,N/A,N/A,N/A
92,N/A,N/A,N/A,N/A,N/A,N/A,N/A,N/A,N/A,N/A,N/A,N/A,N/A,N/A,N/A,N/A,N/A,N/A,N/A,N/A,N/A,N/A,N/A,N/A,N/A,N/A,N/A,N/A,N/A,N/A,N/A,N/A,N/A,N/A,N/A,N/A,N/A,N/A,N/A,N/A,N/A,N/A,N/A,N/A,N/A,N/A,N/A,N/A,N/A,N/A,N/A,N/A,N/A,N/A,N/A,N/A,N/A,N/A,N/A,N/A,N/A,N/A,N/A,N/A,N/A,N/A,N/A,N/A,N/A,N/A,N/A,N/A,N/A,N/A,N/A,N/A,N/A,N/A,N/A,N/A,N/A,N/A,N/A,N/A,N/A,N/A,N/A,N/A,N/A,N/A,N/A,N/A,N/A,N/A,N/A,N/A,N/A,N/A,N/A,N/A,N/A,N/A,N/A,N/A
93,N/A,N/A,N/A,N/A,N/A,N/A,N/A,N/A,N/A,N/A,N/A,N/A,N/A,N/A,N/A,N/A,N/A,N/A,N/A,N/A,N/A,N/A,N/A,N/A,N/A,N/A,N/A,N/A,N/A,N/A,N/A,N/A,N/A,N/A,N/A,N/A,N/A,N/A,N/A,N/A,N/A,N/A,N/A,N/A,N/A,N/A,N/A,N/A,N/A,N/A,N/A,N/A,N/A,N/A,N/A,N/A,N/A,N/A,N/A,N/A,N/A,N/A,N/A,N/A,N/A,N/A,N/A,N/A,N/A,N/A,N/A,N/A,N/A,N/A,N/A,N/A,N/A,N/A,N/A,N/A,N/A,N/A,N/A,N/A,N/A,N/A,N/A,N/A,N/A,N/A,N/A,N/A,N/A,N/A,N/A,N/A,N/A,N/A,N/A,N/A,N/A,N/A,N/A,N/A
94,N/A,N/A,N/A,N/A,N/A,N/A,N/A,N/A,N/A,N/A,N/A,N/A,N/A,N/A,N/A,N/A,N/A,N/A,N/A,N/A,N/A,N/A,N/A,N/A,N/A,N/A,N/A,N/A,N/A,N/A,N/A,N/A,N/A,N/A,N/A,N/A,N/A,N/A,N/A,N/A,N/A,N/A,N/A,N/A,N/A,N/A,N/A,N/A,N/A,N/A,N/A,N/A,N/A,N/A,N/A,N/A,N/A,N/A,N/A,N/A,N/A,N/A,N/A,N/A,N/A,N/A,N/A,N/A,N/A,N/A,N/A,N/A,N/A,N/A,N/A,N/A,N/A,N/A,N/A,N/A,N/A,N/A,N/A,N/A,N/A,N/A,N/A,N/A,N/A,N/A,N/A,N/A,N/A,N/A,N/A,N/A,N/A,N/A,N/A,N/A,N/A,N/A,N/A,N/A
95,0.7970564961433411,0.3761010766029358,0.0,0.5685192942619324,0.20399965345859528,0.5130355954170227,0.5566384792327881,0.0,0.417377233505249,0.12960684299468994,0.4362509846687317,0.21908333897590637,0.35576727986335754,0.4164432883262634,0.3858796954154968,0.30043938755989075,0.22465233504772186,0.46715813875198364,0.30606794357299805,0.09979374706745148,0.0030101225711405277,0.4675239026546478,0.40350744128227234,0.00018046658078674227,0.46194109320640564,0.43127375841140747,0.0,0.0436062328517437,0.4033026099205017,0.6621366143226624,0.7655598521232605,0.4470677971839905,0.719258189201355,0.5176892876625061,0.23032917082309723,0.5310595631599426,0.5467162132263184,0.670363187789917,0.28133147954940796,0.6803383827209473,0.40797483921051025,0.6196321845054626,0.7462363839149475,0.0,0.5302132368087769,0.5285922288894653,0.4118596017360687,0.17573577165603638,0.4262389540672302,0.29512739181518555,0.22348950803279877,0.30548280477523804,0.40288007259368896,0.41471290588378906,0.34983256459236145,0.5298003554344177,0.5945846438407898,0.4354126751422882,0.5777113437652588,0.8021246790885925,0.0,0.31309014558792114,0.11266491562128067,0.11593162268400192,0.6317132115364075,0.6354166865348816,0.6866746544837952,0.4348445236682892,0.42675867676734924,0.06001172587275505,0.5347779989242554,0.5088688135147095,0.5644611120223999,0.7033399343490601,0.0,0.3805277645587921,0.3071906864643097,0.16034632921218872,0.5662727952003479,0.5394090414047241,0.48755863308906555,0.42406582832336426,0.579500675201416,0.13907313346862793,0.726567804813385,0.687995195388794,0.0,0.8149259090423584,0.5996280312538147,0.4924773573875427,0.44365110993385315,0.47272661328315735,0.554355263710022,0.39528265595436096,0.45194005966186523,0.7844608426094055,0.6383975744247437,0.0,0.22745628654956818,0.23079515993595123,0.0,0.2350945621728897,0.008941300213336945,0.025308767333626747
96,N/A,N/A,N/A,N/A,N/A,N/A,N/A,N/A,N/A,N/A,N/A,N/A,N/A,N/A,N/A,N/A,N/A,N/A,N/A,N/A,N/A,N/A,N/A,N/A,N/A,N/A,N/A,N/A,N/A,N/A,N/A,N/A,N/A,N/A,N/A,N/A,N/A,N/A,N/A,N/A,N/A,N/A,N/A,N/A,N/A,N/A,N/A,N/A,N/A,N/A,N/A,N/A,N/A,N/A,N/A,N/A,N/A,N/A,N/A,N/A,N/A,N/A,N/A,N/A,N/A,N/A,N/A,N/A,N/A,N/A,N/A,N/A,N/A,N/A,N/A,N/A,N/A,N/A,N/A,N/A,N/A,N/A,N/A,N/A,N/A,N/A,N/A,N/A,N/A,N/A,N/A,N/A,N/A,N/A,N/A,N/A,N/A,N/A,N/A,N/A,N/A,N/A,N/A,N/A
97,N/A,N/A,N/A,N/A,N/A,N/A,N/A,N/A,N/A,N/A,N/A,N/A,N/A,N/A,N/A,N/A,N/A,N/A,N/A,N/A,N/A,N/A,N/A,N/A,N/A,N/A,N/A,N/A,N/A,N/A,N/A,N/A,N/A,N/A,N/A,N/A,N/A,N/A,N/A,N/A,N/A,N/A,N/A,N/A,N/A,N/A,N/A,N/A,N/A,N/A,N/A,N/A,N/A,N/A,N/A,N/A,N/A,N/A,N/A,N/A,N/A,N/A,N/A,N/A,N/A,N/A,N/A,N/A,N/A,N/A,N/A,N/A,N/A,N/A,N/A,N/A,N/A,N/A,N/A,N/A,N/A,N/A,N/A,N/A,N/A,N/A,N/A,N/A,N/A,N/A,N/A,N/A,N/A,N/A,N/A,N/A,N/A,N/A,N/A,N/A,N/A,N/A,N/A,N/A
98,N/A,N/A,N/A,N/A,N/A,N/A,N/A,N/A,N/A,N/A,N/A,N/A,N/A,N/A,N/A,N/A,N/A,N/A,N/A,N/A,N/A,N/A,N/A,N/A,N/A,N/A,N/A,N/A,N/A,N/A,N/A,N/A,N/A,N/A,N/A,N/A,N/A,N/A,N/A,N/A,N/A,N/A,N/A,N/A,N/A,N/A,N/A,N/A,N/A,N/A,N/A,N/A,N/A,N/A,N/A,N/A,N/A,N/A,N/A,N/A,N/A,N/A,N/A,N/A,N/A,N/A,N/A,N/A,N/A,N/A,N/A,N/A,N/A,N/A,N/A,N/A,N/A,N/A,N/A,N/A,N/A,N/A,N/A,N/A,N/A,N/A,N/A,N/A,N/A,N/A,N/A,N/A,N/A,N/A,N/A,N/A,N/A,N/A,N/A,N/A,N/A,N/A,N/A,N/A
99,N/A,N/A,N/A,N/A,N/A,N/A,N/A,N/A,N/A,N/A,N/A,N/A,N/A,N/A,N/A,N/A,N/A,N/A,N/A,N/A,N/A,N/A,N/A,N/A,N/A,N/A,N/A,N/A,N/A,N/A,N/A,N/A,N/A,N/A,N/A,N/A,N/A,N/A,N/A,N/A,N/A,N/A,N/A,N/A,N/A,N/A,N/A,N/A,N/A,N/A,N/A,N/A,N/A,N/A,N/A,N/A,N/A,N/A,N/A,N/A,N/A,N/A,N/A,N/A,N/A,N/A,N/A,N/A,N/A,N/A,N/A,N/A,N/A,N/A,N/A,N/A,N/A,N/A,N/A,N/A,N/A,N/A,N/A,N/A,N/A,N/A,N/A,N/A,N/A,N/A,N/A,N/A,N/A,N/A,N/A,N/A,N/A,N/A,N/A,N/A,N/A,N/A,N/A,N/A
100,0.8005045056343079,0.3782714605331421,0.0,0.5760824084281921,0.18582788109779358,0.4889924228191376,0.5825816988945007,0.0,0.46287134289741516,0.12786506116390228,0.4425692558288574,0.3071645498275757,0.45664018392562866,0.4333944320678711,0.5088834762573242,0.3636419177055359,0.1286616176366806,0.43306964635849,0.3809729814529419,0.23948194086551666,0.04892435669898987,0.5227828621864319,0.40060004591941833,0.0009563011699356139,0.5203381180763245,0.40133383870124817,0.0,0.014408908784389496,0.43105003237724304,0.6143480539321899,0.6997502446174622,0.41785532236099243,0.6680805087089539,0.5034566521644592,0.23485325276851654,0.5391147136688232,0.39705175161361694,0.6764865517616272,0.25543394684791565,0.5561627149581909,0.3395538926124573,0.6047508716583252,0.5799238085746765,0.0,0.5355053544044495,0.4383884370326996,0.4094015657901764,0.19264674186706543,0.4374571740627289,0.3104513883590698,0.22816528379917145,0.2639540731906891,0.4191926121711731,0.39074355363845825,0.3714882731437683,0.4337022304534912,0.5576618313789368,0.4469219744205475,0.5712971687316895,0.7930619716644287,0.0,0.3222607374191284,0.12201891839504242,0.39574307203292847,0.6015915870666504,0.6121801733970642,0.6657990217208862,0.4513075351715088,0.29239940643310547,0.05207989364862442,0.5207688808441162,0.5351977348327637,0.534956157207489,0.7005659341812134,0.0,0.30720630288124084,0.310196191072464,0.1357894241809845,0.546332597732544,0.4184829294681549,0.4936964809894562,0.4706484377384186,0.6052306294441223,0.1408996880054474,0.7296895384788513,0.6815102100372314,0.0,0.8055944442749023,0.5469678640365601,0.49638593196868896,0.4666096866130829,0.4584721326828003,0.5630977153778076,0.40388745069503784,0.44315364956855774,0.7565192580223083,0.6635321378707886,0.0,0.20480912923812866,0.3094125986099243,0.0,0.21471090614795685,0.07674314826726913,0.023626448586583138
101,N/A,N/A,N/A,N/A,N/A,N/A,N/A,N/A,N/A,N/A,N/A,N/A,N/A,N/A,N/A,N/A,N/A,N/A,N/A,N/A,N/A,N/A,N/A,N/A,N/A,N/A,N/A,N/A,N/A,N/A,N/A,N/A,N/A,N/A,N/A,N/A,N/A,N/A,N/A,N/A,N/A,N/A,N/A,N/A,N/A,N/A,N/A,N/A,N/A,N/A,N/A,N/A,N/A,N/A,N/A,N/A,N/A,N/A,N/A,N/A,N/A,N/A,N/A,N/A,N/A,N/A,N/A,N/A,N/A,N/A,N/A,N/A,N/A,N/A,N/A,N/A,N/A,N/A,N/A,N/A,N/A,N/A,N/A,N/A,N/A,N/A,N/A,N/A,N/A,N/A,N/A,N/A,N/A,N/A,N/A,N/A,N/A,N/A,N/A,N/A,N/A,N/A,N/A,N/A
102,N/A,N/A,N/A,N/A,N/A,N/A,N/A,N/A,N/A,N/A,N/A,N/A,N/A,N/A,N/A,N/A,N/A,N/A,N/A,N/A,N/A,N/A,N/A,N/A,N/A,N/A,N/A,N/A,N/A,N/A,N/A,N/A,N/A,N/A,N/A,N/A,N/A,N/A,N/A,N/A,N/A,N/A,N/A,N/A,N/A,N/A,N/A,N/A,N/A,N/A,N/A,N/A,N/A,N/A,N/A,N/A,N/A,N/A,N/A,N/A,N/A,N/A,N/A,N/A,N/A,N/A,N/A,N/A,N/A,N/A,N/A,N/A,N/A,N/A,N/A,N/A,N/A,N/A,N/A,N/A,N/A,N/A,N/A,N/A,N/A,N/A,N/A,N/A,N/A,N/A,N/A,N/A,N/A,N/A,N/A,N/A,N/A,N/A,N/A,N/A,N/A,N/A,N/A,N/A
103,N/A,N/A,N/A,N/A,N/A,N/A,N/A,N/A,N/A,N/A,N/A,N/A,N/A,N/A,N/A,N/A,N/A,N/A,N/A,N/A,N/A,N/A,N/A,N/A,N/A,N/A,N/A,N/A,N/A,N/A,N/A,N/A,N/A,N/A,N/A,N/A,N/A,N/A,N/A,N/A,N/A,N/A,N/A,N/A,N/A,N/A,N/A,N/A,N/A,N/A,N/A,N/A,N/A,N/A,N/A,N/A,N/A,N/A,N/A,N/A,N/A,N/A,N/A,N/A,N/A,N/A,N/A,N/A,N/A,N/A,N/A,N/A,N/A,N/A,N/A,N/A,N/A,N/A,N/A,N/A,N/A,N/A,N/A,N/A,N/A,N/A,N/A,N/A,N/A,N/A,N/A,N/A,N/A,N/A,N/A,N/A,N/A,N/A,N/A,N/A,N/A,N/A,N/A,N/A
104,N/A,N/A,N/A,N/A,N/A,N/A,N/A,N/A,N/A,N/A,N/A,N/A,N/A,N/A,N/A,N/A,N/A,N/A,N/A,N/A,N/A,N/A,N/A,N/A,N/A,N/A,N/A,N/A,N/A,N/A,N/A,N/A,N/A,N/A,N/A,N/A,N/A,N/A,N/A,N/A,N/A,N/A,N/A,N/A,N/A,N/A,N/A,N/A,N/A,N/A,N/A,N/A,N/A,N/A,N/A,N/A,N/A,N/A,N/A,N/A,N/A,N/A,N/A,N/A,N/A,N/A,N/A,N/A,N/A,N/A,N/A,N/A,N/A,N/A,N/A,N/A,N/A,N/A,N/A,N/A,N/A,N/A,N/A,N/A,N/A,N/A,N/A,N/A,N/A,N/A,N/A,N/A,N/A,N/A,N/A,N/A,N/A,N/A,N/A,N/A,N/A,N/A,N/A,N/A
105,0.7848005294799805,0.4297012984752655,0.0,0.5813605189323425,0.17005310952663422,0.47466012835502625,0.6213369369506836,0.0,0.4348074197769165,0.13528195023536682,0.44706231355667114,0.20121444761753082,0.38532572984695435,0.32196855545043945,0.4277569651603699,0.3472241461277008,0.17729052901268005,0.48207393288612366,0.35152140259742737,0.196629598736763,0.029502276331186295,0.4670899510383606,0.43226268887519836,0.005035692360252142,0.4757654070854187,0.4153386354446411,0.0,0.02866659313440323,0.47155290842056274,0.6575236916542053,0.7408743500709534,0.46720364689826965,0.7038775086402893,0.5308144688606262,0.22681695222854614,0.5287425518035889,0.3389514684677124,0.685369074344635,0.20876994729042053,0.5392081141471863,0.39590761065483093,0.6083071231842041,0.7466119527816772,0.0,0.5333064198493958,0.4831341505050659,0.41819900274276733,0.18922121822834015,0.4188779890537262,0.3093525171279907,0.23779155313968658,0.28459298610687256,0.3788453936576843,0.38941463828086853,0.35671916604042053,0.5997653007507324,0.549642026424408,0.40437930822372437,0.5509555339813232,0.785347580909729,0.0,0.295066773891449,0.13906514644622803,0.3994230329990387,0.6289395093917847,0.6134176850318909,0.6819391250610352,0.39745375514030457,0.35611867904663086,0.0568552203476429,0.5344008207321167,0.5656218528747559,0.6295743584632874,0.6940452456474304,0.0,0.25988632440567017,0.32459840178489685,0.13536660373210907,0.44283348321914673,0.4932946562767029,0.48872655630111694,0.48750075697898865,0.6183351874351501,0.15416818857192993,0.710873007774353,0.6513129472732544,0.0,0.824510395526886,0.5507059097290039,0.4773157835006714,0.47720474004745483,0.48462098836898804,0.49630892276763916,0.3912758231163025,0.42034927010536194,0.7612742185592651,0.6548569798469543,0.0,0.22453682124614716,0.3091478943824768,0.0,0.22761394083499908,0.008899598382413387,0.018539151176810265
106,N/A,N/A,N/A,N/A,N/A,N/A,N/A,N/A,N/A,N/A,N/A,N/A,N/A,N/A,N/A,N/A,N/A,N/A,N/A,N/A,N/A,N/A,N/A,N/A,N/A,N/A,N/A,N/A,N/A,N/A,N/A,N/A,N/A,N/A,N/A,N/A,N/A,N/A,N/A,N/A,N/A,N/A,N/A,N/A,N/A,N/A,N/A,N/A,N/A,N/A,N/A,N/A,N/A,N/A,N/A,N/A,N/A,N/A,N/A,N/A,N/A,N/A,N/A,N/A,N/A,N/A,N/A,N/A,N/A,N/A,N/A,N/A,N/A,N/A,N/A,N/A,N/A,N/A,N/A,N/A,N/A,N/A,N/A,N/A,N/A,N/A,N/A,N/A,N/A,N/A,N/A,N/A,N/A,N/A,N/A,N/A,N/A,N/A,N/A,N/A,N/A,N/A,N/A,N/A
107,N/A,N/A,N/A,N/A,N/A,N/A,N/A,N/A,N/A,N/A,N/A,N/A,N/A,N/A,N/A,N/A,N/A,N/A,N/A,N/A,N/A,N/A,N/A,N/A,N/A,N/A,N/A,N/A,N/A,N/A,N/A,N/A,N/A,N/A,N/A,N/A,N/A,N/A,N/A,N/A,N/A,N/A,N/A,N/A,N/A,N/A,N/A,N/A,N/A,N/A,N/A,N/A,N/A,N/A,N/A,N/A,N/A,N/A,N/A,N/A,N/A,N/A,N/A,N/A,N/A,N/A,N/A,N/A,N/A,N/A,N/A,N/A,N/A,N/A,N/A,N/A,N/A,N/A,N/A,N/A,N/A,N/A,N/A,N/A,N/A,N/A,N/A,N/A,N/A,N/A,N/A,N/A,N/A,N/A,N/A,N/A,N/A,N/A,N/A,N/A,N/A,N/A,N/A,N/A
108,N/A,N/A,N/A,N/A,N/A,N/A,N/A,N/A,N/A,N/A,N/A,N/A,N/A,N/A,N/A,N/A,N/A,N/A,N/A,N/A,N/A,N/A,N/A,N/A,N/A,N/A,N/A,N/A,N/A,N/A,N/A,N/A,N/A,N/A,N/A,N/A,N/A,N/A,N/A,N/A,N/A,N/A,N/A,N/A,N/A,N/A,N/A,N/A,N/A,N/A,N/A,N/A,N/A,N/A,N/A,N/A,N/A,N/A,N/A,N/A,N/A,N/A,N/A,N/A,N/A,N/A,N/A,N/A,N/A,N/A,N/A,N/A,N/A,N/A,N/A,N/A,N/A,N/A,N/A,N/A,N/A,N/A,N/A,N/A,N/A,N/A,N/A,N/A,N/A,N/A,N/A,N/A,N/A,N/A,N/A,N/A,N/A,N/A,N/A,N/A,N/A,N/A,N/A,N/A
109,N/A,N/A,N/A,N/A,N/A,N/A,N/A,N/A,N/A,N/A,N/A,N/A,N/A,N/A,N/A,N/A,N/A,N/A,N/A,N/A,N/A,N/A,N/A,N/A,N/A,N/A,N/A,N/A,N/A,N/A,N/A,N/A,N/A,N/A,N/A,N/A,N/A,N/A,N/A,N/A,N/A,N/A,N/A,N/A,N/A,N/A,N/A,N/A,N/A,N/A,N/A,N/A,N/A,N/A,N/A,N/A,N/A,N/A,N/A,N/A,N/A,N/A,N/A,N/A,N/A,N/A,N/A,N/A,N/A,N/A,N/A,N/A,N/A,N/A,N/A,N/A,N/A,N/A,N/A,N/A,N/A,N/A,N/A,N/A,N/A,N/A,N/A,N/A,N/A,N/A,N/A,N/A,N/A,N/A,N/A,N/A,N/A,N/A,N/A,N/A,N/A,N/A,N/A,N/A
110,0.7987610101699829,0.42148157954216003,0.0,0.5599274039268494,0.19089750945568085,0.49433454871177673,0.646457314491272,0.0,0.42886731028556824,0.14531096816062927,0.4557691812515259,0.2677288055419922,0.4126957356929779,0.42311525344848633,0.4616728723049164,0.38592833280563354,0.12114956229925156,0.45324593782424927,0.2834685444831848,0.24135935306549072,0.057415202260017395,0.4559110403060913,0.4477076530456543,0.00570650864392519,0.5381298065185547,0.421980082988739,0.0,0.0807977244257927,0.44168463349342346,0.687211811542511,0.7604503035545349,0.43706315755844116,0.6777176260948181,0.5026178359985352,0.2369805872440338,0.5029484629631042,0.47227632999420166,0.6691418290138245,0.2541550099849701,0.6367724537849426,0.4153955280780792,0.6568219065666199,0.743796169757843,0.0,0.5333746671676636,0.4794629216194153,0.4180358946323395,0.1783646047115326,0.41394880414009094,0.3122771382331848,0.2182796746492386,0.2554190456867218,0.40165451169013977,0.38070353865623474,0.3710690140724182,0.5714438557624817,0.5838991403579712,0.49860331416130066,0.5557114481925964,0.7926466464996338,0.0,0.3009529113769531,0.1363924741744995,0.37362638115882874,0.6329185366630554,0.6066139936447144,0.6956509351730347,0.4280397891998291,0.21486124396324158,0.042531099170446396,0.49948012828826904,0.5311547517776489,0.5600528717041016,0.6880113482475281,0.0,0.28802305459976196,0.304424911737442,0.12409206479787827,0.5797171592712402,0.4698241353034973,0.4756394326686859,0.38886383175849915,0.5953025817871094,0.1637614220380783,0.7324811816215515,0.6398705840110779,0.0,0.8135250210762024,0.5856483578681946,0.4843637943267822,0.48900356888771057,0.4406578540802002,0.6212882399559021,0.3707799017429352,0.4245150089263916,0.7678290009498596,0.6742145419120789,0.0,0.22927726805210114,0.31337979435920715,0.0,0.20436809957027435,0.03648741543292999,0.01584770157933235
111,N/A,N/A,N/A,N/A,N/A,N/A,N/A,N/A,N/A,N/A,N/A,N/A,N/A,N/A,N/A,N/A,N/A,N/A,N/A,N/A,N/A,N/A,N/A,N/A,N/A,N/A,N/A,N/A,N/A,N/A,N/A,N/A,N/A,N/A,N/A,N/A,N/A,N/A,N/A,N/A,N/A,N/A,N/A,N/A,N/A,N/A,N/A,N/A,N/A,N/A,N/A,N/A,N/A,N/A,N/A,N/A,N/A,N/A,N/A,N/A,N/A,N/A,N/A,N/A,N/A,N/A,N/A,N/A,N/A,N/A,N/A,N/A,N/A,N/A,N/A,N/A,N/A,N/A,N/A,N/A,N/A,N/A,N/A,N/A,N/A,N/A,N/A,N/A,N/A,N/A,N/A,N/A,N/A,N/A,N/A,N/A,N/A,N/A,N/A,N/A,N/A,N/A,N/A,N/A
112,N/A,N/A,N/A,N/A,N/A,N/A,N/A,N/A,N/A,N/A,N/A,N/A,N/A,N/A,N/A,N/A,N/A,N/A,N/A,N/A,N/A,N/A,N/A,N/A,N/A,N/A,N/A,N/A,N/A,N/A,N/A,N/A,N/A,N/A,N/A,N/A,N/A,N/A,N/A,N/A,N/A,N/A,N/A,N/A,N/A,N/A,N/A,N/A,N/A,N/A,N/A,N/A,N/A,N/A,N/A,N/A,N/A,N/A,N/A,N/A,N/A,N/A,N/A,N/A,N/A,N/A,N/A,N/A,N/A,N/A,N/A,N/A,N/A,N/A,N/A,N/A,N/A,N/A,N/A,N/A,N/A,N/A,N/A,N/A,N/A,N/A,N/A,N/A,N/A,N/A,N/A,N/A,N/A,N/A,N/A,N/A,N/A,N/A,N/A,N/A,N/A,N/A,N/A,N/A
113,N/A,N/A,N/A,N/A,N/A,N/A,N/A,N/A,N/A,N/A,N/A,N/A,N/A,N/A,N/A,N/A,N/A,N/A,N/A,N/A,N/A,N/A,N/A,N/A,N/A,N/A,N/A,N/A,N/A,N/A,N/A,N/A,N/A,N/A,N/A,N/A,N/A,N/A,N/A,N/A,N/A,N/A,N/A,N/A,N/A,N/A,N/A,N/A,N/A,N/A,N/A,N/A,N/A,N/A,N/A,N/A,N/A,N/A,N/A,N/A,N/A,N/A,N/A,N/A,N/A,N/A,N/A,N/A,N/A,N/A,N/A,N/A,N/A,N/A,N/A,N/A,N/A,N/A,N/A,N/A,N/A,N/A,N/A,N/A,N/A,N/A,N/A,N/A,N/A,N/A,N/A,N/A,N/A,N/A,N/A,N/A,N/A,N/A,N/A,N/A,N/A,N/A,N/A,N/A
114,N/A,N/A,N/A,N/A,N/A,N/A,N/A,N/A,N/A,N/A,N/A,N/A,N/A,N/A,N/A,N/A,N/A,N/A,N/A,N/A,N/A,N/A,N/A,N/A,N/A,N/A,N/A,N/A,N/A,N/A,N/A,N/A,N/A,N/A,N/A,N/A,N/A,N/A,N/A,N/A,N/A,N/A,N/A,N/A,N/A,N/A,N/A,N/A,N/A,N/A,N/A,N/A,N/A,N/A,N/A,N/A,N/A,N/A,N/A,N/A,N/A,N/A,N/A,N/A,N/A,N/A,N/A,N/A,N/A,N/A,N/A,N/A,N/A,N/A,N/A,N/A,N/A,N/A,N/A,N/A,N/A,N/A,N/A,N/A,N/A,N/A,N/A,N/A,N/A,N/A,N/A,N/A,N/A,N/A,N/A,N/A,N/A,N/A,N/A,N/A,N/A,N/A,N/A,N/A
115,0.8046538829803467,0.3550320863723755,0.0,0.5752342343330383,0.17488029599189758,0.4332747161388397,0.691034734249115,0.0,0.4238353371620178,0.1187610924243927,0.4291490614414215,0.25139114260673523,0.4155231714248657,0.43945321440696716,0.4553212821483612,0.38495132327079773,0.18505479395389557,0.47582727670669556,0.39225026965141296,0.12848442792892456,0.05505413934588432,0.5513129234313965,0.4651179015636444,0.0001306937774643302,0.4918719232082367,0.4434029757976532,0.0,0.046148881316185,0.5023861527442932,0.6755905747413635,0.7469369769096375,0.43318262696266174,0.7096665501594543,0.5233901739120483,0.28486067056655884,0.5135682225227356,0.4744485020637512,0.6207624673843384,0.2218112051486969,0.677775502204895,0.4075029492378235,0.6551426649093628,0.7812772989273071,0.0,0.510133683681488,0.48166170716285706,0.4302688241004944,0.19815102219581604,0.43258941173553467,0.3174501955509186,0.22347912192344666,0.28449177742004395,0.3998672068119049,0.3945287764072418,0.35952699184417725,0.5656460523605347,0.586118221282959,0.4390658140182495,0.544023334980011,0.7879072427749634,0.0,0.286996454000473,0.16506962478160858,0.3179510533809662,0.623590350151062,0.6020590662956238,0.7017738223075867,0.3921695947647095,0.42335301637649536,0.05192497745156288,0.5344709157943726,0.5272387862205505,0.6525610089302063,0.7029306292533875,0.0,0.4016801416873932,0.3188845217227936,0.09350136667490005,0.571514904499054,0.5666370391845703,0.4950602054595947,0.46045830845832825,0.6160416007041931,0.16724851727485657,0.7247344851493835,0.6964477896690369,0.0,0.8323167562484741,0.6237386465072632,0.48300087451934814,0.5007246732711792,0.4619005024433136,0.5668568015098572,0.3851391077041626,0.4458483159542084,0.7818828821182251,0.6689704656600952,0.0,0.1803741604089737,0.1709728240966797,8.4762999904342e-05,0.2405027151107788,0.0006885026814416051,0.01624295860528946
116,N/A,N/A,N/A,N/A,N/A,N/A,N/A,N/A,N/A,N/A,N/A,N/A,N/A,N/A,N/A,N/A,N/A,N/A,N/A,N/A,N/A,N/A,N/A,N/A,N/A,N/A,N/A,N/A,N/A,N/A,N/A,N/A,N/A,N/A,N/A,N/A,N/A,N/A,N/A,N/A,N/A,N/A,N/A,N/A,N/A,N/A,N/A,N/A,N/A,N/A,N/A,N/A,N/A,N/A,N/A,N/A,N/A,N/A,N/A,N/A,N/A,N/A,N/A,N/A,N/A,N/A,N/A,N/A,N/A,N/A,N/A,N/A,N/A,N/A,N/A,N/A,N/A,N/A,N/A,N/A,N/A,N/A,N/A,N/A,N/A,N/A,N/A,N/A,N/A,N/A,N/A,N/A,N/A,N/A,N/A,N/A,N/A,N/A,N/A,N/A,N/A,N/A,N/A,N/A
117,N/A,N/A,N/A,N/A,N/A,N/A,N/A,N/A,N/A,N/A,N/A,N/A,N/A,N/A,N/A,N/A,N/A,N/A,N/A,N/A,N/A,N/A,N/A,N/A,N/A,N/A,N/A,N/A,N/A,N/A,N/A,N/A,N/A,N/A,N/A,N/A,N/A,N/A,N/A,N/A,N/A,N/A,N/A,N/A,N/A,N/A,N/A,N/A,N/A,N/A,N/A,N/A,N/A,N/A,N/A,N/A,N/A,N/A,N/A,N/A,N/A,N/A,N/A,N/A,N/A,N/A,N/A,N/A,N/A,N/A,N/A,N/A,N/A,N/A,N/A,N/A,N/A,N/A,N/A,N/A,N/A,N/A,N/A,N/A,N/A,N/A,N/A,N/A,N/A,N/A,N/A,N/A,N/A,N/A,N/A,N/A,N/A,N/A,N/A,N/A,N/A,N/A,N/A,N/A
118,N/A,N/A,N/A,N/A,N/A,N/A,N/A,N/A,N/A,N/A,N/A,N/A,N/A,N/A,N/A,N/A,N/A,N/A,N/A,N/A,N/A,N/A,N/A,N/A,N/A,N/A,N/A,N/A,N/A,N/A,N/A,N/A,N/A,N/A,N/A,N/A,N/A,N/A,N/A,N/A,N/A,N/A,N/A,N/A,N/A,N/A,N/A,N/A,N/A,N/A,N/A,N/A,N/A,N/A,N/A,N/A,N/A,N/A,N/A,N/A,N/A,N/A,N/A,N/A,N/A,N/A,N/A,N/A,N/A,N/A,N/A,N/A,N/A,N/A,N/A,N/A,N/A,N/A,N/A,N/A,N/A,N/A,N/A,N/A,N/A,N/A,N/A,N/A,N/A,N/A,N/A,N/A,N/A,N/A,N/A,N/A,N/A,N/A,N/A,N/A,N/A,N/A,N/A,N/A
119,N/A,N/A,N/A,N/A,N/A,N/A,N/A,N/A,N/A,N/A,N/A,N/A,N/A,N/A,N/A,N/A,N/A,N/A,N/A,N/A,N/A,N/A,N/A,N/A,N/A,N/A,N/A,N/A,N/A,N/A,N/A,N/A,N/A,N/A,N/A,N/A,N/A,N/A,N/A,N/A,N/A,N/A,N/A,N/A,N/A,N/A,N/A,N/A,N/A,N/A,N/A,N/A,N/A,N/A,N/A,N/A,N/A,N/A,N/A,N/A,N/A,N/A,N/A,N/A,N/A,N/A,N/A,N/A,N/A,N/A,N/A,N/A,N/A,N/A,N/A,N/A,N/A,N/A,N/A,N/A,N/A,N/A,N/A,N/A,N/A,N/A,N/A,N/A,N/A,N/A,N/A,N/A,N/A,N/A,N/A,N/A,N/A,N/A,N/A,N/A,N/A,N/A,N/A,N/A
120,0.8035924434661865,0.4218377470970154,0.0,0.5668900012969971,0.19930675625801086,0.42378368973731995,0.6091163158416748,0.0,0.4150494337081909,0.11532384157180786,0.440810889005661,0.2126900851726532,0.4239442050457001,0.4253043830394745,0.4821988642215729,0.3875320255756378,0.20444834232330322,0.5069147348403931,0.38749223947525024,0.2315729707479477,0.044501613825559616,0.5148578882217407,0.4279400110244751,0.003068161429837346,0.470791757106781,0.41293978691101074,0.0,0.02300495281815529,0.4624674320220947,0.6918075680732727,0.7533437609672546,0.45538631081581116,0.6938536763191223,0.5010262131690979,0.26723363995552063,0.5435941219329834,0.380184143781662,0.6885442137718201,0.22242531180381775,0.633837103843689,0.40762338042259216,0.6604105234146118,0.6706476807594299,0.0,0.528454065322876,0.48111313581466675,0.42408087849617004,0.18474668264389038,0.449429452419281,0.31864455342292786,0.223159521818161,0.28834420442581177,0.35834240913391113,0.38728296756744385,0.3815005123615265,0.5411038398742676,0.5706976652145386,0.468066543340683,0.5507243275642395,0.8014528155326843,0.0,0.3063122034072876,0.14431065320968628,0.3984813988208771,0.6168131232261658,0.6151303648948669,0.6798295378684998,0.42584657669067383,0.45511290431022644,0.07674355059862137,0.5342817306518555,0.549171507358551,0.6090171933174133,0.6987658143043518,0.0,0.4175257682800293,0.3316652178764343,0.1071687713265419,0.4438713788986206,0.47521013021469116,0.4917846918106079,0.4771408438682556,0.6247256398200989,0.14897680282592773,0.7623215317726135,0.6945900917053223,0.0,0.8289785981178284,0.6280913352966309,0.5081906914710999,0.47793540358543396,0.4623837471008301,0.5386388897895813,0.3951674997806549,0.4594295024871826,0.7709242701530457,0.6748417615890503,0.0,0.23267745971679688,0.07461646944284439,0.0,0.22864490747451782,0.007916160859167576,0.02340373955667019
121,N/A,N/A,N/A,N/A,N/A,N/A,N/A,N/A,N/A,N/A,N/A,N/A,N/A,N/A,N/A,N/A,N/A,N/A,N/A,N/A,N/A,N/A,N/A,N/A,N/A,N/A,N/A,N/A,N/A,N/A,N/A,N/A,N/A,N/A,N/A,N/A,N/A,N/A,N/A,N/A,N/A,N/A,N/A,N/A,N/A,N/A,N/A,N/A,N/A,N/A,N/A,N/A,N/A,N/A,N/A,N/A,N/A,N/A,N/A,N/A,N/A,N/A,N/A,N/A,N/A,N/A,N/A,N/A,N/A,N/A,N/A,N/A,N/A,N/A,N/A,N/A,N/A,N/A,N/A,N/A,N/A,N/A,N/A,N/A,N/A,N/A,N/A,N/A,N/A,N/A,N/A,N/A,N/A,N/A,N/A,N/A,N/A,N/A,N/A,N/A,N/A,N/A,N/A,N/A
122,N/A,N/A,N/A,N/A,N/A,N/A,N/A,N/A,N/A,N/A,N/A,N/A,N/A,N/A,N/A,N/A,N/A,N/A,N/A,N/A,N/A,N/A,N/A,N/A,N/A,N/A,N/A,N/A,N/A,N/A,N/A,N/A,N/A,N/A,N/A,N/A,N/A,N/A,N/A,N/A,N/A,N/A,N/A,N/A,N/A,N/A,N/A,N/A,N/A,N/A,N/A,N/A,N/A,N/A,N/A,N/A,N/A,N/A,N/A,N/A,N/A,N/A,N/A,N/A,N/A,N/A,N/A,N/A,N/A,N/A,N/A,N/A,N/A,N/A,N/A,N/A,N/A,N/A,N/A,N/A,N/A,N/A,N/A,N/A,N/A,N/A,N/A,N/A,N/A,N/A,N/A,N/A,N/A,N/A,N/A,N/A,N/A,N/A,N/A,N/A,N/A,N/A,N/A,N/A
123,N/A,N/A,N/A,N/A,N/A,N/A,N/A,N/A,N/A,N/A,N/A,N/A,N/A,N/A,N/A,N/A,N/A,N/A,N/A,N/A,N/A,N/A,N/A,N/A,N/A,N/A,N/A,N/A,N/A,N/A,N/A,N/A,N/A,N/A,N/A,N/A,N/A,N/A,N/A,N/A,N/A,N/A,N/A,N/A,N/A,N/A,N/A,N/A,N/A,N/A,N/A,N/A,N/A,N/A,N/A,N/A,N/A,N/A,N/A,N/A,N/A,N/A,N/A,N/A,N/A,N/A,N/A,N/A,N/A,N/A,N/A,N/A,N/A,N/A,N/A,N/A,N/A,N/A,N/A,N/A,N/A,N/A,N/A,N/A,N/A,N/A,N/A,N/A,N/A,N/A,N/A,N/A,N/A,N/A,N/A,N/A,N/A,N/A,N/A,N/A,N/A,N/A,N/A,N/A
124,N/A,N/A,N/A,N/A,N/A,N/A,N/A,N/A,N/A,N/A,N/A,N/A,N/A,N/A,N/A,N/A,N/A,N/A,N/A,N/A,N/A,N/A,N/A,N/A,N/A,N/A,N/A,N/A,N/A,N/A,N/A,N/A,N/A,N/A,N/A,N/A,N/A,N/A,N/A,N/A,N/A,N/A,N/A,N/A,N/A,N/A,N/A,N/A,N/A,N/A,N/A,N/A,N/A,N/A,N/A,N/A,N/A,N/A,N/A,N/A,N/A,N/A,N/A,N/A,N/A,N/A,N/A,N/A,N/A,N/A,N/A,N/A,N/A,N/A,N/A,N/A,N/A,N/A,N/A,N/A,N/A,N/A,N/A,N/A,N/A,N/A,N/A,N/A,N/A,N/A,N/A,N/A,N/A,N/A,N/A,N/A,N/A,N/A,N/A,N/A,N/A,N/A,N/A,N/A
125,0.7928829193115234,0.35762733221054077,0.0,0.5445512533187866,0.1413600593805313,0.3982365131378174,0.7351305484771729,0.0,0.4494139850139618,0.11781248450279236,0.4050009250640869,0.28049570322036743,0.4155143201351166,0.4704587757587433,0.47115692496299744,0.4174826443195343,0.17707327008247375,0.49321454763412476,0.34623703360557556,0.11258751899003983,0.008377204649150372,0.4872705042362213,0.4452442526817322,0.002019262872636318,0.5204381346702576,0.4385911226272583,0.0,0.03822638839483261,0.48526671528816223,0.6857020258903503,0.7370180487632751,0.43974098563194275,0.7064857482910156,0.5164156556129456,0.2257225662469864,0.4858393967151642,0.4765675663948059,0.6495507955551147,0.17889511585235596,0.6913377642631531,0.40991172194480896,0.6449177265167236,0.7770076990127563,0.0,0.49204781651496887,0.4439232051372528,0.40494704246520996,0.18503715097904205,0.41143864393234253,0.3303818106651306,0.22033438086509705,0.2639297544956207,0.4094982147216797,0.40404337644577026,0.3372623324394226,0.6334520578384399,0.5952290892601013,0.41763463616371155,0.5090548992156982,0.7987213730812073,0.0,0.2884632349014282,0.14194095134735107,0.48931968212127686,0.6024596095085144,0.5932838916778564,0.6898403167724609,0.3752540647983551,0.3546324074268341,0.024513443931937218,0.5349118113517761,0.40635332465171814,0.634491503238678,0.6992003917694092,0.0,0.42885544896125793,0.2949668765068054,0.08488480746746063,0.6088427901268005,0.6070381999015808,0.5004997849464417,0.5103240013122559,0.6239377856254578,0.11870002746582031,0.7345314621925354,0.7107207775115967,0.0,0.8266161680221558,0.6637814044952393,0.4988900125026703,0.4905603528022766,0.47742801904678345,0.5756559371948242,0.3843907117843628,0.44524043798446655,0.7686773538589478,0.6642488837242126,0.0,0.18825356662273407,0.036732014268636703,0.0014918288215994835,0.2597396671772003,0.006515786051750183,0.018619626760482788
126,N/A,N/A,N/A,N/A,N/A,N/A,N/A,N/A,N/A,N/A,N/A,N/A,N/A,N/A,N/A,N/A,N/A,N/A,N/A,N/A,N/A,N/A,N/A,N/A,N/A,N/A,N/A,N/A,N/A,N/A,N/A,N/A,N/A,N/A,N/A,N/A,N/A,N/A,N/A,N/A,N/A,N/A,N/A,N/A,N/A,N/A,N/A,N/A,N/A,N/A,N/A,N/A,N/A,N/A,N/A,N/A,N/A,N/A,N/A,N/A,N/A,N/A,N/A,N/A,N/A,N/A,N/A,N/A,N/A,N/A,N/A,N/A,N/A,N/A,N/A,N/A,N/A,N/A,N/A,N/A,N/A,N/A,N/A,N/A,N/A,N/A,N/A,N/A,N/A,N/A,N/A,N/A,N/A,N/A,N/A,N/A,N/A,N/A,N/A,N/A,N/A,N/A,N/A,N/A
127,N/A,N/A,N/A,N/A,N/A,N/A,N/A,N/A,N/A,N/A,N/A,N/A,N/A,N/A,N/A,N/A,N/A,N/A,N/A,N/A,N/A,N/A,N/A,N/A,N/A,N/A,N/A,N/A,N/A,N/A,N/A,N/A,N/A,N/A,N/A,N/A,N/A,N/A,N/A,N/A,N/A,N/A,N/A,N/A,N/A,N/A,N/A,N/A,N/A,N/A,N/A,N/A,N/A,N/A,N/A,N/A,N/A,N/A,N/A,N/A,N/A,N/A,N/A,N/A,N/A,N/A,N/A,N/A,N/A,N/A,N/A,N/A,N/A,N/A,N/A,N/A,N/A,N/A,N/A,N/A,N/A,N/A,N/A,N/A,N/A,N/A,N/A,N/A,N/A,N/A,N/A,N/A,N/A,N/A,N/A,N/A,N/A,N/A,N/A,N/A,N/A,N/A,N/A,N/A
128,N/A,N/A,N/A,N/A,N/A,N/A,N/A,N/A,N/A,N/A,N/A,N/A,N/A,N/A,N/A,N/A,N/A,N/A,N/A,N/A,N/A,N/A,N/A,N/A,N/A,N/A,N/A,N/A,N/A,N/A,N/A,N/A,N/A,N/A,N/A,N/A,N/A,N/A,N/A,N/A,N/A,N/A,N/A,N/A,N/A,N/A,N/A,N/A,N/A,N/A,N/A,N/A,N/A,N/A,N/A,N/A,N/A,N/A,N/A,N/A,N/A,N/A,N/A,N/A,N/A,N/A,N/A,N/A,N/A,N/A,N/A,N/A,N/A,N/A,N/A,N/A,N/A,N/A,N/A,N/A,N/A,N/A,N/A,N/A,N/A,N/A,N/A,N/A,N/A,N/A,N/A,N/A,N/A,N/A,N/A,N/A,N/A,N/A,N/A,N/A,N/A,N/A,N/A,N/A
129,N/A,N/A,N/A,N/A,N/A,N/A,N/A,N/A,N/A,N/A,N/A,N/A,N/A,N/A,N/A,N/A,N/A,N/A,N/A,N/A,N/A,N/A,N/A,N/A,N/A,N/A,N/A,N/A,N/A,N/A,N/A,N/A,N/A,N/A,N/A,N/A,N/A,N/A,N/A,N/A,N/A,N/A,N/A,N/A,N/A,N/A,N/A,N/A,N/A,N/A,N/A,N/A,N/A,N/A,N/A,N/A,N/A,N/A,N/A,N/A,N/A,N/A,N/A,N/A,N/A,N/A,N/A,N/A,N/A,N/A,N/A,N/A,N/A,N/A,N/A,N/A,N/A,N/A,N/A,N/A,N/A,N/A,N/A,N/A,N/A,N/A,N/A,N/A,N/A,N/A,N/A,N/A,N/A,N/A,N/A,N/A,N/A,N/A,N/A,N/A,N/A,N/A,N/A,N/A
130,0.810834527015686,0.45187807083129883,0.0,0.5734845995903015,0.19719766080379486,0.4726558327674866,0.5777539014816284,0.0,0.4491046965122223,0.1279376745223999,0.4471134841442108,0.22678488492965698,0.42376846075057983,0.436352014541626,0.4270622432231903,0.3914613127708435,0.16096489131450653,0.5014799237251282,0.36348283290863037,0.16466911137104034,0.06843436509370804,0.46278393268585205,0.4551357924938202,0.009311177767813206,0.5434830188751221,0.44063112139701843,0.0,0.05584296956658363,0.4768162667751312,0.6887062191963196,0.7582131028175354,0.45158764719963074,0.7032268047332764,0.5119252800941467,0.2490462362766266,0.4869827330112457,0.5055163502693176,0.6502690315246582,0.2399914413690567,0.6554881930351257,0.44370418787002563,0.6467169523239136,0.7644988298416138,0.001164246816188097,0.5233189463615417,0.4641544818878174,0.4196222722530365,0.20692108571529388,0.4326494038105011,0.3181861340999603,0.2140125334262848,0.2832599878311157,0.41901692748069763,0.3998487889766693,0.3784824013710022,0.5819509029388428,0.5747936964035034,0.4613669514656067,0.556857705116272,0.7922146916389465,0.0,0.30534884333610535,0.12960338592529297,0.48238810896873474,0.6133503913879395,0.5904879570007324,0.6732040047645569,0.44878140091896057,0.37349969148635864,0.0755213275551796,0.5249055624008179,0.457157701253891,0.5882480144500732,0.7021275758743286,0.0,0.4147200882434845,0.30704331398010254,0.1672779768705368,0.5902987122535706,0.4660274386405945,0.4890431761741638,0.47645455598831177,0.6156790852546692,0.17963911592960358,0.7556291818618774,0.671798825263977,0.0,0.8269893527030945,0.6219475865364075,0.4967575967311859,0.47791337966918945,0.42842429876327515,0.5813414454460144,0.36401450634002686,0.4690183997154236,0.7675050497055054,0.6742680668830872,0.0,0.21946173906326294,0.22941352427005768,0.0,0.22666575014591217,0.022373173385858536,0.02450384385883808
131,N/A,N/A,N/A,N/A,N/A,N/A,N/A,N/A,N/A,N/A,N/A,N/A,N/A,N/A,N/A,N/A,N/A,N/A,N/A,N/A,N/A,N/A,N/A,N/A,N/A,N/A,N/A,N/A,N/A,N/A,N/A,N/A,N/A,N/A,N/A,N/A,N/A,N/A,N/A,N/A,N/A,N/A,N/A,N/A,N/A,N/A,N/A,N/A,N/A,N/A,N/A,N/A,N/A,N/A,N/A,N/A,N/A,N/A,N/A,N/A,N/A,N/A,N/A,N/A,N/A,N/A,N/A,N/A,N/A,N/A,N/A,N/A,N/A,N/A,N/A,N/A,N/A,N/A,N/A,N/A,N/A,N/A,N/A,N/A,N/A,N/A,N/A,N/A,N/A,N/A,N/A,N/A,N/A,N/A,N/A,N/A,N/A,N/A,N/A,N/A,N/A,N/A,N/A,N/A
132,N/A,N/A,N/A,N/A,N/A,N/A,N/A,N/A,N/A,N/A,N/A,N/A,N/A,N/A,N/A,N/A,N/A,N/A,N/A,N/A,N/A,N/A,N/A,N/A,N/A,N/A,N/A,N/A,N/A,N/A,N/A,N/A,N/A,N/A,N/A,N/A,N/A,N/A,N/A,N/A,N/A,N/A,N/A,N/A,N/A,N/A,N/A,N/A,N/A,N/A,N/A,N/A,N/A,N/A,N/A,N/A,N/A,N/A,N/A,N/A,N/A,N/A,N/A,N/A,N/A,N/A,N/A,N/A,N/A,N/A,N/A,N/A,N/A,N/A,N/A,N/A,N/A,N/A,N/A,N/A,N/A,N/A,N/A,N/A,N/A,N/A,N/A,N/A,N/A,N/A,N/A,N/A,N/A,N/A,N/A,N/A,N/A,N/A,N/A,N/A,N/A,N/A,N/A,N/A
133,N/A,N/A,N/A,N/A,N/A,N/A,N/A,N/A,N/A,N/A,N/A,N/A,N/A,N/A,N/A,N/A,N/A,N/A,N/A,N/A,N/A,N/A,N/A,N/A,N/A,N/A,N/A,N/A,N/A,N/A,N/A,N/A,N/A,N/A,N/A,N/A,N/A,N/A,N/A,N/A,N/A,N/A,N/A,N/A,N/A,N/A,N/A,N/A,N/A,N/A,N/A,N/A,N/A,N/A,N/A,N/A,N/A,N/A,N/A,N/A,N/A,N/A,N/A,N/A,N/A,N/A,N/A,N/A,N/A,N/A,N/A,N/A,N/A,N/A,N/A,N/A,N/A,N/A,N/A,N/A,N/A,N/A,N/A,N/A,N/A,N/A,N/A,N/A,N/A,N/A,N/A,N/A,N/A,N/A,N/A,N/A,N/A,N/A,N/A,N/A,N/A,N/A,N/A,N/A
134,N/A,N/A,N/A,N/A,N/A,N/A,N/A,N/A,N/A,N/A,N/A,N/A,N/A,N/A,N/A,N/A,N/A,N/A,N/A,N/A,N/A,N/A,N/A,N/A,N/A,N/A,N/A,N/A,N/A,N/A,N/A,N/A,N/A,N/A,N/A,N/A,N/A,N/A,N/A,N/A,N/A,N/A,N/A,N/A,N/A,N/A,N/A,N/A,N/A,N/A,N/A,N/A,N/A,N/A,N/A,N/A,N/A,N/A,N/A,N/A,N/A,N/A,N/A,N/A,N/A,N/A,N/A,N/A,N/A,N/A,N/A,N/A,N/A,N/A,N/A,N/A,N/A,N/A,N/A,N/A,N/A,N/A,N/A,N/A,N/A,N/A,N/A,N/A,N/A,N/A,N/A,N/A,N/A,N/A,N/A,N/A,N/A,N/A,N/A,N/A,N/A,N/A,N/A,N/A
135,0.8316295146942139,0.42591071128845215,0.0,0.5639883279800415,0.17889581620693207,0.5135618448257446,0.7155421376228333,0.0,0.4515473246574402,0.11953791975975037,0.44160225987434387,0.2491046041250229,0.41836339235305786,0.4611627757549286,0.49880021810531616,0.3977350890636444,0.21770037710666656,0.4621920883655548,0.3602764904499054,0.1856495887041092,0.06271063536405563,0.5071069598197937,0.4096786081790924,0.002458831761032343,0.563042163848877,0.43079647421836853,0.0,0.05773012340068817,0.47985875606536865,0.6978617310523987,0.7541136145591736,0.4774801731109619,0.7206622362136841,0.5191743969917297,0.2900100350379944,0.4829438626766205,0.45227184891700745,0.700573742389679,0.24153433740139008,0.710890531539917,0.38190123438835144,0.6612690091133118,0.7816632986068726,0.0,0.5372953414916992,0.4704149663448334,0.41625016927719116,0.20141491293907166,0.4212604761123657,0.30829179286956787,0.21780145168304443,0.26405465602874756,0.4239617884159088,0.4301987886428833,0.36810302734375,0.6878394484519958,0.5922298431396484,0.4793686866760254,0.5616248846054077,0.8003749847412109,0.0,0.30999600887298584,0.14754994213581085,0.45193618535995483,0.6405327916145325,0.6209168434143066,0.6880722641944885,0.4413502812385559,0.3275797665119171,0.05261750519275665,0.5119608640670776,0.5497382879257202,0.6187928915023804,0.6944951415061951,0.0,0.4150080382823944,0.34283360838890076,0.12630242109298706,0.593399703502655,0.5613316297531128,0.5052950978279114,0.3724375069141388,0.6161670684814453,0.1544143408536911,0.7207394242286682,0.7028425335884094,0.0,0.8431496620178223,0.652812659740448,0.5116336345672607,0.5064514875411987,0.49806585907936096,0.5836783051490784,0.397327184677124,0.46191784739494324,0.7899279594421387,0.6971462368965149,0.0,0.2255515158176422,0.09477988630533218,0.0,0.2607922852039337,0.00030602942570112646,0.011111671105027199
136,N/A,N/A,N/A,N/A,N/A,N/A,N/A,N/A,N/A,N/A,N/A,N/A,N/A,N/A,N/A,N/A,N/A,N/A,N/A,N/A,N/A,N/A,N/A,N/A,N/A,N/A,N/A,N/A,N/A,N/A,N/A,N/A,N/A,N/A,N/A,N/A,N/A,N/A,N/A,N/A,N/A,N/A,N/A,N/A,N/A,N/A,N/A,N/A,N/A,N/A,N/A,N/A,N/A,N/A,N/A,N/A,N/A,N/A,N/A,N/A,N/A,N/A,N/A,N/A,N/A,N/A,N/A,N/A,N/A,N/A,N/A,N/A,N/A,N/A,N/A,N/A,N/A,N/A,N/A,N/A,N/A,N/A,N/A,N/A,N/A,N/A,N/A,N/A,N/A,N/A,N/A,N/A,N/A,N/A,N/A,N/A,N/A,N/A,N/A,N/A,N/A,N/A,N/A,N/A
137,N/A,N/A,N/A,N/A,N/A,N/A,N/A,N/A,N/A,N/A,N/A,N/A,N/A,N/A,N/A,N/A,N/A,N/A,N/A,N/A,N/A,N/A,N/A,N/A,N/A,N/A,N/A,N/A,N/A,N/A,N/A,N/A,N/A,N/A,N/A,N/A,N/A,N/A,N/A,N/A,N/A,N/A,N/A,N/A,N/A,N/A,N/A,N/A,N/A,N/A,N/A,N/A,N/A,N/A,N/A,N/A,N/A,N/A,N/A,N/A,N/A,N/A,N/A,N/A,N/A,N/A,N/A,N/A,N/A,N/A,N/A,N/A,N/A,N/A,N/A,N/A,N/A,N/A,N/A,N/A,N/A,N/A,N/A,N/A,N/A,N/A,N/A,N/A,N/A,N/A,N/A,N/A,N/A,N/A,N/A,N/A,N/A,N/A,N/A,N/A,N/A,N/A,N/A,N/A
138,N/A,N/A,N/A,N/A,N/A,N/A,N/A,N/A,N/A,N/A,N/A,N/A,N/A,N/A,N/A,N/A,N/A,N/A,N/A,N/A,N/A,N/A,N/A,N/A,N/A,N/A,N/A,N/A,N/A,N/A,N/A,N/A,N/A,N/A,N/A,N/A,N/A,N/A,N/A,N/A,N/A,N/A,N/A,N/A,N/A,N/A,N/A,N/A,N/A,N/A,N/A,N/A,N/A,N/A,N/A,N/A,N/A,N/A,N/A,N/A,N/A,N/A,N/A,N/A,N/A,N/A,N/A,N/A,N/A,N/A,N/A,N/A,N/A,N/A,N/A,N/A,N/A,N/A,N/A,N/A,N/A,N/A,N/A,N/A,N/A,N/A,N/A,N/A,N/A,N/A,N/A,N/A,N/A,N/A,N/A,N/A,N/A,N/A,N/A,N/A,N/A,N/A,N/A,N/A
139,N/A,N/A,N/A,N/A,N/A,N/A,N/A,N/A,N/A,N/A,N/A,N/A,N/A,N/A,N/A,N/A,N/A,N/A,N/A,N/A,N/A,N/A,N/A,N/A,N/A,N/A,N/A,N/A,N/A,N/A,N/A,N/A,N/A,N/A,N/A,N/A,N/A,N/A,N/A,N/A,N/A,N/A,N/A,N/A,N/A,N/A,N/A,N/A,N/A,N/A,N/A,N/A,N/A,N/A,N/A,N/A,N/A,N/A,N/A,N/A,N/A,N/A,N/A,N/A,N/A,N/A,N/A,N/A,N/A,N/A,N/A,N/A,N/A,N/A,N/A,N/A,N/A,N/A,N/A,N/A,N/A,N/A,N/A,N/A,N/A,N/A,N/A,N/A,N/A,N/A,N/A,N/A,N/A,N/A,N/A,N/A,N/A,N/A,N/A,N/A,N/A,N/A,N/A,N/A
140,0.8037607669830322,0.46117809414863586,0.0,0.5650891065597534,0.19435667991638184,0.4806291162967682,0.7248303294181824,0.0,0.4107232391834259,0.1422121673822403,0.438649982213974,0.24789369106292725,0.39811593294143677,0.41700929403305054,0.48326385021209717,0.3482893109321594,0.14572620391845703,0.5079048275947571,0.394318550825119,0.21352602541446686,0.04806514456868172,0.5592275857925415,0.4260737895965576,0.002638814738020301,0.542270839214325,0.44614991545677185,0.0,0.0652303546667099,0.4824307858943939,0.6838939785957336,0.7470373511314392,0.4339083433151245,0.6719305515289307,0.5231882929801941,0.2819739878177643,0.5244156718254089,0.49362340569496155,0.6850924491882324,0.25552624464035034,0.6046651005744934,0.42885246872901917,0.6735258102416992,0.7742621302604675,0.0009869381319731474,0.5359740257263184,0.4535897672176361,0.43411481380462646,0.1980256736278534,0.4384477138519287,0.31916096806526184,0.2280256301164627,0.2847311496734619,0.3919195830821991,0.3877612352371216,0.360421746969223,0.6057711839675903,0.5959401726722717,0.4408528208732605,0.5587892532348633,0.8061386346817017,0.0,0.2722388505935669,0.15597182512283325,0.4935564398765564,0.6276881098747253,0.6119165420532227,0.6967421174049377,0.4205830991268158,0.305980920791626,0.0625343918800354,0.5216850638389587,0.5802175402641296,0.6484251618385315,0.7120237946510315,0.0,0.4239749610424042,0.3395111560821533,0.15824921429157257,0.5896128416061401,0.389445036649704,0.48798584938049316,0.4125007092952728,0.5930922627449036,0.18515630066394806,0.7531925439834595,0.6912606954574585,0.0,0.8175967931747437,0.6026065945625305,0.4975752830505371,0.4967157244682312,0.45609742403030396,0.5955742597579956,0.3952120244503021,0.47369030117988586,0.7605262398719788,0.6869150996208191,0.0,0.26837632060050964,0.11959867924451828,0.0,0.21501010656356812,0.010081173852086067,0.022350376471877098
141,N/A,N/A,N/A,N/A,N/A,N/A,N/A,N/A,N/A,N/A,N/A,N/A,N/A,N/A,N/A,N/A,N/A,N/A,N/A,N/A,N/A,N/A,N/A,N/A,N/A,N/A,N/A,N/A,N/A,N/A,N/A,N/A,N/A,N/A,N/A,N/A,N/A,N/A,N/A,N/A,N/A,N/A,N/A,N/A,N/A,N/A,N/A,N/A,N/A,N/A,N/A,N/A,N/A,N/A,N/A,N/A,N/A,N/A,N/A,N/A,N/A,N/A,N/A,N/A,N/A,N/A,N/A,N/A,N/A,N/A,N/A,N/A,N/A,N/A,N/A,N/A,N/A,N/A,N/A,N/A,N/A,N/A,N/A,N/A,N/A,N/A,N/A,N/A,N/A,N/A,N/A,N/A,N/A,N/A,N/A,N/A,N/A,N/A,N/A,N/A,N/A,N/A,N/A,N/A
142,N/A,N/A,N/A,N/A,N/A,N/A,N/A,N/A,N/A,N/A,N/A,N/A,N/A,N/A,N/A,N/A,N/A,N/A,N/A,N/A,N/A,N/A,N/A,N/A,N/A,N/A,N/A,N/A,N/A,N/A,N/A,N/A,N/A,N/A,N/A,N/A,N/A,N/A,N/A,N/A,N/A,N/A,N/A,N/A,N/A,N/A,N/A,N/A,N/A,N/A,N/A,N/A,N/A,N/A,N/A,N/A,N/A,N/A,N/A,N/A,N/A,N/A,N/A,N/A,N/A,N/A,N/A,N/A,N/A,N/A,N/A,N/A,N/A,N/A,N/A,N/A,N/A,N/A,N/A,N/A,N/A,N/A,N/A,N/A,N/A,N/A,N/A,N/A,N/A,N/A,N/A,N/A,N/A,N/A,N/A,N/A,N/A,N/A,N/A,N/A,N/A,N/A,N/A,N/A
143,N/A,N/A,N/A,N/A,N/A,N/A,N/A,N/A,N/A,N/A,N/A,N/A,N/A,N/A,N/A,N/A,N/A,N/A,N/A,N/A,N/A,N/A,N/A,N/A,N/A,N/A,N/A,N/A,N/A,N/A,N/A,N/A,N/A,N/A,N/A,N/A,N/A,N/A,N/A,N/A,N/A,N/A,N/A,N/A,N/A,N/A,N/A,N/A,N/A,N/A,N/A,N/A,N/A,N/A,N/A,N/A,N/A,N/A,N/A,N/A,N/A,N/A,N/A,N/A,N/A,N/A,N/A,N/A,N/A,N/A,N/A,N/A,N/A,N/A,N/A,N/A,N/A,N/A,N/A,N/A,N/A,N/A,N/A,N/A,N/A,N/A,N/A,N/A,N/A,N/A,N/A,N/A,N/A,N/A,N/A,N/A,N/A,N/A,N/A,N/A,N/A,N/A,N/A,N/A
144,N/A,N/A,N/A,N/A,N/A,N/A,N/A,N/A,N/A,N/A,N/A,N/A,N/A,N/A,N/A,N/A,N/A,N/A,N/A,N/A,N/A,N/A,N/A,N/A,N/A,N/A,N/A,N/A,N/A,N/A,N/A,N/A,N/A,N/A,N/A,N/A,N/A,N/A,N/A,N/A,N/A,N/A,N/A,N/A,N/A,N/A,N/A,N/A,N/A,N/A,N/A,N/A,N/A,N/A,N/A,N/A,N/A,N/A,N/A,N/A,N/A,N/A,N/A,N/A,N/A,N/A,N/A,N/A,N/A,N/A,N/A,N/A,N/A,N/A,N/A,N/A,N/A,N/A,N/A,N/A,N/A,N/A,N/A,N/A,N/A,N/A,N/A,N/A,N/A,N/A,N/A,N/A,N/A,N/A,N/A,N/A,N/A,N/A,N/A,N/A,N/A,N/A,N/A,N/A
145,0.8308159112930298,0.46972519159317017,0.0,0.5852923393249512,0.20716416835784912,0.5257152318954468,0.6253423094749451,0.0,0.46304258704185486,0.14495894312858582,0.45000895857810974,0.2290492057800293,0.45668917894363403,0.42783981561660767,0.4343400299549103,0.4114035964012146,0.1328517496585846,0.5017976760864258,0.3850279450416565,0.26359280943870544,0.15747354924678802,0.5162529945373535,0.42589259147644043,0.014180909842252731,0.5149596333503723,0.47862207889556885,0.0,0.09212267398834229,0.45066598057746887,0.7193111777305603,0.7709524035453796,0.47901052236557007,0.6925464272499084,0.5321580767631531,0.25036245584487915,0.4842414855957031,0.4634624123573303,0.6521992087364197,0.26796755194664,0.6225920915603638,0.41307464241981506,0.6126680970191956,0.6354020833969116,0.008751421235501766,0.5186514854431152,0.4629752039909363,0.43197792768478394,0.19933916628360748,0.4472866654396057,0.29071521759033203,0.21405315399169922,0.27113208174705505,0.4180527329444885,0.3942994773387909,0.38293126225471497,0.5894443988800049,0.5627852082252502,0.44946029782295227,0.5745097398757935,0.8038957715034485,0.0,0.26185914874076843,0.12958697974681854,0.48262524604797363,0.6166104674339294,0.6286475658416748,0.6882129907608032,0.4428105652332306,0.4176435172557831,0.0753222182393074,0.5388657450675964,0.5670366883277893,0.6018718481063843,0.6920925974845886,0.0,0.45331457257270813,0.30912455916404724,0.12484249472618103,0.48737654089927673,0.5407814383506775,0.4822743833065033,0.4957837164402008,0.6164856553077698,0.19437438249588013,0.7582126259803772,0.7051354646682739,0.0,0.8224822282791138,0.5936553478240967,0.48533424735069275,0.47752296924591064,0.47495609521865845,0.571730375289917,0.4036230444908142,0.45481330156326294,0.7584024667739868,0.6715940833091736,0.0,0.24070854485034943,0.2743286192417145,0.0,0.2315865308046341,0.032944172620773315,0.022806132212281227
146,N/A,N/A,N/A,N/A,N/A,N/A,N/A,N/A,N/A,N/A,N/A,N/A,N/A,N/A,N/A,N/A,N/A,N/A,N/A,N/A,N/A,N/A,N/A,N/A,N/A,N/A,N/A,N/A,N/A,N/A,N/A,N/A,N/A,N/A,N/A,N/A,N/A,N/A,N/A,N/A,N/A,N/A,N/A,N/A,N/A,N/A,N/A,N/A,N/A,N/A,N/A,N/A,N/A,N/A,N/A,N/A,N/A,N/A,N/A,N/A,N/A,N/A,N/A,N/A,N/A,N/A,N/A,N/A,N/A,N/A,N/A,N/A,N/A,N/A,N/A,N/A,N/A,N/A,N/A,N/A,N/A,N/A,N/A,N/A,N/A,N/A,N/A,N/A,N/A,N/A,N/A,N/A,N/A,N/A,N/A,N/A,N/A,N/A,N/A,N/A,N/A,N/A,N/A,N/A
147,N/A,N/A,N/A,N/A,N/A,N/A,N/A,N/A,N/A,N/A,N/A,N/A,N/A,N/A,N/A,N/A,N/A,N/A,N/A,N/A,N/A,N/A,N/A,N/A,N/A,N/A,N/A,N/A,N/A,N/A,N/A,N/A,N/A,N/A,N/A,N/A,N/A,N/A,N/A,N/A,N/A,N/A,N/A,N/A,N/A,N/A,N/A,N/A,N/A,N/A,N/A,N/A,N/A,N/A,N/A,N/A,N/A,N/A,N/A,N/A,N/A,N/A,N/A,N/A,N/A,N/A,N/A,N/A,N/A,N/A,N/A,N/A,N/A,N/A,N/A,N/A,N/A,N/A,N/A,N/A,N/A,N/A,N/A,N/A,N/A,N/A,N/A,N/A,N/A,N/A,N/A,N/A,N/A,N/A,N/A,N/A,N/A,N/A,N/A,N/A,N/A,N/A,N/A,N/A
148,N/A,N/A,N/A,N/A,N/A,N/A,N/A,N/A,N/A,N/A,N/A,N/A,N/A,N/A,N/A,N/A,N/A,N/A,N/A,N/A,N/A,N/A,N/A,N/A,N/A,N/A,N/A,N/A,N/A,N/A,N/A,N/A,N/A,N/A,N/A,N/A,N/A,N/A,N/A,N/A,N/A,N/A,N/A,N/A,N/A,N/A,N/A,N/A,N/A,N/A,N/A,N/A,N/A,N/A,N/A,N/A,N/A,N/A,N/A,N/A,N/A,N/A,N/A,N/A,N/A,N/A,N/A,N/A,N/A,N/A,N/A,N/A,N/A,N/A,N/A,N/A,N/A,N/A,N/A,N/A,N/A,N/A,N/A,N/A,N/A,N/A,N/A,N/A,N/A,N/A,N/A,N/A,N/A,N/A,N/A,N/A,N/A,N/A,N/A,N/A,N/A,N/A,N/A,N/A
149,N/A,N/A,N/A,N/A,N/A,N/A,N/A,N/A,N/A,N/A,N/A,N/A,N/A,N/A,N/A,N/A,N/A,N/A,N/A,N/A,N/A,N/A,N/A,N/A,N/A,N/A,N/A,N/A,N/A,N/A,N/A,N/A,N/A,N/A,N/A,N/A,N/A,N/A,N/A,N/A,N/A,N/A,N/A,N/A,N/A,N/A,N/A,N/A,N/A,N/A,N/A,N/A,N/A,N/A,N/A,N/A,N/A,N/A,N/A,N/A,N/A,N/A,N/A,N/A,N/A,N/A,N/A,N/A,N/A,N/A,N/A,N/A,N/A,N/A,N/A,N/A,N/A,N/A,N/A,N/A,N/A,N/A,N/A,N/A,N/A,N/A,N/A,N/A,N/A,N/A,N/A,N/A,N/A,N/A,N/A,N/A,N/A,N/A,N/A,N/A,N/A,N/A,N/A,N/A
150,0.8167980909347534,0.4473436176776886,0.0,0.5741065144538879,0.18650393187999725,0.46983468532562256,0.6052864193916321,0.0,0.4370757043361664,0.1262877732515335,0.42424818873405457,0.2752443253993988,0.44052478671073914,0.4468573331832886,0.49700725078582764,0.3814699351787567,0.14034993946552277,0.5235557556152344,0.41261395812034607,0.29251760244369507,0.18271459639072418,0.5578980445861816,0.4403434991836548,0.0039771804586052895,0.5684910416603088,0.45190665125846863,0.0,0.06701898574829102,0.4993951916694641,0.6933770775794983,0.7584921717643738,0.4400999844074249,0.6890384554862976,0.5144661664962769,0.26853200793266296,0.5164390206336975,0.4118916690349579,0.6669825911521912,0.28978660702705383,0.6746457815170288,0.4382268190383911,0.6601805090904236,0.7718661427497864,0.0011247633956372738,0.5130081176757812,0.4735759198665619,0.427653044462204,0.1699930876493454,0.4311232566833496,0.31364622712135315,0.23031020164489746,0.28308022022247314,0.4006761610507965,0.417074590921402,0.38990727066993713,0.6214585304260254,0.5825117826461792,0.447210431098938,0.5565366744995117,0.7968519926071167,0.0,0.296988308429718,0.1311996877193451,0.4883480370044708,0.6355871558189392,0.6135023832321167,0.6822021007537842,0.4114535450935364,0.3842482268810272,0.08760575950145721,0.541138231754303,0.5498068332672119,0.5897709727287292,0.6943163871765137,0.0,0.4513266682624817,0.32705995440483093,0.1479749232530594,0.49054384231567383,0.46181440353393555,0.4934321343898773,0.4840904772281647,0.6250348091125488,0.1894834339618683,0.7538618445396423,0.6464247703552246,0.0,0.8130807876586914,0.5952949523925781,0.5049436092376709,0.4591291844844818,0.452505499124527,0.5953100323677063,0.398410439491272,0.4446583092212677,0.7729739546775818,0.6664685606956482,0.0,0.25783324241638184,0.35858798027038574,0.0,0.22517691552639008,0.02131669595837593,0.025544950738549232
151,N/A,N/A,N/A,N/A,N/A,N/A,N/A,N/A,N/A,N/A,N/A,N/A,N/A,N/A,N/A,N/A,N/A,N/A,N/A,N/A,N/A,N/A,N/A,N/A,N/A,N/A,N/A,N/A,N/A,N/A,N/A,N/A,N/A,N/A,N/A,N/A,N/A,N/A,N/A,N/A,N/A,N/A,N/A,N/A,N/A,N/A,N/A,N/A,N/A,N/A,N/A,N/A,N/A,N/A,N/A,N/A,N/A,N/A,N/A,N/A,N/A,N/A,N/A,N/A,N/A,N/A,N/A,N/A,N/A,N/A,N/A,N/A,N/A,N/A,N/A,N/A,N/A,N/A,N/A,N/A,N/A,N/A,N/A,N/A,N/A,N/A,N/A,N/A,N/A,N/A,N/A,N/A,N/A,N/A,N/A,N/A,N/A,N/A,N/A,N/A,N/A,N/A,N/A,N/A
152,N/A,N/A,N/A,N/A,N/A,N/A,N/A,N/A,N/A,N/A,N/A,N/A,N/A,N/A,N/A,N/A,N/A,N/A,N/A,N/A,N/A,N/A,N/A,N/A,N/A,N/A,N/A,N/A,N/A,N/A,N/A,N/A,N/A,N/A,N/A,N/A,N/A,N/A,N/A,N/A,N/A,N/A,N/A,N/A,N/A,N/A,N/A,N/A,N/A,N/A,N/A,N/A,N/A,N/A,N/A,N/A,N/A,N/A,N/A,N/A,N/A,N/A,N/A,N/A,N/A,N/A,N/A,N/A,N/A,N/A,N/A,N/A,N/A,N/A,N/A,N/A,N/A,N/A,N/A,N/A,N/A,N/A,N/A,N/A,N/A,N/A,N/A,N/A,N/A,N/A,N/A,N/A,N/A,N/A,N/A,N/A,N/A,N/A,N/A,N/A,N/A,N/A,N/A,N/A
153,N/A,N/A,N/A,N/A,N/A,N/A,N/A,N/A,N/A,N/A,N/A,N/A,N/A,N/A,N/A,N/A,N/A,N/A,N/A,N/A,N/A,N/A,N/A,N/A,N/A,N/A,N/A,N/A,N/A,N/A,N/A,N/A,N/A,N/A,N/A,N/A,N/A,N/A,N/A,N/A,N/A,N/A,N/A,N/A,N/A,N/A,N/A,N/A,N/A,N/A,N/A,N/A,N/A,N/A,N/A,N/A,N/A,N/A,N/A,N/A,N/A,N/A,N/A,N/A,N/A,N/A,N/A,N/A,N/A,N/A,N/A,N/A,N/A,N/A,N/A,N/A,N/A,N/A,N/A,N/A,N/A,N/A,N/A,N/A,N/A,N/A,N/A,N/A,N/A,N/A,N/A,N/A,N/A,N/A,N/A,N/A,N/A,N/A,N/A,N/A,N/A,N/A,N/A,N/A
154,N/A,N/A,N/A,N/A,N/A,N/A,N/A,N/A,N/A,N/A,N/A,N/A,N/A,N/A,N/A,N/A,N/A,N/A,N/A,N/A,N/A,N/A,N/A,N/A,N/A,N/A,N/A,N/A,N/A,N/A,N/A,N/A,N/A,N/A,N/A,N/A,N/A,N/A,N/A,N/A,N/A,N/A,N/A,N/A,N/A,N/A,N/A,N/A,N/A,N/A,N/A,N/A,N/A,N/A,N/A,N/A,N/A,N/A,N/A,N/A,N/A,N/A,N/A,N/A,N/A,N/A,N/A,N/A,N/A,N/A,N/A,N/A,N/A,N/A,N/A,N/A,N/A,N/A,N/A,N/A,N/A,N/A,N/A,N/A,N/A,N/A,N/A,N/A,N/A,N/A,N/A,N/A,N/A,N/A,N/A,N/A,N/A,N/A,N/A,N/A,N/A,N/A,N/A,N/A
155,0.8324462175369263,0.4327869713306427,0.0,0.5891820788383484,0.18963590264320374,0.5110189914703369,0.7213397026062012,0.0,0.45256733894348145,0.09054817259311676,0.40796536207199097,0.27096936106681824,0.4477851688861847,0.4717158079147339,0.455352246761322,0.39206069707870483,0.16881594061851501,0.4937152564525604,0.4163777530193329,0.2896651327610016,0.10801611095666885,0.5657749176025391,0.4592067301273346,0.01666335016489029,0.585442304611206,0.4602241516113281,0.0,0.048393614590168,0.512789785861969,0.7197197675704956,0.7607854604721069,0.4560282528400421,0.7196289896965027,0.5294114351272583,0.3063156008720398,0.5204863548278809,0.46662846207618713,0.6662548780441284,0.25720563530921936,0.6645718216896057,0.4201274812221527,0.6818569302558899,0.7933019995689392,0.005568021442741156,0.5135655403137207,0.44898316264152527,0.42143714427948,0.2067459374666214,0.4258521795272827,0.29961758852005005,0.2152821272611618,0.28388169407844543,0.4183853566646576,0.3964928686618805,0.35793060064315796,0.6349983811378479,0.5877109169960022,0.45390182733535767,0.5522809624671936,0.8060030937194824,0.0,0.27803221344947815,0.13508205115795135,0.4410211145877838,0.658955991268158,0.631384551525116,0.6790873408317566,0.4180353879928589,0.34841200709342957,0.09506985545158386,0.5426692366600037,0.5662485361099243,0.6406406760215759,0.7131416201591492,0.0,0.4477173686027527,0.31991755962371826,0.16301743686199188,0.6052424311637878,0.4591605067253113,0.49460935592651367,0.44535738229751587,0.6327704787254333,0.15047918260097504,0.7540402412414551,0.680266261100769,0.0,0.8265640139579773,0.6309765577316284,0.503108024597168,0.45932847261428833,0.4537510871887207,0.6003307700157166,0.4004954397678375,0.4653911590576172,0.7903397083282471,0.6607843041419983,0.0,0.2183362990617752,0.33259281516075134,0.0,0.2396267056465149,0.005810857750475407,0.022360287606716156
156,N/A,N/A,N/A,N/A,N/A,N/A,N/A,N/A,N/A,N/A,N/A,N/A,N/A,N/A,N/A,N/A,N/A,N/A,N/A,N/A,N/A,N/A,N/A,N/A,N/A,N/A,N/A,N/A,N/A,N/A,N/A,N/A,N/A,N/A,N/A,N/A,N/A,N/A,N/A,N/A,N/A,N/A,N/A,N/A,N/A,N/A,N/A,N/A,N/A,N/A,N/A,N/A,N/A,N/A,N/A,N/A,N/A,N/A,N/A,N/A,N/A,N/A,N/A,N/A,N/A,N/A,N/A,N/A,N/A,N/A,N/A,N/A,N/A,N/A,N/A,N/A,N/A,N/A,N/A,N/A,N/A,N/A,N/A,N/A,N/A,N/A,N/A,N/A,N/A,N/A,N/A,N/A,N/A,N/A,N/A,N/A,N/A,N/A,N/A,N/A,N/A,N/A,N/A,N/A
157,N/A,N/A,N/A,N/A,N/A,N/A,N/A,N/A,N/A,N/A,N/A,N/A,N/A,N/A,N/A,N/A,N/A,N/A,N/A,N/A,N/A,N/A,N/A,N/A,N/A,N/A,N/A,N/A,N/A,N/A,N/A,N/A,N/A,N/A,N/A,N/A,N/A,N/A,N/A,N/A,N/A,N/A,N/A,N/A,N/A,N/A,N/A,N/A,N/A,N/A,N/A,N/A,N/A,N/A,N/A,N/A,N/A,N/A,N/A,N/A,N/A,N/A,N/A,N/A,N/A,N/A,N/A,N/A,N/A,N/A,N/A,N/A,N/A,N/A,N/A,N/A,N/A,N/A,N/A,N/A,N/A,N/A,N/A,N/A,N/A,N/A,N/A,N/A,N/A,N/A,N/A,N/A,N/A,N/A,N/A,N/A,N/A,N/A,N/A,N/A,N/A,N/A,N/A,N/A
158,N/A,N/A,N/A,N/A,N/A,N/A,N/A,N/A,N/A,N/A,N/A,N/A,N/A,N/A,N/A,N/A,N/A,N/A,N/A,N/A,N/A,N/A,N/A,N/A,N/A,N/A,N/A,N/A,N/A,N/A,N/A,N/A,N/A,N/A,N/A,N/A,N/A,N/A,N/A,N/A,N/A,N/A,N/A,N/A,N/A,N/A,N/A,N/A,N/A,N/A,N/A,N/A,N/A,N/A,N/A,N/A,N/A,N/A,N/A,N/A,N/A,N/A,N/A,N/A,N/A,N/A,N/A,N/A,N/A,N/A,N/A,N/A,N/A,N/A,N/A,N/A,N/A,N/A,N/A,N/A,N/A,N/A,N/A,N/A,N/A,N/A,N/A,N/A,N/A,N/A,N/A,N/A,N/A,N/A,N/A,N/A,N/A,N/A,N/A,N/A,N/A,N/A,N/A,N/A
159,N/A,N/A,N/A,N/A,N/A,N/A,N/A,N/A,N/A,N/A,N/A,N/A,N/A,N/A,N/A,N/A,N/A,N/A,N/A,N/A,N/A,N/A,N/A,N/A,N/A,N/A,N/A,N/A,N/A,N/A,N/A,N/A,N/A,N/A,N/A,N/A,N/A,N/A,N/A,N/A,N/A,N/A,N/A,N/A,N/A,N/A,N/A,N/A,N/A,N/A,N/A,N/A,N/A,N/A,N/A,N/A,N/A,N/A,N/A,N/A,N/A,N/A,N/A,N/A,N/A,N/A,N/A,N/A,N/A,N/A,N/A,N/A,N/A,N/A,N/A,N/A,N/A,N/A,N/A,N/A,N/A,N/A,N/A,N/A,N/A,N/A,N/A,N/A,N/A,N/A,N/A,N/A,N/A,N/A,N/A,N/A,N/A,N/A,N/A,N/A,N/A,N/A,N/A,N/A
160,0.8241992592811584,0.4613220691680908,0.0,0.5800464153289795,0.2004278153181076,0.5071221590042114,0.6690493226051331,0.0,0.45417630672454834,0.14819039404392242,0.45827123522758484,0.277662992477417,0.4367067515850067,0.44876089692115784,0.48256537318229675,0.3720412254333496,0.15133292973041534,0.48221921920776367,0.4266742467880249,0.29465630650520325,0.10527156293392181,0.5556021332740784,0.4638988971710205,0.011808729730546474,0.5330924987792969,0.44447028636932373,8.284832438221201e-05,0.05143443122506142,0.5191329717636108,0.6816191077232361,0.7688659429550171,0.46793118119239807,0.7132337093353271,0.5325459241867065,0.24585942924022675,0.5089831948280334,0.41432827711105347,0.659358561038971,0.24921154975891113,0.6846603155136108,0.40425360202789307,0.6533437371253967,0.7634652853012085,0.0019857261795550585,0.5164982676506042,0.477056086063385,0.41808244585990906,0.1984231323003769,0.4352531135082245,0.3094129264354706,0.23040007054805756,0.2786882817745209,0.39127641916275024,0.39412039518356323,0.3762111961841583,0.6204700469970703,0.5591548681259155,0.4231831431388855,0.5560440421104431,0.8065149188041687,0.0,0.2879498302936554,0.12803491950035095,0.4654148817062378,0.6438465118408203,0.6211857795715332,0.6691399216651917,0.4171542227268219,0.32906949520111084,0.08921545743942261,0.5371794700622559,0.5734953880310059,0.6319898962974548,0.6984661817550659,0.0,0.45378512144088745,0.3269920349121094,0.17404000461101532,0.5763012170791626,0.4675750732421875,0.49180492758750916,0.4872872233390808,0.6270883679389954,0.18094578385353088,0.7431507706642151,0.6653010249137878,0.0,0.8332133293151855,0.5625980496406555,0.48946642875671387,0.4845520853996277,0.46467867493629456,0.5778597593307495,0.39178168773651123,0.4597480297088623,0.7749631404876709,0.6912038922309875,0.0,0.24415940046310425,0.3441385328769684,0.0,0.2380722165107727,0.006639789789915085,0.020488154143095016
161,N/A,N/A,N/A,N/A,N/A,N/A,N/A,N/A,N/A,N/A,N/A,N/A,N/A,N/A,N/A,N/A,N/A,N/A,N/A,N/A,N/A,N/A,N/A,N/A,N/A,N/A,N/A,N/A,N/A,N/A,N/A,N/A,N/A,N/A,N/A,N/A,N/A,N/A,N/A,N/A,N/A,N/A,N/A,N/A,N/A,N/A,N/A,N/A,N/A,N/A,N/A,N/A,N/A,N/A,N/A,N/A,N/A,N/A,N/A,N/A,N/A,N/A,N/A,N/A,N/A,N/A,N/A,N/A,N/A,N/A,N/A,N/A,N/A,N/A,N/A,N/A,N/A,N/A,N/A,N/A,N/A,N/A,N/A,N/A,N/A,N/A,N/A,N/A,N/A,N/A,N/A,N/A,N/A,N/A,N/A,N/A,N/A,N/A,N/A,N/A,N/A,N/A,N/A,N/A
162,N/A,N/A,N/A,N/A,N/A,N/A,N/A,N/A,N/A,N/A,N/A,N/A,N/A,N/A,N/A,N/A,N/A,N/A,N/A,N/A,N/A,N/A,N/A,N/A,N/A,N/A,N/A,N/A,N/A,N/A,N/A,N/A,N/A,N/A,N/A,N/A,N/A,N/A,N/A,N/A,N/A,N/A,N/A,N/A,N/A,N/A,N/A,N/A,N/A,N/A,N/A,N/A,N/A,N/A,N/A,N/A,N/A,N/A,N/A,N/A,N/A,N/A,N/A,N/A,N/A,N/A,N/A,N/A,N/A,N/A,N/A,N/A,N/A,N/A,N/A,N/A,N/A,N/A,N/A,N/A,N/A,N/A,N/A,N/A,N/A,N/A,N/A,N/A,N/A,N/A,N/A,N/A,N/A,N/A,N/A,N/A,N/A,N/A,N/A,N/A,N/A,N/A,N/A,N/A
163,N/A,N/A,N/A,N/A,N/A,N/A,N/A,N/A,N/A,N/A,N/A,N/A,N/A,N/A,N/A,N/A,N/A,N/A,N/A,N/A,N/A,N/A,N/A,N/A,N/A,N/A,N/A,N/A,N/A,N/A,N/A,N/A,N/A,N/A,N/A,N/A,N/A,N/A,N/A,N/A,N/A,N/A,N/A,N/A,N/A,N/A,N/A,N/A,N/A,N/A,N/A,N/A,N/A,N/A,N/A,N/A,N/A,N/A,N/A,N/A,N/A,N/A,N/A,N/A,N/A,N/A,N/A,N/A,N/A,N/A,N/A,N/A,N/A,N/A,N/A,N/A,N/A,N/A,N/A,N/A,N/A,N/A,N/A,N/A,N/A,N/A,N/A,N/A,N/A,N/A,N/A,N/A,N/A,N/A,N/A,N/A,N/A,N/A,N/A,N/A,N/A,N/A,N/A,N/A
164,N/A,N/A,N/A,N/A,N/A,N/A,N/A,N/A,N/A,N/A,N/A,N/A,N/A,N/A,N/A,N/A,N/A,N/A,N/A,N/A,N/A,N/A,N/A,N/A,N/A,N/A,N/A,N/A,N/A,N/A,N/A,N/A,N/A,N/A,N/A,N/A,N/A,N/A,N/A,N/A,N/A,N/A,N/A,N/A,N/A,N/A,N/A,N/A,N/A,N/A,N/A,N/A,N/A,N/A,N/A,N/A,N/A,N/A,N/A,N/A,N/A,N/A,N/A,N/A,N/A,N/A,N/A,N/A,N/A,N/A,N/A,N/A,N/A,N/A,N/A,N/A,N/A,N/A,N/A,N/A,N/A,N/A,N/A,N/A,N/A,N/A,N/A,N/A,N/A,N/A,N/A,N/A,N/A,N/A,N/A,N/A,N/A,N/A,N/A,N/A,N/A,N/A,N/A,N/A
165,0.8298100233078003,0.4638124108314514,0.0,0.5634080767631531,0.18916721642017365,0.5178248882293701,0.7141205072402954,0.0,0.429678350687027,0.13556547462940216,0.43866032361984253,0.26033881306648254,0.422487735748291,0.48201116919517517,0.5063058137893677,0.41502752900123596,0.19885431230068207,0.456347793340683,0.3986113667488098,0.21942663192749023,0.12241734564304352,0.5788049697875977,0.46041327714920044,0.002837968757376075,0.5676706433296204,0.4635905623435974,0.0,0.05934871733188629,0.4898374378681183,0.7129324078559875,0.7821090817451477,0.46844324469566345,0.7177228927612305,0.5233661532402039,0.1906939297914505,0.5026257634162903,0.5553589463233948,0.6973607540130615,0.2476966232061386,0.7029126882553101,0.4698551595211029,0.6872909665107727,0.8104252219200134,0.0,0.5412997603416443,0.5202695727348328,0.4278126358985901,0.1837923377752304,0.4311071038246155,0.28184327483177185,0.21593542397022247,0.258368581533432,0.392799973487854,0.40576452016830444,0.35323411226272583,0.6649211049079895,0.5864864587783813,0.40983274579048157,0.5578033924102783,0.8096916675567627,0.0,0.29683756828308105,0.14105224609375,0.3993781805038452,0.6155405044555664,0.6225723624229431,0.6889147758483887,0.42464277148246765,0.44408586621284485,0.0704515278339386,0.5163588523864746,0.4920101761817932,0.6485608816146851,0.7004716992378235,0.0,0.44942227005958557,0.30655375123023987,0.1291504204273224,0.6222308278083801,0.5185558199882507,0.49328795075416565,0.47991764545440674,0.6191747188568115,0.16155505180358887,0.7378990054130554,0.7108315825462341,0.0,0.8312721252441406,0.620561420917511,0.497429758310318,0.5023998022079468,0.45945069193840027,0.523505687713623,0.38890954852104187,0.4543731212615967,0.7887647151947021,0.6783772110939026,0.0,0.20354026556015015,0.060909826308488846,0.0,0.2552918791770935,0.0,0.019257908686995506
166,N/A,N/A,N/A,N/A,N/A,N/A,N/A,N/A,N/A,N/A,N/A,N/A,N/A,N/A,N/A,N/A,N/A,N/A,N/A,N/A,N/A,N/A,N/A,N/A,N/A,N/A,N/A,N/A,N/A,N/A,N/A,N/A,N/A,N/A,N/A,N/A,N/A,N/A,N/A,N/A,N/A,N/A,N/A,N/A,N/A,N/A,N/A,N/A,N/A,N/A,N/A,N/A,N/A,N/A,N/A,N/A,N/A,N/A,N/A,N/A,N/A,N/A,N/A,N/A,N/A,N/A,N/A,N/A,N/A,N/A,N/A,N/A,N/A,N/A,N/A,N/A,N/A,N/A,N/A,N/A,N/A,N/A,N/A,N/A,N/A,N/A,N/A,N/A,N/A,N/A,N/A,N/A,N/A,N/A,N/A,N/A,N/A,N/A,N/A,N/A,N/A,N/A,N/A,N/A
167,N/A,N/A,N/A,N/A,N/A,N/A,N/A,N/A,N/A,N/A,N/A,N/A,N/A,N/A,N/A,N/A,N/A,N/A,N/A,N/A,N/A,N/A,N/A,N/A,N/A,N/A,N/A,N/A,N/A,N/A,N/A,N/A,N/A,N/A,N/A,N/A,N/A,N/A,N/A,N/A,N/A,N/A,N/A,N/A,N/A,N/A,N/A,N/A,N/A,N/A,N/A,N/A,N/A,N/A,N/A,N/A,N/A,N/A,N/A,N/A,N/A,N/A,N/A,N/A,N/A,N/A,N/A,N/A,N/A,N/A,N/A,N/A,N/A,N/A,N/A,N/A,N/A,N/A,N/A,N/A,N/A,N/A,N/A,N/A,N/A,N/A,N/A,N/A,N/A,N/A,N/A,N/A,N/A,N/A,N/A,N/A,N/A,N/A,N/A,N/A,N/A,N/A,N/A,N/A
168,N/A,N/A,N/A,N/A,N/A,N/A,N/A,N/A,N/A,N/A,N/A,N/A,N/A,N/A,N/A,N/A,N/A,N/A,N/A,N/A,N/A,N/A,N/A,N/A,N/A,N/A,N/A,N/A,N/A,N/A,N/A,N/A,N/A,N/A,N/A,N/A,N/A,N/A,N/A,N/A,N/A,N/A,N/A,N/A,N/A,N/A,N/A,N/A,N/A,N/A,N/A,N/A,N/A,N/A,N/A,N/A,N/A,N/A,N/A,N/A,N/A,N/A,N/A,N/A,N/A,N/A,N/A,N/A,N/A,N/A,N/A,N/A,N/A,N/A,N/A,N/A,N/A,N/A,N/A,N/A,N/A,N/A,N/A,N/A,N/A,N/A,N/A,N/A,N/A,N/A,N/A,N/A,N/A,N/A,N/A,N/A,N/A,N/A,N/A,N/A,N/A,N/A,N/A,N/A
169,N/A,N/A,N/A,N/A,N/A,N/A,N/A,N/A,N/A,N/A,N/A,N/A,N/A,N/A,N/A,N/A,N/A,N/A,N/A,N/A,N/A,N/A,N/A,N/A,N/A,N/A,N/A,N/A,N/A,N/A,N/A,N/A,N/A,N/A,N/A,N/A,N/A,N/A,N/A,N/A,N/A,N/A,N/A,N/A,N/A,N/A,N/A,N/A,N/A,N/A,N/A,N/A,N/A,N/A,N/A,N/A,N/A,N/A,N/A,N/A,N/A,N/A,N/A,N/A,N/A,N/A,N/A,N/A,N/A,N/A,N/A,N/A,N/A,N/A,N/A,N/A,N/A,N/A,N/A,N/A,N/A,N/A,N/A,N/A,N/A,N/A,N/A,N/A,N/A,N/A,N/A,N/A,N/A,N/A,N/A,N/A,N/A,N/A,N/A,N/A,N/A,N/A,N/A,N/A
170,0.8850321173667908,0.4911644160747528,0.0006156711024232209,0.6023692488670349,0.20327134430408478,0.5354400873184204,0.7772094011306763,0.0,0.48600298166275024,0.14041906595230103,0.4738216996192932,0.2602742612361908,0.5050551891326904,0.5055792331695557,0.5175290107727051,0.42404162883758545,0.1683960258960724,0.4970116913318634,0.4164589047431946,0.28088414669036865,0.19149117171764374,0.5479887127876282,0.45246294140815735,0.007004647981375456,0.5483391880989075,0.4871503710746765,0.0,0.0437309704720974,0.5269472599029541,0.7559905052185059,0.805561363697052,0.5053954720497131,0.7338665723800659,0.53895503282547,0.2700752913951874,0.5412953495979309,0.4873946011066437,0.7049725651741028,0.2616000473499298,0.6875893473625183,0.46837955713272095,0.7045922875404358,0.8111457824707031,0.0017494598869234324,0.5332433581352234,0.5297022461891174,0.42378538846969604,0.20591029524803162,0.42861780524253845,0.2874605655670166,0.22822946310043335,0.2595338523387909,0.4185934364795685,0.4640962481498718,0.36421728134155273,0.6690804958343506,0.6138783693313599,0.46236956119537354,0.5747788548469543,0.8319697380065918,0.0,0.2920973300933838,0.150430366396904,0.5069254040718079,0.6607772707939148,0.6421345472335815,0.7157912850379944,0.43614473938941956,0.49285563826560974,0.07857511192560196,0.5491077303886414,0.5618044137954712,0.6643677949905396,0.7221724987030029,0.0,0.43509194254875183,0.34846749901771545,0.15734153985977173,0.5742672085762024,0.5244541764259338,0.5229213237762451,0.48452380299568176,0.6621979475021362,0.20332521200180054,0.7718180418014526,0.727175235748291,0.0,0.8503742218017578,0.6806709170341492,0.5208964943885803,0.5063704252243042,0.4757242500782013,0.5779121518135071,0.40014129877090454,0.47317689657211304,0.7986354827880859,0.7022340893745422,0.0,0.2277889996767044,0.19434002041816711,0.0,0.22462457418441772,0.01060625072568655,0.024014262482523918
171,0.8904545307159424,0.4828730821609497,0.0,0.6022136807441711,0.20547786355018616,0.5504233837127686,0.8282166123390198,0.0,0.47502613067626953,0.13879725337028503,0.46701323986053467,0.20970624685287476,0.4940565228462219,0.5120207071304321,0.5470948815345764,0.4380654990673065,0.05669216439127922,0.4765065908432007,0.4113111197948456,0.2684954106807709,0.09832051396369934,0.5759413242340088,0.45019933581352234,0.0026542397681623697,0.551602840423584,0.5023894906044006,0.0,0.0624767430126667,0.5092130899429321,0.7490514516830444,0.799238920211792,0.4912111163139343,0.7351817488670349,0.5297878980636597,0.2606445848941803,0.5728756189346313,0.4986148178577423,0.7184646129608154,0.2297193557024002,0.7296784520149231,0.46577465534210205,0.7165589332580566,0.8260063529014587,0.0015973756089806557,0.5461059212684631,0.5365292429924011,0.4332016706466675,0.2110016942024231,0.4353336691856384,0.2986798882484436,0.23011459410190582,0.2520231604576111,0.4272809326648712,0.4410146474838257,0.37379831075668335,0.7029319405555725,0.6171843409538269,0.447428822517395,0.576759934425354,0.8366690278053284,0.0,0.29855722188949585,0.1631174087524414,0.4478711485862732,0.660803496837616,0.641711413860321,0.7238456606864929,0.4271446168422699,0.4809907078742981,0.05940696969628334,0.5332890152931213,0.42999768257141113,0.6619853973388672,0.7267529368400574,0.0,0.478941947221756,0.3476792275905609,0.15974727272987366,0.6293409466743469,0.6100447773933411,0.5213434100151062,0.5295159816741943,0.6677452921867371,0.21197712421417236,0.7753982543945312,0.7398662567138672,0.0,0.8559594750404358,0.6913777589797974,0.5247088074684143,0.49829667806625366,0.46994447708129883,0.5523589253425598,0.3878496587276459,0.4844825863838196,0.7998438477516174,0.7068544626235962,0.0,0.22967565059661865,0.0043573142029345036,0.0,0.24040161073207855,0.000987971667200327,0.018849551677703857
172,0.8922420740127563,0.48709163069725037,0.0,0.6033654808998108,0.20833829045295715,0.540448784828186,0.733425498008728,0.0,0.4928823709487915,0.15020887553691864,0.482147216796875,0.2811546325683594,0.518727719783783,0.49531346559524536,0.5410752892494202,0.4515426754951477,0.1597714126110077,0.5076128244400024,0.3970658481121063,0.34725937247276306,0.22824311256408691,0.5535340309143066,0.4355844259262085,0.015565497800707817,0.5477782487869263,0.48983538150787354,0.002427023136988282,0.10507833957672119,0.49381768703460693,0.7596958875656128,0.8013256192207336,0.4987867772579193,0.7279276251792908,0.5367810726165771,0.3110279142856598,0.5275681614875793,0.48777562379837036,0.6941956281661987,0.29047051072120667,0.665666937828064,0.44520726799964905,0.7075842618942261,0.7783244252204895,0.018495693802833557,0.536722719669342,0.5024499297142029,0.4394407272338867,0.21172522008419037,0.4386446475982666,0.32160866260528564,0.23312491178512573,0.27402636408805847,0.4354305863380432,0.4556705057621002,0.38311511278152466,0.67759770154953,0.6156316995620728,0.46034905314445496,0.5786920189857483,0.832455575466156,0.0,0.3149208426475525,0.14767001569271088,0.5113549828529358,0.674932062625885,0.6489003300666809,0.7057981491088867,0.4507202208042145,0.467158704996109,0.08754827082157135,0.5542734265327454,0.5790162086486816,0.5958733558654785,0.7273594737052917,0.0,0.44536876678466797,0.3288709223270416,0.18764092028141022,0.5609035491943359,0.48653340339660645,0.5148710012435913,0.4935409724712372,0.6461652517318726,0.22650285065174103,0.7829350829124451,0.7172189950942993,0.0,0.846406102180481,0.6140522360801697,0.5116611123085022,0.4883771538734436,0.4520318806171417,0.5934838056564331,0.40734928846359253,0.4849514961242676,0.8030490279197693,0.7094128727912903,0.0,0.24179506301879883,0.27284613251686096,0.0,0.23937901854515076,0.002840088913217187,0.021380584686994553
173,0.8885058760643005,0.4724053144454956,0.0,0.6117587089538574,0.2335144728422165,0.5421814322471619,0.7268468737602234,0.0,0.4924643635749817,0.1313142329454422,0.4812942445278168,0.30303606390953064,0.515013575553894,0.5238107442855835,0.5428153872489929,0.45205822587013245,0.16789981722831726,0.4830094277858734,0.4131779372692108,0.3294196128845215,0.27147045731544495,0.5715271234512329,0.4123866856098175,0.011489561758935452,0.5698509812355042,0.47502681612968445,0.0066399541683495045,0.09087450057268143,0.4747801721096039,0.7507753968238831,0.7980437874794006,0.48564302921295166,0.7123888731002808,0.5368643999099731,0.3165443539619446,0.519351601600647,0.49302318692207336,0.6964971423149109,0.30220136046409607,0.6362338066101074,0.44402992725372314,0.6983336210250854,0.7822707891464233,0.012079054489731789,0.5405790209770203,0.5256717205047607,0.44091203808784485,0.2006850689649582,0.44759511947631836,0.32432419061660767,0.23173604905605316,0.2810050845146179,0.44241049885749817,0.4581899344921112,0.3957054913043976,0.6565632224082947,0.6143295764923096,0.45067378878593445,0.5825135111808777,0.8273299336433411,0.0,0.32087016105651855,0.12797051668167114,0.48112544417381287,0.6643550395965576,0.6477749347686768,0.7093473672866821,0.45713305473327637,0.43478894233703613,0.0874941274523735,0.5520687103271484,0.5315747261047363,0.6222670674324036,0.7231130003929138,0.0,0.41176605224609375,0.33705639839172363,0.1990196406841278,0.5147247910499573,0.4806605279445648,0.5162904262542725,0.46775972843170166,0.6448946595191956,0.24545638263225555,0.7852765321731567,0.7188612222671509,0.0,0.8483802676200867,0.6051146984100342,0.511183500289917,0.5072347521781921,0.46586406230926514,0.5823416113853455,0.40502145886421204,0.4756110906600952,0.7860475778579712,0.713215172290802,0.0,0.2262287139892578,0.25412920117378235,0.0,0.2217349410057068,0.027653073891997337,0.02508584037423134
174,0.8890591859817505,0.494072824716568,0.0,0.6013636589050293,0.21576911211013794,0.5248917937278748,0.7180755138397217,0.0,0.4870545268058777,0.1551504284143448,0.47576209902763367,0.28092679381370544,0.5122199654579163,0.5367454886436462,0.5565255880355835,0.4541742503643036,0.183118537068367,0.5039642453193665,0.4119647741317749,0.3493289053440094,0.26729923486709595,0.5853464007377625,0.43583354353904724,0.006701483856886625,0.5670925974845886,0.4777202904224396,0.0,0.07377058267593384,0.47821685671806335,0.7719483971595764,0.8120961785316467,0.5047787427902222,0.7276520729064941,0.5356735587120056,0.31662803888320923,0.5300585627555847,0.45718899369239807,0.7086373567581177,0.26699212193489075,0.6976367831230164,0.44419407844543457,0.7175145149230957,0.7959216833114624,0.01651376113295555,0.5451773405075073,0.5159608125686646,0.42924293875694275,0.21120259165763855,0.44139403104782104,0.3024550974369049,0.22950708866119385,0.26058489084243774,0.44162479043006897,0.46133577823638916,0.38232314586639404,0.6684675216674805,0.6133164763450623,0.4507112205028534,0.5765280723571777,0.8368930220603943,0.0,0.30508139729499817,0.1419343650341034,0.4360283315181732,0.6524972915649414,0.6334047913551331,0.6887809634208679,0.4492465853691101,0.4337245225906372,0.08561001718044281,0.5441834926605225,0.5273684859275818,0.6393802762031555,0.7252157330513,0.0,0.44619953632354736,0.3462228775024414,0.1631544828414917,0.502828061580658,0.49679455161094666,0.5108940005302429,0.47827884554862976,0.6613596081733704,0.2155209481716156,0.7795013785362244,0.7313783764839172,0.0,0.8509302139282227,0.6624953746795654,0.5120887756347656,0.5243197083473206,0.4754351079463959,0.5674374103546143,0.4001181125640869,0.4838310182094574,0.7941809296607971,0.723141610622406,0.0,0.23620417714118958,0.19527924060821533,0.0,0.23400065302848816,0.027170943096280098,0.02763669565320015
175,0.8938442468643188,0.48513326048851013,0.0,0.6009373664855957,0.21334202587604523,0.548435628414154,0.7999796867370605,0.0,0.4925715923309326,0.16046741604804993,0.47421926259994507,0.2818373739719391,0.5119240880012512,0.5414372682571411,0.5476452708244324,0.44132697582244873,0.23316892981529236,0.5057550668716431,0.42113006114959717,0.3599434196949005,0.18288783729076385,0.5835491418838501,0.49620142579078674,0.001974861603230238,0.5115916728973389,0.48012667894363403,0.0,0.05495075881481171,0.5034517049789429,0.7686631083488464,0.8055726885795593,0.48977699875831604,0.7373650670051575,0.5380817651748657,0.331849604845047,0.5366827845573425,0.4288371503353119,0.7101542949676514,0.28432950377464294,0.705705463886261,0.4662140905857086,0.7216936945915222,0.8160553574562073,0.0,0.5436211824417114,0.5363085865974426,0.4391302764415741,0.1940218210220337,0.4408101737499237,0.3063334822654724,0.2208605259656906,0.2826448380947113,0.44024524092674255,0.4536011219024658,0.37329885363578796,0.7010331749916077,0.6120585799217224,0.4393247961997986,0.5738758444786072,0.8359763622283936,0.0,0.3124920427799225,0.15381570160388947,0.316427618265152,0.6510332226753235,0.6410334706306458,0.7115273475646973,0.4387051463127136,0.5006064772605896,0.0884115993976593,0.5521374940872192,0.5563430190086365,0.6714929342269897,0.7256782054901123,0.0,0.4581012427806854,0.32627254724502563,0.1809898316860199,0.6120686531066895,0.576419472694397,0.515356719493866,0.49110209941864014,0.6679849028587341,0.20579324662685394,0.8017168045043945,0.7367217540740967,0.0,0.8549777269363403,0.6927425861358643,0.5255404114723206,0.5317590832710266,0.4854942858219147,0.5733232498168945,0.3980036675930023,0.48014816641807556,0.8037593364715576,0.7181695699691772,0.0,0.22526243329048157,0.04637119546532631,0.0,0.2703040838241577,0.0044379630126059055,0.014558631926774979
176,0.8893235921859741,0.4848710894584656,0.00013915172894485295,0.6050873398780823,0.24447061121463776,0.5330897569656372,0.7596863508224487,0.0,0.49389350414276123,0.1549655646085739,0.48533231019973755,0.29716917872428894,0.5240148305892944,0.5332108736038208,0.5536342859268188,0.4471977949142456,0.17589716613292694,0.4879191517829895,0.3996579051017761,0.3493802845478058,0.19119234383106232,0.5364139080047607,0.4369109272956848,0.006861227564513683,0.5449766516685486,0.4831594228744507,0.0,0.0994945839047432,0.47753557562828064,0.7764894962310791,0.8149968385696411,0.503008246421814,0.7280842065811157,0.5345672965049744,0.30095812678337097,0.5166261196136475,0.43782854080200195,0.6914828419685364,0.2960518002510071,0.6223257184028625,0.4357447624206543,0.7142147421836853,0.7855843901634216,0.014443336986005306,0.5248305201530457,0.5239538550376892,0.43552425503730774,0.20643454790115356,0.4397827684879303,0.2947256565093994,0.22972294688224792,0.2667880058288574,0.44047221541404724,0.4445682168006897,0.3806725740432739,0.677553653717041,0.6241112351417542,0.45180022716522217,0.5839414000511169,0.8232808113098145,0.0,0.31344112753868103,0.14040377736091614,0.46829426288604736,0.6509184837341309,0.6369240283966064,0.6956783533096313,0.45154979825019836,0.4426218569278717,0.07351212203502655,0.5524647831916809,0.5325465202331543,0.6423388123512268,0.7221038341522217,0.0,0.3877902626991272,0.324701726436615,0.2202872633934021,0.5738227367401123,0.530178427696228,0.5172295570373535,0.4697440564632416,0.6598787307739258,0.22869393229484558,0.7847805023193359,0.7177320718765259,0.0,0.8528187870979309,0.6511939167976379,0.5119566917419434,0.5164527297019958,0.4752430021762848,0.5733335614204407,0.4048779308795929,0.48150187730789185,0.7979528307914734,0.7138696312904358,0.0,0.24426981806755066,0.24350649118423462,0.0,0.24957464635372162,0.03949575871229172,0.024524405598640442
177,0.8973829746246338,0.4913496971130371,0.0037356922402977943,0.6091447472572327,0.22843721508979797,0.5470946431159973,0.7628116607666016,0.0,0.49012473225593567,0.14925016462802887,0.4796867072582245,0.3048562705516815,0.5197857618331909,0.5277446508407593,0.5466835498809814,0.44962379336357117,0.16863587498664856,0.4918367266654968,0.4048432409763336,0.35558879375457764,0.27183496952056885,0.582734227180481,0.4217691719532013,0.00989649910479784,0.5621583461761475,0.4952012896537781,0.0,0.11257818341255188,0.4880355894565582,0.7677444815635681,0.8126577138900757,0.5079380869865417,0.7201225757598877,0.5333447456359863,0.30690619349479675,0.5334725975990295,0.47434648871421814,0.706798791885376,0.3110888600349426,0.673876941204071,0.4387768805027008,0.7114953994750977,0.7735665440559387,0.011858043260872364,0.5370777249336243,0.5122633576393127,0.43544578552246094,0.20604343712329865,0.4504929780960083,0.31392133235931396,0.23423165082931519,0.2765536904335022,0.43784299492836,0.4562273621559143,0.37197086215019226,0.6899788975715637,0.6224036812782288,0.4436468780040741,0.585961639881134,0.8333244323730469,0.0,0.3109230697154999,0.14255544543266296,0.4699384272098541,0.6621351838111877,0.6476483941078186,0.7059543132781982,0.45336082577705383,0.45964550971984863,0.07287430018186569,0.5602279901504517,0.548092246055603,0.6294315457344055,0.7258927822113037,0.0,0.4088002145290375,0.3426467180252075,0.21937669813632965,0.5426874756813049,0.45258116722106934,0.5209935307502747,0.44766372442245483,0.6587496995925903,0.2241845577955246,0.7957364916801453,0.7426630854606628,0.0,0.8446924686431885,0.6541410088539124,0.5136658549308777,0.514421284198761,0.4604051411151886,0.6060357093811035,0.41771677136421204,0.4685944616794586,0.8048976063728333,0.7153245210647583,0.0,0.21922120451927185,0.3084932565689087,0.0,0.2517871856689453,0.012500218115746975,0.025688033550977707
178,0.8831449151039124,0.48290225863456726,0.00014991154603194445,0.6101704835891724,0.23249268531799316,0.5392206907272339,0.7743722796440125,0.0,0.47878262400627136,0.15353994071483612,0.47663193941116333,0.28395089507102966,0.5016536116600037,0.5155201554298401,0.5318520069122314,0.4314022660255432,0.17293599247932434,0.48164427280426025,0.40734997391700745,0.33504483103752136,0.23760297894477844,0.5948110818862915,0.45235303044319153,0.007650397717952728,0.5660073161125183,0.47325652837753296,0.0,0.1006949320435524,0.46199649572372437,0.7648028135299683,0.7997760772705078,0.4872303903102875,0.7167747020721436,0.5373022556304932,0.30698347091674805,0.5215147733688354,0.38634759187698364,0.6924905180931091,0.3090377151966095,0.651095449924469,0.42383646965026855,0.7135845422744751,0.7669286727905273,0.0047700898721814156,0.5314868092536926,0.5187234282493591,0.44473618268966675,0.20376448333263397,0.4469057023525238,0.32043886184692383,0.2389785498380661,0.26753050088882446,0.4413948059082031,0.44347789883613586,0.3877132534980774,0.6832383275032043,0.6314738392829895,0.4295225739479065,0.5773012638092041,0.82217937707901,0.0,0.3084883987903595,0.14853614568710327,0.44943735003471375,0.6381773352622986,0.6350521445274353,0.7206485867500305,0.44030460715293884,0.39658087491989136,0.06638479232788086,0.5598160624504089,0.5224226117134094,0.664950430393219,0.7204606533050537,0.0,0.4497709572315216,0.3255370259284973,0.22771574556827545,0.5831760764122009,0.5747146606445312,0.5032626986503601,0.45037901401519775,0.65020751953125,0.22953397035598755,0.7907283306121826,0.6808078289031982,0.0,0.8464082479476929,0.6398428082466125,0.5075690150260925,0.5026744604110718,0.48267751932144165,0.5827795267105103,0.4073966443538666,0.47102466225624084,0.806256115436554,0.7124444842338562,0.0,0.24873408675193787,0.29352524876594543,1.675912062637508e-05,0.24109311401844025,0.008466025814414024,0.019054850563406944
179,0.89174485206604,0.4817334711551666,0.0030183943454176188,0.6131004691123962,0.22755025327205658,0.5384918451309204,0.7463241815567017,0.0,0.4913519322872162,0.14286750555038452,0.47383376955986023,0.2933773398399353,0.5107237696647644,0.536806583404541,0.5266805291175842,0.4368024170398712,0.1641215831041336,0.4877697229385376,0.41303420066833496,0.3431718647480011,0.23708389699459076,0.5912169814109802,0.4597839415073395,0.006765344180166721,0.5408287644386292,0.46226438879966736,0.0,0.10084418207406998,0.4859837591648102,0.7672441005706787,0.8135576844215393,0.4964064359664917,0.7200639247894287,0.5386561751365662,0.3067459464073181,0.522545337677002,0.47739335894584656,0.7049978971481323,0.29039549827575684,0.6345389485359192,0.4267702102661133,0.7142354249954224,0.7720125317573547,0.023806124925613403,0.5495477914810181,0.5236413478851318,0.43822887539863586,0.2091752290725708,0.4371371865272522,0.31288638710975647,0.23674771189689636,0.2690409719944,0.4376131296157837,0.44097381830215454,0.3783968687057495,0.6590078473091125,0.6020064949989319,0.44769561290740967,0.5820159316062927,0.8325652480125427,0.0,0.3231590688228607,0.14429305493831635,0.47591912746429443,0.66259765625,0.6368285417556763,0.71039217710495,0.4477841258049011,0.4348527491092682,0.07251407206058502,0.5519466400146484,0.4959874153137207,0.6357938051223755,0.721977949142456,0.0,0.38887864351272583,0.33776116371154785,0.2638230323791504,0.47732749581336975,0.5288419127464294,0.5055114030838013,0.4510531425476074,0.656355619430542,0.24083808064460754,0.8002657890319824,0.725497305393219,0.0,0.8527853488922119,0.6504915952682495,0.5045981407165527,0.5016309022903442,0.45083197951316833,0.5752094388008118,0.39619264006614685,0.46791595220565796,0.8046961426734924,0.7104883193969727,0.0,0.2689250409603119,0.3360680043697357,0.0,0.2412068247795105,0.028868716210126877,0.02712550200521946
180,0.8970800042152405,0.47772154211997986,0.002235592342913151,0.611062228679657,0.22444629669189453,0.5428587198257446,0.7473188042640686,0.0,0.5007368326187134,0.1559731662273407,0.4740959405899048,0.2910490930080414,0.5142723321914673,0.5592244863510132,0.5359610915184021,0.44647708535194397,0.18432921171188354,0.5020660161972046,0.39035898447036743,0.33220359683036804,0.26349249482154846,0.5424832105636597,0.447895348072052,0.010753432288765907,0.5650603175163269,0.4646320641040802,0.0,0.07636883854866028,0.4888557195663452,0.752029538154602,0.8140789270401001,0.48547598719596863,0.7194727659225464,0.5257370471954346,0.2922220528125763,0.5499457120895386,0.46274685859680176,0.7054808735847473,0.2922023832798004,0.6484785676002502,0.4275188744068146,0.7090452313423157,0.7347425818443298,0.006871472578495741,0.5366069078445435,0.4986128509044647,0.4335344731807709,0.2118142545223236,0.4363858699798584,0.3029438257217407,0.22483764588832855,0.26538023352622986,0.4391596019268036,0.44440582394599915,0.38102319836616516,0.6680699586868286,0.6121817231178284,0.4394419491291046,0.5823505520820618,0.835383415222168,0.0,0.3055822551250458,0.1205410435795784,0.4439031481742859,0.6746180653572083,0.651918351650238,0.6954976916313171,0.44672346115112305,0.45407775044441223,0.08133775740861893,0.5525653958320618,0.5377953052520752,0.6228268146514893,0.7267355918884277,0.0,0.3489745855331421,0.34401458501815796,0.24869175255298615,0.5143287181854248,0.523986279964447,0.518833339214325,0.44197696447372437,0.6612935662269592,0.23161399364471436,0.7978589534759521,0.7251442074775696,0.0,0.8473080396652222,0.6630275249481201,0.5219709277153015,0.5340021252632141,0.47779524326324463,0.5836260914802551,0.4041747450828552,0.48963549733161926,0.7905005216598511,0.7164172530174255,0.0,0.2636943459510803,0.33155062794685364,0.0,0.24125151336193085,0.03336789458990097,0.026079701259732246
181,0.8988556861877441,0.5069774389266968,0.0,0.6002578735351562,0.22028809785842896,0.5378422141075134,0.7886504530906677,0.0,0.49022746086120605,0.15629294514656067,0.47565969824790955,0.31629490852355957,0.5081132054328918,0.5355517864227295,0.5713679194450378,0.46470382809638977,0.19457682967185974,0.5038182139396667,0.4066310524940491,0.3093290627002716,0.28562432527542114,0.5643326044082642,0.4614439010620117,0.003260670229792595,0.5568103790283203,0.4935753345489502,0.0,0.08125228434801102,0.5131271481513977,0.7672328352928162,0.812107503414154,0.49746182560920715,0.7091361284255981,0.5407094955444336,0.3085886836051941,0.5462657809257507,0.459085077047348,0.7214024066925049,0.3111129105091095,0.6867095828056335,0.47553950548171997,0.7209317088127136,0.8005459308624268,4.327110218582675e-05,0.5569263100624084,0.5497958064079285,0.4457693099975586,0.20278103649616241,0.45351237058639526,0.30987223982810974,0.23203042149543762,0.2887049913406372,0.44079795479774475,0.47019651532173157,0.3837413489818573,0.6879317164421082,0.6263106465339661,0.4313981235027313,0.5826717019081116,0.8363379240036011,0.0,0.3030358850955963,0.15747226774692535,0.3704954981803894,0.6632133722305298,0.649599552154541,0.7146065831184387,0.44117477536201477,0.5043168067932129,0.07039059698581696,0.5535110235214233,0.5186395645141602,0.6587254405021667,0.7266198992729187,0.0,0.4813913404941559,0.3439768850803375,0.20891131460666656,0.5601974129676819,0.5499089360237122,0.5170968174934387,0.4876538813114166,0.6675918102264404,0.23900426924228668,0.8036304712295532,0.7124349474906921,0.0,0.858876645565033,0.696681797504425,0.5296573638916016,0.5136882662773132,0.4737064242362976,0.5816577672958374,0.40124955773353577,0.4793345332145691,0.8043712973594666,0.6932681798934937,0.0,0.24720948934555054,0.1357400268316269,0.0,0.2484997659921646,0.005826425738632679,0.022750504314899445
182,0.8972674608230591,0.4813104271888733,0.0,0.5973804593086243,0.21059909462928772,0.5565952062606812,0.8349149823188782,0.0,0.4877265989780426,0.15437504649162292,0.4725342094898224,0.29911860823631287,0.5141891837120056,0.5326962471008301,0.5626510977745056,0.4465029835700989,0.2204260230064392,0.46291831135749817,0.4006674289703369,0.2650105357170105,0.18681062757968903,0.5964019894599915,0.47140854597091675,0.003626682795584202,0.5729638338088989,0.47864028811454773,0.0,0.04944738373160362,0.505894660949707,0.7652372717857361,0.8101047277450562,0.4909081757068634,0.7227839231491089,0.5320982933044434,0.29247328639030457,0.5380138158798218,0.5110921263694763,0.7209386825561523,0.23727253079414368,0.733126163482666,0.47581830620765686,0.7237516045570374,0.8284839391708374,0.004720164928585291,0.5551681518554688,0.5515613555908203,0.4323713183403015,0.2044677734375,0.4424978494644165,0.295179158449173,0.22621911764144897,0.2601238489151001,0.4378293454647064,0.45322930812835693,0.3765948414802551,0.7081994414329529,0.6135464310646057,0.43352237343788147,0.5761714577674866,0.8363296389579773,0.0,0.29666024446487427,0.15151585638523102,0.35608145594596863,0.6646676063537598,0.6507720351219177,0.7253434658050537,0.43213146924972534,0.46988484263420105,0.07028426975011826,0.5387104153633118,0.42975088953971863,0.6676319241523743,0.7252787947654724,0.0,0.4974161684513092,0.35745349526405334,0.15068459510803223,0.631946325302124,0.626920223236084,0.5123385787010193,0.49624302983283997,0.6667090654373169,0.17780624330043793,0.8011347651481628,0.7320507764816284,0.0,0.8580532073974609,0.6805956959724426,0.5048867464065552,0.5005180239677429,0.4437021315097809,0.5575399398803711,0.38436102867126465,0.4690844714641571,0.8079922795295715,0.7134954333305359,0.0,0.22412662208080292,0.13364504277706146,0.0,0.26206228137016296,0.0004299955035094172,0.02041553147137165
183,0.8978781700134277,0.4444568157196045,0.0,0.6012206077575684,0.17362551391124725,0.5473277568817139,0.8223000764846802,0.0,0.4859584867954254,0.13579751551151276,0.46857351064682007,0.2660771310329437,0.5160058736801147,0.5038902163505554,0.5659124851226807,0.44771474599838257,0.083803191781044,0.4400429427623749,0.311207115650177,0.20444978773593903,0.15132084488868713,0.535738468170166,0.4813385009765625,0.00020824512466788292,0.557094156742096,0.4914734363555908,0.0,0.016216805204749107,0.5211033821105957,0.7434108257293701,0.8096067905426025,0.4595324993133545,0.7200692296028137,0.5251370072364807,0.3082660138607025,0.5189926028251648,0.529732346534729,0.7189905047416687,0.2340654730796814,0.7435908317565918,0.4657719135284424,0.7190516591072083,0.8380042910575867,0.0,0.5552150011062622,0.5396291613578796,0.41271159052848816,0.19373206794261932,0.42118600010871887,0.3163108825683594,0.2175668329000473,0.18362700939178467,0.43963438272476196,0.44220274686813354,0.35332316160202026,0.7012808322906494,0.6017938256263733,0.4220569431781769,0.5581716895103455,0.810922384262085,0.0,0.27302590012550354,0.1538933962583542,0.1994989812374115,0.6560009717941284,0.6402491331100464,0.7141451835632324,0.4128446877002716,0.4978613257408142,0.03458895534276962,0.5364760756492615,0.5081797242164612,0.6537668108940125,0.7202336192131042,0.0,0.4370967447757721,0.34304383397102356,0.14210718870162964,0.6384522318840027,0.6301211714744568,0.51030033826828,0.5184311866760254,0.6624068021774292,0.1585957407951355,0.8054567575454712,0.7473015785217285,0.0,0.8435120582580566,0.7017608880996704,0.47688722610473633,0.4754803776741028,0.4512539207935333,0.5257667303085327,0.3869546949863434,0.4790114462375641,0.7949504852294922,0.7007931470870972,0.0,0.15085086226463318,0.017470495775341988,0.0,0.2839720845222473,0.00031445117201656103,0.025183074176311493
184,0.8990020155906677,0.49144625663757324,0.0,0.6171802878379822,0.23246726393699646,0.541073203086853,0.8099473118782043,0.0,0.48286405205726624,0.14821670949459076,0.4758542478084564,0.2932286560535431,0.5028918385505676,0.5563225150108337,0.546333372592926,0.4573010206222534,0.21043719351291656,0.4833424389362335,0.3903694152832031,0.3026958107948303,0.20884908735752106,0.5775822997093201,0.48987871408462524,0.002223277697339654,0.5745260715484619,0.4898515045642853,0.0,0.07227413356304169,0.5100166201591492,0.7643528580665588,0.8113800287246704,0.5039990544319153,0.7312101721763611,0.5397669672966003,0.30380919575691223,0.5404306054115295,0.4710126221179962,0.7174380421638489,0.24408607184886932,0.7311228513717651,0.44856026768684387,0.7205542325973511,0.7885352373123169,0.0035946776624768972,0.5579292178153992,0.5279931426048279,0.4251627027988434,0.20475813746452332,0.4387999176979065,0.30999407172203064,0.23008766770362854,0.23651082813739777,0.4373103082180023,0.4561898112297058,0.3632068336009979,0.7096782922744751,0.6163985729217529,0.43752938508987427,0.5766708254814148,0.8356398940086365,0.0,0.3112904131412506,0.16143187880516052,0.2960124611854553,0.6559761166572571,0.6465556025505066,0.7196592688560486,0.4423521161079407,0.4757159948348999,0.06493575125932693,0.5592546463012695,0.44689592719078064,0.6706420183181763,0.7213395237922668,0.0,0.4774772524833679,0.36657097935676575,0.1725226789712906,0.5987764596939087,0.5776121616363525,0.5187881588935852,0.5231159925460815,0.6725778579711914,0.18773959577083588,0.7945465445518494,0.7474300861358643,0.0,0.8585906028747559,0.6796585321426392,0.5184068083763123,0.524049699306488,0.46486589312553406,0.5740970373153687,0.38988593220710754,0.4723730683326721,0.8142745494842529,0.7060053944587708,0.0,0.23251841962337494,0.06725052744150162,0.0,0.2728686034679413,0.0028184487018734217,0.024405496194958687
185,0.8903825283050537,0.4797292947769165,0.0,0.602052628993988,0.22634658217430115,0.5382167100906372,0.7519006133079529,0.0,0.4970119595527649,0.1477048397064209,0.47908493876457214,0.2893680930137634,0.5053893327713013,0.5432100892066956,0.5328332781791687,0.43385037779808044,0.1887759566307068,0.4934682548046112,0.39781224727630615,0.3556927740573883,0.27839991450309753,0.5467889904975891,0.44038358330726624,0.003665938973426819,0.5424271821975708,0.48448532819747925,0.0,0.09871738404035568,0.476580411195755,0.7647774815559387,0.814525842666626,0.502547562122345,0.7276673316955566,0.531234860420227,0.29778581857681274,0.543173611164093,0.426044225692749,0.7044487595558167,0.3125686049461365,0.6567040085792542,0.4298166036605835,0.7173106670379639,0.7762925624847412,0.005359616130590439,0.5427208542823792,0.5152559876441956,0.43104201555252075,0.20745036005973816,0.43676242232322693,0.3032894432544708,0.22373923659324646,0.27124109864234924,0.4372771084308624,0.4465647339820862,0.38570016622543335,0.6723834872245789,0.6275436282157898,0.43163052201271057,0.5856409072875977,0.831904947757721,0.0,0.31978750228881836,0.14789900183677673,0.44635820388793945,0.6566638946533203,0.6414651870727539,0.692523717880249,0.4556146264076233,0.46399539709091187,0.0804280936717987,0.5532888174057007,0.5085906386375427,0.6626639366149902,0.721428632736206,0.0,0.41950663924217224,0.3436692953109741,0.23474492132663727,0.5932738780975342,0.5063002705574036,0.5144565105438232,0.44901183247566223,0.6543835401535034,0.2298128604888916,0.7964467406272888,0.7252154350280762,0.0,0.8530591130256653,0.6646086573600769,0.515656054019928,0.4881097674369812,0.4616648852825165,0.595687985420227,0.39051368832588196,0.4683268666267395,0.8068670630455017,0.6886243224143982,0.0,0.2538471519947052,0.16127656400203705,0.0,0.2415255457162857,0.01213806588202715,0.029286902397871017
186,0.8928748369216919,0.4867933690547943,0.0027753894682973623,0.6067110896110535,0.23584149777889252,0.5397577285766602,0.8048174977302551,0.0,0.48650673031806946,0.1549767106771469,0.47488319873809814,0.2740035355091095,0.5034169554710388,0.5411198735237122,0.548985481262207,0.45003560185432434,0.19449491798877716,0.48790982365608215,0.4192640781402588,0.3274340033531189,0.2617287039756775,0.6021856665611267,0.47281157970428467,0.005659893620759249,0.5679405331611633,0.4644394814968109,0.0,0.09087221324443817,0.4889310300350189,0.7735998034477234,0.8038439750671387,0.48750782012939453,0.7218847274780273,0.5339590907096863,0.28034043312072754,0.5436687469482422,0.4681408107280731,0.7022387385368347,0.3078280985355377,0.674149751663208,0.441605806350708,0.7008287310600281,0.7868122458457947,0.012466100044548512,0.5487469434738159,0.5141177773475647,0.4361759126186371,0.21040180325508118,0.43957215547561646,0.3015448749065399,0.22429484128952026,0.27497774362564087,0.44043755531311035,0.43684202432632446,0.3848310708999634,0.6768786311149597,0.6213805675506592,0.429838627576828,0.5818431377410889,0.8298709392547607,0.0,0.3207705020904541,0.11830580234527588,0.46928995847702026,0.6613575220108032,0.6484460234642029,0.7176794409751892,0.43696317076683044,0.46655023097991943,0.08587507903575897,0.5559055805206299,0.5141549110412598,0.6462458372116089,0.7200143933296204,0.0,0.46398794651031494,0.3334692418575287,0.21762272715568542,0.5742414593696594,0.5266807079315186,0.5056870579719543,0.4990742802619934,0.6586405634880066,0.23071740567684174,0.7920070886611938,0.7219524383544922,0.0,0.8529667258262634,0.6296788454055786,0.5094084143638611,0.4947216808795929,0.4603687822818756,0.5836442112922668,0.40493279695510864,0.47670847177505493,0.8028624653816223,0.709376335144043,0.0,0.2731907069683075,0.25456827878952026,0.0,0.23279951512813568,0.004877040628343821,0.026531018316745758
187,0.8965497612953186,0.4976295828819275,0.010741764679551125,0.6120171546936035,0.2221308946609497,0.5426844358444214,0.7379036545753479,0.0,0.49170103669166565,0.15138354897499084,0.4765348434448242,0.297435462474823,0.5085065960884094,0.5380426645278931,0.5525769591331482,0.4536535441875458,0.1635507047176361,0.4871954023838043,0.42442643642425537,0.353119432926178,0.31376075744628906,0.6091466546058655,0.46199578046798706,0.013710754923522472,0.5622011423110962,0.48861709237098694,0.0,0.09038318693637848,0.4872450530529022,0.7753773927688599,0.8135792016983032,0.4870806932449341,0.7216299772262573,0.5343046188354492,0.3011007010936737,0.5401623845100403,0.5500869154930115,0.7022573947906494,0.3083774447441101,0.6431553363800049,0.4824163019657135,0.7032957077026367,0.8015526533126831,0.021669073030352592,0.5465324521064758,0.5259661674499512,0.43177980184555054,0.20869095623493195,0.4469870924949646,0.31032878160476685,0.22557713091373444,0.2640531063079834,0.44185149669647217,0.45255935192108154,0.38907861709594727,0.674045205116272,0.6246054768562317,0.44076576828956604,0.5786216855049133,0.8336679935455322,0.0,0.32240915298461914,0.12855055928230286,0.46125051379203796,0.6544454097747803,0.6455894708633423,0.7116574048995972,0.44674333930015564,0.4257715344429016,0.07884534448385239,0.5592381358146667,0.5489044785499573,0.6427138447761536,0.7313913106918335,0.0,0.4201410114765167,0.3427709639072418,0.24371904134750366,0.4963551461696625,0.5123752355575562,0.503559410572052,0.49611207842826843,0.6583675146102905,0.2316330224275589,0.8002889156341553,0.7156682014465332,0.0,0.8571726083755493,0.6595863103866577,0.5114152431488037,0.5004083514213562,0.45202142000198364,0.5784808397293091,0.40693703293800354,0.4804324805736542,0.807880163192749,0.708061695098877,0.0,0.2775029242038727,0.22833241522312164,0.0,0.21694770455360413,0.013670594431459904,0.02994159236550331
188,0.8971642255783081,0.491622656583786,0.0,0.5984659790992737,0.2259245216846466,0.5431644320487976,0.7795625925064087,0.0,0.4933632016181946,0.1515345722436905,0.4743114411830902,0.2974624037742615,0.5071636438369751,0.5374665260314941,0.5434271097183228,0.4490395784378052,0.1697259396314621,0.5066286325454712,0.42973095178604126,0.3422982096672058,0.3215942084789276,0.6110844612121582,0.4568580389022827,0.008183939382433891,0.5707815885543823,0.4920002222061157,0.0,0.10632039606571198,0.49322450160980225,0.7668522000312805,0.8062828779220581,0.5047040581703186,0.7295047640800476,0.5314455032348633,0.3023669123649597,0.5595307350158691,0.47952666878700256,0.7125715613365173,0.3117828071117401,0.6767198443412781,0.44089972972869873,0.7208480834960938,0.7818114161491394,0.007692992687225342,0.5502265691757202,0.5096034407615662,0.43461692333221436,0.20287911593914032,0.44689977169036865,0.31693294644355774,0.22854527831077576,0.2748822569847107,0.4378001391887665,0.44349461793899536,0.3826221823692322,0.6720656752586365,0.6256672739982605,0.44305941462516785,0.5854753851890564,0.8356316089630127,0.0,0.32978618144989014,0.14623072743415833,0.43940237164497375,0.6549068093299866,0.6507993936538696,0.7096030712127686,0.44897615909576416,0.473037987947464,0.08527403324842453,0.5585448741912842,0.5315711498260498,0.6388412117958069,0.7284619212150574,0.0,0.41219255328178406,0.34372439980506897,0.22846928238868713,0.5256932377815247,0.5121456384658813,0.5205637216567993,0.4991632401943207,0.6637426614761353,0.2396170198917389,0.7888627052307129,0.7365610599517822,0.0,0.8531739711761475,0.6619653701782227,0.516234278678894,0.4955001473426819,0.4626213014125824,0.5920562148094177,0.40683531761169434,0.4766971468925476,0.8099900484085083,0.7060924768447876,0.0,0.26157206296920776,0.2605183720588684,0.0,0.2400018572807312,0.009206296876072884,0.03181576356291771
189,0.8996703028678894,0.4905526340007782,0.0,0.6181905269622803,0.22262084484100342,0.5487977862358093,0.7622388005256653,0.0,0.49097180366516113,0.15683670341968536,0.47633230686187744,0.29718756675720215,0.5133373737335205,0.5356370806694031,0.5500982999801636,0.4527115523815155,0.16905555129051208,0.500586986541748,0.42222678661346436,0.3226410150527954,0.29050713777542114,0.5987375974655151,0.44128793478012085,0.010205183178186417,0.5499558448791504,0.4949265718460083,0.0,0.1084289401769638,0.49513310194015503,0.778578519821167,0.8180577754974365,0.5037603974342346,0.7165054678916931,0.52659010887146,0.3035813868045807,0.5416983366012573,0.45867496728897095,0.7077672481536865,0.31850194931030273,0.6611152291297913,0.43698185682296753,0.7198998332023621,0.7754533886909485,0.008738169446587563,0.5495923757553101,0.5297488570213318,0.4382892847061157,0.20277607440948486,0.4416796863079071,0.30834153294563293,0.22814585268497467,0.28404995799064636,0.43237924575805664,0.4507308602333069,0.38338181376457214,0.6752051711082458,0.6120194792747498,0.4400058388710022,0.5816447138786316,0.8396928906440735,0.0,0.32020989060401917,0.12453416734933853,0.4327312409877777,0.6625469923019409,0.6509928107261658,0.7067437767982483,0.4431840181350708,0.4083724021911621,0.08535094559192657,0.558012068271637,0.5207570195198059,0.6509809494018555,0.7284702062606812,0.0,0.41236162185668945,0.34216082096099854,0.22684429585933685,0.42134445905685425,0.48829299211502075,0.5161551237106323,0.47166678309440613,0.6684377193450928,0.23517921566963196,0.8097499012947083,0.7162519097328186,0.0,0.8575828671455383,0.6657215356826782,0.5145270824432373,0.5041056275367737,0.470736563205719,0.6028922200202942,0.4039309024810791,0.48068609833717346,0.8109945058822632,0.7111777663230896,0.0,0.26956164836883545,0.2676554322242737,0.0,0.22175733745098114,0.011979294009506702,0.025303520262241364
190,0.8954249620437622,0.49200618267059326,0.0,0.6038715243339539,0.21330861747264862,0.547849178314209,0.8001120090484619,0.0,0.49026763439178467,0.15631960332393646,0.47847703099250793,0.3039495348930359,0.5100291967391968,0.5396718978881836,0.5661858320236206,0.45513516664505005,0.184531569480896,0.4952482283115387,0.42563632130622864,0.3413611054420471,0.27106598019599915,0.6003468036651611,0.47999289631843567,0.007031038403511047,0.5635073781013489,0.4796152710914612,0.0,0.09476552158594131,0.475629597902298,0.7772960662841797,0.8108929395675659,0.4929754436016083,0.7269216775894165,0.5414488911628723,0.30874016880989075,0.5552788972854614,0.47990918159484863,0.7173105478286743,0.3251274824142456,0.6704884767532349,0.45048847794532776,0.721723198890686,0.8094049096107483,0.00937957875430584,0.5652462840080261,0.5451639890670776,0.4333973228931427,0.1964322030544281,0.4434511065483093,0.3041210174560547,0.22800390422344208,0.28907644748687744,0.43899455666542053,0.44986337423324585,0.38485580682754517,0.6784646511077881,0.6211336851119995,0.4408295452594757,0.5794094204902649,0.8326777219772339,0.0,0.3184833228588104,0.1348007172346115,0.3998085558414459,0.6479872465133667,0.6362078785896301,0.7120077013969421,0.4490775465965271,0.43535783886909485,0.081913523375988,0.5584333539009094,0.5366645455360413,0.6670671701431274,0.7259320020675659,0.0,0.4647262394428253,0.34242552518844604,0.22220920026302338,0.5392641425132751,0.5392608642578125,0.5075428485870361,0.47992220520973206,0.6602784395217896,0.2491648942232132,0.801880955696106,0.7242783308029175,0.0,0.8550757169723511,0.6530529856681824,0.512972891330719,0.49462148547172546,0.4706778824329376,0.6005266904830933,0.4008193016052246,0.47021928429603577,0.8127435445785522,0.7082213759422302,0.0,0.2592714726924896,0.18326932191848755,0.0,0.2315741777420044,0.0022762008011341095,0.027158910408616066
191,0.9024333357810974,0.4915410876274109,0.0,0.6117609739303589,0.21524114906787872,0.5483682751655579,0.8315750360488892,0.0,0.504520833492279,0.1481284201145172,0.4769143760204315,0.2888943552970886,0.5233431458473206,0.5423505902290344,0.5346042513847351,0.44931650161743164,0.1909581422805786,0.49723413586616516,0.41388583183288574,0.33243507146835327,0.2447824478149414,0.5931109189987183,0.48830509185791016,0.00326355267316103,0.5786223411560059,0.5075819492340088,0.0,0.07219142466783524,0.5269910097122192,0.7654719352722168,0.8157330751419067,0.5115638971328735,0.7371768951416016,0.5407068133354187,0.3079083561897278,0.5795475244522095,0.5055965781211853,0.7187336087226868,0.3130256235599518,0.7186101078987122,0.45528072118759155,0.7197471261024475,0.8150086998939514,0.0,0.5615794062614441,0.5156601071357727,0.41745907068252563,0.20422860980033875,0.4377886950969696,0.3175647258758545,0.23121081292629242,0.26954391598701477,0.44205978512763977,0.45735159516334534,0.3658164143562317,0.7048524618148804,0.6141275763511658,0.4645262658596039,0.5773519277572632,0.8377358913421631,0.0,0.3072948157787323,0.1480887085199356,0.41769716143608093,0.6552809476852417,0.6435202360153198,0.7111722230911255,0.442616730928421,0.4893864095211029,0.07348480075597763,0.5560891628265381,0.5415313243865967,0.6696149706840515,0.7307931780815125,0.0,0.4709875285625458,0.34715715050697327,0.16624736785888672,0.6127964854240417,0.5636979341506958,0.5022667050361633,0.5068387985229492,0.6696513891220093,0.21528686583042145,0.8051848411560059,0.7461092472076416,0.0,0.8524762988090515,0.6527608036994934,0.5015190839767456,0.5051987767219543,0.4503363370895386,0.5886474847793579,0.39721018075942993,0.49234288930892944,0.8112649917602539,0.7166450619697571,0.0,0.2309408187866211,0.08560119569301605,0.0,0.26299235224723816,0.007522443309426308,0.025332042947411537
192,0.8997216820716858,0.4870111644268036,0.0,0.6079477667808533,0.21862874925136566,0.5461389422416687,0.7758296728134155,0.0,0.49790480732917786,0.15544269979000092,0.4797898530960083,0.30332255363464355,0.5142545104026794,0.5343908667564392,0.5481631755828857,0.45087626576423645,0.16437798738479614,0.5088732242584229,0.4148368835449219,0.3455214500427246,0.30309659242630005,0.5955098271369934,0.456786572933197,0.006585988681763411,0.5746511816978455,0.48448747396469116,0.0,0.10055725276470184,0.5070717930793762,0.7702805399894714,0.8111262917518616,0.506719708442688,0.7291654944419861,0.5424674153327942,0.31117382645606995,0.5531826615333557,0.4596998691558838,0.7125690579414368,0.3099508583545685,0.6806588172912598,0.451309472322464,0.7216373682022095,0.8094770312309265,0.0013816169230267406,0.5557588934898376,0.5259528160095215,0.43650802969932556,0.20037904381752014,0.4411878287792206,0.316059947013855,0.2318377047777176,0.26555803418159485,0.4375675320625305,0.45000889897346497,0.3823830187320709,0.6803216338157654,0.6121631860733032,0.4456442594528198,0.5789477229118347,0.8304063677787781,0.0,0.32663020491600037,0.13327521085739136,0.43209323287010193,0.6538914442062378,0.6418617963790894,0.7162109017372131,0.4409748315811157,0.46790242195129395,0.08362754434347153,0.550347626209259,0.553912878036499,0.6411680579185486,0.7271813154220581,0.0,0.4478449821472168,0.34362539649009705,0.19372428953647614,0.5144808888435364,0.5269486308097839,0.5108596086502075,0.4998864233493805,0.6639301180839539,0.2229071408510208,0.7918962836265564,0.7222732901573181,0.0,0.855938196182251,0.6547427177429199,0.5137961506843567,0.5006706714630127,0.4496150314807892,0.5884894728660583,0.40520623326301575,0.48322832584381104,0.8082813620567322,0.7143317461013794,0.0,0.2600267231464386,0.2801988124847412,0.0,0.2398793250322342,0.009727067314088345,0.02278628945350647
193,0.8974709510803223,0.481795996427536,0.0,0.5998275279998779,0.22541308403015137,0.5568212270736694,0.8196492791175842,0.0,0.4908991754055023,0.1613857001066208,0.4767816364765167,0.308243989944458,0.5016806721687317,0.5360293984413147,0.54987633228302,0.4235292673110962,0.17163601517677307,0.47889944911003113,0.4095088243484497,0.33716633915901184,0.266232967376709,0.598384439945221,0.46707579493522644,0.007375324610620737,0.5706803202629089,0.48053058981895447,0.0,0.10087709128856659,0.469961553812027,0.7793094515800476,0.8186306953430176,0.5141071081161499,0.7295473217964172,0.5477266311645508,0.30223867297172546,0.5509384274482727,0.4978994131088257,0.7087671160697937,0.28800588846206665,0.7305718064308167,0.45824190974235535,0.717176616191864,0.7905498743057251,0.009633557870984077,0.5602798461914062,0.5538204908370972,0.4422965943813324,0.19038540124893188,0.4448370933532715,0.3216131627559662,0.23665405809879303,0.2568906247615814,0.4347073435783386,0.46046310663223267,0.37205561995506287,0.6938708424568176,0.6192154288291931,0.4392326772212982,0.5825010538101196,0.8285114765167236,0.0,0.31657639145851135,0.15273474156856537,0.41934114694595337,0.6510802507400513,0.6413320899009705,0.7149004936218262,0.4394308030605316,0.4663953483104706,0.08395051956176758,0.5546767711639404,0.5501466989517212,0.6677733659744263,0.7313615083694458,0.0,0.4972960352897644,0.3340611755847931,0.16029012203216553,0.5593760013580322,0.5621668696403503,0.5057749152183533,0.5113059282302856,0.661882221698761,0.22051072120666504,0.7930842041969299,0.727861762046814,0.0,0.8543334007263184,0.6148527264595032,0.5132668018341064,0.5158059000968933,0.4680470824241638,0.5925610065460205,0.41083478927612305,0.47911006212234497,0.8075564503669739,0.7045572996139526,0.0,0.2166489213705063,0.3154594898223877,0.0,0.26012641191482544,0.0041780429892241955,0.025032170116901398
194,0.8889341354370117,0.487395703792572,0.0,0.6011015772819519,0.22066861391067505,0.5442771315574646,0.7995337843894958,0.0,0.4920452833175659,0.1448001265525818,0.4733163118362427,0.28163158893585205,0.4949583113193512,0.5159384608268738,0.5029781460762024,0.42057040333747864,0.15616075694561005,0.48933282494544983,0.40992748737335205,0.32814884185791016,0.2631688416004181,0.5799017548561096,0.46115344762802124,0.005410416051745415,0.5561497211456299,0.4682264029979706,0.0,0.09206299483776093,0.48956218361854553,0.7692732810974121,0.8105750679969788,0.5067275166511536,0.7238616347312927,0.5340495109558105,0.28009703755378723,0.5349491834640503,0.47617241740226746,0.7063051462173462,0.2886563241481781,0.6722036004066467,0.4453164041042328,0.707463264465332,0.7837213277816772,0.034102972596883774,0.5462660789489746,0.518208920955658,0.4368908703327179,0.2059631645679474,0.42940765619277954,0.3108317255973816,0.22760848701000214,0.26878660917282104,0.4347343444824219,0.44822317361831665,0.3840465843677521,0.6692112684249878,0.6157813668251038,0.44475412368774414,0.5800703763961792,0.829338788986206,0.0,0.3162742853164673,0.12337330728769302,0.47372207045555115,0.6529795527458191,0.6407156586647034,0.70721435546875,0.4495968520641327,0.4384605288505554,0.08957984298467636,0.5532422065734863,0.5212153792381287,0.6457916498184204,0.7254775166511536,0.0,0.44643768668174744,0.3362022042274475,0.17847877740859985,0.4943235218524933,0.527050256729126,0.5115872025489807,0.46652570366859436,0.6544029116630554,0.22436605393886566,0.7776901721954346,0.7265082001686096,0.0,0.8472723960876465,0.624846875667572,0.5164510011672974,0.4967231750488281,0.47058889269828796,0.5898033380508423,0.4035162627696991,0.4746793210506439,0.7980075478553772,0.7060595750808716,0.0,0.2531755268573761,0.29302841424942017,0.0,0.24480827152729034,0.005353102460503578,0.022771544754505157
