Epoch,Batch_Index,Loss
1,0,6.618711471557617
1,1,6.081380367279053
1,2,6.709207057952881
1,3,6.220578193664551
1,4,5.7534565925598145
1,5,5.855779647827148
1,6,6.426558494567871
1,7,6.255772113800049
1,8,6.374267101287842
1,9,6.205024242401123
1,10,6.4991631507873535
1,11,6.141564846038818
1,12,5.974680423736572
1,13,6.618499755859375
1,14,6.113439083099365
1,15,6.325892448425293
1,16,6.280210494995117
1,17,5.747097969055176
1,18,6.234057903289795
1,19,6.113192081451416
1,20,6.338839054107666
1,21,6.248945713043213
1,22,6.137516021728516
1,23,6.2502055168151855
1,24,5.947999000549316
1,25,6.018202304840088
1,26,6.212535858154297
1,27,6.33450174331665
1,28,6.093959808349609
1,29,6.14449405670166
1,30,5.922831058502197
1,31,6.057620048522949
1,32,6.370131015777588
1,33,6.044747352600098
1,34,6.221980094909668
1,35,6.293437957763672
1,36,6.175054550170898
1,37,6.574211597442627
1,38,6.063572883605957
1,39,6.372384548187256
1,40,6.067124843597412
1,41,6.2399067878723145
1,42,6.517138957977295
1,43,6.184850692749023
1,44,6.373584747314453
1,45,6.265507221221924
1,46,6.049125671386719
1,47,5.702084064483643
1,48,5.917446136474609
1,49,6.057825088500977
1,50,6.425844669342041
1,51,6.3206586837768555
1,52,5.892458915710449
1,53,6.2060933113098145
1,54,6.314521789550781
1,55,5.822652816772461
1,56,6.223064422607422
1,57,6.1109700202941895
1,58,6.3173909187316895
1,59,5.891682147979736
1,60,6.17706823348999
1,61,6.255064010620117
1,62,5.754019260406494
1,63,5.83988094329834
1,64,6.130079746246338
1,65,5.989336967468262
1,66,5.880974292755127
1,67,5.983023643493652
1,68,5.740368366241455
1,69,5.913572311401367
1,70,6.3820881843566895
1,71,5.803593635559082
1,72,5.898555755615234
1,73,6.308103084564209
1,74,5.734153747558594
1,75,6.046952247619629
1,76,5.915329456329346
1,77,6.164168834686279
1,78,6.016974449157715
1,79,5.95357608795166
1,80,6.456080436706543
1,81,6.3579559326171875
1,82,6.278640270233154
1,83,6.105125427246094
1,84,6.1465606689453125
1,85,5.843793869018555
1,86,5.661041736602783
1,87,6.31006383895874
1,88,6.512221336364746
1,89,6.05033016204834
1,90,5.902211666107178
1,91,6.083322048187256
1,92,6.096046447753906
1,93,6.255684852600098
1,94,6.082189559936523
1,95,6.3681440353393555
1,96,6.486752986907959
1,97,6.196445465087891
1,98,5.867448806762695
1,99,5.853049278259277
1,100,6.289074420928955
1,101,5.756612777709961
1,102,6.416603088378906
1,103,5.893044471740723
1,104,6.063002586364746
1,105,6.231731414794922
1,106,6.010152816772461
1,107,6.14594841003418
1,108,6.026378154754639
1,109,6.597941875457764
1,110,5.902520656585693
1,111,5.525014877319336
1,112,6.625567436218262
1,113,5.714199066162109
1,114,5.984574794769287
1,115,6.003532409667969
1,116,6.113289833068848
1,117,6.020806312561035
1,118,6.263908863067627
1,119,6.570926666259766
1,120,6.260838985443115
1,121,5.951604843139648
1,122,5.818437576293945
1,123,5.807008266448975
1,124,5.825275897979736
1,125,5.982134819030762
1,126,6.446676254272461
1,127,6.202071189880371
1,128,5.8872528076171875
1,129,6.192925930023193
1,130,5.958981990814209
1,131,6.198488712310791
1,132,6.057097434997559
1,133,5.8367109298706055
1,134,5.739481449127197
1,135,5.936318874359131
1,136,5.819588661193848
1,137,6.180346488952637
1,138,6.250479698181152
1,139,6.012872695922852
1,140,6.216569900512695
1,141,6.256809711456299
1,142,6.13292932510376
1,143,5.782643795013428
1,144,6.18837833404541
1,145,5.915505409240723
1,146,6.134191989898682
1,147,6.292328834533691
1,148,5.931144714355469
1,149,5.787301540374756
1,150,5.937935829162598
1,151,6.3382158279418945
1,152,5.74439811706543
1,153,6.0085954666137695
1,154,6.156064510345459
1,155,5.943682670593262
1,156,6.144901752471924
1,157,5.8970160484313965
1,158,6.243417263031006
1,159,5.783511638641357
1,160,6.45153284072876
1,161,6.014503479003906
1,162,6.2736430168151855
1,163,5.8770880699157715
1,164,5.477743148803711
1,165,5.666171550750732
1,166,5.713727951049805
1,167,6.140693187713623
1,168,6.245104789733887
1,169,5.906843185424805
1,170,5.745269298553467
1,171,5.740428924560547
1,172,5.608888149261475
1,173,5.976945400238037
1,174,5.61836576461792
1,175,5.878603935241699
1,176,6.206347465515137
1,177,5.569301605224609
1,178,6.28589391708374
1,179,5.773741245269775
1,180,5.721354961395264
1,181,6.025018692016602
1,182,6.361344814300537
1,183,5.931337833404541
1,184,5.926247596740723
1,185,6.279912948608398
1,186,5.995785713195801
1,187,6.178500652313232
1,188,6.27620267868042
1,189,5.520408630371094
1,190,6.221834182739258
1,191,5.76740026473999
1,192,5.887784004211426
1,193,6.010403156280518
1,194,5.705660820007324
1,195,5.838866710662842
1,196,6.839682102203369
1,197,6.28565788269043
1,198,6.027127265930176
1,199,5.843244552612305
1,200,6.29095983505249
1,201,6.0575971603393555
1,202,6.018315315246582
1,203,5.732604026794434
1,204,5.896050453186035
1,205,5.81829309463501
1,206,5.865420818328857
1,207,6.282294273376465
1,208,6.091346740722656
1,209,6.074962139129639
1,210,5.875398635864258
1,211,6.240935325622559
1,212,5.991153240203857
1,213,5.928125381469727
1,214,5.710264682769775
1,215,5.673513889312744
1,216,5.970393180847168
1,217,5.860734462738037
1,218,5.883347511291504
1,219,6.06782865524292
1,220,5.986545562744141
1,221,5.674171447753906
1,222,5.953063488006592
1,223,6.428058624267578
1,224,5.6590399742126465
1,225,5.929542064666748
1,226,5.786452770233154
1,227,5.874883651733398
1,228,6.075040817260742
1,229,5.917384147644043
1,230,5.762573719024658
1,231,6.000703811645508
1,232,5.82499361038208
1,233,6.107436180114746
1,234,5.682296276092529
1,235,5.88238000869751
1,236,5.945084571838379
1,237,6.181180000305176
1,238,6.137134075164795
1,239,5.563994407653809
1,240,5.99570894241333
1,241,5.6216278076171875
1,242,5.91373348236084
1,243,5.810454845428467
1,244,5.747354030609131
1,245,5.7780680656433105
1,246,6.111525058746338
1,247,5.7968268394470215
1,248,5.96584939956665
1,249,5.601065635681152
1,250,5.843961715698242
1,251,6.144972801208496
1,252,5.870241165161133
1,253,5.968656539916992
1,254,5.989923477172852
1,255,5.587875843048096
1,256,6.009288787841797
1,257,6.0985846519470215
1,258,5.766809463500977
1,259,6.220544338226318
1,260,5.960789680480957
1,261,6.029967308044434
1,262,5.445044040679932
1,263,5.660905361175537
1,264,6.29302453994751
1,265,5.799783706665039
1,266,6.11770486831665
1,267,5.845831871032715
1,268,6.172722339630127
1,269,6.115881443023682
1,270,6.0854926109313965
1,271,6.226489067077637
1,272,5.95451545715332
1,273,5.814519882202148
1,274,6.208255290985107
1,275,5.752887725830078
1,276,6.062699317932129
1,277,5.592817306518555
1,278,5.834357261657715
1,279,5.817368984222412
1,280,6.356313705444336
1,281,5.996995449066162
1,282,6.194243907928467
1,283,5.925710678100586
1,284,6.046989917755127
1,285,6.126579284667969
1,286,5.849562168121338
1,287,5.677575588226318
1,288,5.8750176429748535
1,289,5.577706336975098
1,290,5.9515228271484375
1,291,6.140008926391602
1,292,5.886471748352051
1,293,5.969019412994385
1,294,6.197208404541016
1,295,6.1884026527404785
1,296,6.2397894859313965
1,297,6.0956950187683105
1,298,6.169745922088623
1,299,5.628732681274414
1,300,5.7889323234558105
1,301,5.269471168518066
1,302,6.050745964050293
1,303,6.044162273406982
1,304,5.797723770141602
1,305,6.362063884735107
1,306,6.01383113861084
1,307,5.6362223625183105
1,308,5.761571884155273
1,309,6.025905609130859
1,310,5.799424171447754
1,311,5.857850551605225
1,312,5.551656246185303
1,313,5.683138847351074
1,314,5.777104377746582
1,315,5.800371170043945
1,316,5.951366424560547
1,317,5.637594223022461
1,318,5.187698841094971
1,319,5.898131370544434
1,320,5.879289627075195
1,321,5.624838352203369
1,322,5.411749362945557
1,323,6.132104873657227
1,324,5.758674621582031
1,325,5.656659126281738
1,326,5.664535045623779
1,327,5.850563049316406
1,328,5.941743850708008
1,329,5.8885178565979
1,330,5.765034198760986
1,331,5.716292858123779
1,332,5.424043655395508
1,333,6.130631446838379
1,334,6.161855697631836
1,335,5.954362869262695
1,336,6.0527424812316895
1,337,5.805477142333984
1,338,5.600396156311035
1,339,6.300747871398926
1,340,6.21565580368042
1,341,6.043686389923096
1,342,6.189981460571289
1,343,5.734100818634033
1,344,5.54889440536499
1,345,5.882878303527832
1,346,5.50501823425293
1,347,6.15089225769043
1,348,5.925323963165283
1,349,5.925220012664795
1,350,5.936563491821289
1,351,5.634233474731445
1,352,6.047042369842529
1,353,5.777877330780029
1,354,5.8348469734191895
1,355,5.836458683013916
1,356,5.865128040313721
1,357,5.58597469329834
1,358,5.825791358947754
1,359,6.034355640411377
1,360,5.622754096984863
1,361,5.5227742195129395
1,362,5.670046806335449
1,363,6.08833646774292
1,364,5.826072692871094
1,365,6.1611480712890625
1,366,5.997086048126221
1,367,5.6728997230529785
1,368,5.80770206451416
1,369,5.682928085327148
1,370,5.482165336608887
1,371,5.739205360412598
1,372,5.998008728027344
1,373,5.572963714599609
1,374,5.856240272521973
1,375,5.788046836853027
1,376,5.7619123458862305
1,377,6.0590925216674805
1,378,5.883637428283691
1,379,5.571808338165283
1,380,5.832840919494629
1,381,6.007180690765381
1,382,5.630298614501953
1,383,5.82330846786499
1,384,5.731085300445557
1,385,5.337718963623047
1,386,5.659180164337158
1,387,5.924395561218262
1,388,5.598735332489014
1,389,5.862201690673828
1,390,5.585317134857178
1,391,5.472722053527832
1,392,6.019611835479736
1,393,6.062152862548828
1,394,5.8943867683410645
1,395,5.866801738739014
1,396,5.531278133392334
1,397,5.7886552810668945
1,398,5.815690994262695
1,399,5.771474361419678
1,400,5.94379186630249
1,401,5.8618059158325195
1,402,5.775235176086426
1,403,5.764552593231201
1,404,5.923379421234131
1,405,5.921243667602539
1,406,5.931179523468018
1,407,5.977057456970215
1,408,5.792880058288574
1,409,5.648214817047119
1,410,5.597838878631592
1,411,5.643074035644531
1,412,5.817497253417969
1,413,5.764428615570068
1,414,5.945372104644775
1,415,5.983855247497559
1,416,5.906367301940918
1,417,5.739418029785156
1,418,6.084535121917725
1,419,6.038226127624512
1,420,6.126863479614258
1,421,5.548097610473633
1,422,5.460036277770996
1,423,5.559793472290039
1,424,6.148856163024902
1,425,5.899282932281494
1,426,5.669523239135742
1,427,5.739599704742432
1,428,5.854397296905518
1,429,5.975574493408203
1,430,6.046696662902832
1,431,5.775699138641357
1,432,5.706568241119385
1,433,6.008098602294922
1,434,5.958492279052734
1,435,5.661435604095459
1,436,5.839908599853516
1,437,5.503177642822266
1,438,5.887400150299072
1,439,5.504634857177734
1,440,5.709702968597412
1,441,5.807302474975586
1,442,5.76324462890625
1,443,5.871328830718994
1,444,5.805194854736328
1,445,6.004164218902588
1,446,5.537038326263428
1,447,5.915609836578369
1,448,5.967398166656494
1,449,5.570442199707031
1,450,5.9398417472839355
1,451,5.5973992347717285
1,452,5.91160249710083
1,453,6.095309734344482
1,454,6.0569987297058105
1,455,5.351802349090576
1,456,5.915259838104248
1,457,5.713886260986328
1,458,5.7363691329956055
1,459,5.709390163421631
1,460,5.834100723266602
1,461,6.096924304962158
1,462,5.604850769042969
1,463,5.6421074867248535
1,464,6.024757385253906
1,465,5.547691822052002
1,466,5.682077884674072
1,467,5.52718448638916
1,468,5.72363805770874
1,469,5.6081953048706055
1,470,6.117590427398682
1,471,5.773209571838379
1,472,5.938305854797363
1,473,5.752904891967773
1,474,5.321842670440674
1,475,5.896823883056641
1,476,5.440649032592773
1,477,5.7291693687438965
1,478,5.397819995880127
1,479,5.527375221252441
1,480,5.746232032775879
1,481,5.728343963623047
1,482,5.706287860870361
1,483,5.911040306091309
1,484,5.8576741218566895
1,485,5.503506183624268
1,486,5.941565036773682
1,487,5.582669734954834
1,488,5.565831661224365
1,489,5.825040817260742
1,490,5.859865188598633
1,491,5.777246475219727
1,492,5.403770923614502
1,493,5.940874099731445
1,494,5.567712306976318
1,495,5.872957229614258
1,496,5.477941513061523
1,497,5.811229228973389
1,498,6.2908430099487305
1,499,5.753183364868164
1,500,5.680020809173584
1,501,5.6362481117248535
1,502,5.68371057510376
1,503,5.577043056488037
1,504,5.832068920135498
1,505,6.034323692321777
1,506,5.331599712371826
1,507,5.638862609863281
1,508,5.496131420135498
1,509,5.842607021331787
1,510,5.662413597106934
1,511,5.5787835121154785
1,512,5.36335563659668
1,513,6.012386798858643
1,514,5.810891628265381
1,515,5.842415809631348
1,516,5.560011386871338
1,517,5.883087635040283
1,518,5.492304801940918
1,519,5.458249568939209
1,520,5.606791019439697
1,521,5.636589527130127
1,522,5.702949047088623
1,523,5.595813751220703
1,524,5.817572593688965
1,525,6.246673107147217
1,526,5.825877666473389
1,527,5.860520362854004
1,528,6.080096244812012
1,529,5.638760566711426
1,530,5.686179161071777
1,531,5.503970146179199
1,532,5.839156627655029
1,533,5.747639179229736
1,534,6.049706935882568
1,535,5.72933292388916
1,536,5.905101299285889
1,537,5.656801223754883
1,538,5.523888111114502
1,539,5.8466267585754395
1,540,5.1954193115234375
1,541,5.3683342933654785
1,542,5.657327651977539
1,543,5.806230068206787
1,544,5.7491679191589355
1,545,5.716685771942139
1,546,5.78216028213501
1,547,5.899905681610107
1,548,5.671708106994629
1,549,5.6581854820251465
1,550,5.512968063354492
1,551,5.803596496582031
1,552,5.770816802978516
1,553,6.026388168334961
1,554,5.482733726501465
1,555,5.58787727355957
1,556,5.548571586608887
1,557,5.541187286376953
1,558,5.606452465057373
1,559,5.6014204025268555
1,560,5.323974609375
1,561,5.505875587463379
1,562,5.607093811035156
1,563,5.84958553314209
1,564,5.637652397155762
1,565,5.547867774963379
1,566,5.654627323150635
1,567,5.434649467468262
1,568,5.836119174957275
1,569,5.866912841796875
1,570,5.812070369720459
1,571,5.665979385375977
1,572,5.584837436676025
1,573,5.664464473724365
1,574,5.816697597503662
1,575,5.8505682945251465
1,576,6.050699234008789
1,577,5.3029680252075195
1,578,5.475225448608398
1,579,5.829921722412109
1,580,5.584377288818359
1,581,5.690011501312256
1,582,5.788845539093018
1,583,5.734200477600098
1,584,5.45519495010376
1,585,5.625115394592285
1,586,5.911703109741211
1,587,5.668812274932861
1,588,5.356407165527344
1,589,5.586235046386719
1,590,5.728507041931152
1,591,5.9161834716796875
1,592,5.932575225830078
1,593,5.384140968322754
1,594,5.634138107299805
1,595,5.53787899017334
1,596,5.883670806884766
1,597,5.717677116394043
1,598,5.656830787658691
1,599,5.6257429122924805
1,600,5.825650691986084
1,601,5.723143577575684
1,602,5.558854579925537
1,603,5.734785079956055
1,604,5.475883483886719
1,605,5.513022422790527
1,606,5.602536678314209
1,607,5.700325012207031
1,608,5.541983604431152
1,609,5.396486759185791
1,610,5.750620365142822
1,611,5.718029499053955
1,612,5.634626865386963
1,613,5.281442165374756
1,614,5.402860641479492
1,615,5.55989408493042
1,616,5.882717132568359
1,617,5.9162750244140625
1,618,5.687442779541016
1,619,5.416999816894531
1,620,5.393835544586182
1,621,5.435795783996582
1,622,5.649775505065918
1,623,5.6917877197265625
1,624,5.829145908355713
1,625,5.793608665466309
1,626,5.798883438110352
1,627,5.694106101989746
1,628,5.791134357452393
1,629,5.775059700012207
1,630,5.499672889709473
1,631,5.577630519866943
1,632,5.606368064880371
1,633,5.913035869598389
1,634,5.671445369720459
1,635,5.674156665802002
1,636,5.463781833648682
1,637,5.701923847198486
1,638,5.835687637329102
1,639,5.545495510101318
1,640,5.7601518630981445
1,641,5.563328742980957
1,642,5.392457962036133
1,643,5.308671951293945
1,644,5.838748455047607
1,645,5.455514907836914
1,646,5.761839389801025
1,647,5.817436695098877
1,648,6.0634379386901855
1,649,5.654439449310303
1,650,5.538285255432129
1,651,5.437611103057861
1,652,5.573666572570801
1,653,5.669408321380615
1,654,5.487305641174316
1,655,5.363494873046875
1,656,5.694955825805664
1,657,5.732078552246094
1,658,5.435547828674316
1,659,5.71518611907959
1,660,5.564518928527832
1,661,5.394567489624023
1,662,5.6446075439453125
1,663,5.536590576171875
1,664,6.188220500946045
1,665,5.73080587387085
1,666,5.503303527832031
1,667,5.6869096755981445
1,668,5.69179105758667
1,669,5.889825820922852
1,670,5.865230560302734
1,671,5.686864852905273
1,672,6.009148597717285
1,673,5.657493591308594
1,674,5.2065277099609375
1,675,5.497786045074463
1,676,5.823324680328369
1,677,5.768471717834473
1,678,5.45748233795166
1,679,5.699562072753906
1,680,5.431838512420654
1,681,5.772968292236328
1,682,5.367805480957031
1,683,5.830286026000977
1,684,5.699267387390137
1,685,6.0121378898620605
1,686,5.364865303039551
1,687,5.6381330490112305
1,688,5.354137420654297
1,689,5.4656548500061035
1,690,5.801855087280273
1,691,5.250599384307861
1,692,5.715028762817383
1,693,5.77707052230835
1,694,5.848549842834473
1,695,5.856919288635254
1,696,5.712557792663574
1,697,5.3622965812683105
1,698,5.5823211669921875
1,699,5.788634300231934
1,700,5.495647430419922
1,701,5.366572380065918
1,702,5.848388195037842
1,703,5.402754306793213
1,704,5.558315277099609
1,705,5.862003326416016
1,706,5.267265319824219
1,707,5.732269763946533
1,708,5.462931156158447
1,709,5.749660968780518
1,710,5.6091718673706055
1,711,5.641687393188477
1,712,5.762363433837891
1,713,5.790044784545898
1,714,5.454299449920654
1,715,5.2497172355651855
1,716,6.056088924407959
1,717,5.551324844360352
1,718,5.23296594619751
1,719,5.774614334106445
1,720,5.584197521209717
1,721,5.471296310424805
1,722,5.954108715057373
1,723,5.638123035430908
1,724,5.453634738922119
1,725,5.626839637756348
1,726,5.711137771606445
1,727,5.507267951965332
1,728,5.599140167236328
1,729,5.481806755065918
1,730,5.250517845153809
1,731,5.533534049987793
1,732,5.573852062225342
1,733,5.690215587615967
1,734,5.37535285949707
1,735,5.711727142333984
1,736,5.569526672363281
1,737,5.278558254241943
1,738,5.699802398681641
1,739,5.4156365394592285
1,740,5.942340850830078
1,741,5.637656211853027
1,742,5.457854747772217
1,743,5.220342636108398
1,744,5.471100807189941
1,745,5.502517223358154
1,746,5.499032497406006
1,747,5.334934711456299
1,748,5.60469388961792
1,749,5.595075607299805
1,750,5.969099521636963
1,751,5.5003485679626465
1,752,5.475574970245361
1,753,5.379772663116455
1,754,5.67473840713501
1,755,5.390761375427246
1,756,5.493927955627441
1,757,5.496441841125488
1,758,5.50777006149292
1,759,5.658017635345459
1,760,5.443911552429199
1,761,5.601716995239258
1,762,5.432300567626953
1,763,5.577966690063477
1,764,5.783412933349609
1,765,5.636948108673096
1,766,5.56613302230835
1,767,5.540082931518555
1,768,5.4975714683532715
1,769,5.856556415557861
1,770,5.7001776695251465
1,771,5.1928839683532715
1,772,5.663032531738281
1,773,5.83105993270874
1,774,5.4119696617126465
1,775,5.360443115234375
1,776,5.837128639221191
1,777,5.523730754852295
1,778,5.691567897796631
1,779,5.649818420410156
1,780,5.451396465301514
1,781,5.457587242126465
1,782,5.612001895904541
1,783,5.593970775604248
1,784,5.574191093444824
1,785,5.465970039367676
1,786,5.546931266784668
1,787,6.246210098266602
1,788,5.7884650230407715
1,789,5.499469757080078
1,790,5.618701934814453
1,791,5.350738048553467
1,792,5.660703659057617
1,793,5.770265579223633
1,794,5.410966873168945
1,795,5.256975173950195
1,796,5.540666103363037
1,797,5.694405555725098
1,798,5.338854789733887
1,799,5.617956638336182
1,800,5.696224689483643
1,801,5.530911922454834
1,802,5.558985233306885
1,803,5.574612140655518
1,804,5.587655544281006
1,805,5.942028045654297
1,806,5.226433753967285
1,807,5.471352577209473
1,808,5.3642258644104
1,809,5.78055477142334
1,810,5.500067234039307
1,811,5.616344451904297
1,812,5.542141914367676
1,813,5.495266437530518
1,814,5.6060991287231445
1,815,5.677373886108398
1,816,5.410685062408447
1,817,5.625720500946045
1,818,5.144444465637207
1,819,5.935396671295166
1,820,5.6270623207092285
1,821,5.378528594970703
1,822,5.453407287597656
1,823,5.851404190063477
1,824,5.511438846588135
1,825,5.905012607574463
1,826,5.533510208129883
1,827,5.745914459228516
1,828,5.175423622131348
1,829,5.390558242797852
1,830,5.393643379211426
2,0,5.284021854400635
2,1,5.6990861892700195
2,2,5.581910133361816
2,3,5.480380058288574
2,4,5.580359935760498
2,5,5.503064155578613
2,6,5.506203651428223
2,7,5.740128040313721
2,8,5.383194923400879
2,9,5.711863994598389
2,10,5.359376430511475
2,11,5.736608505249023
2,12,5.392218589782715
2,13,5.205310821533203
2,14,5.870544910430908
2,15,5.339348793029785
2,16,5.415873050689697
2,17,5.651244163513184
2,18,5.8062028884887695
2,19,5.260521411895752
2,20,5.091876029968262
2,21,5.284705638885498
2,22,5.759030342102051
2,23,5.531185150146484
2,24,5.531114101409912
2,25,5.486105442047119
2,26,5.308297157287598
2,27,5.3002238273620605
2,28,5.6597089767456055
2,29,5.495518207550049
2,30,5.626074314117432
2,31,5.106116771697998
2,32,5.302367210388184
2,33,5.121422290802002
2,34,5.3975677490234375
2,35,5.313818454742432
2,36,5.175701141357422
2,37,5.532864570617676
2,38,5.621066570281982
2,39,5.135867118835449
2,40,5.702890396118164
2,41,5.222900390625
2,42,4.952658176422119
2,43,5.278807640075684
2,44,5.396707534790039
2,45,5.160886764526367
2,46,5.283335208892822
2,47,5.886002063751221
2,48,5.637937545776367
2,49,5.19598913192749
2,50,5.751944065093994
2,51,5.480350017547607
2,52,5.575740814208984
2,53,5.083636283874512
2,54,5.114029407501221
2,55,5.504154205322266
2,56,5.76005744934082
2,57,5.726345539093018
2,58,5.27213716506958
2,59,5.397315502166748
2,60,5.457705020904541
2,61,4.924037456512451
2,62,5.048842906951904
2,63,5.500361442565918
2,64,5.081566333770752
2,65,5.197317600250244
2,66,5.2544355392456055
2,67,5.574666976928711
2,68,4.791165828704834
2,69,5.648183822631836
2,70,5.010308265686035
2,71,5.392304420471191
2,72,5.4246673583984375
2,73,4.940830230712891
2,74,5.451304912567139
2,75,5.460287094116211
2,76,5.362472057342529
2,77,5.319431304931641
2,78,5.1274847984313965
2,79,5.2479963302612305
2,80,5.022017955780029
2,81,5.3524980545043945
2,82,5.284005165100098
2,83,4.971253395080566
2,84,4.983622074127197
2,85,4.99687385559082
2,86,5.518704414367676
2,87,4.925906658172607
2,88,5.431561470031738
2,89,5.056804180145264
2,90,5.352835655212402
2,91,5.186288833618164
2,92,5.3610358238220215
2,93,5.284839630126953
2,94,5.657469272613525
2,95,5.0395917892456055
2,96,4.97418737411499
2,97,5.444557189941406
2,98,5.031070709228516
2,99,4.9712114334106445
2,100,5.441367149353027
2,101,4.877780437469482
2,102,5.199223518371582
2,103,5.472466945648193
2,104,5.076889991760254
2,105,5.4648566246032715
2,106,4.857410907745361
2,107,5.62312126159668
2,108,5.404399394989014
2,109,5.507781982421875
2,110,5.0219879150390625
2,111,5.107583999633789
2,112,5.713944911956787
2,113,5.23565149307251
2,114,5.174422264099121
2,115,5.096642017364502
2,116,5.488799095153809
2,117,5.106367111206055
2,118,5.446277141571045
2,119,5.195569038391113
2,120,5.423017501831055
2,121,5.274231910705566
2,122,4.9565935134887695
2,123,5.425327301025391
2,124,5.365901947021484
2,125,5.092365741729736
2,126,5.500895023345947
2,127,5.3921308517456055
2,128,5.4975266456604
2,129,5.923712253570557
2,130,5.02302360534668
2,131,4.725500106811523
2,132,5.003884315490723
2,133,5.092710971832275
2,134,5.187144756317139
2,135,5.027212142944336
2,136,5.6964335441589355
2,137,5.187872886657715
2,138,5.2934112548828125
2,139,5.082143783569336
2,140,4.935358047485352
2,141,5.220271110534668
2,142,5.1419148445129395
2,143,5.22575044631958
2,144,5.346174240112305
2,145,5.6027679443359375
2,146,5.061880111694336
2,147,5.431951522827148
2,148,4.923337459564209
2,149,4.897198677062988
2,150,5.938023090362549
2,151,5.342570781707764
2,152,5.164516448974609
2,153,5.036595344543457
2,154,5.2344651222229
2,155,5.201255798339844
2,156,4.740452289581299
2,157,5.00393009185791
2,158,5.120852947235107
2,159,5.308893203735352
2,160,5.113868236541748
2,161,5.193231105804443
2,162,5.101840972900391
2,163,5.606902599334717
2,164,5.5146403312683105
2,165,5.270792484283447
2,166,4.730423450469971
2,167,5.549140930175781
2,168,4.9173126220703125
2,169,4.846131801605225
2,170,5.738271236419678
2,171,4.739081382751465
2,172,5.026388168334961
2,173,5.176730155944824
2,174,5.329387187957764
2,175,5.197829723358154
2,176,4.988199710845947
2,177,5.118398189544678
2,178,5.195249080657959
2,179,4.989967346191406
2,180,5.067621231079102
2,181,4.936530113220215
2,182,5.0460591316223145
2,183,5.509251594543457
2,184,5.105915069580078
2,185,4.9178266525268555
2,186,5.001776695251465
2,187,5.1497907638549805
2,188,5.117547512054443
2,189,5.343044757843018
2,190,5.505566596984863
2,191,5.435014247894287
2,192,4.96950626373291
2,193,4.989296913146973
2,194,5.228857040405273
2,195,5.028111934661865
2,196,4.819687843322754
2,197,5.4157819747924805
2,198,5.326833248138428
2,199,5.08579683303833
2,200,4.670098304748535
2,201,5.232508659362793
2,202,4.818526268005371
2,203,5.482059955596924
2,204,5.420717716217041
2,205,4.7408766746521
2,206,5.9372053146362305
2,207,5.21266508102417
2,208,5.299757957458496
2,209,5.147070407867432
2,210,4.910030364990234
2,211,5.432241916656494
2,212,4.842894077301025
2,213,5.622159481048584
2,214,4.894857406616211
2,215,5.416696071624756
2,216,5.164738655090332
2,217,4.760644912719727
2,218,4.870584487915039
2,219,5.5382466316223145
2,220,5.440299034118652
2,221,5.506697177886963
2,222,5.226637840270996
2,223,4.967604160308838
2,224,5.067985534667969
2,225,5.317910194396973
2,226,5.034106254577637
2,227,5.4120893478393555
2,228,5.214850902557373
2,229,5.306608200073242
2,230,5.070606231689453
2,231,5.110534191131592
2,232,5.547980308532715
2,233,5.413437843322754
2,234,4.952042579650879
2,235,5.665984153747559
2,236,5.456625461578369
2,237,5.204131603240967
2,238,4.959776878356934
2,239,5.201821804046631
2,240,5.263795375823975
2,241,5.233120918273926
2,242,5.422053813934326
2,243,4.890350341796875
2,244,5.010035514831543
2,245,5.160638809204102
2,246,5.501978397369385
2,247,4.8787384033203125
2,248,5.108495712280273
2,249,4.922817230224609
2,250,4.966805934906006
2,251,5.301655292510986
2,252,5.073197364807129
2,253,5.193463325500488
2,254,5.4926652908325195
2,255,5.243612289428711
2,256,5.1027960777282715
2,257,4.750432014465332
2,258,4.936944007873535
2,259,4.694912433624268
2,260,5.545191287994385
2,261,4.884049415588379
2,262,4.966042518615723
2,263,5.131593704223633
2,264,5.379552364349365
2,265,5.345254898071289
2,266,4.973785400390625
2,267,4.977565288543701
2,268,5.58205509185791
2,269,5.040831089019775
2,270,4.837478160858154
2,271,5.758907794952393
2,272,5.045130252838135
2,273,5.141878604888916
2,274,4.942469596862793
2,275,4.859715461730957
2,276,5.196177005767822
2,277,5.510479927062988
2,278,5.095378875732422
2,279,4.862442970275879
2,280,5.6327619552612305
2,281,5.186462879180908
2,282,4.9275922775268555
2,283,5.496723651885986
2,284,5.386679649353027
2,285,5.355623722076416
2,286,4.847660064697266
2,287,4.892148971557617
2,288,5.0980682373046875
2,289,5.755245685577393
2,290,5.6298346519470215
2,291,5.323974132537842
2,292,5.241104602813721
2,293,4.923551082611084
2,294,4.878803253173828
2,295,5.4059343338012695
2,296,5.198591709136963
2,297,5.441226482391357
2,298,4.993253707885742
2,299,4.988757610321045
2,300,5.067478656768799
2,301,4.733989715576172
2,302,4.863924026489258
2,303,5.135006904602051
2,304,5.084157466888428
2,305,5.08015251159668
2,306,4.967118740081787
2,307,4.962892055511475
2,308,5.155987739562988
2,309,5.177169322967529
2,310,5.171855449676514
2,311,4.867706298828125
2,312,5.447418689727783
2,313,5.152881145477295
2,314,5.548084259033203
2,315,5.2998762130737305
2,316,4.918630123138428
2,317,5.426492691040039
2,318,5.173748016357422
2,319,5.34822416305542
2,320,5.222142696380615
2,321,5.180481433868408
2,322,4.941439151763916
2,323,5.567825794219971
2,324,5.58292293548584
2,325,5.531996726989746
2,326,5.09653377532959
2,327,4.589135646820068
2,328,5.219614505767822
2,329,5.240964889526367
2,330,4.863019943237305
2,331,5.129591941833496
2,332,5.096351146697998
2,333,5.12253475189209
2,334,4.466145992279053
2,335,5.25356388092041
2,336,5.307774543762207
2,337,4.873948097229004
2,338,4.705157279968262
2,339,5.471831798553467
2,340,5.229816913604736
2,341,5.051838397979736
2,342,4.9362311363220215
2,343,4.917547702789307
2,344,5.041835784912109
2,345,4.946527481079102
2,346,4.633464813232422
2,347,5.243208885192871
2,348,5.133724689483643
2,349,4.892035961151123
2,350,5.246852397918701
2,351,5.104678630828857
2,352,5.376126289367676
2,353,4.544046401977539
2,354,4.926942825317383
2,355,5.327306270599365
2,356,5.181631088256836
2,357,5.11667537689209
2,358,5.264283180236816
2,359,5.293230056762695
2,360,4.889992713928223
2,361,5.909991264343262
2,362,5.028872966766357
2,363,5.308374881744385
2,364,4.775475978851318
2,365,5.32061243057251
2,366,4.983332633972168
2,367,4.9862165451049805
2,368,4.754650592803955
2,369,5.2023701667785645
2,370,5.101300239562988
2,371,5.829427242279053
2,372,5.071425914764404
2,373,5.713577747344971
2,374,5.180566310882568
2,375,5.213081359863281
2,376,4.77848482131958
2,377,5.217673301696777
2,378,4.733584403991699
2,379,4.932853698730469
2,380,4.981754302978516
2,381,4.998416900634766
2,382,4.931021213531494
2,383,5.4921875
2,384,5.32754373550415
2,385,4.865320682525635
2,386,4.714599609375
2,387,4.955155849456787
2,388,5.1414947509765625
2,389,5.096897125244141
2,390,4.6821088790893555
2,391,4.742977142333984
2,392,5.359476089477539
2,393,5.420711517333984
2,394,5.143820285797119
2,395,4.750294208526611
2,396,4.798238754272461
2,397,5.547386169433594
2,398,5.377864837646484
2,399,4.748477458953857
2,400,5.125781059265137
2,401,5.184206008911133
2,402,5.029585838317871
2,403,5.138080596923828
2,404,4.726517200469971
2,405,5.12937068939209
2,406,5.4398674964904785
2,407,4.734848976135254
2,408,5.611639499664307
2,409,5.011190891265869
2,410,4.979708194732666
2,411,4.826531410217285
2,412,5.113641262054443
2,413,4.8267998695373535
2,414,5.0402750968933105
2,415,4.970147132873535
2,416,5.135652542114258
2,417,5.242665767669678
2,418,4.59634256362915
2,419,4.9614386558532715
2,420,5.1545586585998535
2,421,5.4284257888793945
2,422,4.982847690582275
2,423,4.961286544799805
2,424,5.632407188415527
2,425,5.216150283813477
2,426,5.2847466468811035
2,427,4.898597717285156
2,428,5.588625431060791
2,429,5.416563034057617
2,430,5.363384246826172
2,431,5.009924411773682
2,432,4.877388954162598
2,433,5.273559093475342
2,434,4.36937952041626
2,435,5.478129863739014
2,436,5.200623512268066
2,437,5.671656608581543
2,438,5.2924113273620605
2,439,5.590173244476318
2,440,4.681581497192383
2,441,4.752272605895996
2,442,5.185490608215332
2,443,4.945802688598633
2,444,4.923616886138916
2,445,4.907979965209961
2,446,5.463882923126221
2,447,4.9125542640686035
2,448,5.147160530090332
2,449,4.481118202209473
2,450,4.8483195304870605
2,451,4.857449531555176
2,452,4.776017189025879
2,453,5.396632671356201
2,454,5.103195667266846
2,455,4.575981140136719
2,456,4.648191452026367
2,457,5.192967891693115
2,458,5.204419136047363
2,459,4.9691162109375
2,460,5.077278137207031
2,461,4.658726215362549
2,462,5.149313449859619
2,463,4.8590288162231445
2,464,4.504352569580078
2,465,5.1484808921813965
2,466,4.796807765960693
2,467,4.971631050109863
2,468,5.092665672302246
2,469,5.465938568115234
2,470,5.498720169067383
2,471,4.868325233459473
2,472,4.817453384399414
2,473,4.694414138793945
2,474,4.846783638000488
2,475,5.049912452697754
2,476,5.167145252227783
2,477,5.220724105834961
2,478,5.691928863525391
2,479,5.406248092651367
2,480,5.083478927612305
2,481,5.3281097412109375
2,482,4.995689392089844
2,483,4.963095664978027
2,484,5.172278881072998
2,485,5.404658317565918
2,486,5.042243480682373
2,487,4.962766647338867
2,488,4.693827152252197
2,489,4.701693058013916
2,490,4.8838348388671875
2,491,5.0135297775268555
2,492,4.637619495391846
2,493,5.578887939453125
2,494,5.27517557144165
2,495,5.306510925292969
2,496,5.330812454223633
2,497,5.169374465942383
2,498,5.322491645812988
2,499,4.685479640960693
2,500,5.200699329376221
2,501,4.840404033660889
2,502,4.92194128036499
2,503,4.91853141784668
2,504,5.1467604637146
2,505,5.123993396759033
2,506,5.152116298675537
2,507,5.166330337524414
2,508,4.912265777587891
2,509,4.894228935241699
2,510,4.698216915130615
2,511,4.583157539367676
2,512,4.835597038269043
2,513,4.872077941894531
2,514,5.460169315338135
2,515,5.096371650695801
2,516,5.017077445983887
2,517,5.156397819519043
2,518,5.2691264152526855
2,519,5.0518670082092285
2,520,4.740001678466797
2,521,5.062074184417725
2,522,5.440412521362305
2,523,4.9223785400390625
2,524,4.668336868286133
2,525,5.275764465332031
2,526,5.126547336578369
2,527,4.629094123840332
2,528,4.723802089691162
2,529,4.82911491394043
2,530,5.573115348815918
2,531,5.692657947540283
2,532,5.253931999206543
2,533,5.4897565841674805
2,534,5.121197700500488
2,535,5.342319965362549
2,536,5.397924423217773
2,537,5.2413129806518555
2,538,4.9514665603637695
2,539,4.849484920501709
2,540,4.976358413696289
2,541,5.155155181884766
2,542,5.106682777404785
2,543,5.137340545654297
2,544,5.115992546081543
2,545,5.023895740509033
2,546,4.8409271240234375
2,547,5.3965325355529785
2,548,4.736419200897217
2,549,4.93870210647583
2,550,5.275106906890869
2,551,4.766515254974365
2,552,4.968899726867676
2,553,5.046014308929443
2,554,5.242431640625
2,555,5.1593017578125
2,556,4.304961204528809
2,557,5.376788139343262
2,558,4.80815315246582
2,559,4.63001823425293
2,560,4.6315789222717285
2,561,5.109250545501709
2,562,4.911442756652832
2,563,4.700571060180664
2,564,5.167175769805908
2,565,5.252763748168945
2,566,4.734299659729004
2,567,5.092535972595215
2,568,5.122543811798096
2,569,4.425843715667725
2,570,5.198485851287842
2,571,4.895531177520752
2,572,4.807938098907471
2,573,5.2292304039001465
2,574,5.286682605743408
2,575,5.21664571762085
2,576,4.339705944061279
2,577,4.883920669555664
2,578,4.7632622718811035
2,579,5.2915940284729
2,580,5.128907680511475
2,581,4.993232727050781
2,582,4.450152397155762
2,583,5.015915870666504
2,584,5.103038787841797
2,585,4.660881996154785
2,586,4.678442001342773
2,587,5.0963263511657715
2,588,4.655557632446289
2,589,4.842113971710205
2,590,5.31825065612793
2,591,4.705466270446777
2,592,4.59830904006958
2,593,5.018791675567627
2,594,4.9051337242126465
2,595,4.915119647979736
2,596,4.7964911460876465
2,597,5.4399895668029785
2,598,4.9689483642578125
2,599,4.784516334533691
2,600,5.425423622131348
2,601,5.500665664672852
2,602,4.704232692718506
2,603,4.649511337280273
2,604,4.4877848625183105
2,605,4.903218746185303
2,606,4.614414691925049
2,607,4.9192423820495605
2,608,4.827098369598389
2,609,5.4473347663879395
2,610,5.26504373550415
2,611,4.792257785797119
2,612,5.372941493988037
2,613,4.673182487487793
2,614,5.10044527053833
2,615,4.857093334197998
2,616,5.34743595123291
2,617,5.042271614074707
2,618,4.767975807189941
2,619,5.560420036315918
2,620,4.948087692260742
2,621,5.250874996185303
2,622,5.100585460662842
2,623,5.6401567459106445
2,624,5.398196220397949
2,625,4.854111671447754
2,626,4.5328192710876465
2,627,5.054269313812256
2,628,4.868560791015625
2,629,4.960203647613525
2,630,4.658722877502441
2,631,4.897830009460449
2,632,5.698697090148926
2,633,5.315485954284668
2,634,4.750954627990723
2,635,5.406914234161377
2,636,4.701279163360596
2,637,4.894341468811035
2,638,4.796045780181885
2,639,4.750484943389893
2,640,5.293336391448975
2,641,5.088456630706787
2,642,5.028744697570801
2,643,4.966245651245117
2,644,4.917628288269043
2,645,5.646491527557373
2,646,5.253053665161133
2,647,5.0642991065979
2,648,5.149835586547852
2,649,4.469379425048828
2,650,4.6073994636535645
2,651,4.351041316986084
2,652,5.478440284729004
2,653,4.79334020614624
2,654,5.1121015548706055
2,655,5.2059502601623535
2,656,4.831028938293457
2,657,4.808361530303955
2,658,4.670065879821777
2,659,4.719071865081787
2,660,5.215895652770996
2,661,5.425377368927002
2,662,5.6222944259643555
2,663,4.495275020599365
2,664,5.184940338134766
2,665,5.020773887634277
2,666,4.825224876403809
2,667,5.062443733215332
2,668,4.910266399383545
2,669,4.794706344604492
2,670,4.423064231872559
2,671,5.204297065734863
2,672,4.803483963012695
2,673,4.7412214279174805
2,674,4.768481254577637
2,675,4.738015174865723
2,676,5.189905643463135
2,677,5.175735950469971
2,678,5.135804653167725
2,679,5.602393627166748
2,680,5.008319854736328
2,681,5.309180736541748
2,682,5.301066875457764
2,683,4.782761573791504
2,684,5.443751811981201
2,685,5.01125955581665
2,686,4.809442043304443
2,687,4.896491050720215
2,688,4.974934101104736
2,689,4.76490592956543
2,690,5.257174968719482
2,691,4.500533103942871
2,692,4.802893161773682
2,693,4.7560224533081055
2,694,4.481523513793945
2,695,4.634327411651611
2,696,5.120920181274414
2,697,4.678303241729736
2,698,4.540223121643066
2,699,4.467830181121826
2,700,4.727320671081543
2,701,5.697348594665527
2,702,5.010067462921143
2,703,5.193950176239014
2,704,4.630274772644043
2,705,4.1374359130859375
2,706,4.761492729187012
2,707,4.804854393005371
2,708,5.025245666503906
2,709,5.035059928894043
2,710,4.90834379196167
2,711,4.869961261749268
2,712,4.958910942077637
2,713,5.035613059997559
2,714,5.039554595947266
2,715,5.338461399078369
2,716,4.602045059204102
2,717,5.0221147537231445
2,718,5.641307830810547
2,719,5.134199142456055
2,720,4.764466285705566
2,721,5.545598030090332
2,722,4.900286674499512
2,723,4.846474647521973
2,724,4.518276214599609
2,725,5.303997993469238
2,726,4.470929145812988
2,727,4.646717071533203
2,728,5.022152423858643
2,729,4.618674278259277
2,730,5.156771659851074
2,731,4.640902519226074
2,732,4.358671188354492
2,733,4.654797077178955
2,734,4.90102481842041
2,735,4.619834899902344
2,736,5.0893778800964355
2,737,4.5823211669921875
2,738,4.962554931640625
2,739,4.554230690002441
2,740,4.754807949066162
2,741,4.861302852630615
2,742,5.335002899169922
2,743,4.307652473449707
2,744,4.857394218444824
2,745,4.839432716369629
2,746,5.050681114196777
2,747,4.658121585845947
2,748,5.279202938079834
2,749,4.318910598754883
2,750,5.036606788635254
2,751,4.736958980560303
2,752,4.6786932945251465
2,753,5.006025314331055
2,754,4.63131046295166
2,755,5.0960235595703125
2,756,4.659456729888916
2,757,4.88485050201416
2,758,4.822607517242432
2,759,4.493381023406982
2,760,4.845542907714844
2,761,4.928775787353516
2,762,4.622016429901123
2,763,4.1385674476623535
2,764,5.304004669189453
2,765,4.73853874206543
2,766,4.580654144287109
2,767,4.885936737060547
2,768,5.175074100494385
2,769,5.753787994384766
2,770,5.009659767150879
2,771,4.73915958404541
2,772,4.663234233856201
2,773,5.111615180969238
2,774,5.026329040527344
2,775,4.899360656738281
2,776,5.092687606811523
2,777,5.003527641296387
2,778,5.147977352142334
2,779,4.77491569519043
2,780,5.163329124450684
2,781,4.538605213165283
2,782,5.1469879150390625
2,783,5.097805976867676
2,784,4.475244045257568
2,785,4.549903869628906
2,786,5.074783802032471
2,787,5.078787326812744
2,788,4.637923240661621
2,789,4.624079704284668
2,790,4.6715288162231445
2,791,4.207781791687012
2,792,4.643912315368652
2,793,5.055157661437988
2,794,4.669307231903076
2,795,5.0924553871154785
2,796,5.3964433670043945
2,797,5.319899082183838
2,798,4.795307159423828
2,799,4.939731121063232
2,800,5.416824817657471
2,801,5.226476192474365
2,802,5.030311584472656
2,803,4.765707015991211
2,804,5.409232139587402
2,805,5.364398956298828
2,806,5.346208572387695
2,807,4.634357452392578
2,808,5.298401832580566
2,809,5.529700756072998
2,810,5.268044948577881
2,811,4.668718338012695
2,812,5.054673194885254
2,813,5.075804710388184
2,814,5.522252082824707
2,815,4.8972601890563965
2,816,4.320620059967041
2,817,4.934678077697754
2,818,5.12321662902832
2,819,4.9424238204956055
2,820,4.602334976196289
2,821,4.573277473449707
2,822,4.968594551086426
2,823,5.015256881713867
2,824,4.442714214324951
2,825,4.577946662902832
2,826,4.475705623626709
2,827,4.330528736114502
2,828,5.018694877624512
2,829,5.055265426635742
2,830,4.365254878997803
3,0,4.954455375671387
3,1,5.487692356109619
3,2,4.264468669891357
3,3,4.390209674835205
3,4,5.192295074462891
3,5,4.389398097991943
3,6,5.596017837524414
3,7,4.65594482421875
3,8,4.729462623596191
3,9,5.029590606689453
3,10,4.59800910949707
3,11,4.347947120666504
3,12,4.591285705566406
3,13,5.041774749755859
3,14,4.737307071685791
3,15,4.8643479347229
3,16,4.776321887969971
3,17,4.932315349578857
3,18,4.710558891296387
3,19,4.854435920715332
3,20,4.78769588470459
3,21,4.824453830718994
3,22,5.054673671722412
3,23,5.282535552978516
3,24,4.823526859283447
3,25,4.93831729888916
3,26,5.3245954513549805
3,27,4.883002281188965
3,28,5.013926982879639
3,29,4.726561546325684
3,30,5.030903339385986
3,31,5.39347505569458
3,32,5.2198805809021
3,33,5.255797386169434
3,34,4.056618690490723
3,35,4.9325714111328125
3,36,5.486792087554932
3,37,5.297938346862793
3,38,5.3452301025390625
3,39,4.731884956359863
3,40,4.993528842926025
3,41,5.165980339050293
3,42,4.592289447784424
3,43,4.513639450073242
3,44,4.9041571617126465
3,45,5.148428440093994
3,46,4.289167404174805
3,47,5.445690155029297
3,48,4.377295017242432
3,49,4.908630847930908
3,50,5.022032260894775
3,51,4.880550384521484
3,52,4.467446327209473
3,53,4.820968151092529
3,54,4.244025230407715
3,55,4.646920680999756
3,56,4.65260124206543
3,57,4.618675231933594
3,58,4.595770835876465
3,59,5.424863815307617
3,60,4.7334394454956055
3,61,4.320563316345215
3,62,4.984447956085205
3,63,4.311230659484863
3,64,5.246479511260986
3,65,5.114111423492432
3,66,4.704624176025391
3,67,4.765571594238281
3,68,5.033606052398682
3,69,4.594377040863037
3,70,4.874836444854736
3,71,5.049008846282959
3,72,4.308958530426025
3,73,4.789791584014893
3,74,5.2222394943237305
3,75,4.883536338806152
3,76,4.302207946777344
3,77,4.690061092376709
3,78,4.927581787109375
3,79,5.089670181274414
3,80,4.985542297363281
3,81,5.009851455688477
3,82,4.540655136108398
3,83,4.858607769012451
3,84,5.101879596710205
3,85,4.342403411865234
3,86,4.722573757171631
3,87,4.799308776855469
3,88,4.382514953613281
3,89,5.1677398681640625
3,90,4.758196830749512
3,91,4.850253582000732
3,92,4.6751813888549805
3,93,4.965400695800781
3,94,4.5832648277282715
3,95,5.069344520568848
3,96,4.179056644439697
3,97,4.848304271697998
3,98,4.75817346572876
3,99,4.764505386352539
3,100,5.112947463989258
3,101,4.790835380554199
3,102,4.946702480316162
3,103,4.469399452209473
3,104,4.921659469604492
3,105,5.018914222717285
3,106,4.4913740158081055
3,107,4.771662712097168
3,108,4.918922424316406
3,109,4.582586765289307
3,110,5.3389081954956055
3,111,4.5162129402160645
3,112,4.797670364379883
3,113,5.502087116241455
3,114,4.646188259124756
3,115,4.833440780639648
3,116,5.061060905456543
3,117,5.22898006439209
3,118,4.840878009796143
3,119,4.715951919555664
3,120,4.504917144775391
3,121,4.858372211456299
3,122,4.526994705200195
3,123,4.875677585601807
3,124,4.529165744781494
3,125,4.9538350105285645
3,126,5.2118144035339355
3,127,4.690389633178711
3,128,5.22184944152832
3,129,4.349825382232666
3,130,4.191286087036133
3,131,4.443790435791016
3,132,4.506382465362549
3,133,4.986016273498535
3,134,5.026682376861572
3,135,3.886657953262329
3,136,4.503032207489014
3,137,5.266422748565674
3,138,4.290600299835205
3,139,5.3953657150268555
3,140,4.269747734069824
3,141,5.964896202087402
3,142,4.863461971282959
3,143,4.617962837219238
3,144,5.235328674316406
3,145,5.238499641418457
3,146,5.228733539581299
3,147,4.76585578918457
3,148,4.30820369720459
3,149,4.258181571960449
3,150,4.486551284790039
3,151,4.519211769104004
3,152,4.690453052520752
3,153,4.647249698638916
3,154,4.319038391113281
3,155,4.739309310913086
3,156,4.554427146911621
3,157,4.611903190612793
3,158,5.1561174392700195
3,159,4.908891677856445
3,160,5.5065083503723145
3,161,4.3819122314453125
3,162,4.13526725769043
3,163,5.053246974945068
3,164,4.8601813316345215
3,165,4.718752861022949
3,166,3.9605720043182373
3,167,3.933605670928955
3,168,4.812121868133545
3,169,4.650772571563721
3,170,5.47917366027832
3,171,4.359786510467529
3,172,5.0064263343811035
3,173,4.422793865203857
3,174,4.418838977813721
3,175,4.395501613616943
3,176,4.9265360832214355
3,177,5.1610565185546875
3,178,4.519366264343262
3,179,4.492271900177002
3,180,4.3065080642700195
3,181,4.689903736114502
3,182,4.748132228851318
3,183,5.1615777015686035
3,184,4.726351737976074
3,185,4.5431013107299805
3,186,4.454085826873779
3,187,4.457726001739502
3,188,4.636336326599121
3,189,4.795123100280762
3,190,5.492509365081787
3,191,5.057879447937012
3,192,4.615679740905762
3,193,4.100157737731934
3,194,4.788882255554199
3,195,4.658226490020752
3,196,4.802884578704834
3,197,5.205931186676025
3,198,4.756496429443359
3,199,5.061978816986084
3,200,5.356218338012695
3,201,4.940929889678955
3,202,5.130067825317383
3,203,4.536503791809082
3,204,5.022758960723877
3,205,4.867144584655762
3,206,4.259345054626465
3,207,4.752781391143799
3,208,4.736801624298096
3,209,5.10551643371582
3,210,4.50669002532959
3,211,5.030587673187256
3,212,4.408138275146484
3,213,5.521210670471191
3,214,4.02607536315918
3,215,4.41206693649292
3,216,4.7561354637146
3,217,4.935853958129883
3,218,4.001884460449219
3,219,3.866556167602539
3,220,4.487241268157959
3,221,5.912621974945068
3,222,4.393589973449707
3,223,5.397510528564453
3,224,4.245235919952393
3,225,4.401828765869141
3,226,4.869518756866455
3,227,4.582400321960449
3,228,4.689786911010742
3,229,4.519256591796875
3,230,4.729233741760254
3,231,4.73215389251709
3,232,4.173943996429443
3,233,4.398523330688477
3,234,4.399065017700195
3,235,4.469122409820557
3,236,4.8069748878479
3,237,4.804765701293945
3,238,4.607884407043457
3,239,4.563209533691406
3,240,5.02199649810791
3,241,4.753650188446045
3,242,4.351632118225098
3,243,4.992837429046631
3,244,4.530853748321533
3,245,4.715576171875
3,246,4.2167487144470215
3,247,3.9610345363616943
3,248,3.7104601860046387
3,249,3.8516201972961426
3,250,4.189605236053467
3,251,3.9099950790405273
3,252,4.467662334442139
3,253,4.084370136260986
3,254,4.964823246002197
3,255,4.528903484344482
3,256,3.8278326988220215
3,257,5.498040676116943
3,258,4.171903610229492
3,259,4.876999855041504
3,260,4.2616071701049805
3,261,4.737403869628906
3,262,4.022796630859375
3,263,4.452683448791504
3,264,5.098698139190674
3,265,5.156374931335449
3,266,5.601263523101807
3,267,5.057135105133057
3,268,4.2895684242248535
3,269,4.809961795806885
3,270,4.016625881195068
3,271,4.362539768218994
3,272,4.547045707702637
3,273,4.810714244842529
3,274,4.272420406341553
3,275,5.094104766845703
3,276,4.368858337402344
3,277,4.797006607055664
3,278,4.658748149871826
3,279,5.163586616516113
3,280,4.441670894622803
3,281,4.9378981590271
3,282,4.720311164855957
3,283,4.627328872680664
3,284,4.656277656555176
3,285,4.899196147918701
3,286,4.529380798339844
3,287,4.741987705230713
3,288,4.590321063995361
3,289,4.697429180145264
3,290,4.529825687408447
3,291,4.645646095275879
3,292,4.429959297180176
3,293,5.016212463378906
3,294,4.765756130218506
3,295,4.807947158813477
3,296,4.853379249572754
3,297,4.7581400871276855
3,298,4.5571465492248535
3,299,4.254111289978027
3,300,3.9161128997802734
3,301,4.221638202667236
3,302,4.475586414337158
3,303,4.735455513000488
3,304,4.695402145385742
3,305,4.284325122833252
3,306,4.507124423980713
3,307,4.559420108795166
3,308,5.746136665344238
3,309,4.981604099273682
3,310,3.7940075397491455
3,311,4.508867263793945
3,312,4.3974480628967285
3,313,5.2830586433410645
3,314,3.898395538330078
3,315,4.691884994506836
3,316,4.829249858856201
3,317,4.868342399597168
3,318,3.849480628967285
3,319,4.53391170501709
3,320,4.792755603790283
3,321,4.188532829284668
3,322,4.358284950256348
3,323,4.726192474365234
3,324,4.68189001083374
3,325,3.955599546432495
3,326,4.683488368988037
3,327,4.62335205078125
3,328,4.784151077270508
3,329,4.4586687088012695
3,330,5.045536518096924
3,331,4.923216342926025
3,332,4.731172561645508
3,333,4.31189489364624
3,334,4.800384998321533
3,335,5.093235969543457
3,336,4.225059509277344
3,337,5.16157341003418
3,338,4.551833629608154
3,339,3.835036039352417
3,340,4.76064395904541
3,341,4.143108367919922
3,342,4.684238433837891
3,343,4.764937877655029
3,344,4.872931957244873
3,345,3.8749027252197266
3,346,4.605453968048096
3,347,4.6416335105896
3,348,4.163455963134766
3,349,3.9860055446624756
3,350,4.692753314971924
3,351,4.748978137969971
3,352,4.336451530456543
3,353,4.400117874145508
3,354,4.664510726928711
3,355,4.994426727294922
3,356,4.7564377784729
3,357,4.269227027893066
3,358,5.077296257019043
3,359,5.202414512634277
3,360,5.217422962188721
3,361,4.954160690307617
3,362,4.623750686645508
3,363,4.77809476852417
3,364,4.64484977722168
3,365,4.381864547729492
3,366,4.35267448425293
3,367,4.934828758239746
3,368,4.049238681793213
3,369,4.810980319976807
3,370,4.661340713500977
3,371,4.665996551513672
3,372,4.719388008117676
3,373,4.567011833190918
3,374,4.555529594421387
3,375,5.090690612792969
3,376,4.777328968048096
3,377,4.375420570373535
3,378,3.998751640319824
3,379,4.128905296325684
3,380,4.269330024719238
3,381,4.016633033752441
3,382,4.621888637542725
3,383,4.093276500701904
3,384,4.376935005187988
3,385,4.6145124435424805
3,386,4.685035705566406
3,387,4.007493495941162
3,388,4.029929161071777
3,389,5.116219997406006
3,390,4.518762111663818
3,391,3.769521951675415
3,392,4.388362407684326
3,393,4.488595485687256
3,394,3.8981165885925293
3,395,4.208859443664551
3,396,4.290637493133545
3,397,4.425090789794922
3,398,4.19077730178833
3,399,4.112833023071289
3,400,4.658551216125488
3,401,4.719287395477295
3,402,4.1467742919921875
3,403,4.43680477142334
3,404,4.519495487213135
3,405,3.8914408683776855
3,406,3.968553066253662
3,407,4.300923824310303
3,408,4.4705681800842285
3,409,4.456814765930176
3,410,4.488050937652588
3,411,3.633540630340576
3,412,5.109014511108398
3,413,3.6998226642608643
3,414,4.264909267425537
3,415,4.393703460693359
3,416,5.313285827636719
3,417,4.339581489562988
3,418,4.629749298095703
3,419,4.749279022216797
3,420,4.640653610229492
3,421,4.23857307434082
3,422,4.583683490753174
3,423,4.287235736846924
3,424,4.499527454376221
3,425,4.078672409057617
3,426,4.554989337921143
3,427,4.7358012199401855
3,428,4.555215835571289
3,429,4.76131534576416
3,430,4.082950592041016
3,431,4.01588773727417
3,432,3.9609928131103516
3,433,5.017836570739746
3,434,3.9439213275909424
3,435,4.053355693817139
3,436,4.125941276550293
3,437,3.8292880058288574
3,438,4.194684028625488
3,439,4.779938220977783
3,440,4.948174476623535
3,441,3.890791416168213
3,442,4.001328468322754
3,443,4.291282653808594
3,444,4.351479530334473
3,445,4.582663059234619
3,446,4.948783874511719
3,447,4.397495269775391
3,448,4.243672847747803
3,449,4.8491106033325195
3,450,4.307975769042969
3,451,4.981832504272461
3,452,3.991576671600342
3,453,4.016441822052002
3,454,4.27114200592041
3,455,4.578227519989014
3,456,4.422859191894531
3,457,4.243483066558838
3,458,4.9493818283081055
3,459,4.290839195251465
3,460,4.098085403442383
3,461,4.16105842590332
3,462,4.404580593109131
3,463,4.695790767669678
3,464,4.275314807891846
3,465,3.4192848205566406
3,466,4.19901180267334
3,467,4.8989715576171875
3,468,4.344357013702393
3,469,4.165966987609863
3,470,4.305349826812744
3,471,4.157357215881348
3,472,3.708385705947876
3,473,4.211264133453369
3,474,4.539776802062988
3,475,4.034428119659424
3,476,4.680330753326416
3,477,4.892581462860107
3,478,4.008617877960205
3,479,4.315732002258301
3,480,4.697195529937744
3,481,4.533578395843506
3,482,3.926833152770996
3,483,4.357414245605469
3,484,3.794569969177246
3,485,3.920820474624634
3,486,4.142113208770752
3,487,4.2105913162231445
3,488,3.9266397953033447
3,489,4.4152140617370605
3,490,4.00638484954834
3,491,3.498762607574463
3,492,3.8853557109832764
3,493,4.551821231842041
3,494,4.295893669128418
3,495,4.048516750335693
3,496,4.689550399780273
3,497,4.896539211273193
3,498,4.237489700317383
3,499,4.378015041351318
3,500,4.086628437042236
3,501,4.229852199554443
3,502,5.111013412475586
3,503,3.931135892868042
3,504,3.569493293762207
3,505,4.144466400146484
3,506,4.0875654220581055
3,507,4.764750957489014
3,508,4.766397476196289
3,509,3.648247718811035
3,510,4.797807693481445
3,511,3.814997434616089
3,512,3.8228769302368164
3,513,3.8374617099761963
3,514,4.1886305809021
3,515,4.5074052810668945
3,516,4.792464733123779
3,517,4.018956661224365
3,518,5.464107036590576
3,519,4.8868489265441895
3,520,5.046381950378418
3,521,4.638413429260254
3,522,4.02251672744751
3,523,4.159035682678223
3,524,4.2938456535339355
3,525,5.320228099822998
3,526,5.5486016273498535
3,527,4.335540771484375
3,528,4.588315963745117
3,529,3.7930214405059814
3,530,4.463720798492432
3,531,4.39506196975708
3,532,3.8391129970550537
3,533,4.419464588165283
3,534,4.598006248474121
3,535,4.445802688598633
3,536,4.30475378036499
3,537,5.195232391357422
3,538,4.333195686340332
3,539,3.6956796646118164
3,540,4.401588439941406
3,541,4.4860029220581055
3,542,5.000037670135498
3,543,3.8479318618774414
3,544,3.989147424697876
3,545,3.863211154937744
3,546,4.097902297973633
3,547,4.318936347961426
3,548,3.561068296432495
3,549,4.668458938598633
3,550,4.854135036468506
3,551,4.446187973022461
3,552,4.655598163604736
3,553,4.9408159255981445
3,554,3.6994118690490723
3,555,3.521785020828247
3,556,4.2681708335876465
3,557,4.199888229370117
3,558,4.618259429931641
3,559,4.009056091308594
3,560,4.163844585418701
3,561,4.508227348327637
3,562,4.065371036529541
3,563,4.367245197296143
3,564,4.480019569396973
3,565,4.129112720489502
3,566,4.930508613586426
3,567,4.706298828125
3,568,4.6045637130737305
3,569,4.75522518157959
3,570,3.661458730697632
3,571,4.7846174240112305
3,572,4.451395034790039
3,573,4.565725803375244
3,574,3.8041062355041504
3,575,3.880126953125
3,576,4.779572010040283
3,577,3.825817584991455
3,578,4.091255187988281
3,579,4.137319564819336
3,580,4.031431198120117
3,581,4.373729228973389
3,582,3.7022719383239746
3,583,3.7683141231536865
3,584,4.42246150970459
3,585,4.2347564697265625
3,586,3.9867939949035645
3,587,4.645616054534912
3,588,4.050264835357666
3,589,3.8334708213806152
3,590,4.606411933898926
3,591,3.5188093185424805
3,592,4.27092981338501
3,593,3.6124613285064697
3,594,4.603410720825195
3,595,4.700249195098877
3,596,4.319024085998535
3,597,4.460320949554443
3,598,4.223485946655273
3,599,4.080804824829102
3,600,3.304537534713745
3,601,4.644507884979248
3,602,3.552037000656128
3,603,4.431441307067871
3,604,4.054642200469971
3,605,4.103117942810059
3,606,4.404869079589844
3,607,4.953187465667725
3,608,4.272278308868408
3,609,3.7545251846313477
3,610,4.106297492980957
3,611,3.8281288146972656
3,612,4.7694268226623535
3,613,4.305481433868408
3,614,4.7717132568359375
3,615,3.9914777278900146
3,616,4.39727258682251
3,617,4.22727108001709
3,618,4.148512840270996
3,619,4.7182793617248535
3,620,4.132945537567139
3,621,3.928698778152466
3,622,4.191488742828369
3,623,3.93534517288208
3,624,4.04879093170166
3,625,3.8506577014923096
3,626,4.647463798522949
3,627,3.369368076324463
3,628,4.794733047485352
3,629,4.518666744232178
3,630,3.6127519607543945
3,631,4.380381107330322
3,632,3.5332226753234863
3,633,4.414095878601074
3,634,4.215916156768799
3,635,3.84451961517334
3,636,4.67747163772583
3,637,4.064879417419434
3,638,4.57871675491333
3,639,4.145346641540527
3,640,4.043183326721191
3,641,3.8459174633026123
3,642,4.310118198394775
3,643,4.103663921356201
3,644,4.49744176864624
3,645,4.047372341156006
3,646,4.045744895935059
3,647,4.18421745300293
3,648,3.6491570472717285
3,649,3.848428726196289
3,650,4.340530872344971
3,651,3.981005907058716
3,652,4.300720691680908
3,653,3.8840930461883545
3,654,4.459078788757324
3,655,3.813875436782837
3,656,3.7176740169525146
3,657,4.245765686035156
3,658,4.21319580078125
3,659,3.212613821029663
3,660,3.8029680252075195
3,661,4.059881210327148
3,662,5.054734230041504
3,663,3.894718885421753
3,664,3.429342031478882
3,665,3.7712905406951904
3,666,4.771826267242432
3,667,3.9828104972839355
3,668,3.8503804206848145
3,669,3.930887460708618
3,670,4.138157844543457
3,671,3.8219261169433594
3,672,4.146224021911621
3,673,3.8096961975097656
3,674,3.9579033851623535
3,675,4.958154201507568
3,676,3.961992025375366
3,677,3.3151206970214844
3,678,3.525930404663086
3,679,3.8290855884552
3,680,4.752123832702637
3,681,3.9367473125457764
3,682,3.7802681922912598
3,683,4.771554470062256
3,684,4.955647945404053
3,685,4.742138862609863
3,686,4.4229416847229
3,687,4.217372894287109
3,688,3.4837446212768555
3,689,3.925590991973877
3,690,4.4547553062438965
3,691,4.927596092224121
3,692,4.527608394622803
3,693,5.257348537445068
3,694,3.9147183895111084
3,695,4.013736724853516
3,696,3.4938080310821533
3,697,3.7516942024230957
3,698,3.45827317237854
3,699,4.3811259269714355
3,700,3.608586311340332
3,701,3.8400681018829346
3,702,4.443909645080566
3,703,4.682708740234375
3,704,4.250605583190918
3,705,4.170616626739502
3,706,4.4758100509643555
3,707,4.694821357727051
3,708,4.199685096740723
3,709,4.784192085266113
3,710,3.710880756378174
3,711,3.5301284790039062
3,712,4.481766223907471
3,713,4.163171768188477
3,714,3.8923544883728027
3,715,3.9798128604888916
3,716,4.243005752563477
3,717,4.149362564086914
3,718,3.8052191734313965
3,719,4.412990093231201
3,720,3.5366098880767822
3,721,4.226632595062256
3,722,3.8922252655029297
3,723,3.7765870094299316
3,724,4.396887302398682
3,725,3.8110101222991943
3,726,4.265193939208984
3,727,3.873495101928711
3,728,4.3660569190979
3,729,3.6567258834838867
3,730,3.58980131149292
3,731,3.8832035064697266
3,732,3.9441914558410645
3,733,3.0201826095581055
3,734,4.653217315673828
3,735,4.081857681274414
3,736,4.4017205238342285
3,737,4.265599727630615
3,738,3.1513075828552246
3,739,3.440707206726074
3,740,4.07282829284668
3,741,3.759503126144409
3,742,4.052584648132324
3,743,4.424352645874023
3,744,3.9150209426879883
3,745,3.9757814407348633
3,746,4.297197341918945
3,747,3.9777116775512695
3,748,4.8870015144348145
3,749,4.565240383148193
3,750,4.482506275177002
3,751,3.9557204246520996
3,752,4.241899013519287
3,753,3.573607921600342
3,754,3.6613330841064453
3,755,4.203247547149658
3,756,3.9242992401123047
3,757,3.5466487407684326
3,758,3.311004161834717
3,759,3.5354433059692383
3,760,4.5101118087768555
3,761,4.100881576538086
3,762,4.658374786376953
3,763,3.513134002685547
3,764,4.576633930206299
3,765,5.428956508636475
3,766,4.137965679168701
3,767,4.206956386566162
3,768,4.28354549407959
3,769,4.1292266845703125
3,770,3.726813793182373
3,771,4.155902862548828
3,772,4.33411169052124
3,773,4.517561912536621
3,774,3.674511194229126
3,775,4.463481426239014
3,776,4.607417583465576
3,777,4.36651086807251
3,778,4.583858489990234
3,779,4.6671977043151855
3,780,3.758702516555786
3,781,3.9668474197387695
3,782,3.619777202606201
3,783,4.463709354400635
3,784,4.52831506729126
3,785,3.9698331356048584
3,786,4.164990425109863
3,787,3.880070924758911
3,788,4.050970554351807
3,789,4.8059539794921875
3,790,4.039344310760498
3,791,4.0280351638793945
3,792,4.467887878417969
3,793,3.9055659770965576
3,794,3.651796340942383
3,795,3.7112934589385986
3,796,3.2966530323028564
3,797,3.893054723739624
3,798,3.429368257522583
3,799,4.380526542663574
3,800,4.367079734802246
3,801,4.172337532043457
3,802,4.189420223236084
3,803,3.584108352661133
3,804,4.7715020179748535
3,805,3.4523205757141113
3,806,4.12042236328125
3,807,4.187914848327637
3,808,3.620495080947876
3,809,4.5637102127075195
3,810,4.246311187744141
3,811,4.209650039672852
3,812,4.25206184387207
3,813,4.870751857757568
3,814,3.3648276329040527
3,815,4.353311538696289
3,816,4.0337982177734375
3,817,4.8062567710876465
3,818,3.420881509780884
3,819,4.510135650634766
3,820,4.03911018371582
3,821,4.608176231384277
3,822,4.256723880767822
3,823,4.336270809173584
3,824,3.39843487739563
3,825,3.1755590438842773
3,826,3.9041671752929688
3,827,4.304172515869141
3,828,4.929624557495117
3,829,3.843967914581299
3,830,3.707522392272949
4,0,3.5741171836853027
4,1,3.6335315704345703
4,2,3.894526481628418
4,3,4.461249351501465
4,4,4.6160149574279785
4,5,3.5424721240997314
4,6,3.475560188293457
4,7,3.904025077819824
4,8,3.733492851257324
4,9,3.8348548412323
4,10,4.829995632171631
4,11,4.204083442687988
4,12,4.748840808868408
4,13,3.405836582183838
4,14,4.323415756225586
4,15,4.250125885009766
4,16,4.558248996734619
4,17,4.5647101402282715
4,18,4.02761173248291
4,19,4.374875545501709
4,20,4.877884387969971
4,21,3.6076865196228027
4,22,4.298253059387207
4,23,3.9097673892974854
4,24,3.1389834880828857
4,25,4.229482650756836
4,26,3.8582816123962402
4,27,4.025345802307129
4,28,3.773716926574707
4,29,3.9295105934143066
4,30,3.8629510402679443
4,31,4.2349114418029785
4,32,4.320091724395752
4,33,3.1723222732543945
4,34,4.03546142578125
4,35,3.376558542251587
4,36,3.5215001106262207
4,37,5.021276473999023
4,38,4.040891170501709
4,39,4.6161088943481445
4,40,3.889094114303589
4,41,4.372857570648193
4,42,4.357948303222656
4,43,4.2333598136901855
4,44,4.5948100090026855
4,45,3.817356824874878
4,46,3.853019952774048
4,47,4.038666725158691
4,48,3.3148465156555176
4,49,3.9657628536224365
4,50,3.5132243633270264
4,51,3.5061004161834717
4,52,3.7797000408172607
4,53,4.314488410949707
4,54,3.667790651321411
4,55,4.763348579406738
4,56,4.317793846130371
4,57,3.9414782524108887
4,58,4.707183837890625
4,59,3.575192451477051
4,60,5.242403030395508
4,61,3.143401622772217
4,62,4.481752872467041
4,63,4.259172439575195
4,64,5.19403076171875
4,65,4.571473598480225
4,66,3.3322763442993164
4,67,5.271129608154297
4,68,4.950012683868408
4,69,3.655622959136963
4,70,3.770383834838867
4,71,4.8839030265808105
4,72,3.5709939002990723
4,73,4.290157794952393
4,74,3.8060965538024902
4,75,3.6929569244384766
4,76,4.77431058883667
4,77,4.159641265869141
4,78,4.056051731109619
4,79,3.215622901916504
4,80,4.357928276062012
4,81,3.642287015914917
4,82,4.476409435272217
4,83,3.6678411960601807
4,84,4.6039252281188965
4,85,4.307569980621338
4,86,4.330679416656494
4,87,4.22199821472168
4,88,3.968698501586914
4,89,3.82340145111084
4,90,4.142185211181641
4,91,3.41556453704834
4,92,3.6912589073181152
4,93,4.24152135848999
4,94,4.139841556549072
4,95,3.1407980918884277
4,96,4.695215225219727
4,97,3.5523247718811035
4,98,3.5072851181030273
4,99,4.133926868438721
4,100,4.068261623382568
4,101,3.8678598403930664
4,102,3.602620840072632
4,103,4.875248908996582
4,104,3.942624568939209
4,105,4.672285079956055
4,106,4.465306282043457
4,107,4.1500983238220215
4,108,4.200759410858154
4,109,3.4390649795532227
4,110,4.224796772003174
4,111,3.955061197280884
4,112,3.7742743492126465
4,113,3.550373077392578
4,114,4.464162826538086
4,115,3.94362735748291
4,116,3.7508387565612793
4,117,3.9937243461608887
4,118,4.052849769592285
4,119,3.6531615257263184
4,120,3.7718682289123535
4,121,4.902048110961914
4,122,3.8828067779541016
4,123,4.41251277923584
4,124,4.1887311935424805
4,125,4.33094596862793
4,126,3.932088851928711
4,127,3.402240037918091
4,128,4.097676753997803
4,129,4.16139030456543
4,130,3.460557222366333
4,131,3.4474575519561768
4,132,4.408723831176758
4,133,3.610966682434082
4,134,3.6715071201324463
4,135,3.921257257461548
4,136,3.7424845695495605
4,137,4.572573184967041
4,138,2.8656506538391113
4,139,3.5118398666381836
4,140,3.208263635635376
4,141,3.7437596321105957
4,142,3.929433822631836
4,143,4.048131465911865
4,144,3.469315528869629
4,145,3.1884775161743164
4,146,3.9362597465515137
4,147,4.022068500518799
4,148,4.710370063781738
4,149,3.4326155185699463
4,150,3.3225107192993164
4,151,3.881117582321167
4,152,3.8720993995666504
4,153,3.4956326484680176
4,154,4.040158748626709
4,155,3.696124792098999
4,156,4.775566577911377
4,157,3.3992462158203125
4,158,2.877182960510254
4,159,4.667411804199219
4,160,4.743661880493164
4,161,4.366187572479248
4,162,3.3721821308135986
4,163,3.9869515895843506
4,164,3.6684999465942383
4,165,3.529416561126709
4,166,3.8075904846191406
4,167,3.848803758621216
4,168,3.9733784198760986
4,169,3.2163238525390625
4,170,4.17001485824585
4,171,3.310853958129883
4,172,3.724947214126587
4,173,4.050415515899658
4,174,3.127669334411621
4,175,3.7207417488098145
4,176,3.362908363342285
4,177,3.848494291305542
4,178,4.165162086486816
4,179,4.103389739990234
4,180,4.00813627243042
4,181,3.72556471824646
4,182,4.958819389343262
4,183,3.9505386352539062
4,184,3.4947500228881836
4,185,4.221043109893799
4,186,3.3906047344207764
4,187,4.341744899749756
4,188,3.6706900596618652
4,189,3.3737735748291016
4,190,3.7671141624450684
4,191,3.563359260559082
4,192,3.737916946411133
4,193,4.116068363189697
4,194,4.6960039138793945
4,195,3.1853911876678467
4,196,3.6974244117736816
4,197,4.430971145629883
4,198,3.8165321350097656
4,199,3.802462339401245
4,200,4.004551410675049
4,201,3.4619712829589844
4,202,3.4386789798736572
4,203,4.171706199645996
4,204,3.5484135150909424
4,205,3.708937406539917
4,206,3.60097074508667
4,207,3.851180076599121
4,208,4.025837421417236
4,209,3.981640338897705
4,210,4.083544731140137
4,211,3.965315341949463
4,212,3.0406267642974854
4,213,4.340340614318848
4,214,3.329441547393799
4,215,4.255066394805908
4,216,4.669553756713867
4,217,3.0324490070343018
4,218,4.731264114379883
4,219,3.319892168045044
4,220,3.4479708671569824
4,221,3.8727450370788574
4,222,3.6668620109558105
4,223,3.5651297569274902
4,224,4.018406867980957
4,225,4.415953636169434
4,226,3.0143120288848877
4,227,3.730710983276367
4,228,4.0129499435424805
4,229,4.166221618652344
4,230,4.465400218963623
4,231,3.9623939990997314
4,232,4.218731880187988
4,233,5.3893327713012695
4,234,3.0848159790039062
4,235,3.3522489070892334
4,236,3.790238380432129
4,237,4.053236961364746
4,238,2.8169727325439453
4,239,4.003418922424316
4,240,3.8706698417663574
4,241,3.847743034362793
4,242,3.6595263481140137
4,243,4.019474983215332
4,244,3.9588775634765625
4,245,4.023374557495117
4,246,4.973038673400879
4,247,3.3539206981658936
4,248,3.861086845397949
4,249,3.4696342945098877
4,250,3.1280786991119385
4,251,3.825798749923706
4,252,4.079847812652588
4,253,3.3876500129699707
4,254,4.020020484924316
4,255,2.949110507965088
4,256,3.57757830619812
4,257,3.75459885597229
4,258,3.813599109649658
4,259,3.502034902572632
4,260,4.046032905578613
4,261,3.6521787643432617
4,262,3.5243616104125977
4,263,3.674060344696045
4,264,3.9677653312683105
4,265,4.387870788574219
4,266,3.856471538543701
4,267,4.115025520324707
4,268,3.8598146438598633
4,269,3.830958127975464
4,270,3.639498472213745
4,271,3.8715949058532715
4,272,3.4314098358154297
4,273,3.2508935928344727
4,274,3.459010124206543
4,275,3.2659850120544434
4,276,3.4800798892974854
4,277,4.040677547454834
4,278,3.4615979194641113
4,279,4.014863967895508
4,280,3.9477009773254395
4,281,3.230085849761963
4,282,3.5634353160858154
4,283,3.4083986282348633
4,284,4.0478105545043945
4,285,4.060029029846191
4,286,3.3317723274230957
4,287,3.448765277862549
4,288,3.5461666584014893
4,289,3.6923818588256836
4,290,4.328945636749268
4,291,4.397236347198486
4,292,4.980699062347412
4,293,4.327242851257324
4,294,4.244489669799805
4,295,3.679245948791504
4,296,4.649528503417969
4,297,3.466231107711792
4,298,3.83990478515625
4,299,3.796898126602173
4,300,4.101073265075684
4,301,4.087800979614258
4,302,2.9112374782562256
4,303,4.160806179046631
4,304,3.93906831741333
4,305,4.029788970947266
4,306,3.465421676635742
4,307,3.608816623687744
4,308,3.951718807220459
4,309,4.431089878082275
4,310,4.060744285583496
4,311,3.9956095218658447
4,312,4.099489688873291
4,313,3.121861219406128
4,314,3.951479434967041
4,315,3.69378924369812
4,316,3.9991297721862793
4,317,4.096120357513428
4,318,3.658867597579956
4,319,3.486936092376709
4,320,3.398418664932251
4,321,4.12187385559082
4,322,3.34385347366333
4,323,4.64945125579834
4,324,4.558642864227295
4,325,4.194506645202637
4,326,4.324267864227295
4,327,3.1662039756774902
4,328,3.603233814239502
4,329,3.378520965576172
4,330,3.6269795894622803
4,331,3.763702392578125
4,332,3.741023540496826
4,333,3.3568496704101562
4,334,4.331060409545898
4,335,4.270578861236572
4,336,3.6387720108032227
4,337,3.855445623397827
4,338,3.2763209342956543
4,339,4.465081214904785
4,340,4.012794494628906
4,341,3.794064521789551
4,342,3.34053373336792
4,343,3.885704755783081
4,344,3.1735658645629883
4,345,3.815106153488159
4,346,4.212871074676514
4,347,3.322510004043579
4,348,3.859689235687256
4,349,3.7303102016448975
4,350,3.8493857383728027
4,351,3.468587875366211
4,352,3.891223907470703
4,353,3.7419955730438232
4,354,3.461352825164795
4,355,3.7548530101776123
4,356,3.369781017303467
4,357,3.283332347869873
4,358,3.9959518909454346
4,359,4.0541205406188965
4,360,3.641864061355591
4,361,4.1085124015808105
4,362,3.791930675506592
4,363,3.721677780151367
4,364,3.968360185623169
4,365,3.733036756515503
4,366,3.8237946033477783
4,367,3.6970529556274414
4,368,3.1576876640319824
4,369,3.9624552726745605
4,370,3.830631732940674
4,371,3.9389028549194336
4,372,2.9943037033081055
4,373,4.2568359375
4,374,3.4650304317474365
4,375,3.1405391693115234
4,376,4.002252578735352
4,377,3.4895482063293457
4,378,4.333928108215332
4,379,3.1995911598205566
4,380,3.7927231788635254
4,381,3.2373337745666504
4,382,3.5391836166381836
4,383,3.613516330718994
4,384,3.4931421279907227
4,385,3.2196574211120605
4,386,3.468594551086426
4,387,3.1466736793518066
4,388,3.350464105606079
4,389,3.460031509399414
4,390,3.3599624633789062
4,391,2.785912275314331
4,392,3.9114651679992676
4,393,4.3353071212768555
4,394,3.3071157932281494
4,395,2.9963090419769287
4,396,4.47664213180542
4,397,3.509519338607788
4,398,3.1163101196289062
4,399,3.0071425437927246
4,400,4.5907673835754395
4,401,3.017345905303955
4,402,3.619769811630249
4,403,3.8643975257873535
4,404,4.008230686187744
4,405,3.189622640609741
4,406,3.6803531646728516
4,407,4.31411600112915
4,408,4.259042739868164
4,409,3.957170009613037
4,410,3.1667072772979736
4,411,4.083977699279785
4,412,3.4695706367492676
4,413,2.5495991706848145
4,414,3.4867632389068604
4,415,3.80208158493042
4,416,3.7530903816223145
4,417,3.352710723876953
4,418,4.026285648345947
4,419,2.7857978343963623
4,420,3.3193514347076416
4,421,4.029056549072266
4,422,3.9113872051239014
4,423,3.887850046157837
4,424,4.105532169342041
4,425,3.832913875579834
4,426,4.3599653244018555
4,427,3.5519871711730957
4,428,3.9993479251861572
4,429,3.1675548553466797
4,430,4.00356388092041
4,431,3.6383872032165527
4,432,3.595376968383789
4,433,3.431210994720459
4,434,3.547858953475952
4,435,3.373429775238037
4,436,3.2764577865600586
4,437,3.8825252056121826
4,438,3.389918804168701
4,439,3.3229141235351562
4,440,5.007981777191162
4,441,4.165347576141357
4,442,3.544370651245117
4,443,3.405802011489868
4,444,3.5421953201293945
4,445,3.6912426948547363
4,446,3.864973545074463
4,447,4.165875434875488
4,448,3.3394274711608887
4,449,4.309630393981934
4,450,2.8966798782348633
4,451,4.279841423034668
4,452,3.5777244567871094
4,453,4.636946678161621
4,454,4.2223968505859375
4,455,3.796316385269165
4,456,3.5851118564605713
4,457,3.4576704502105713
4,458,4.169114112854004
4,459,3.5224132537841797
4,460,2.9672486782073975
4,461,3.796999931335449
4,462,3.447528839111328
4,463,3.0371339321136475
4,464,3.493845224380493
4,465,3.0643868446350098
4,466,4.226533889770508
4,467,4.085482120513916
4,468,3.4169843196868896
4,469,3.744478702545166
4,470,3.590888738632202
4,471,3.801445484161377
4,472,3.452225923538208
4,473,4.251987934112549
4,474,3.586172342300415
4,475,3.393852949142456
4,476,3.146716833114624
4,477,3.001439094543457
4,478,3.165227174758911
4,479,3.078984498977661
4,480,3.0007853507995605
4,481,3.4984962940216064
4,482,3.3683435916900635
4,483,3.6557955741882324
4,484,4.531759262084961
4,485,3.3823161125183105
4,486,4.0267815589904785
4,487,3.125481605529785
4,488,5.076965808868408
4,489,3.522043228149414
4,490,3.359046697616577
4,491,4.524953842163086
4,492,3.4874277114868164
4,493,3.5385427474975586
4,494,2.7922778129577637
4,495,2.570037841796875
4,496,3.442732810974121
4,497,3.9569928646087646
4,498,3.811338424682617
4,499,3.544299364089966
4,500,4.139568328857422
4,501,2.9459633827209473
4,502,3.9580156803131104
4,503,3.545619487762451
4,504,3.433082103729248
4,505,4.039637088775635
4,506,3.917802333831787
4,507,3.61879825592041
4,508,3.6912875175476074
4,509,4.172767639160156
4,510,4.844188690185547
4,511,4.099565505981445
4,512,3.021848678588867
4,513,4.215580463409424
4,514,3.770827531814575
4,515,3.58410382270813
4,516,4.069949626922607
4,517,3.6203906536102295
4,518,3.7168068885803223
4,519,3.330103874206543
4,520,3.949169874191284
4,521,4.022616386413574
4,522,3.29746150970459
4,523,3.0753493309020996
4,524,3.0403995513916016
4,525,3.5164432525634766
4,526,3.6606435775756836
4,527,4.442734241485596
4,528,3.334088087081909
4,529,3.3306658267974854
4,530,3.9541563987731934
4,531,3.19773530960083
4,532,3.8169822692871094
4,533,3.673089027404785
4,534,2.6601717472076416
4,535,4.119712829589844
4,536,3.510331392288208
4,537,3.2976059913635254
4,538,3.4821343421936035
4,539,4.321577072143555
4,540,3.4583446979522705
4,541,3.261988639831543
4,542,3.011523962020874
4,543,4.038453102111816
4,544,4.421429634094238
4,545,3.094316005706787
4,546,3.499736785888672
4,547,3.6081502437591553
4,548,3.6928610801696777
4,549,3.5768864154815674
4,550,3.701590061187744
4,551,3.6701548099517822
4,552,3.145169258117676
4,553,3.936570167541504
4,554,3.651731491088867
4,555,4.006755352020264
4,556,3.694192409515381
4,557,3.551922559738159
4,558,3.5575528144836426
4,559,3.748263359069824
4,560,3.8808932304382324
4,561,3.632896900177002
4,562,3.952014446258545
4,563,3.6976699829101562
4,564,3.5056114196777344
4,565,3.598914861679077
4,566,3.6377742290496826
4,567,3.286017417907715
4,568,3.583116054534912
4,569,3.754685640335083
4,570,3.840048313140869
4,571,4.790001392364502
4,572,2.9702296257019043
4,573,3.570265054702759
4,574,4.272433757781982
4,575,3.3695878982543945
4,576,3.4441802501678467
4,577,3.1428935527801514
4,578,3.3570704460144043
4,579,3.2069125175476074
4,580,3.439073085784912
4,581,3.7903223037719727
4,582,4.160371780395508
4,583,3.340735673904419
4,584,4.011902332305908
4,585,3.3564231395721436
4,586,3.762063503265381
4,587,3.5489869117736816
4,588,3.1851067543029785
4,589,2.8009374141693115
4,590,4.17907190322876
4,591,3.6370811462402344
4,592,4.606146812438965
4,593,4.0806074142456055
4,594,3.501549243927002
4,595,3.052483558654785
4,596,3.2065422534942627
4,597,3.144585132598877
4,598,4.184653282165527
4,599,4.302835464477539
4,600,3.6261026859283447
4,601,2.350766181945801
4,602,2.862417697906494
4,603,3.1406736373901367
4,604,4.4625983238220215
4,605,2.8277275562286377
4,606,4.285134792327881
4,607,3.319620132446289
4,608,3.1331117153167725
4,609,3.6705868244171143
4,610,3.512129783630371
4,611,2.885948657989502
4,612,3.275129556655884
4,613,3.5125582218170166
4,614,3.525641679763794
4,615,4.181299209594727
4,616,3.390251636505127
4,617,4.586612224578857
4,618,3.1055779457092285
4,619,3.7579126358032227
4,620,4.15682315826416
4,621,3.4067063331604004
4,622,3.6184167861938477
4,623,3.6761856079101562
4,624,3.4255497455596924
4,625,4.0180206298828125
4,626,4.421753406524658
4,627,2.6858327388763428
4,628,3.828828811645508
4,629,3.80344820022583
4,630,4.273124694824219
4,631,2.476775646209717
4,632,3.6873631477355957
4,633,4.170079708099365
4,634,3.7770836353302
4,635,3.575258255004883
4,636,3.892873764038086
4,637,3.2529807090759277
4,638,3.6362485885620117
4,639,2.894716739654541
4,640,3.0886857509613037
4,641,2.517578125
4,642,3.5734810829162598
4,643,3.0377795696258545
4,644,2.9450902938842773
4,645,3.699723243713379
4,646,3.257876396179199
4,647,3.9962921142578125
4,648,3.5053493976593018
4,649,3.0668540000915527
4,650,2.6801211833953857
4,651,2.81020450592041
4,652,3.255352735519409
4,653,3.1278200149536133
4,654,4.265392303466797
4,655,3.3978400230407715
4,656,4.784467697143555
4,657,3.410940647125244
4,658,3.3169002532958984
4,659,2.836111545562744
4,660,4.137967109680176
4,661,3.016512155532837
4,662,3.2940714359283447
4,663,3.7573440074920654
4,664,3.4819297790527344
4,665,3.099668502807617
4,666,3.2972326278686523
4,667,3.553727149963379
4,668,5.1620283126831055
4,669,3.690174102783203
4,670,3.925589084625244
4,671,3.6072850227355957
4,672,4.089509010314941
4,673,4.300788402557373
4,674,3.8777360916137695
4,675,3.7431960105895996
4,676,2.31359601020813
4,677,2.96673321723938
4,678,3.3756301403045654
4,679,3.5932962894439697
4,680,3.96640944480896
4,681,2.3705883026123047
4,682,3.570136547088623
4,683,3.4665684700012207
4,684,3.470336437225342
4,685,4.545599460601807
4,686,3.3457770347595215
4,687,3.5066111087799072
4,688,3.3298239707946777
4,689,3.5891647338867188
4,690,2.870295286178589
4,691,3.840071201324463
4,692,3.833897113800049
4,693,4.17214298248291
4,694,3.6377029418945312
4,695,3.9594955444335938
4,696,4.169051647186279
4,697,3.8829236030578613
4,698,3.3391408920288086
4,699,3.320894241333008
4,700,3.7591052055358887
4,701,4.315661907196045
4,702,4.027045249938965
4,703,2.771766424179077
4,704,2.7558789253234863
4,705,2.851569652557373
4,706,4.2133941650390625
4,707,3.699859142303467
4,708,3.547748327255249
4,709,3.876051664352417
4,710,3.8932785987854004
4,711,3.630743980407715
4,712,2.867701768875122
4,713,3.524343252182007
4,714,3.4821386337280273
4,715,4.0101118087768555
4,716,4.560716152191162
4,717,4.070878505706787
4,718,3.3948516845703125
4,719,3.672971248626709
4,720,4.41218900680542
4,721,3.4759554862976074
4,722,3.4568092823028564
4,723,2.58767032623291
4,724,3.0199673175811768
4,725,3.5494353771209717
4,726,3.4070229530334473
4,727,3.390784978866577
4,728,3.5475664138793945
4,729,3.1504948139190674
4,730,3.974809408187866
4,731,3.427884817123413
4,732,3.107156753540039
4,733,4.039599895477295
4,734,2.6536436080932617
4,735,2.570626974105835
4,736,3.3658227920532227
4,737,3.051412582397461
4,738,3.434678316116333
4,739,4.4373273849487305
4,740,4.281965732574463
4,741,4.17695426940918
4,742,3.462078094482422
4,743,3.1924362182617188
4,744,3.1886253356933594
4,745,3.9954586029052734
4,746,3.6837716102600098
4,747,2.9403462409973145
4,748,3.663609504699707
4,749,2.98176646232605
4,750,3.343458890914917
4,751,3.610612392425537
4,752,3.405177116394043
4,753,2.9697115421295166
4,754,2.8902292251586914
4,755,3.437361240386963
4,756,4.68829870223999
4,757,3.4616236686706543
4,758,4.083970069885254
4,759,3.0256991386413574
4,760,2.7560019493103027
4,761,3.010222911834717
4,762,3.227043628692627
4,763,3.602630376815796
4,764,2.9136219024658203
4,765,3.3832826614379883
4,766,3.515920877456665
4,767,4.01280403137207
4,768,2.990900993347168
4,769,2.860841751098633
4,770,3.3014416694641113
4,771,3.3400392532348633
4,772,4.718100070953369
4,773,3.6767213344573975
4,774,3.2336390018463135
4,775,3.193133592605591
4,776,3.2385616302490234
4,777,2.913334369659424
4,778,3.249708890914917
4,779,3.374159812927246
4,780,3.768669366836548
4,781,3.8331334590911865
4,782,2.8883867263793945
4,783,3.491360664367676
4,784,3.4095582962036133
4,785,2.9299962520599365
4,786,3.4397974014282227
4,787,3.584437370300293
4,788,3.8703508377075195
4,789,3.5289745330810547
4,790,4.5327959060668945
4,791,3.680874824523926
4,792,2.984555721282959
4,793,3.003357172012329
4,794,2.912304401397705
4,795,2.9644274711608887
4,796,3.103672504425049
4,797,3.4095592498779297
4,798,3.4678843021392822
4,799,2.9860281944274902
4,800,3.647049903869629
4,801,3.27113938331604
4,802,3.726724624633789
4,803,3.6442883014678955
4,804,3.898538589477539
4,805,3.693084716796875
4,806,3.5054244995117188
4,807,3.0052309036254883
4,808,3.2760934829711914
4,809,3.3796916007995605
4,810,2.808436155319214
4,811,4.171745300292969
4,812,2.834277868270874
4,813,2.9978880882263184
4,814,2.980738401412964
4,815,3.57270884513855
4,816,4.234437942504883
4,817,3.9797685146331787
4,818,3.6364829540252686
4,819,3.9013872146606445
4,820,3.7477939128875732
4,821,4.299837589263916
4,822,3.398451805114746
4,823,3.401320457458496
4,824,2.7813730239868164
4,825,4.377311706542969
4,826,3.850238084793091
4,827,3.0657458305358887
4,828,3.499277114868164
4,829,3.87339186668396
4,830,3.732349395751953
5,0,3.6670384407043457
5,1,3.3223676681518555
5,2,3.6042232513427734
5,3,3.3823249340057373
5,4,3.777681589126587
5,5,3.7538962364196777
5,6,3.8057570457458496
5,7,4.512937068939209
5,8,2.977825880050659
5,9,3.435603618621826
5,10,3.606448173522949
5,11,3.3426320552825928
5,12,2.7955753803253174
5,13,3.970369338989258
5,14,3.003582000732422
5,15,2.8507657051086426
5,16,4.082515716552734
5,17,4.255632400512695
5,18,2.9957151412963867
5,19,3.786836862564087
5,20,2.9593729972839355
5,21,3.9929850101470947
5,22,3.7558236122131348
5,23,3.7554798126220703
5,24,4.301053047180176
5,25,4.284829139709473
5,26,2.322357654571533
5,27,3.17854642868042
5,28,3.4864258766174316
5,29,3.5257363319396973
5,30,4.169106483459473
5,31,2.91405987739563
5,32,4.149477958679199
5,33,3.3424360752105713
5,34,3.623167037963867
5,35,3.394347667694092
5,36,4.336585521697998
5,37,3.8864097595214844
5,38,3.5066983699798584
5,39,3.49234676361084
5,40,2.6069374084472656
5,41,4.10666036605835
5,42,3.7897143363952637
5,43,2.6986889839172363
5,44,3.3982582092285156
5,45,3.745828151702881
5,46,3.0850791931152344
5,47,4.081008434295654
5,48,2.848154067993164
5,49,3.587427854537964
5,50,2.7853758335113525
5,51,2.5856680870056152
5,52,2.811704397201538
5,53,3.079699993133545
5,54,4.49953556060791
5,55,3.276609182357788
5,56,4.049304485321045
5,57,2.706613302230835
5,58,3.38961124420166
5,59,3.274930953979492
5,60,4.159276485443115
5,61,2.9076550006866455
5,62,3.510470390319824
5,63,3.83646297454834
5,64,3.9310271739959717
5,65,3.9761569499969482
5,66,3.684382200241089
5,67,3.2407033443450928
5,68,3.5502498149871826
5,69,4.1938629150390625
5,70,3.314694881439209
5,71,4.41232967376709
5,72,3.4221911430358887
5,73,3.1466331481933594
5,74,3.210794448852539
5,75,3.762972831726074
5,76,4.422536373138428
5,77,2.906702995300293
5,78,3.1073050498962402
5,79,3.811800956726074
5,80,3.770275592803955
5,81,3.4357104301452637
5,82,2.577009677886963
5,83,2.83050537109375
5,84,3.109166383743286
5,85,3.686147689819336
5,86,3.4697415828704834
5,87,3.4425742626190186
5,88,4.030481815338135
5,89,3.9549052715301514
5,90,3.1583824157714844
5,91,3.5217714309692383
5,92,2.8708293437957764
5,93,3.210176944732666
5,94,3.3348512649536133
5,95,3.671504497528076
5,96,3.5881338119506836
5,97,3.346497058868408
5,98,2.7212514877319336
5,99,3.935940980911255
5,100,3.4246299266815186
5,101,3.1866822242736816
5,102,3.4541823863983154
5,103,4.089850425720215
5,104,2.630492687225342
5,105,3.320085048675537
5,106,3.3598759174346924
5,107,3.142624855041504
5,108,4.012920379638672
5,109,2.9121174812316895
5,110,2.8172712326049805
5,111,2.6782267093658447
5,112,2.7937755584716797
5,113,3.118908643722534
5,114,3.546682596206665
5,115,2.977992296218872
5,116,4.649465084075928
5,117,3.300502061843872
5,118,3.768709421157837
5,119,2.8982019424438477
5,120,3.491736888885498
5,121,4.599120140075684
5,122,2.57224702835083
5,123,3.743007183074951
5,124,3.2036640644073486
5,125,3.4776785373687744
5,126,2.686859130859375
5,127,3.182058572769165
5,128,4.126400947570801
5,129,3.227689743041992
5,130,3.0728609561920166
5,131,3.2272379398345947
5,132,3.118431568145752
5,133,3.1290769577026367
5,134,3.175042152404785
5,135,3.0663976669311523
5,136,3.468632459640503
5,137,3.905128002166748
5,138,3.3450098037719727
5,139,2.93114972114563
5,140,4.408124923706055
5,141,4.207887649536133
5,142,4.319154739379883
5,143,3.9015841484069824
5,144,4.098335266113281
5,145,2.95097017288208
5,146,3.422300338745117
5,147,3.3207173347473145
5,148,3.490291118621826
5,149,3.6991019248962402
5,150,4.221590042114258
5,151,4.8455963134765625
5,152,4.139197826385498
5,153,3.5015809535980225
5,154,2.702040672302246
5,155,3.79117751121521
5,156,4.247213840484619
5,157,3.2998411655426025
5,158,3.4525485038757324
5,159,3.9221367835998535
5,160,3.16675066947937
5,161,3.7711310386657715
5,162,3.0987210273742676
5,163,2.9128341674804688
5,164,3.5981528759002686
5,165,3.229370355606079
5,166,2.72163724899292
5,167,3.7089614868164062
5,168,3.6683013439178467
5,169,3.1577820777893066
5,170,4.059048652648926
5,171,3.808737277984619
5,172,3.313201904296875
5,173,3.8513376712799072
5,174,2.827066421508789
5,175,3.4677159786224365
5,176,3.0528976917266846
5,177,3.280643939971924
5,178,3.337036609649658
5,179,3.4448699951171875
5,180,3.1080455780029297
5,181,3.488698959350586
5,182,3.486171245574951
5,183,3.8696694374084473
5,184,3.3625504970550537
5,185,3.7500200271606445
5,186,3.9560062885284424
5,187,3.547527551651001
5,188,2.482729434967041
5,189,2.953749179840088
5,190,4.056276798248291
5,191,2.7375662326812744
5,192,3.7014212608337402
5,193,4.054073333740234
5,194,3.98114013671875
5,195,3.683126211166382
5,196,3.1992862224578857
5,197,3.819911479949951
5,198,2.573171615600586
5,199,4.219455718994141
5,200,3.408125400543213
5,201,3.119593858718872
5,202,3.0551812648773193
5,203,2.8281760215759277
5,204,3.119260311126709
5,205,3.164156198501587
5,206,4.135502338409424
5,207,3.0669655799865723
5,208,3.5259335041046143
5,209,3.434504270553589
5,210,3.327181339263916
5,211,2.9310102462768555
5,212,3.9221982955932617
5,213,4.013209342956543
5,214,3.50531268119812
5,215,4.540006637573242
5,216,3.4885637760162354
5,217,4.318882942199707
5,218,3.1556954383850098
5,219,2.9798355102539062
5,220,3.276310920715332
5,221,3.6812686920166016
5,222,2.8424980640411377
5,223,4.133014678955078
5,224,3.350996732711792
5,225,3.137665271759033
5,226,3.430570125579834
5,227,3.141075611114502
5,228,3.5625452995300293
5,229,3.074195623397827
5,230,3.1511783599853516
5,231,3.3610172271728516
5,232,4.123019218444824
5,233,3.4761228561401367
5,234,2.682103157043457
5,235,3.6779098510742188
5,236,3.894002914428711
5,237,3.5531275272369385
5,238,3.169689655303955
5,239,3.4746787548065186
5,240,2.989372491836548
5,241,3.6808838844299316
5,242,3.9877591133117676
5,243,3.263611316680908
5,244,2.983508586883545
5,245,4.0272345542907715
5,246,3.3373663425445557
5,247,2.964104175567627
5,248,3.2197587490081787
5,249,2.853684425354004
5,250,2.5282909870147705
5,251,2.356700897216797
5,252,3.3477749824523926
5,253,2.8898777961730957
5,254,2.4985551834106445
5,255,2.4974122047424316
5,256,3.079720973968506
5,257,3.45963716506958
5,258,3.0359854698181152
5,259,3.6125457286834717
5,260,2.7864670753479004
5,261,3.4296469688415527
5,262,3.7757315635681152
5,263,3.1157727241516113
5,264,2.5126357078552246
5,265,3.884798049926758
5,266,2.2310261726379395
5,267,3.109370231628418
5,268,2.39524507522583
5,269,2.124932289123535
5,270,2.9981491565704346
5,271,3.6964797973632812
5,272,3.266615152359009
5,273,4.161162376403809
5,274,4.3552045822143555
5,275,3.455549955368042
5,276,3.577421188354492
5,277,4.137959957122803
5,278,3.336386203765869
5,279,3.4921014308929443
5,280,3.220456600189209
5,281,3.0675973892211914
5,282,3.608588933944702
5,283,3.634232521057129
5,284,2.780318021774292
5,285,3.0851898193359375
5,286,3.546215057373047
5,287,4.3837504386901855
5,288,3.9716053009033203
5,289,2.8887217044830322
5,290,3.3647313117980957
5,291,2.5750863552093506
5,292,3.488685131072998
5,293,3.2693939208984375
5,294,3.0598301887512207
5,295,3.70011043548584
5,296,3.6172618865966797
5,297,3.4686832427978516
5,298,3.435662269592285
5,299,3.2370715141296387
5,300,3.8558313846588135
5,301,4.533240795135498
5,302,3.280677556991577
5,303,3.536954641342163
5,304,3.2246711254119873
5,305,3.2370808124542236
5,306,3.6777443885803223
5,307,2.5334558486938477
5,308,3.419323205947876
5,309,3.271913528442383
5,310,3.3090336322784424
5,311,3.5747859477996826
5,312,2.9678149223327637
5,313,3.6793150901794434
5,314,3.978024482727051
5,315,3.4475793838500977
5,316,3.0824761390686035
5,317,3.0640645027160645
5,318,3.0497519969940186
5,319,3.8875439167022705
5,320,3.431340217590332
5,321,3.233077049255371
5,322,2.7013039588928223
5,323,2.7036819458007812
5,324,3.4772706031799316
5,325,2.6364212036132812
5,326,3.6930646896362305
5,327,3.538780689239502
5,328,3.468402147293091
5,329,3.549581527709961
5,330,2.867044448852539
5,331,3.1689400672912598
5,332,3.5640692710876465
5,333,3.3359475135803223
5,334,2.8955531120300293
5,335,3.0037992000579834
5,336,2.842578649520874
5,337,3.5969059467315674
5,338,3.636211395263672
5,339,3.3157472610473633
5,340,3.5190742015838623
5,341,3.2499852180480957
5,342,3.101463556289673
5,343,3.508944034576416
5,344,4.024226188659668
5,345,2.9812562465667725
5,346,3.715970993041992
5,347,2.989823341369629
5,348,3.800987958908081
5,349,3.9178600311279297
5,350,3.658210515975952
5,351,2.9483869075775146
5,352,2.7838735580444336
5,353,2.74651837348938
5,354,3.0130159854888916
5,355,3.13163423538208
5,356,2.0907442569732666
5,357,3.472083806991577
5,358,3.1221227645874023
5,359,3.48195219039917
5,360,3.0521483421325684
5,361,2.3890154361724854
5,362,3.5548667907714844
5,363,3.347914218902588
5,364,3.34329891204834
5,365,2.815967082977295
5,366,3.4842050075531006
5,367,3.37593674659729
5,368,3.399698257446289
5,369,3.4588747024536133
5,370,3.9816951751708984
5,371,2.6017212867736816
5,372,3.6534276008605957
5,373,3.450859546661377
5,374,3.5936977863311768
5,375,2.726137638092041
5,376,2.4412481784820557
5,377,2.4880120754241943
5,378,2.6106743812561035
5,379,3.3505823612213135
5,380,3.448391914367676
5,381,3.532184600830078
5,382,2.7747106552124023
5,383,2.3557815551757812
5,384,3.011660099029541
5,385,2.9407901763916016
5,386,2.9136385917663574
5,387,3.395169734954834
5,388,3.723629951477051
5,389,4.991541385650635
5,390,3.048318386077881
5,391,2.9820878505706787
5,392,3.35211443901062
5,393,2.5147039890289307
5,394,2.9713778495788574
5,395,3.456580638885498
5,396,3.3884353637695312
5,397,4.536754131317139
5,398,3.276216983795166
5,399,2.941319704055786
5,400,3.4684157371520996
5,401,3.6529736518859863
5,402,3.2405123710632324
5,403,3.6171987056732178
5,404,3.332160472869873
5,405,3.2436840534210205
5,406,3.1769723892211914
5,407,3.5511608123779297
5,408,2.9014859199523926
5,409,3.872734785079956
5,410,2.7384252548217773
5,411,4.138450622558594
5,412,2.758023500442505
5,413,2.6795237064361572
5,414,2.9391019344329834
5,415,3.6178503036499023
5,416,3.7920334339141846
5,417,2.928274631500244
5,418,2.7730016708374023
5,419,3.443732500076294
5,420,2.9501571655273438
5,421,3.7968759536743164
5,422,3.175462484359741
5,423,2.8605732917785645
5,424,4.752608299255371
5,425,3.0698935985565186
5,426,3.210010051727295
5,427,3.910750389099121
5,428,2.418321132659912
5,429,4.34519100189209
5,430,4.522542953491211
5,431,3.746962070465088
5,432,3.9860875606536865
5,433,3.131211757659912
5,434,2.2859115600585938
5,435,3.716031789779663
5,436,3.46077299118042
5,437,3.144014835357666
5,438,3.2063217163085938
5,439,3.86445951461792
5,440,3.2107207775115967
5,441,2.6033332347869873
5,442,3.205832004547119
5,443,2.704303026199341
5,444,2.4494776725769043
5,445,3.1852307319641113
5,446,3.499706268310547
5,447,3.0004849433898926
5,448,3.2591769695281982
5,449,3.6951911449432373
5,450,3.3137166500091553
5,451,3.021596908569336
5,452,3.0062131881713867
5,453,3.3900341987609863
5,454,2.908867359161377
5,455,3.0173726081848145
5,456,3.2339425086975098
5,457,2.325688123703003
5,458,2.9396326541900635
5,459,4.936236381530762
5,460,3.5342228412628174
5,461,3.776671886444092
5,462,4.034739017486572
5,463,3.5225889682769775
5,464,2.859707832336426
5,465,3.6021974086761475
5,466,4.16666841506958
5,467,3.0737829208374023
5,468,3.7421302795410156
5,469,2.9936015605926514
5,470,2.9403417110443115
5,471,3.6934561729431152
5,472,2.665503978729248
5,473,3.1805367469787598
5,474,2.4534707069396973
5,475,2.820843458175659
5,476,3.4775943756103516
5,477,2.497711658477783
5,478,3.3638756275177
5,479,3.067351818084717
5,480,2.866826295852661
5,481,4.392330646514893
5,482,3.3194127082824707
5,483,2.6904311180114746
5,484,2.844290256500244
5,485,3.8977465629577637
5,486,2.8770506381988525
5,487,3.1478819847106934
5,488,2.8363394737243652
5,489,3.28228497505188
5,490,3.547145128250122
5,491,3.3197929859161377
5,492,3.9122769832611084
5,493,3.901806354522705
5,494,2.8204615116119385
5,495,2.682555675506592
5,496,2.7061104774475098
5,497,3.9930427074432373
5,498,2.5640923976898193
5,499,3.288477897644043
5,500,2.909580707550049
5,501,4.081157207489014
5,502,2.7045538425445557
5,503,2.6833529472351074
5,504,2.643522262573242
5,505,3.2376742362976074
5,506,3.471587657928467
5,507,2.675497055053711
5,508,2.4661052227020264
5,509,2.809295177459717
5,510,2.6380250453948975
5,511,2.6874356269836426
5,512,3.9783525466918945
5,513,2.9616990089416504
5,514,2.5041441917419434
5,515,3.0794923305511475
5,516,2.6035447120666504
5,517,3.811918258666992
5,518,3.5965168476104736
5,519,2.6034469604492188
5,520,3.3273839950561523
5,521,2.7521166801452637
5,522,4.132709503173828
5,523,2.412198066711426
5,524,3.0355892181396484
5,525,2.7259340286254883
5,526,2.6535704135894775
5,527,4.232551574707031
5,528,2.8155717849731445
5,529,2.492276430130005
5,530,3.783953905105591
5,531,3.2296128273010254
5,532,2.880488395690918
5,533,3.665750026702881
5,534,2.8446593284606934
5,535,3.512845516204834
5,536,2.8096656799316406
5,537,3.8864450454711914
5,538,3.8115100860595703
5,539,3.428570508956909
5,540,4.3087358474731445
5,541,3.598416328430176
5,542,3.218494415283203
5,543,2.7315921783447266
5,544,3.8018736839294434
5,545,2.6338424682617188
5,546,2.76991605758667
5,547,2.707005500793457
5,548,4.0572004318237305
5,549,2.93220853805542
5,550,3.0857338905334473
5,551,3.2935667037963867
5,552,3.4236621856689453
5,553,3.366410732269287
5,554,2.783177614212036
5,555,3.5684731006622314
5,556,3.5358784198760986
5,557,3.124790668487549
5,558,3.1482410430908203
5,559,3.2406740188598633
5,560,2.285696268081665
5,561,2.819653272628784
5,562,3.292273998260498
5,563,3.6731741428375244
5,564,4.082655429840088
5,565,3.596548557281494
5,566,3.736504316329956
5,567,3.2588465213775635
5,568,3.436927556991577
5,569,4.3682026863098145
5,570,2.996232748031616
5,571,2.143162965774536
5,572,3.1486566066741943
5,573,2.740508794784546
5,574,2.6534035205841064
5,575,3.0929746627807617
5,576,3.645416736602783
5,577,3.846423625946045
5,578,2.7234511375427246
5,579,3.7403290271759033
5,580,3.354884624481201
5,581,2.3457250595092773
5,582,3.413911819458008
5,583,4.217438697814941
5,584,3.2656426429748535
5,585,2.8970911502838135
5,586,2.925116539001465
5,587,3.173089027404785
5,588,3.7498457431793213
5,589,3.785332441329956
5,590,3.1618692874908447
5,591,2.8088316917419434
5,592,2.8953380584716797
5,593,3.2067251205444336
5,594,3.6356072425842285
5,595,2.522463798522949
5,596,3.4199416637420654
5,597,4.093040466308594
5,598,3.2117388248443604
5,599,2.8392646312713623
5,600,3.4007492065429688
5,601,3.407925844192505
5,602,3.2333176136016846
5,603,3.095069169998169
5,604,2.930006504058838
5,605,3.400012969970703
5,606,3.8917489051818848
5,607,3.2984843254089355
5,608,3.3829469680786133
5,609,3.8779680728912354
5,610,3.076171636581421
5,611,3.4680428504943848
5,612,3.6157479286193848
5,613,3.126549243927002
5,614,3.1292989253997803
5,615,3.9173202514648438
5,616,3.9793407917022705
5,617,3.0179548263549805
5,618,2.667982578277588
5,619,3.3699376583099365
5,620,2.6433639526367188
5,621,2.8212738037109375
5,622,3.031846761703491
5,623,2.9458696842193604
5,624,3.0931880474090576
5,625,3.245706081390381
5,626,3.2736873626708984
5,627,3.146068811416626
5,628,4.196285247802734
5,629,3.039876937866211
5,630,3.2473089694976807
5,631,2.9449682235717773
5,632,3.291619300842285
5,633,3.049168586730957
5,634,2.5705013275146484
5,635,3.455092430114746
5,636,2.9631805419921875
5,637,3.7864277362823486
5,638,2.536668300628662
5,639,3.437953472137451
5,640,2.7501893043518066
5,641,2.522502899169922
5,642,3.1339614391326904
5,643,2.195690155029297
5,644,3.6411800384521484
5,645,4.227993011474609
5,646,2.7542223930358887
5,647,3.129981756210327
5,648,4.612107276916504
5,649,4.051793575286865
5,650,3.252833127975464
5,651,3.0370702743530273
5,652,4.320862293243408
5,653,3.194175958633423
5,654,3.392728805541992
5,655,3.9395875930786133
5,656,2.875369071960449
5,657,3.656622886657715
5,658,3.7674858570098877
5,659,3.0819830894470215
5,660,3.3950514793395996
5,661,3.121709108352661
5,662,3.6535580158233643
5,663,2.346296548843384
5,664,3.1687636375427246
5,665,4.043164253234863
5,666,2.992825508117676
5,667,3.371711254119873
5,668,3.814578056335449
5,669,4.032071590423584
5,670,3.899221181869507
5,671,2.8275647163391113
5,672,3.4833126068115234
5,673,2.4772298336029053
5,674,3.400125026702881
5,675,2.910383701324463
5,676,3.4962382316589355
5,677,2.4235053062438965
5,678,2.7754664421081543
5,679,3.5432305335998535
5,680,3.3427071571350098
5,681,4.08577299118042
5,682,2.965167760848999
5,683,3.29508638381958
5,684,4.550803184509277
5,685,2.989905595779419
5,686,3.5937061309814453
5,687,4.0069074630737305
5,688,2.842830181121826
5,689,4.0645365715026855
5,690,4.240658283233643
5,691,3.153636932373047
5,692,3.339662551879883
5,693,2.5508410930633545
5,694,3.8770182132720947
5,695,3.207965850830078
5,696,3.555654287338257
5,697,3.6199188232421875
5,698,2.3014485836029053
5,699,2.552691698074341
5,700,3.4726686477661133
5,701,3.4579057693481445
5,702,4.465707778930664
5,703,4.416132926940918
5,704,3.274707794189453
5,705,3.14084529876709
5,706,2.552267074584961
5,707,3.0906777381896973
5,708,3.5437746047973633
5,709,3.147740602493286
5,710,3.4941015243530273
5,711,4.226354598999023
5,712,3.4237215518951416
5,713,3.698432445526123
5,714,3.303701877593994
5,715,3.3825573921203613
5,716,3.9894495010375977
5,717,3.341419219970703
5,718,2.383765697479248
5,719,4.550023078918457
5,720,4.579958915710449
5,721,4.320836544036865
5,722,3.1833019256591797
5,723,2.9488046169281006
5,724,2.891432046890259
5,725,3.644089698791504
5,726,3.883728504180908
5,727,3.295766830444336
5,728,3.739971399307251
5,729,2.488163471221924
5,730,4.248095512390137
5,731,3.646421194076538
5,732,2.425891160964966
5,733,4.04270601272583
5,734,3.8548104763031006
5,735,3.2398152351379395
5,736,2.5171282291412354
5,737,3.566782236099243
5,738,2.9417035579681396
5,739,4.433889865875244
5,740,3.0739996433258057
5,741,3.2671523094177246
5,742,3.6092183589935303
5,743,2.418461561203003
5,744,3.721566915512085
5,745,3.927464008331299
5,746,3.669684410095215
5,747,3.6309726238250732
5,748,3.331251859664917
5,749,3.162426471710205
5,750,3.7627158164978027
5,751,2.9836714267730713
5,752,3.744358777999878
5,753,3.46881365776062
5,754,2.6381773948669434
5,755,3.2033567428588867
5,756,3.686189889907837
5,757,3.153681993484497
5,758,3.423650026321411
5,759,3.1818437576293945
5,760,3.000337839126587
5,761,3.1866884231567383
5,762,3.158586263656616
5,763,2.79815673828125
5,764,3.2861294746398926
5,765,2.6805813312530518
5,766,2.7002811431884766
5,767,3.991135597229004
5,768,3.5358524322509766
5,769,3.396313190460205
5,770,2.672905921936035
5,771,3.4631285667419434
5,772,3.2043232917785645
5,773,2.7458250522613525
5,774,3.5807595252990723
5,775,3.4065394401550293
5,776,2.276148796081543
5,777,3.3287556171417236
5,778,3.1104893684387207
5,779,3.002978801727295
5,780,2.9172751903533936
5,781,3.8677444458007812
5,782,3.5945780277252197
5,783,2.51015305519104
5,784,4.029236316680908
5,785,2.3179988861083984
5,786,2.6292226314544678
5,787,2.404899835586548
5,788,3.086341381072998
5,789,2.778921127319336
5,790,3.0822739601135254
5,791,3.136908531188965
5,792,4.291739463806152
5,793,3.1458425521850586
5,794,2.493839740753174
5,795,3.3569703102111816
5,796,3.681781530380249
5,797,4.042225360870361
5,798,2.900063991546631
5,799,3.2906689643859863
5,800,3.9069817066192627
5,801,2.287752151489258
5,802,2.809265613555908
5,803,3.463789939880371
5,804,3.6217594146728516
5,805,2.751357316970825
5,806,3.354142665863037
5,807,3.1688950061798096
5,808,2.534693956375122
5,809,3.145390272140503
5,810,2.517817497253418
5,811,4.150775909423828
5,812,3.4202122688293457
5,813,2.7011563777923584
5,814,2.8499526977539062
5,815,2.9035565853118896
5,816,3.168916702270508
5,817,3.2430403232574463
5,818,3.3091678619384766
5,819,3.593043804168701
5,820,2.101510763168335
5,821,3.2206737995147705
5,822,2.9322164058685303
5,823,3.2861905097961426
5,824,3.7509078979492188
5,825,2.9091782569885254
5,826,3.6583571434020996
5,827,3.293159008026123
5,828,3.2151596546173096
5,829,2.929516077041626
5,830,2.6999716758728027
6,0,2.8403496742248535
6,1,2.4319136142730713
6,2,3.5981664657592773
6,3,3.4729440212249756
6,4,2.659890651702881
6,5,3.2599620819091797
6,6,3.7593164443969727
6,7,4.067138671875
6,8,3.4465880393981934
6,9,3.5034945011138916
6,10,3.6773061752319336
6,11,2.5968101024627686
6,12,3.039886951446533
6,13,3.218852996826172
6,14,2.3460888862609863
6,15,2.8776702880859375
6,16,2.8046414852142334
6,17,3.632632255554199
6,18,2.8243603706359863
6,19,3.0811781883239746
6,20,3.430144786834717
6,21,2.4278643131256104
6,22,3.600249767303467
6,23,3.2395012378692627
6,24,3.594193458557129
6,25,2.714823007583618
6,26,3.8537988662719727
6,27,2.1333329677581787
6,28,3.032682418823242
6,29,2.556058645248413
6,30,3.410736083984375
6,31,2.6406924724578857
6,32,2.007173538208008
6,33,3.1901965141296387
6,34,3.6583311557769775
6,35,3.6691207885742188
6,36,2.9041714668273926
6,37,4.138343811035156
6,38,2.9252424240112305
6,39,2.8411686420440674
6,40,3.64607310295105
6,41,2.9138197898864746
6,42,2.8387749195098877
6,43,2.844247579574585
6,44,4.352741241455078
6,45,3.2796106338500977
6,46,3.440401077270508
6,47,3.487031936645508
6,48,2.4348456859588623
6,49,3.7272398471832275
6,50,3.59912371635437
6,51,2.664071559906006
6,52,2.469954490661621
6,53,2.993727922439575
6,54,2.6914892196655273
6,55,3.3603475093841553
6,56,3.524345874786377
6,57,2.5077497959136963
6,58,4.135552406311035
6,59,2.7619645595550537
6,60,3.268819808959961
6,61,3.018552303314209
6,62,3.14231538772583
6,63,3.413055658340454
6,64,2.7735702991485596
6,65,3.0082345008850098
6,66,2.7176291942596436
6,67,3.238004207611084
6,68,2.8490567207336426
6,69,2.682403087615967
6,70,3.3113961219787598
6,71,3.3563179969787598
6,72,2.8390793800354004
6,73,3.1425089836120605
6,74,3.437009811401367
6,75,3.2784948348999023
6,76,3.1946823596954346
6,77,2.60247802734375
6,78,3.243467092514038
6,79,2.703392267227173
6,80,3.3319129943847656
6,81,2.796621561050415
6,82,3.597498655319214
6,83,3.8857131004333496
6,84,3.5153143405914307
6,85,2.972579002380371
6,86,3.136819839477539
6,87,3.7071197032928467
6,88,2.251030445098877
6,89,2.998058557510376
6,90,3.2704200744628906
6,91,3.0108742713928223
6,92,3.251925468444824
6,93,3.2266292572021484
6,94,3.039426326751709
6,95,2.788123607635498
6,96,4.199947357177734
6,97,3.3376541137695312
6,98,2.570443630218506
6,99,3.7204103469848633
6,100,3.2657241821289062
6,101,4.085716724395752
6,102,3.771113395690918
6,103,2.8530030250549316
6,104,3.35780930519104
6,105,2.9937596321105957
6,106,2.3243656158447266
6,107,3.542053699493408
6,108,3.6239194869995117
6,109,3.3105931282043457
6,110,2.585224151611328
6,111,2.7965221405029297
6,112,3.4894638061523438
6,113,3.3796730041503906
6,114,2.965341567993164
6,115,3.5830812454223633
6,116,4.412444591522217
6,117,2.550539970397949
6,118,3.563068389892578
6,119,2.3324756622314453
6,120,3.3494694232940674
6,121,3.0122885704040527
6,122,2.3901476860046387
6,123,3.2250332832336426
6,124,2.866755485534668
6,125,2.7247962951660156
6,126,2.082571506500244
6,127,3.9203879833221436
6,128,3.301633596420288
6,129,2.6707277297973633
6,130,2.522578239440918
6,131,3.3831613063812256
6,132,3.4338977336883545
6,133,3.5494256019592285
6,134,3.103353500366211
6,135,2.816476821899414
6,136,3.2994065284729004
6,137,3.5805716514587402
6,138,3.166322708129883
6,139,3.083904981613159
6,140,3.6936511993408203
6,141,3.4765896797180176
6,142,2.774580240249634
6,143,3.4026615619659424
6,144,5.3092803955078125
6,145,3.8376004695892334
6,146,3.5403079986572266
6,147,3.207909345626831
6,148,2.621641159057617
6,149,2.8111021518707275
6,150,4.433934688568115
6,151,3.6443710327148438
6,152,2.669156074523926
6,153,3.0956554412841797
6,154,2.9458866119384766
6,155,4.192939758300781
6,156,3.5893781185150146
6,157,3.0929808616638184
6,158,2.7208690643310547
6,159,4.023891448974609
6,160,2.708968162536621
6,161,2.5090723037719727
6,162,3.737334728240967
6,163,3.6284146308898926
6,164,2.35178804397583
6,165,3.6309800148010254
6,166,2.489769458770752
6,167,4.3039445877075195
6,168,2.908356189727783
6,169,3.204043388366699
6,170,2.6247262954711914
6,171,3.3059544563293457
6,172,3.493302345275879
6,173,3.190596103668213
6,174,3.1288342475891113
6,175,3.3545985221862793
6,176,3.5204074382781982
6,177,3.016359567642212
6,178,3.2730860710144043
6,179,2.84586238861084
6,180,3.8301594257354736
6,181,2.686443328857422
6,182,3.2429862022399902
6,183,2.7048981189727783
6,184,3.2550294399261475
6,185,2.8099424839019775
6,186,2.854734420776367
6,187,3.216764450073242
6,188,2.911585807800293
6,189,3.545187473297119
6,190,3.948636531829834
6,191,2.771613121032715
6,192,3.596834421157837
6,193,2.850163698196411
6,194,3.539483070373535
6,195,3.8503711223602295
6,196,3.7529520988464355
6,197,3.601879119873047
6,198,3.101581573486328
6,199,3.294149875640869
6,200,4.0073113441467285
6,201,2.7559337615966797
6,202,3.9216065406799316
6,203,3.0505475997924805
6,204,2.802741527557373
6,205,4.209079265594482
6,206,3.213658094406128
6,207,4.235062599182129
6,208,2.9148828983306885
6,209,3.5821456909179688
6,210,3.427295446395874
6,211,3.6606225967407227
6,212,3.648430585861206
6,213,2.5757675170898438
6,214,3.7436459064483643
6,215,3.3064515590667725
6,216,3.5904788970947266
6,217,2.749192476272583
6,218,3.7358546257019043
6,219,2.9852304458618164
6,220,3.245556116104126
6,221,2.908806562423706
6,222,2.4544296264648438
6,223,3.1352317333221436
6,224,3.16404128074646
6,225,2.8800859451293945
6,226,2.8649439811706543
6,227,2.6320624351501465
6,228,2.596073627471924
6,229,3.170952320098877
6,230,2.757755756378174
6,231,3.687270402908325
6,232,2.916360855102539
6,233,3.3497533798217773
6,234,2.572807788848877
6,235,3.491567611694336
6,236,3.105177879333496
6,237,3.0700056552886963
6,238,2.525853157043457
6,239,3.217435359954834
6,240,3.3868112564086914
6,241,2.8157474994659424
6,242,2.935392379760742
6,243,2.7913730144500732
6,244,2.9032540321350098
6,245,2.8036575317382812
6,246,3.8966875076293945
6,247,3.422450065612793
6,248,2.662093162536621
6,249,2.9707295894622803
6,250,3.9090425968170166
6,251,3.697540283203125
6,252,3.5732274055480957
6,253,2.778238534927368
6,254,3.193615436553955
6,255,2.885920524597168
6,256,2.627985954284668
6,257,3.4496798515319824
6,258,4.4448652267456055
6,259,2.6468605995178223
6,260,3.1318492889404297
6,261,3.614581346511841
6,262,3.0797741413116455
6,263,2.2834393978118896
6,264,3.039757251739502
6,265,3.734954833984375
6,266,3.2822983264923096
6,267,3.110217571258545
6,268,3.7042431831359863
6,269,3.8378522396087646
6,270,3.56539249420166
6,271,3.5456206798553467
6,272,3.5065596103668213
6,273,2.6024231910705566
6,274,3.400700092315674
6,275,2.8676633834838867
6,276,3.3749263286590576
6,277,3.078115701675415
6,278,3.610205888748169
6,279,3.7394068241119385
6,280,3.026097059249878
6,281,3.5236215591430664
6,282,3.466921329498291
6,283,3.7036476135253906
6,284,3.3843514919281006
6,285,3.738433837890625
6,286,3.565849542617798
6,287,3.574521780014038
6,288,3.8601019382476807
6,289,3.2854604721069336
6,290,2.9412219524383545
6,291,3.1176507472991943
6,292,2.347494602203369
6,293,4.361361026763916
6,294,3.353569746017456
6,295,4.008894443511963
6,296,3.1057698726654053
6,297,3.3585429191589355
6,298,2.6667892932891846
6,299,4.133238792419434
6,300,3.7532129287719727
6,301,2.5921082496643066
6,302,3.3562889099121094
6,303,2.6207849979400635
6,304,3.5178308486938477
6,305,3.688106060028076
6,306,2.759127378463745
6,307,2.730103015899658
6,308,2.8813366889953613
6,309,3.275404214859009
6,310,3.817511558532715
6,311,2.934565782546997
6,312,3.4099159240722656
6,313,2.441230297088623
6,314,3.645946502685547
6,315,2.9183249473571777
6,316,2.3778576850891113
6,317,3.770383358001709
6,318,3.1598801612854004
6,319,3.023339033126831
6,320,4.148509979248047
6,321,3.285454750061035
6,322,2.985161781311035
6,323,3.480964183807373
6,324,3.407344341278076
6,325,3.7740392684936523
6,326,3.247189521789551
6,327,3.255605459213257
6,328,3.3688573837280273
6,329,3.62319278717041
6,330,4.108377456665039
6,331,3.201986312866211
6,332,3.079514741897583
6,333,3.682748317718506
6,334,2.5981907844543457
6,335,3.4565913677215576
6,336,2.967435359954834
6,337,4.534258842468262
6,338,2.824185371398926
6,339,3.399609088897705
6,340,3.5253772735595703
6,341,3.128666639328003
6,342,3.7657899856567383
6,343,2.826251268386841
6,344,2.288790225982666
6,345,3.7764477729797363
6,346,3.3974924087524414
6,347,3.0731000900268555
6,348,3.9828555583953857
6,349,3.156846046447754
6,350,2.892906427383423
6,351,3.1689085960388184
6,352,3.1036603450775146
6,353,2.907017707824707
6,354,2.896841049194336
6,355,2.672227382659912
6,356,2.729391574859619
6,357,2.3230605125427246
6,358,3.4059014320373535
6,359,3.2340621948242188
6,360,2.8157224655151367
6,361,3.261937379837036
6,362,2.608444929122925
6,363,2.837527275085449
6,364,3.6831679344177246
6,365,2.7333459854125977
6,366,2.5954720973968506
6,367,2.4477286338806152
6,368,2.6885364055633545
6,369,3.425408363342285
6,370,3.0140576362609863
6,371,2.7101762294769287
6,372,3.6490819454193115
6,373,3.263575315475464
6,374,3.2940571308135986
6,375,3.45296049118042
6,376,2.8536529541015625
6,377,3.4923648834228516
6,378,3.351727247238159
6,379,3.6549251079559326
6,380,2.613246440887451
6,381,3.141360282897949
6,382,3.3440582752227783
6,383,3.9457449913024902
6,384,3.8882973194122314
6,385,3.209141731262207
6,386,3.513573169708252
6,387,2.8086187839508057
6,388,3.6478562355041504
6,389,2.565920829772949
6,390,2.9487788677215576
6,391,2.896897554397583
6,392,2.4999160766601562
6,393,2.4228196144104004
6,394,3.3076701164245605
6,395,3.6155710220336914
6,396,2.980294704437256
6,397,3.9592125415802
6,398,3.1158981323242188
6,399,2.711754560470581
6,400,3.1185946464538574
6,401,3.188206911087036
6,402,2.988522529602051
6,403,3.131798028945923
6,404,3.0870466232299805
6,405,3.3018691539764404
6,406,3.778989791870117
6,407,3.1737265586853027
6,408,3.055251359939575
6,409,3.519818067550659
6,410,2.9021074771881104
6,411,3.83758544921875
6,412,3.108164072036743
6,413,3.756948471069336
6,414,3.2259020805358887
6,415,3.9222731590270996
6,416,2.5868172645568848
6,417,2.5287675857543945
6,418,3.5524630546569824
6,419,3.057319402694702
6,420,2.80983829498291
6,421,2.8877320289611816
6,422,2.6405086517333984
6,423,3.203096628189087
6,424,3.1136372089385986
6,425,3.19165301322937
6,426,3.506164073944092
6,427,2.6865220069885254
6,428,2.861355781555176
6,429,3.674823522567749
6,430,3.4550132751464844
6,431,3.8234548568725586
6,432,3.227354049682617
6,433,2.8727993965148926
6,434,2.422731876373291
6,435,2.9756150245666504
6,436,2.5701937675476074
6,437,3.6131553649902344
6,438,3.239565134048462
6,439,2.9210147857666016
6,440,3.942422866821289
6,441,2.936336040496826
6,442,1.9778308868408203
6,443,2.6939666271209717
6,444,3.3995015621185303
6,445,3.143911838531494
6,446,3.0636754035949707
6,447,2.724963665008545
6,448,2.9009900093078613
6,449,3.508424758911133
6,450,2.8487296104431152
6,451,2.8927037715911865
6,452,3.763597011566162
6,453,2.428326368331909
6,454,3.346660852432251
6,455,3.003751277923584
6,456,3.129049301147461
6,457,3.1568474769592285
6,458,3.447352886199951
6,459,2.710064172744751
6,460,3.129154682159424
6,461,3.514507293701172
6,462,3.7533183097839355
6,463,3.318499803543091
6,464,3.7392964363098145
6,465,2.931478977203369
6,466,3.0962138175964355
6,467,1.979762315750122
6,468,3.777791976928711
6,469,3.185270309448242
6,470,3.337629556655884
6,471,2.9022345542907715
6,472,3.188276767730713
6,473,3.2802910804748535
6,474,3.1892709732055664
6,475,3.700256109237671
6,476,3.1100690364837646
6,477,2.7285609245300293
6,478,3.6620054244995117
6,479,2.6271772384643555
6,480,3.398188352584839
6,481,2.6854753494262695
6,482,2.6355478763580322
6,483,2.8044981956481934
6,484,2.8761749267578125
6,485,3.0074925422668457
6,486,2.571178913116455
6,487,3.6214938163757324
6,488,3.280742645263672
6,489,3.3196868896484375
6,490,3.584500551223755
6,491,2.521209478378296
6,492,2.7614479064941406
6,493,3.5276498794555664
6,494,3.6164798736572266
6,495,3.1402645111083984
6,496,3.6805360317230225
6,497,3.4027421474456787
6,498,3.599857807159424
6,499,2.3667593002319336
6,500,2.4049386978149414
6,501,2.362633228302002
6,502,3.562959671020508
6,503,3.6503183841705322
6,504,3.390810012817383
6,505,3.151663303375244
6,506,3.1901228427886963
6,507,3.0806491374969482
6,508,3.397566795349121
6,509,3.468554973602295
6,510,2.5949296951293945
6,511,3.0899529457092285
6,512,2.496901512145996
6,513,3.414616584777832
6,514,3.1961817741394043
6,515,3.649902582168579
6,516,3.3583807945251465
6,517,3.787386417388916
6,518,2.4579720497131348
6,519,2.4859488010406494
6,520,3.333416223526001
6,521,3.075137138366699
6,522,3.449308395385742
6,523,2.690584182739258
6,524,3.188620090484619
6,525,3.5184106826782227
6,526,2.54824161529541
6,527,2.9604415893554688
6,528,2.8341193199157715
6,529,2.494826078414917
6,530,2.456836462020874
6,531,3.4082348346710205
6,532,3.236323833465576
6,533,2.5020415782928467
6,534,3.307706832885742
6,535,3.248408555984497
6,536,3.0274903774261475
6,537,2.3678064346313477
6,538,2.402482032775879
6,539,2.835374355316162
6,540,3.815460681915283
6,541,3.4192161560058594
6,542,3.3905577659606934
6,543,3.571554183959961
6,544,3.4258594512939453
6,545,4.071517467498779
6,546,3.235496759414673
6,547,3.4326164722442627
6,548,3.358738899230957
6,549,4.446414470672607
6,550,2.430023193359375
6,551,2.747859477996826
6,552,3.5251593589782715
6,553,3.6546850204467773
6,554,3.1899900436401367
6,555,2.5117156505584717
6,556,2.9930851459503174
6,557,2.7608299255371094
6,558,2.853325843811035
6,559,2.683098793029785
6,560,4.651712417602539
6,561,3.1403002738952637
6,562,2.8540549278259277
6,563,3.8659231662750244
6,564,2.799459934234619
6,565,2.667473793029785
6,566,3.0418038368225098
6,567,2.5565075874328613
6,568,3.3122518062591553
6,569,3.057015895843506
6,570,3.316112995147705
6,571,3.4903597831726074
6,572,3.7447354793548584
6,573,2.5178637504577637
6,574,3.1376380920410156
6,575,3.7633299827575684
6,576,3.3397650718688965
6,577,3.3212954998016357
6,578,2.9713046550750732
6,579,3.1007566452026367
6,580,2.193746566772461
6,581,3.7914388179779053
6,582,3.691504716873169
6,583,3.0352530479431152
6,584,2.808140754699707
6,585,2.503319025039673
6,586,3.754483699798584
6,587,2.9250259399414062
6,588,2.7078609466552734
6,589,4.076923370361328
6,590,2.5819602012634277
6,591,3.2055673599243164
6,592,2.74577260017395
6,593,3.002366781234741
6,594,3.234295606613159
6,595,3.2446582317352295
6,596,3.7873172760009766
6,597,3.1067163944244385
6,598,2.277817487716675
6,599,4.1169328689575195
6,600,4.275538444519043
6,601,2.628246784210205
6,602,3.361097574234009
6,603,2.9730329513549805
6,604,2.5670433044433594
6,605,4.085083961486816
6,606,3.1524314880371094
6,607,3.0536999702453613
6,608,2.089832305908203
6,609,2.950765609741211
6,610,3.3509397506713867
6,611,3.054795026779175
6,612,2.5404882431030273
6,613,2.611882209777832
6,614,3.052070140838623
6,615,2.9064228534698486
6,616,2.4864273071289062
6,617,3.4549713134765625
6,618,2.1207287311553955
6,619,2.436588764190674
6,620,2.861274003982544
6,621,4.551957130432129
6,622,3.8029210567474365
6,623,3.0793447494506836
6,624,3.2361862659454346
6,625,2.452378273010254
6,626,2.137890577316284
6,627,2.4379525184631348
6,628,2.7570009231567383
6,629,2.3721039295196533
6,630,3.1218481063842773
6,631,2.586179256439209
6,632,2.631500720977783
6,633,2.9027419090270996
6,634,2.411477565765381
6,635,3.4868993759155273
6,636,2.8601107597351074
6,637,2.6737213134765625
6,638,3.032376766204834
6,639,3.285191059112549
6,640,3.1171741485595703
6,641,3.339263916015625
6,642,3.1338577270507812
6,643,2.775757312774658
6,644,3.2413570880889893
6,645,2.7389657497406006
6,646,3.513258218765259
6,647,3.0328850746154785
6,648,3.3154196739196777
6,649,3.2835745811462402
6,650,2.4211318492889404
6,651,3.339841842651367
6,652,3.064835548400879
6,653,2.900749444961548
6,654,2.8977904319763184
6,655,2.356555938720703
6,656,2.472745418548584
6,657,3.1509509086608887
6,658,3.189511299133301
6,659,3.090134620666504
6,660,2.509148120880127
6,661,3.713178873062134
6,662,2.66025447845459
6,663,3.797100305557251
6,664,3.303743600845337
6,665,3.8486084938049316
6,666,3.940749168395996
6,667,2.316838026046753
6,668,2.105694532394409
6,669,3.6753220558166504
6,670,2.6680190563201904
6,671,2.6945488452911377
6,672,3.384019374847412
6,673,2.808988094329834
6,674,2.834467887878418
6,675,3.3740437030792236
6,676,2.7770562171936035
6,677,3.7176456451416016
6,678,2.6404786109924316
6,679,2.652344226837158
6,680,2.659005641937256
6,681,2.982513189315796
6,682,2.9323081970214844
6,683,3.1313061714172363
6,684,2.286189079284668
6,685,2.9760844707489014
6,686,2.662651538848877
6,687,3.1266326904296875
6,688,3.0297486782073975
6,689,3.2249691486358643
6,690,3.8044075965881348
6,691,3.6603612899780273
6,692,2.3679587841033936
6,693,2.3796210289001465
6,694,3.787890911102295
6,695,3.2506659030914307
6,696,3.0538747310638428
6,697,2.464604139328003
6,698,4.030182361602783
6,699,2.410621166229248
6,700,2.704657554626465
6,701,3.042897939682007
6,702,2.0536346435546875
6,703,3.3812475204467773
6,704,3.166200876235962
6,705,3.466905355453491
6,706,3.0705063343048096
6,707,3.070223808288574
6,708,3.204763412475586
6,709,2.581791400909424
6,710,2.8099212646484375
6,711,3.784292221069336
6,712,4.102908134460449
6,713,3.0543038845062256
6,714,3.0884079933166504
6,715,4.0888776779174805
6,716,3.118079662322998
6,717,2.429201602935791
6,718,2.8510141372680664
6,719,3.207481861114502
6,720,3.4760987758636475
6,721,2.685725212097168
6,722,2.8156144618988037
6,723,3.712451457977295
6,724,3.2021396160125732
6,725,2.8483188152313232
6,726,2.523956298828125
6,727,3.7263917922973633
6,728,3.344542980194092
6,729,2.887238025665283
6,730,3.5358171463012695
6,731,2.984684467315674
6,732,3.6514127254486084
6,733,3.5578598976135254
6,734,2.715111494064331
6,735,2.874540328979492
6,736,2.448387622833252
6,737,4.2911834716796875
6,738,4.038701057434082
6,739,3.2791383266448975
6,740,3.1592941284179688
6,741,2.7341976165771484
6,742,2.196058750152588
6,743,3.44466495513916
6,744,2.486057758331299
6,745,2.8242177963256836
6,746,2.2306466102600098
6,747,3.540609836578369
6,748,3.8158822059631348
6,749,3.949911117553711
6,750,2.941495895385742
6,751,2.5558040142059326
6,752,4.070924282073975
6,753,2.7199273109436035
6,754,4.548727035522461
6,755,3.522304058074951
6,756,2.5149788856506348
6,757,3.115370035171509
6,758,2.8474020957946777
6,759,4.033013343811035
6,760,2.3961946964263916
6,761,3.550309419631958
6,762,2.6897497177124023
6,763,3.532148599624634
6,764,2.7454118728637695
6,765,3.084982395172119
6,766,2.810084342956543
6,767,3.3512611389160156
6,768,3.253086566925049
6,769,3.0931334495544434
6,770,3.74204683303833
6,771,2.8317294120788574
6,772,2.0784687995910645
6,773,3.0676441192626953
6,774,3.218172311782837
6,775,3.09870982170105
6,776,3.324983596801758
6,777,2.566931962966919
6,778,2.6461069583892822
6,779,2.908966302871704
6,780,3.1686081886291504
6,781,2.6122570037841797
6,782,3.3522801399230957
6,783,3.058572769165039
6,784,2.8673856258392334
6,785,3.5331063270568848
6,786,2.9541337490081787
6,787,2.3628456592559814
6,788,2.970930576324463
6,789,2.684035301208496
6,790,3.311378002166748
6,791,2.7421112060546875
6,792,3.51507306098938
6,793,3.0036187171936035
6,794,2.827988624572754
6,795,3.9567182064056396
6,796,2.7112536430358887
6,797,3.008646011352539
6,798,1.9725980758666992
6,799,3.482067584991455
6,800,2.4984350204467773
6,801,3.259434223175049
6,802,2.6437435150146484
6,803,2.8484530448913574
6,804,3.263094425201416
6,805,3.422571897506714
6,806,3.2744059562683105
6,807,3.567277669906616
6,808,3.5643703937530518
6,809,3.5778636932373047
6,810,2.6396923065185547
6,811,2.4950852394104004
6,812,3.3893399238586426
6,813,2.8973100185394287
6,814,3.170689344406128
6,815,3.5022404193878174
6,816,2.490816831588745
6,817,3.2537693977355957
6,818,2.812739610671997
6,819,2.5403566360473633
6,820,3.6371407508850098
6,821,2.786214590072632
6,822,3.0019609928131104
6,823,2.7451980113983154
6,824,2.990086555480957
6,825,2.8683531284332275
6,826,2.713669776916504
6,827,2.7815256118774414
6,828,3.5679376125335693
6,829,2.794074058532715
6,830,2.9073760509490967
7,0,2.9881296157836914
7,1,2.593824863433838
7,2,2.6543521881103516
7,3,2.8921639919281006
7,4,2.817495346069336
7,5,3.5572926998138428
7,6,2.577432632446289
7,7,2.7748799324035645
7,8,3.2044568061828613
7,9,3.5277457237243652
7,10,3.806020736694336
7,11,2.7914888858795166
7,12,2.767947196960449
7,13,2.448305368423462
7,14,3.4690334796905518
7,15,2.816331624984741
7,16,2.5269036293029785
7,17,2.7470953464508057
7,18,2.230809211730957
7,19,3.5883259773254395
7,20,2.324349880218506
7,21,2.7234814167022705
7,22,2.1380598545074463
7,23,2.878124713897705
7,24,2.481804847717285
7,25,3.0931921005249023
7,26,2.6655161380767822
7,27,2.979747772216797
7,28,2.607530355453491
7,29,2.9644551277160645
7,30,2.919179916381836
7,31,2.523530960083008
7,32,3.3640694618225098
7,33,2.4010918140411377
7,34,2.1686553955078125
7,35,3.1609232425689697
7,36,3.2877447605133057
7,37,3.266406774520874
7,38,3.682401180267334
7,39,3.6855645179748535
7,40,3.29176664352417
7,41,3.35009765625
7,42,3.4471583366394043
7,43,2.8143458366394043
7,44,2.8212244510650635
7,45,3.175827980041504
7,46,2.784388303756714
7,47,3.159848690032959
7,48,3.7173259258270264
7,49,2.9919486045837402
7,50,3.0394222736358643
7,51,2.985416889190674
7,52,2.056107997894287
7,53,3.009021282196045
7,54,3.3528687953948975
7,55,2.337550640106201
7,56,2.77425479888916
7,57,2.9433677196502686
7,58,3.4106879234313965
7,59,3.1316139698028564
7,60,3.120284080505371
7,61,2.752408981323242
7,62,3.8581230640411377
7,63,2.767348289489746
7,64,2.6682446002960205
7,65,3.1469297409057617
7,66,2.4289777278900146
7,67,3.0200870037078857
7,68,3.148963689804077
7,69,2.252812147140503
7,70,3.3836679458618164
7,71,2.927046298980713
7,72,2.319974184036255
7,73,2.478747844696045
7,74,2.2157833576202393
7,75,3.1202285289764404
7,76,3.4025135040283203
7,77,3.108146905899048
7,78,2.8607335090637207
7,79,3.1573173999786377
7,80,2.8018722534179688
7,81,3.108314275741577
7,82,3.4115607738494873
7,83,3.4169678688049316
7,84,2.919123649597168
7,85,2.452427864074707
7,86,3.142378091812134
7,87,2.381186008453369
7,88,2.4453141689300537
7,89,2.525463104248047
7,90,2.8339931964874268
7,91,2.2818775177001953
7,92,3.0523345470428467
7,93,2.6268296241760254
7,94,3.3742144107818604
7,95,3.313715696334839
7,96,2.9012458324432373
7,97,2.8029844760894775
7,98,2.4686098098754883
7,99,3.134932518005371
7,100,3.011678695678711
7,101,3.0677692890167236
7,102,2.8402321338653564
7,103,2.831310987472534
7,104,2.697326898574829
7,105,2.580002784729004
7,106,3.357297420501709
7,107,2.478872299194336
7,108,3.094966173171997
7,109,3.361353874206543
7,110,2.309049129486084
7,111,3.1591737270355225
7,112,2.985605239868164
7,113,3.0810303688049316
7,114,3.1734275817871094
7,115,3.3750548362731934
7,116,2.8149609565734863
7,117,2.9880666732788086
7,118,2.718437433242798
7,119,2.812906265258789
7,120,2.7339911460876465
7,121,2.354962110519409
7,122,2.803152561187744
7,123,3.487082004547119
7,124,3.468674659729004
7,125,2.8930766582489014
7,126,2.5519778728485107
7,127,3.3002166748046875
7,128,3.122039556503296
7,129,2.5820865631103516
7,130,2.347383737564087
7,131,2.939505100250244
7,132,3.4228553771972656
7,133,2.5967764854431152
7,134,2.4864697456359863
7,135,2.835692882537842
7,136,3.394306182861328
7,137,3.2812936305999756
7,138,3.1893386840820312
7,139,3.4832773208618164
7,140,3.121535062789917
7,141,3.113342046737671
7,142,3.259434461593628
7,143,3.853421211242676
7,144,2.879163980484009
7,145,3.078761100769043
7,146,2.358769416809082
7,147,2.648728132247925
7,148,2.531792640686035
7,149,3.1398603916168213
7,150,2.543226957321167
7,151,2.274200439453125
7,152,2.567032814025879
7,153,3.9527053833007812
7,154,3.0476059913635254
7,155,3.2079720497131348
7,156,2.731959342956543
7,157,3.0405168533325195
7,158,2.603426933288574
7,159,3.8069565296173096
7,160,3.731790542602539
7,161,3.307729721069336
7,162,2.4205245971679688
7,163,2.428415298461914
7,164,2.0580544471740723
7,165,3.609785318374634
7,166,2.529200553894043
7,167,3.2912585735321045
7,168,3.0332984924316406
7,169,3.602137804031372
7,170,3.6566648483276367
7,171,3.0078511238098145
7,172,3.067119598388672
7,173,3.105980396270752
7,174,2.893819570541382
7,175,2.8639278411865234
7,176,3.866791248321533
7,177,4.012080192565918
7,178,2.4394149780273438
7,179,2.2256059646606445
7,180,3.0520830154418945
7,181,3.1109201908111572
7,182,2.2922866344451904
7,183,2.631441593170166
7,184,3.675135374069214
7,185,3.31681227684021
7,186,3.965510845184326
7,187,3.8680615425109863
7,188,3.227583646774292
7,189,2.8874330520629883
7,190,3.1644678115844727
7,191,2.502976655960083
7,192,2.576993942260742
7,193,3.8112542629241943
7,194,2.835545301437378
7,195,2.95692777633667
7,196,2.7292141914367676
7,197,2.852093458175659
7,198,3.376657724380493
7,199,3.20833683013916
7,200,2.1704962253570557
7,201,2.7852494716644287
7,202,2.8900063037872314
7,203,2.5056674480438232
7,204,3.4570631980895996
7,205,2.9480514526367188
7,206,2.751636505126953
7,207,2.632328510284424
7,208,2.803875207901001
7,209,2.687232494354248
7,210,2.5399973392486572
7,211,3.2234630584716797
7,212,3.61997127532959
7,213,2.0083940029144287
7,214,2.5571861267089844
7,215,2.4894368648529053
7,216,2.910578489303589
7,217,2.7981925010681152
7,218,2.453899621963501
7,219,2.9748129844665527
7,220,2.7268080711364746
7,221,2.827911853790283
7,222,2.6601319313049316
7,223,2.823277473449707
7,224,2.9423651695251465
7,225,4.029531002044678
7,226,2.931840181350708
7,227,3.084075689315796
7,228,2.883171319961548
7,229,4.100102424621582
7,230,3.5088865756988525
7,231,2.6872873306274414
7,232,3.633798122406006
7,233,2.9056923389434814
7,234,3.6151537895202637
7,235,2.749439239501953
7,236,2.7373032569885254
7,237,2.3490781784057617
7,238,2.8066811561584473
7,239,3.2911477088928223
7,240,2.7937119007110596
7,241,2.41982364654541
7,242,3.0013177394866943
7,243,3.692779064178467
7,244,3.161746025085449
7,245,3.060800075531006
7,246,2.9003872871398926
7,247,2.397498607635498
7,248,2.8268895149230957
7,249,2.7611589431762695
7,250,3.2002811431884766
7,251,2.6833713054656982
7,252,3.105201244354248
7,253,3.278939962387085
7,254,2.976067543029785
7,255,2.414717674255371
7,256,2.4898767471313477
7,257,2.692261219024658
7,258,3.374349594116211
7,259,2.946439743041992
7,260,2.492250919342041
7,261,2.3880627155303955
7,262,3.375234603881836
7,263,2.77915620803833
7,264,2.8653361797332764
7,265,3.058708429336548
7,266,3.5745763778686523
7,267,2.7389206886291504
7,268,3.5193328857421875
7,269,2.328939914703369
7,270,2.973461627960205
7,271,2.508965492248535
7,272,2.7007944583892822
7,273,3.599743127822876
7,274,2.7354774475097656
7,275,2.442028522491455
7,276,2.5862998962402344
7,277,3.8916232585906982
7,278,2.3184332847595215
7,279,2.636946201324463
7,280,2.9718453884124756
7,281,2.5715696811676025
7,282,2.8656198978424072
7,283,3.0455055236816406
7,284,3.4687328338623047
7,285,3.350773334503174
7,286,2.7007479667663574
7,287,3.2244021892547607
7,288,3.0874576568603516
7,289,3.066349506378174
7,290,2.7150192260742188
7,291,2.4781103134155273
7,292,3.226414203643799
7,293,2.9960556030273438
7,294,2.458313465118408
7,295,3.211155891418457
7,296,2.6043386459350586
7,297,2.4802863597869873
7,298,2.1689536571502686
7,299,3.150195598602295
7,300,2.767683267593384
7,301,3.3054840564727783
7,302,2.3394246101379395
7,303,3.4780993461608887
7,304,2.9963855743408203
7,305,3.4800891876220703
7,306,2.622602939605713
7,307,3.556485176086426
7,308,2.203218698501587
7,309,3.2995853424072266
7,310,3.2258667945861816
7,311,2.8610026836395264
7,312,3.0743372440338135
7,313,2.1136016845703125
7,314,2.5712273120880127
7,315,2.249691963195801
7,316,2.4022231101989746
7,317,3.1826372146606445
7,318,2.6997838020324707
7,319,2.889615058898926
7,320,3.464914083480835
7,321,2.220080614089966
7,322,3.688340902328491
7,323,3.048064708709717
7,324,2.962463855743408
7,325,3.6410865783691406
7,326,3.1770825386047363
7,327,2.620469570159912
7,328,3.87554931640625
7,329,2.643251895904541
7,330,2.9799506664276123
7,331,2.536768913269043
7,332,2.493645429611206
7,333,2.746702194213867
7,334,2.557326555252075
7,335,2.931471824645996
7,336,2.7621116638183594
7,337,2.3003077507019043
7,338,3.191514492034912
7,339,2.7516109943389893
7,340,3.829606056213379
7,341,2.8366715908050537
7,342,3.1027238368988037
7,343,2.5700531005859375
7,344,2.7925868034362793
7,345,2.433919906616211
7,346,2.886540412902832
7,347,3.595174789428711
7,348,4.229931831359863
7,349,4.134891986846924
7,350,2.5790324211120605
7,351,3.6516599655151367
7,352,3.2844040393829346
7,353,3.7527241706848145
7,354,2.4778892993927
7,355,3.1566267013549805
7,356,3.2793498039245605
7,357,2.1554853916168213
7,358,3.1105058193206787
7,359,3.4596827030181885
7,360,2.8658294677734375
7,361,3.1687281131744385
7,362,2.3095855712890625
7,363,3.4716246128082275
7,364,2.504054307937622
7,365,2.4366064071655273
7,366,2.745685577392578
7,367,2.1795167922973633
7,368,2.9385080337524414
7,369,3.127128839492798
7,370,2.7961173057556152
7,371,2.434274911880493
7,372,2.831387996673584
7,373,2.497858762741089
7,374,3.220393657684326
7,375,2.4395806789398193
7,376,2.6876587867736816
7,377,2.3640270233154297
7,378,2.834819793701172
7,379,2.765462875366211
7,380,3.12697696685791
7,381,3.2301604747772217
7,382,2.829448699951172
7,383,2.4275150299072266
7,384,2.4059581756591797
7,385,2.993217945098877
7,386,3.233863115310669
7,387,3.1907958984375
7,388,3.712888240814209
7,389,3.0864901542663574
7,390,2.81496000289917
7,391,2.9842283725738525
7,392,2.1663455963134766
7,393,3.127138614654541
7,394,3.273428440093994
7,395,3.5994889736175537
7,396,2.584272861480713
7,397,3.262742042541504
7,398,2.981743574142456
7,399,4.2009992599487305
7,400,2.8450794219970703
7,401,3.0855021476745605
7,402,3.0955138206481934
7,403,3.096548080444336
7,404,2.6585817337036133
7,405,2.0497543811798096
7,406,1.9591056108474731
7,407,3.624439239501953
7,408,3.227233648300171
7,409,3.3317999839782715
7,410,3.1599864959716797
7,411,3.150909185409546
7,412,2.986699342727661
7,413,2.359088659286499
7,414,2.608181953430176
7,415,2.780372142791748
7,416,3.32098388671875
7,417,2.2787108421325684
7,418,2.9924683570861816
7,419,3.758739948272705
7,420,2.129636287689209
7,421,2.708801507949829
7,422,2.4278500080108643
7,423,2.227283000946045
7,424,2.8466501235961914
7,425,3.3286499977111816
7,426,2.3515729904174805
7,427,3.136927366256714
7,428,3.1760153770446777
7,429,2.8454675674438477
7,430,3.9369776248931885
7,431,2.449500799179077
7,432,2.1631581783294678
7,433,2.8185195922851562
7,434,3.0043394565582275
7,435,3.7988390922546387
7,436,3.0305118560791016
7,437,3.834120273590088
7,438,2.9465715885162354
7,439,4.136045932769775
7,440,3.0967366695404053
7,441,2.5988211631774902
7,442,3.241081476211548
7,443,2.9285974502563477
7,444,2.8539645671844482
7,445,3.0148046016693115
7,446,2.565392255783081
7,447,3.11726450920105
7,448,3.030531167984009
7,449,2.7607064247131348
7,450,3.8813374042510986
7,451,3.00563907623291
7,452,2.925079345703125
7,453,2.8123536109924316
7,454,2.5305709838867188
7,455,2.946565628051758
7,456,3.195641040802002
7,457,3.376828908920288
7,458,2.7494916915893555
7,459,4.048819541931152
7,460,2.315495491027832
7,461,4.089724540710449
7,462,2.2747108936309814
7,463,2.581197738647461
7,464,2.538550615310669
7,465,2.5434131622314453
7,466,2.523827314376831
7,467,2.395726203918457
7,468,3.7266345024108887
7,469,2.3108267784118652
7,470,3.125467538833618
7,471,2.9568397998809814
7,472,2.7362096309661865
7,473,2.4227848052978516
7,474,2.223266363143921
7,475,2.9129490852355957
7,476,2.6077075004577637
7,477,3.168856143951416
7,478,3.3416147232055664
7,479,2.5279130935668945
7,480,2.9975075721740723
7,481,3.4725732803344727
7,482,2.7506747245788574
7,483,2.366332530975342
7,484,2.253788948059082
7,485,3.496819257736206
7,486,2.6244418621063232
7,487,2.6380691528320312
7,488,4.156843662261963
7,489,3.5744504928588867
7,490,2.982023239135742
7,491,2.6962437629699707
7,492,2.633532762527466
7,493,2.8903462886810303
7,494,2.434760570526123
7,495,3.371889114379883
7,496,2.4415721893310547
7,497,2.7527964115142822
7,498,3.5682661533355713
7,499,2.741107940673828
7,500,2.442934036254883
7,501,2.672330856323242
7,502,4.009294033050537
7,503,2.6820285320281982
7,504,2.6787354946136475
7,505,2.9253227710723877
7,506,2.6162517070770264
7,507,3.273101329803467
7,508,2.1967544555664062
7,509,2.5573298931121826
7,510,2.462399959564209
7,511,3.413142204284668
7,512,3.3065755367279053
7,513,2.5792250633239746
7,514,2.970771551132202
7,515,3.0565450191497803
7,516,3.1123642921447754
7,517,2.5654001235961914
7,518,3.210339069366455
7,519,2.9389164447784424
7,520,2.967766284942627
7,521,2.1161394119262695
7,522,3.2343802452087402
7,523,3.3867201805114746
7,524,3.2943880558013916
7,525,3.000784158706665
7,526,3.5282340049743652
7,527,2.85046124458313
7,528,2.5148394107818604
7,529,2.8216443061828613
7,530,3.770658493041992
7,531,3.4372591972351074
7,532,2.2865161895751953
7,533,2.5717968940734863
7,534,3.2307214736938477
7,535,2.888942241668701
7,536,2.3999216556549072
7,537,2.923586368560791
7,538,2.812687873840332
7,539,2.8057024478912354
7,540,3.220579147338867
7,541,2.3596551418304443
7,542,2.6540606021881104
7,543,3.321558952331543
7,544,3.5347838401794434
7,545,3.576064109802246
7,546,2.795311450958252
7,547,2.4217488765716553
7,548,2.604541778564453
7,549,3.0903913974761963
7,550,3.4021291732788086
7,551,2.8027830123901367
7,552,3.631396532058716
7,553,2.5051779747009277
7,554,2.7554931640625
7,555,2.7046988010406494
7,556,2.0361669063568115
7,557,3.9001903533935547
7,558,2.7993593215942383
7,559,2.40993595123291
7,560,4.3077778816223145
7,561,3.3990023136138916
7,562,3.2928543090820312
7,563,2.6201930046081543
7,564,2.884251594543457
7,565,2.708561658859253
7,566,4.230711936950684
7,567,3.889404058456421
7,568,2.0667471885681152
7,569,2.5233840942382812
7,570,2.4858152866363525
7,571,3.820937156677246
7,572,3.2438199520111084
7,573,2.193838596343994
7,574,2.4684207439422607
7,575,2.3443140983581543
7,576,2.386629581451416
7,577,2.2581143379211426
7,578,2.686614513397217
7,579,2.658950090408325
7,580,3.270537853240967
7,581,3.0104548931121826
7,582,2.873391628265381
7,583,3.1005191802978516
7,584,2.924309730529785
7,585,2.4995977878570557
7,586,3.07511043548584
7,587,2.72409725189209
7,588,2.588817834854126
7,589,1.9031007289886475
7,590,2.7745919227600098
7,591,2.8914761543273926
7,592,2.637822389602661
7,593,3.7172629833221436
7,594,3.7242238521575928
7,595,2.901928424835205
7,596,2.8018810749053955
7,597,2.63671875
7,598,3.0497922897338867
7,599,2.625706434249878
7,600,2.6494102478027344
7,601,3.1871485710144043
7,602,3.0342049598693848
7,603,2.1108882427215576
7,604,2.9971323013305664
7,605,2.8307361602783203
7,606,3.2903881072998047
7,607,2.958185911178589
7,608,2.828827142715454
7,609,2.420441150665283
7,610,2.4319007396698
7,611,3.2617931365966797
7,612,3.560880661010742
7,613,3.9740612506866455
7,614,3.8036584854125977
7,615,3.0620594024658203
7,616,3.762298822402954
7,617,2.872032880783081
7,618,2.4645378589630127
7,619,4.173603534698486
7,620,3.577275276184082
7,621,2.8145806789398193
7,622,3.3286056518554688
7,623,3.674474000930786
7,624,2.387521266937256
7,625,3.198652744293213
7,626,2.3306455612182617
7,627,3.283176898956299
7,628,2.6551156044006348
7,629,2.6092417240142822
7,630,3.134991407394409
7,631,2.883455276489258
7,632,2.458162307739258
7,633,2.805396318435669
7,634,2.2734498977661133
7,635,3.4062278270721436
7,636,2.5707015991210938
7,637,2.8771469593048096
7,638,2.353429079055786
7,639,2.174471855163574
7,640,2.5240819454193115
7,641,3.4162545204162598
7,642,2.62834095954895
7,643,2.553420066833496
7,644,2.9173760414123535
7,645,2.367811441421509
7,646,2.6529486179351807
7,647,3.319597005844116
7,648,3.8473763465881348
7,649,3.139148473739624
7,650,2.023911714553833
7,651,2.503230094909668
7,652,2.2448110580444336
7,653,3.2462358474731445
7,654,3.076904535293579
7,655,1.8384358882904053
7,656,2.4811317920684814
7,657,3.3754868507385254
7,658,2.3676722049713135
7,659,3.0124988555908203
7,660,4.287002086639404
7,661,2.8273658752441406
7,662,2.3423428535461426
7,663,2.7675299644470215
7,664,3.5211853981018066
7,665,3.13910174369812
7,666,3.688523769378662
7,667,2.5064215660095215
7,668,2.7500500679016113
7,669,2.9369747638702393
7,670,3.778628349304199
7,671,2.6734182834625244
7,672,3.1186904907226562
7,673,4.110088348388672
7,674,3.4051146507263184
7,675,2.683485746383667
7,676,2.793462038040161
7,677,3.4321842193603516
7,678,3.0684967041015625
7,679,2.7903974056243896
7,680,2.293311357498169
7,681,3.371215343475342
7,682,2.504934549331665
7,683,3.2581229209899902
7,684,2.6004114151000977
7,685,2.586000919342041
7,686,2.9838290214538574
7,687,3.1770336627960205
7,688,3.142282485961914
7,689,3.0577566623687744
7,690,2.7742362022399902
7,691,3.1504509449005127
7,692,3.240914821624756
7,693,2.0311849117279053
7,694,2.5150065422058105
7,695,2.447639226913452
7,696,2.9221646785736084
7,697,3.3459019660949707
7,698,3.4711623191833496
7,699,2.599421501159668
7,700,2.826523780822754
7,701,2.3204565048217773
7,702,4.358795166015625
7,703,2.163835048675537
7,704,3.73026442527771
7,705,3.1127939224243164
7,706,3.974555492401123
7,707,2.637369155883789
7,708,2.778657913208008
7,709,2.8797600269317627
7,710,2.610950231552124
7,711,2.5702157020568848
7,712,3.3599841594696045
7,713,3.2816762924194336
7,714,3.020097255706787
7,715,3.6462013721466064
7,716,3.1159071922302246
7,717,2.642601728439331
7,718,2.2832999229431152
7,719,2.6351840496063232
7,720,2.6025187969207764
7,721,2.709894895553589
7,722,3.4072983264923096
7,723,3.0482852458953857
7,724,3.136465311050415
7,725,2.7273411750793457
7,726,3.6441128253936768
7,727,2.9186317920684814
7,728,2.9336562156677246
7,729,2.902451992034912
7,730,3.056506633758545
7,731,2.9297690391540527
7,732,2.0252492427825928
7,733,2.4260265827178955
7,734,2.830747127532959
7,735,2.7328436374664307
7,736,3.579267978668213
7,737,2.9197168350219727
7,738,2.163074493408203
7,739,3.003303289413452
7,740,2.041733980178833
7,741,2.5195398330688477
7,742,2.7446084022521973
7,743,2.657721519470215
7,744,3.356027603149414
7,745,3.1768124103546143
7,746,3.3352766036987305
7,747,2.9041762351989746
7,748,2.827829599380493
7,749,3.1578969955444336
7,750,2.6581315994262695
7,751,2.9400877952575684
7,752,2.9734883308410645
7,753,3.0027310848236084
7,754,3.658858060836792
7,755,3.3608689308166504
7,756,3.3418495655059814
7,757,2.4658360481262207
7,758,2.6479146480560303
7,759,2.0743868350982666
7,760,3.006664752960205
7,761,3.276275157928467
7,762,2.849452495574951
7,763,2.3393819332122803
7,764,2.8861522674560547
7,765,2.762056350708008
7,766,2.932084321975708
7,767,2.3025946617126465
7,768,3.2571444511413574
7,769,2.7747294902801514
7,770,2.895717144012451
7,771,3.030186653137207
7,772,2.0956308841705322
7,773,2.6586103439331055
7,774,3.078615427017212
7,775,2.8854498863220215
7,776,2.525416851043701
7,777,3.2345149517059326
7,778,3.358468532562256
7,779,2.7060370445251465
7,780,3.361048698425293
7,781,3.1677207946777344
7,782,2.2091262340545654
7,783,2.6706957817077637
7,784,2.316746234893799
7,785,3.121659517288208
7,786,3.5107641220092773
7,787,2.4889957904815674
7,788,2.0893874168395996
7,789,2.0671517848968506
7,790,3.172818660736084
7,791,2.673326015472412
7,792,3.5879344940185547
7,793,3.6730289459228516
7,794,2.6244072914123535
7,795,2.851850748062134
7,796,3.0400805473327637
7,797,2.7782299518585205
7,798,2.592196226119995
7,799,3.417585849761963
7,800,3.04811429977417
7,801,2.6824235916137695
7,802,3.8510422706604004
7,803,2.925837516784668
7,804,2.992549419403076
7,805,2.450599193572998
7,806,3.5610857009887695
7,807,2.6993541717529297
7,808,2.557187795639038
7,809,3.5576529502868652
7,810,2.8248167037963867
7,811,3.5866804122924805
7,812,2.4033617973327637
7,813,2.8500702381134033
7,814,3.4772326946258545
7,815,4.127281188964844
7,816,3.6727094650268555
7,817,2.2059595584869385
7,818,3.037933111190796
7,819,2.6986780166625977
7,820,2.688209056854248
7,821,2.745096206665039
7,822,2.608907461166382
7,823,2.21993350982666
7,824,2.4899983406066895
7,825,2.6179869174957275
7,826,3.047682762145996
7,827,3.0436415672302246
7,828,3.1078217029571533
7,829,2.227536678314209
7,830,2.3966784477233887
8,0,4.496691703796387
8,1,3.0628538131713867
8,2,2.0425074100494385
8,3,2.344869613647461
8,4,1.911824107170105
8,5,3.5513858795166016
8,6,2.3752729892730713
8,7,3.161778450012207
8,8,2.4737515449523926
8,9,2.610774040222168
8,10,2.0709903240203857
8,11,3.316699981689453
8,12,2.2590012550354004
8,13,2.6970953941345215
8,14,3.023547649383545
8,15,2.8357768058776855
8,16,2.3434243202209473
8,17,2.887096881866455
8,18,2.2003674507141113
8,19,3.6423850059509277
8,20,2.528766632080078
8,21,3.1658787727355957
8,22,2.497098445892334
8,23,3.1950764656066895
8,24,2.7602689266204834
8,25,2.9477272033691406
8,26,3.0299854278564453
8,27,2.4212357997894287
8,28,2.8978118896484375
8,29,1.781184434890747
8,30,2.7749509811401367
8,31,2.7546300888061523
8,32,3.4255499839782715
8,33,3.1985111236572266
8,34,4.2384843826293945
8,35,2.704972267150879
8,36,2.9659337997436523
8,37,3.4914417266845703
8,38,2.508514642715454
8,39,2.695854663848877
8,40,2.5568039417266846
8,41,2.565469741821289
8,42,1.7419979572296143
8,43,1.7095041275024414
8,44,2.4840474128723145
8,45,3.92935848236084
8,46,2.884113073348999
8,47,2.4806103706359863
8,48,2.708718776702881
8,49,3.4648497104644775
8,50,3.121060848236084
8,51,3.343803882598877
8,52,2.8930864334106445
8,53,3.07243013381958
8,54,2.2804160118103027
8,55,3.665564775466919
8,56,3.0644872188568115
8,57,2.779249429702759
8,58,2.8971686363220215
8,59,4.179370403289795
8,60,2.623452663421631
8,61,2.630805015563965
8,62,2.3164215087890625
8,63,2.8367443084716797
8,64,2.9874210357666016
8,65,3.228154182434082
8,66,2.7702784538269043
8,67,2.482698917388916
8,68,2.4920942783355713
8,69,2.7059738636016846
8,70,2.6434381008148193
8,71,2.6724278926849365
8,72,2.217165946960449
8,73,2.6796798706054688
8,74,2.8253235816955566
8,75,1.721773624420166
8,76,2.688748598098755
8,77,3.1552717685699463
8,78,3.140298366546631
8,79,3.0808730125427246
8,80,2.803586006164551
8,81,3.4097344875335693
8,82,2.380626916885376
8,83,3.0533595085144043
8,84,2.449023485183716
8,85,3.1441659927368164
8,86,3.282627820968628
8,87,2.6434662342071533
8,88,2.8352432250976562
8,89,2.4185032844543457
8,90,2.2810935974121094
8,91,2.4311487674713135
8,92,3.2382819652557373
8,93,2.4205942153930664
8,94,3.298872232437134
8,95,2.7334656715393066
8,96,2.8346807956695557
8,97,2.2881968021392822
8,98,2.134525775909424
8,99,2.6202712059020996
8,100,2.3019747734069824
8,101,3.6954712867736816
8,102,3.066204309463501
8,103,1.9589030742645264
8,104,3.264781951904297
8,105,2.7893826961517334
8,106,3.7209160327911377
8,107,2.35259747505188
8,108,2.6927294731140137
8,109,2.5928597450256348
8,110,2.6579904556274414
8,111,2.649632215499878
8,112,2.2386903762817383
8,113,2.3942711353302
8,114,3.266019344329834
8,115,3.0157899856567383
8,116,2.426474094390869
8,117,3.069850444793701
8,118,2.487865447998047
8,119,3.637863874435425
8,120,2.795660972595215
8,121,2.641186475753784
8,122,2.3835337162017822
8,123,2.7936840057373047
8,124,2.7150583267211914
8,125,2.2587997913360596
8,126,3.3470916748046875
8,127,3.139017343521118
8,128,2.304628849029541
8,129,2.773934841156006
8,130,3.145958423614502
8,131,2.9189271926879883
8,132,2.7284767627716064
8,133,2.7629947662353516
8,134,2.507894992828369
8,135,2.763876438140869
8,136,2.387463092803955
8,137,3.0157952308654785
8,138,3.58015775680542
8,139,3.391977548599243
8,140,1.9624452590942383
8,141,2.5306103229522705
8,142,3.013234853744507
8,143,3.0627951622009277
8,144,2.9559578895568848
8,145,2.8680973052978516
8,146,3.0004501342773438
8,147,2.6564040184020996
8,148,3.4222257137298584
8,149,2.7010915279388428
8,150,2.9664535522460938
8,151,2.774418830871582
8,152,2.9225292205810547
8,153,2.7475428581237793
8,154,2.393970012664795
8,155,3.030735969543457
8,156,2.9552156925201416
8,157,2.7261929512023926
8,158,3.2463784217834473
8,159,3.443256378173828
8,160,3.4202041625976562
8,161,2.2864365577697754
8,162,3.600045680999756
8,163,3.27048921585083
8,164,2.8765621185302734
8,165,2.7098608016967773
8,166,2.52463698387146
8,167,3.0714902877807617
8,168,2.2387642860412598
8,169,2.812891960144043
8,170,2.5502381324768066
8,171,3.1322133541107178
8,172,2.4638209342956543
8,173,3.1419291496276855
8,174,2.778787136077881
8,175,2.517542839050293
8,176,2.820284843444824
8,177,2.6550726890563965
8,178,2.3290348052978516
8,179,3.8585433959960938
8,180,3.2731096744537354
8,181,2.701885223388672
8,182,2.501856565475464
8,183,2.5340845584869385
8,184,2.3020379543304443
8,185,3.190317153930664
8,186,2.575012445449829
8,187,4.049749374389648
8,188,3.4092822074890137
8,189,2.41460919380188
8,190,2.685579538345337
8,191,2.475918769836426
8,192,2.619288921356201
8,193,3.114854574203491
8,194,2.2693824768066406
8,195,2.6811575889587402
8,196,2.1114420890808105
8,197,2.402261734008789
8,198,2.275618553161621
8,199,2.995049238204956
8,200,3.399353504180908
8,201,2.5474495887756348
8,202,2.5541880130767822
8,203,2.147693634033203
8,204,2.5953798294067383
8,205,2.9376683235168457
8,206,3.2558302879333496
8,207,2.8247761726379395
8,208,3.016160011291504
8,209,2.0447065830230713
8,210,2.578897714614868
8,211,2.570542812347412
8,212,3.083435535430908
8,213,3.4444973468780518
8,214,3.8871519565582275
8,215,3.6304447650909424
8,216,3.297027587890625
8,217,2.648982286453247
8,218,2.375755548477173
8,219,2.7665750980377197
8,220,2.6689870357513428
8,221,2.5176126956939697
8,222,2.9147582054138184
8,223,3.1121883392333984
8,224,3.4500982761383057
8,225,2.715287446975708
8,226,2.806809663772583
8,227,3.0508785247802734
8,228,2.808852434158325
8,229,2.47143816947937
8,230,2.2633776664733887
8,231,2.79955792427063
8,232,2.5657429695129395
8,233,2.522707462310791
8,234,3.432901382446289
8,235,2.493600368499756
8,236,2.837599754333496
8,237,4.4789509773254395
8,238,2.4451489448547363
8,239,2.6721625328063965
8,240,2.8294477462768555
8,241,2.7207422256469727
8,242,2.9455788135528564
8,243,2.6025547981262207
8,244,2.7996065616607666
8,245,2.1671695709228516
8,246,2.6803395748138428
8,247,3.4123995304107666
8,248,3.511788845062256
8,249,2.147261619567871
8,250,2.297633647918701
8,251,2.4128079414367676
8,252,3.3107683658599854
8,253,3.005768299102783
8,254,3.506244659423828
8,255,3.6436994075775146
8,256,2.898902654647827
8,257,2.2201426029205322
8,258,2.850245952606201
8,259,3.2494397163391113
8,260,2.320600986480713
8,261,2.92929744720459
8,262,2.4221854209899902
8,263,2.4666781425476074
8,264,2.8559517860412598
8,265,3.172865867614746
8,266,2.3030643463134766
8,267,2.5617740154266357
8,268,2.7472119331359863
8,269,2.7490007877349854
8,270,2.7752065658569336
8,271,2.777677297592163
8,272,2.7982587814331055
8,273,3.4759817123413086
8,274,2.3660881519317627
8,275,2.6843438148498535
8,276,3.4770123958587646
8,277,2.9584994316101074
8,278,2.6202049255371094
8,279,2.8964571952819824
8,280,3.0187559127807617
8,281,4.299522876739502
8,282,3.4415135383605957
8,283,2.4220340251922607
8,284,2.6814842224121094
8,285,2.575944423675537
8,286,2.855839490890503
8,287,2.933964252471924
8,288,3.545396327972412
8,289,2.6178793907165527
8,290,2.929483413696289
8,291,2.5649242401123047
8,292,2.9050333499908447
8,293,2.6158394813537598
8,294,2.734776496887207
8,295,2.348438024520874
8,296,2.45906400680542
8,297,2.904580593109131
8,298,2.508568048477173
8,299,2.5980277061462402
8,300,3.120659828186035
8,301,3.051967144012451
8,302,2.5171117782592773
8,303,3.170095443725586
8,304,2.511078357696533
8,305,2.3911314010620117
8,306,2.9204540252685547
8,307,3.701220989227295
8,308,2.618365526199341
8,309,2.666874408721924
8,310,3.0436878204345703
8,311,3.0335426330566406
8,312,3.358175754547119
8,313,2.605295181274414
8,314,3.000393867492676
8,315,2.759371042251587
8,316,3.6166486740112305
8,317,2.6724300384521484
8,318,3.20589542388916
8,319,2.197920322418213
8,320,2.64188289642334
8,321,2.6819772720336914
8,322,2.4448256492614746
8,323,2.938659191131592
8,324,3.2223575115203857
8,325,2.7049598693847656
8,326,2.352385997772217
8,327,2.52406644821167
8,328,2.989231586456299
8,329,2.3485543727874756
8,330,2.7639498710632324
8,331,2.4482665061950684
8,332,2.6663928031921387
8,333,2.323382616043091
8,334,2.6711196899414062
8,335,2.233301877975464
8,336,2.468961477279663
8,337,2.307842493057251
8,338,2.5359549522399902
8,339,3.966958999633789
8,340,2.5666449069976807
8,341,2.7975945472717285
8,342,2.6172702312469482
8,343,2.424687385559082
8,344,2.4628963470458984
8,345,3.0491955280303955
8,346,2.140526294708252
8,347,3.5492546558380127
8,348,2.472496509552002
8,349,2.674269199371338
8,350,3.1835594177246094
8,351,2.5409152507781982
8,352,3.059152126312256
8,353,3.2764313220977783
8,354,2.319176197052002
8,355,2.9173293113708496
8,356,2.6022870540618896
8,357,2.2042977809906006
8,358,2.772536516189575
8,359,2.612853527069092
8,360,2.758822441101074
8,361,2.982215166091919
8,362,3.044175863265991
8,363,2.635770320892334
8,364,3.0846242904663086
8,365,3.4466443061828613
8,366,3.8148088455200195
8,367,2.5624008178710938
8,368,2.0555126667022705
8,369,2.633192777633667
8,370,2.8546366691589355
8,371,3.721642017364502
8,372,2.5734477043151855
8,373,2.8017754554748535
8,374,3.3291776180267334
8,375,3.247424364089966
8,376,2.7533328533172607
8,377,2.681281328201294
8,378,2.8393008708953857
8,379,2.4552268981933594
8,380,2.7567453384399414
8,381,3.097092628479004
8,382,2.5144007205963135
8,383,2.4868791103363037
8,384,2.8863401412963867
8,385,2.5727109909057617
8,386,4.012030124664307
8,387,3.242253303527832
8,388,2.760159492492676
8,389,2.786019802093506
8,390,2.7479588985443115
8,391,2.627969980239868
8,392,3.6527252197265625
8,393,3.435760021209717
8,394,3.1846017837524414
8,395,3.6644768714904785
8,396,2.7697486877441406
8,397,3.6532888412475586
8,398,2.6546335220336914
8,399,3.249901056289673
8,400,2.2904741764068604
8,401,3.353503704071045
8,402,3.052511215209961
8,403,2.405219554901123
8,404,3.5061278343200684
8,405,2.516200065612793
8,406,3.1054224967956543
8,407,2.3158273696899414
8,408,3.409214496612549
8,409,2.683535575866699
8,410,3.50081729888916
8,411,2.973180055618286
8,412,2.627377510070801
8,413,2.2416253089904785
8,414,2.4568912982940674
8,415,3.222043991088867
8,416,2.7912039756774902
8,417,2.870635747909546
8,418,3.285224437713623
8,419,2.0232157707214355
8,420,3.2393736839294434
8,421,3.9206488132476807
8,422,3.076612710952759
8,423,3.6120407581329346
8,424,2.6259443759918213
8,425,2.7921817302703857
8,426,3.0376715660095215
8,427,2.7540416717529297
8,428,3.8354086875915527
8,429,3.1142613887786865
8,430,2.970294952392578
8,431,2.2807257175445557
8,432,2.2805752754211426
8,433,2.4700024127960205
8,434,3.0071656703948975
8,435,2.8161892890930176
8,436,2.706129550933838
8,437,2.970072031021118
8,438,2.753476142883301
8,439,2.9475462436676025
8,440,2.628793239593506
8,441,2.779207706451416
8,442,2.277531147003174
8,443,3.249093770980835
8,444,2.0091280937194824
8,445,2.8759477138519287
8,446,3.6302671432495117
8,447,3.545179843902588
8,448,2.4778342247009277
8,449,3.2537498474121094
8,450,3.026704788208008
8,451,2.931168556213379
8,452,2.083836555480957
8,453,3.6243906021118164
8,454,3.3753662109375
8,455,3.4445688724517822
8,456,2.635601043701172
8,457,2.7209372520446777
8,458,3.331204891204834
8,459,3.2742106914520264
8,460,2.75874662399292
8,461,2.486685276031494
8,462,2.1714138984680176
8,463,3.234170913696289
8,464,3.465650796890259
8,465,2.760950803756714
8,466,2.2338733673095703
8,467,2.733297348022461
8,468,2.9316537380218506
8,469,3.930121421813965
8,470,2.2246930599212646
8,471,2.7562572956085205
8,472,3.7889351844787598
8,473,2.9148950576782227
8,474,2.7254974842071533
8,475,2.683190107345581
8,476,2.6041324138641357
8,477,2.5055952072143555
8,478,2.4068057537078857
8,479,2.883810520172119
8,480,2.3385777473449707
8,481,3.6802713871002197
8,482,2.8045287132263184
8,483,3.0539588928222656
8,484,3.093041181564331
8,485,2.8524513244628906
8,486,2.9461281299591064
8,487,2.129936695098877
8,488,3.4262170791625977
8,489,2.4968037605285645
8,490,2.374250888824463
8,491,2.5070836544036865
8,492,3.208185911178589
8,493,2.7560458183288574
8,494,2.430124282836914
8,495,3.209479570388794
8,496,2.825190544128418
8,497,2.434497356414795
8,498,3.4887499809265137
8,499,3.0189223289489746
8,500,3.2340774536132812
8,501,2.830232620239258
8,502,2.767324209213257
8,503,2.7474231719970703
8,504,3.277164936065674
8,505,2.450345277786255
8,506,2.318967580795288
8,507,2.981020212173462
8,508,2.8109030723571777
8,509,2.6764564514160156
8,510,3.1011366844177246
8,511,2.341973304748535
8,512,3.718496084213257
8,513,3.051913022994995
8,514,2.8728079795837402
8,515,2.539931535720825
8,516,1.9610023498535156
8,517,2.7750186920166016
8,518,2.5726869106292725
8,519,3.193603754043579
8,520,3.6165857315063477
8,521,2.4033265113830566
8,522,3.492532253265381
8,523,2.0051631927490234
8,524,3.971041202545166
8,525,3.0469119548797607
8,526,3.0473315715789795
8,527,2.7490224838256836
8,528,2.9280195236206055
8,529,2.292567491531372
8,530,2.8713595867156982
8,531,3.3042807579040527
8,532,2.861327886581421
8,533,3.110139846801758
8,534,2.667806386947632
8,535,2.9392521381378174
8,536,2.3291614055633545
8,537,3.2132959365844727
8,538,3.4016640186309814
8,539,2.452449083328247
8,540,4.130552291870117
8,541,4.210990905761719
8,542,3.0167746543884277
8,543,2.7026476860046387
8,544,2.968069314956665
8,545,2.2697970867156982
8,546,2.7535171508789062
8,547,2.664609909057617
8,548,2.223639488220215
8,549,2.6339757442474365
8,550,3.117792844772339
8,551,3.7635135650634766
8,552,3.920795440673828
8,553,2.5798373222351074
8,554,2.897883892059326
8,555,2.775064706802368
8,556,3.649012565612793
8,557,3.509744644165039
8,558,3.1077442169189453
8,559,2.3623690605163574
8,560,3.267827033996582
8,561,3.0337929725646973
8,562,2.8659000396728516
8,563,2.513136386871338
8,564,3.0351951122283936
8,565,2.7429683208465576
8,566,2.4327356815338135
8,567,2.1899454593658447
8,568,1.964881420135498
8,569,2.4391098022460938
8,570,2.94037127494812
8,571,2.451599597930908
8,572,2.639763593673706
8,573,2.6346182823181152
8,574,2.412604570388794
8,575,2.6504664421081543
8,576,3.2152724266052246
8,577,3.8853559494018555
8,578,3.826080799102783
8,579,2.528311252593994
8,580,2.1734964847564697
8,581,2.7730071544647217
8,582,2.3804574012756348
8,583,3.7949399948120117
8,584,2.712839126586914
8,585,2.7132656574249268
8,586,3.1277620792388916
8,587,2.3772034645080566
8,588,2.892899751663208
8,589,3.1380858421325684
8,590,3.6536426544189453
8,591,2.6890907287597656
8,592,2.4774138927459717
8,593,2.8187386989593506
8,594,3.1303138732910156
8,595,2.8029398918151855
8,596,3.0710959434509277
8,597,1.9297356605529785
8,598,2.914857864379883
8,599,2.846649646759033
8,600,2.2912240028381348
8,601,2.6816327571868896
8,602,3.7706339359283447
8,603,2.8441953659057617
8,604,3.617208957672119
8,605,2.689809560775757
8,606,3.0573365688323975
8,607,2.6144790649414062
8,608,2.351947546005249
8,609,2.552504777908325
8,610,2.3259172439575195
8,611,2.499680757522583
8,612,3.193195104598999
8,613,3.1452291011810303
8,614,3.4340014457702637
8,615,2.6354215145111084
8,616,3.0148491859436035
8,617,2.0245728492736816
8,618,2.5606532096862793
8,619,2.3737382888793945
8,620,2.5161309242248535
8,621,2.580718755722046
8,622,2.84926700592041
8,623,2.3513734340667725
8,624,2.716191291809082
8,625,2.9304704666137695
8,626,2.407991647720337
8,627,2.4754085540771484
8,628,3.1277647018432617
8,629,2.2706339359283447
8,630,2.987903118133545
8,631,2.34608793258667
8,632,2.597296714782715
8,633,2.8987464904785156
8,634,1.7783182859420776
8,635,2.3781800270080566
8,636,2.537787437438965
8,637,2.8086841106414795
8,638,2.947416305541992
8,639,2.931601047515869
8,640,2.6760785579681396
8,641,3.0034868717193604
8,642,2.9286367893218994
8,643,3.330291271209717
8,644,2.464033603668213
8,645,4.66140079498291
8,646,3.044309616088867
8,647,2.8644285202026367
8,648,3.181274175643921
8,649,2.366669178009033
8,650,2.557687520980835
8,651,2.5454294681549072
8,652,2.143832206726074
8,653,2.217254638671875
8,654,3.1263341903686523
8,655,1.9481579065322876
8,656,2.50006365776062
8,657,2.75705623626709
8,658,3.2557010650634766
8,659,3.0914454460144043
8,660,2.3447811603546143
8,661,2.9706645011901855
8,662,2.1890878677368164
8,663,3.296330451965332
8,664,3.041696071624756
8,665,2.617044687271118
8,666,2.7729618549346924
8,667,2.3522119522094727
8,668,2.73610258102417
8,669,2.890964984893799
8,670,2.8004555702209473
8,671,2.6105353832244873
8,672,3.286597967147827
8,673,3.5437123775482178
8,674,2.833231210708618
8,675,3.1853272914886475
8,676,2.583848476409912
8,677,3.4377543926239014
8,678,1.953075647354126
8,679,2.75813889503479
8,680,2.4321603775024414
8,681,2.218867540359497
8,682,2.2598185539245605
8,683,3.078756809234619
8,684,3.182323455810547
8,685,3.7041831016540527
8,686,2.7434768676757812
8,687,2.3514842987060547
8,688,2.3422932624816895
8,689,2.822331428527832
8,690,2.5410826206207275
8,691,3.1913232803344727
8,692,2.8805911540985107
8,693,2.860720157623291
8,694,2.170226812362671
8,695,2.637615203857422
8,696,2.9528419971466064
8,697,3.0498058795928955
8,698,2.5430314540863037
8,699,2.257958173751831
8,700,1.8926453590393066
8,701,2.2055671215057373
8,702,2.8255696296691895
8,703,2.588838577270508
8,704,3.2807130813598633
8,705,2.9725229740142822
8,706,2.7170863151550293
8,707,2.298260450363159
8,708,2.3577158451080322
8,709,3.4650678634643555
8,710,2.7007155418395996
8,711,3.6376266479492188
8,712,3.2724363803863525
8,713,2.5312438011169434
8,714,2.8691582679748535
8,715,2.8732075691223145
8,716,2.6275999546051025
8,717,2.61895751953125
8,718,2.4321279525756836
8,719,2.957892656326294
8,720,3.321321487426758
8,721,2.5321383476257324
8,722,2.879376173019409
8,723,2.955840826034546
8,724,1.9931179285049438
8,725,2.762352228164673
8,726,2.8805174827575684
8,727,3.2968618869781494
8,728,2.840320110321045
8,729,2.5384225845336914
8,730,2.330219030380249
8,731,2.1162679195404053
8,732,2.658914804458618
8,733,2.3670220375061035
8,734,3.1442365646362305
8,735,2.6762189865112305
8,736,2.216820240020752
8,737,2.7329113483428955
8,738,2.525015115737915
8,739,2.95212984085083
8,740,3.668018102645874
8,741,2.5926811695098877
8,742,2.30441951751709
8,743,2.2885634899139404
8,744,2.3443403244018555
8,745,3.030456066131592
8,746,2.648210048675537
8,747,2.6060943603515625
8,748,2.1510047912597656
8,749,2.3931338787078857
8,750,2.926285743713379
8,751,2.948636293411255
8,752,3.10742449760437
8,753,2.358865261077881
8,754,2.802666187286377
8,755,3.1417436599731445
8,756,3.0141472816467285
8,757,2.276571273803711
8,758,3.6858201026916504
8,759,2.2119674682617188
8,760,2.259559154510498
8,761,2.7851791381835938
8,762,2.7152390480041504
8,763,2.8996002674102783
8,764,2.6319236755371094
8,765,2.136216878890991
8,766,2.1325292587280273
8,767,3.033540964126587
8,768,2.4688684940338135
8,769,2.8698806762695312
8,770,2.525697946548462
8,771,2.803994655609131
8,772,2.4627485275268555
8,773,3.260098695755005
8,774,3.4949142932891846
8,775,2.528587818145752
8,776,3.1968326568603516
8,777,2.9072773456573486
8,778,3.8237335681915283
8,779,2.8769774436950684
8,780,3.5546810626983643
8,781,3.600738525390625
8,782,3.4042882919311523
8,783,3.220628261566162
8,784,3.1317389011383057
8,785,2.4790637493133545
8,786,2.8434760570526123
8,787,3.275106906890869
8,788,2.504763603210449
8,789,2.7292394638061523
8,790,2.158930778503418
8,791,3.4203453063964844
8,792,3.1018218994140625
8,793,2.3506836891174316
8,794,2.4983081817626953
8,795,3.224112033843994
8,796,2.879574775695801
8,797,2.560208320617676
8,798,2.3850059509277344
8,799,3.5549237728118896
8,800,2.535973072052002
8,801,2.741011142730713
8,802,2.9482057094573975
8,803,2.7316994667053223
8,804,2.9162185192108154
8,805,3.084855556488037
8,806,3.3325161933898926
8,807,2.7340991497039795
8,808,2.585658550262451
8,809,3.426076650619507
8,810,2.676243305206299
8,811,3.525763988494873
8,812,2.6946072578430176
8,813,2.7852530479431152
8,814,2.439776659011841
8,815,2.934699296951294
8,816,2.5798988342285156
8,817,3.1759326457977295
8,818,2.925729513168335
8,819,2.6124367713928223
8,820,2.7221872806549072
8,821,2.889134407043457
8,822,3.785000801086426
8,823,2.4005727767944336
8,824,2.6871461868286133
8,825,2.9521424770355225
8,826,2.5475587844848633
8,827,2.166489601135254
8,828,3.115980625152588
8,829,2.9503173828125
8,830,3.986392021179199
9,0,2.8144888877868652
9,1,2.72908878326416
9,2,2.5054662227630615
9,3,3.06133770942688
9,4,2.8001439571380615
9,5,3.269885778427124
9,6,2.567009925842285
9,7,2.547708749771118
9,8,2.938277006149292
9,9,3.0397775173187256
9,10,3.037078380584717
9,11,3.027421474456787
9,12,1.9778013229370117
9,13,2.2847466468811035
9,14,2.422536849975586
9,15,2.6225714683532715
9,16,2.9451520442962646
9,17,3.5121240615844727
9,18,2.6483871936798096
9,19,2.7158396244049072
9,20,2.6213009357452393
9,21,2.9434595108032227
9,22,3.733774423599243
9,23,2.403876543045044
9,24,3.6446759700775146
9,25,1.9437639713287354
9,26,2.97218656539917
9,27,2.925894260406494
9,28,2.5940327644348145
9,29,2.5694127082824707
9,30,2.2840781211853027
9,31,3.084232807159424
9,32,2.242480993270874
9,33,3.0277509689331055
9,34,3.5543839931488037
9,35,2.8244218826293945
9,36,2.67915678024292
9,37,2.448735237121582
9,38,3.476407051086426
9,39,2.4654743671417236
9,40,2.993997573852539
9,41,3.2922868728637695
9,42,2.7304604053497314
9,43,3.1554651260375977
9,44,2.4173450469970703
9,45,2.503192663192749
9,46,3.1043756008148193
9,47,2.4294772148132324
9,48,2.9769322872161865
9,49,3.2934162616729736
9,50,2.731106996536255
9,51,2.9415063858032227
9,52,2.6640875339508057
9,53,2.704296350479126
9,54,3.285916566848755
9,55,2.5533132553100586
9,56,3.0299551486968994
9,57,2.440181255340576
9,58,2.57100248336792
9,59,2.5375869274139404
9,60,3.429323673248291
9,61,1.9755349159240723
9,62,2.3381412029266357
9,63,2.260417938232422
9,64,2.948152780532837
9,65,2.7048511505126953
9,66,2.576869487762451
9,67,3.2289443016052246
9,68,3.0623021125793457
9,69,2.636678695678711
9,70,2.94100284576416
9,71,3.0978684425354004
9,72,2.6416702270507812
9,73,2.892442464828491
9,74,2.5756092071533203
9,75,2.268951892852783
9,76,3.0829403400421143
9,77,2.6313858032226562
9,78,3.245286464691162
9,79,1.9635882377624512
9,80,2.184983730316162
9,81,3.9269533157348633
9,82,2.712719440460205
9,83,3.4153363704681396
9,84,2.6130473613739014
9,85,2.934487819671631
9,86,2.6284189224243164
9,87,3.5299952030181885
9,88,2.970250368118286
9,89,2.9855170249938965
9,90,2.2790489196777344
9,91,2.829263210296631
9,92,2.724709987640381
9,93,2.594892978668213
9,94,2.5972495079040527
9,95,3.4645423889160156
9,96,3.3422775268554688
9,97,3.0435283184051514
9,98,2.662867546081543
9,99,2.3802003860473633
9,100,2.8959312438964844
9,101,3.1429600715637207
9,102,3.040645122528076
9,103,3.0315308570861816
9,104,2.4650564193725586
9,105,2.328155279159546
9,106,2.3798694610595703
9,107,3.6907105445861816
9,108,2.3395137786865234
9,109,3.249962329864502
9,110,1.9611988067626953
9,111,2.6862847805023193
9,112,3.170823574066162
9,113,2.1852540969848633
9,114,2.403412103652954
9,115,3.4415788650512695
9,116,1.9338865280151367
9,117,2.9912734031677246
9,118,2.8673667907714844
9,119,2.903381824493408
9,120,3.0053963661193848
9,121,3.4373831748962402
9,122,2.5451784133911133
9,123,3.2785608768463135
9,124,2.712301015853882
9,125,2.7917706966400146
9,126,3.2620513439178467
9,127,2.744381904602051
9,128,2.400094985961914
9,129,2.5233278274536133
9,130,2.905855178833008
9,131,3.2757108211517334
9,132,2.9587764739990234
9,133,2.5834763050079346
9,134,3.114285945892334
9,135,2.3832473754882812
9,136,2.4019076824188232
9,137,2.121065616607666
9,138,2.1175684928894043
9,139,2.3541810512542725
9,140,2.1930856704711914
9,141,2.810615062713623
9,142,2.892106533050537
9,143,3.4519262313842773
9,144,2.908663749694824
9,145,3.6144204139709473
9,146,2.4790000915527344
9,147,3.0750954151153564
9,148,2.7491683959960938
9,149,3.1909492015838623
9,150,2.7788119316101074
9,151,3.3648295402526855
9,152,2.48258900642395
9,153,2.7372756004333496
9,154,3.082601547241211
9,155,2.5284533500671387
9,156,3.893373489379883
9,157,2.591414451599121
9,158,3.0332813262939453
9,159,2.7769675254821777
9,160,2.638113498687744
9,161,3.237922191619873
9,162,2.209538459777832
9,163,2.8101470470428467
9,164,2.7338287830352783
9,165,3.1372766494750977
9,166,3.094289779663086
9,167,2.696835517883301
9,168,3.0731732845306396
9,169,4.143001556396484
9,170,2.966102123260498
9,171,2.46427845954895
9,172,2.6353495121002197
9,173,3.3213090896606445
9,174,2.9410839080810547
9,175,2.373525619506836
9,176,3.2408087253570557
9,177,3.2996628284454346
9,178,3.519059896469116
9,179,2.788841962814331
9,180,2.862753391265869
9,181,2.9250881671905518
9,182,3.0860464572906494
9,183,3.1451568603515625
9,184,2.465900182723999
9,185,2.874037742614746
9,186,3.9838192462921143
9,187,2.5204780101776123
9,188,2.9891419410705566
9,189,3.938448905944824
9,190,2.67182993888855
9,191,3.3349459171295166
9,192,3.143122673034668
9,193,3.33305025100708
9,194,2.563587188720703
9,195,2.9146060943603516
9,196,2.2762513160705566
9,197,2.4247043132781982
9,198,3.03385591506958
9,199,2.287623643875122
9,200,2.389160394668579
9,201,2.7116641998291016
9,202,2.874382734298706
9,203,3.8421437740325928
9,204,3.196643829345703
9,205,2.805410623550415
9,206,2.4606642723083496
9,207,2.567031145095825
9,208,2.7898447513580322
9,209,2.7665984630584717
9,210,3.5059518814086914
9,211,2.397634744644165
9,212,2.1358680725097656
9,213,2.806443214416504
9,214,1.9459729194641113
9,215,2.9855074882507324
9,216,2.448413372039795
9,217,2.491368293762207
9,218,3.03037166595459
9,219,2.8333897590637207
9,220,3.1574058532714844
9,221,2.617401123046875
9,222,2.597644805908203
9,223,3.0080246925354004
9,224,2.8911354541778564
9,225,3.2487528324127197
9,226,3.5289251804351807
9,227,2.7783401012420654
9,228,3.1225337982177734
9,229,2.534465789794922
9,230,4.103863716125488
9,231,3.496194362640381
9,232,3.2211480140686035
9,233,2.0596776008605957
9,234,3.3340625762939453
9,235,2.9405927658081055
9,236,3.0713391304016113
9,237,3.0325162410736084
9,238,2.747638702392578
9,239,2.601654529571533
9,240,3.09338641166687
9,241,2.520267963409424
9,242,2.544797420501709
9,243,3.7515015602111816
9,244,2.874347686767578
9,245,3.52335786819458
9,246,3.2308874130249023
9,247,3.2018375396728516
9,248,2.5111196041107178
9,249,2.6767349243164062
9,250,2.722929000854492
9,251,3.244109630584717
9,252,2.699017286300659
9,253,2.8707027435302734
9,254,3.239534378051758
9,255,3.884117603302002
9,256,2.866182565689087
9,257,2.965224027633667
9,258,2.2790303230285645
9,259,3.5335867404937744
9,260,2.756432056427002
9,261,2.398608684539795
9,262,3.586219310760498
9,263,2.8485467433929443
9,264,2.378063678741455
9,265,2.5142645835876465
9,266,2.417085647583008
9,267,4.2617645263671875
9,268,2.6226565837860107
9,269,3.0895326137542725
9,270,2.590580701828003
9,271,2.7264771461486816
9,272,2.1357860565185547
9,273,2.515777111053467
9,274,2.829420328140259
9,275,3.0282840728759766
9,276,2.2613866329193115
9,277,2.232428789138794
9,278,3.1163578033447266
9,279,2.708275079727173
9,280,2.439012050628662
9,281,2.3044891357421875
9,282,2.910724639892578
9,283,2.4522147178649902
9,284,3.085434913635254
9,285,3.623274087905884
9,286,2.5094809532165527
9,287,3.214528799057007
9,288,2.6816489696502686
9,289,2.8594515323638916
9,290,2.2972731590270996
9,291,2.318063259124756
9,292,2.9230594635009766
9,293,2.8606626987457275
9,294,2.6930510997772217
9,295,1.9576416015625
9,296,2.629786968231201
9,297,3.2726216316223145
9,298,3.199244737625122
9,299,3.487595319747925
9,300,2.299948215484619
9,301,2.8380041122436523
9,302,2.7034950256347656
9,303,2.354712724685669
9,304,2.4720377922058105
9,305,2.091639280319214
9,306,2.7023186683654785
9,307,3.452312469482422
9,308,2.752899169921875
9,309,2.0879220962524414
9,310,2.261258602142334
9,311,1.9015326499938965
9,312,2.5269320011138916
9,313,2.8289124965667725
9,314,3.4978585243225098
9,315,2.8968544006347656
9,316,2.3179190158843994
9,317,2.369518518447876
9,318,3.712078094482422
9,319,2.8592772483825684
9,320,2.6049208641052246
9,321,1.6794993877410889
9,322,2.0367791652679443
9,323,3.4113376140594482
9,324,2.515615940093994
9,325,2.727642059326172
9,326,2.553037405014038
9,327,3.0114567279815674
9,328,2.274893045425415
9,329,3.331623077392578
9,330,2.68367600440979
9,331,2.7208940982818604
9,332,3.9367005825042725
9,333,2.1366755962371826
9,334,2.9487648010253906
9,335,2.63303804397583
9,336,2.5173521041870117
9,337,2.53883957862854
9,338,2.891132116317749
9,339,3.164623737335205
9,340,2.3882219791412354
9,341,2.892897605895996
9,342,3.164006233215332
9,343,3.1872029304504395
9,344,2.9288980960845947
9,345,2.90340518951416
9,346,2.81958270072937
9,347,2.9508280754089355
9,348,2.367119789123535
9,349,3.6001579761505127
9,350,3.013461112976074
9,351,2.930795907974243
9,352,2.659726142883301
9,353,2.6559267044067383
9,354,2.823517084121704
9,355,2.4535274505615234
9,356,2.3368265628814697
9,357,2.083523750305176
9,358,2.051563024520874
9,359,2.682657241821289
9,360,2.8599672317504883
9,361,2.3311500549316406
9,362,2.7746477127075195
9,363,2.5068233013153076
9,364,2.576876401901245
9,365,2.8512625694274902
9,366,2.95971417427063
9,367,2.921880006790161
9,368,2.794182777404785
9,369,2.8328795433044434
9,370,2.7263786792755127
9,371,2.239413261413574
9,372,3.437659740447998
9,373,2.4908766746520996
9,374,3.008312702178955
9,375,2.414884567260742
9,376,2.8688411712646484
9,377,2.647265911102295
9,378,3.488597869873047
9,379,2.107726812362671
9,380,2.3702914714813232
9,381,2.383115768432617
9,382,3.0556769371032715
9,383,2.5528030395507812
9,384,2.8818132877349854
9,385,2.386989116668701
9,386,2.0375475883483887
9,387,2.9995944499969482
9,388,2.2070257663726807
9,389,2.241076946258545
9,390,2.2780230045318604
9,391,2.989347219467163
9,392,2.8007516860961914
9,393,2.8650989532470703
9,394,2.726170778274536
9,395,2.421198606491089
9,396,4.34366512298584
9,397,2.720709800720215
9,398,2.8413097858428955
9,399,2.4590961933135986
9,400,3.254263401031494
9,401,3.0112743377685547
9,402,2.2136118412017822
9,403,2.7764892578125
9,404,2.350839853286743
9,405,2.6424009799957275
9,406,2.761683702468872
9,407,2.682806968688965
9,408,2.2418837547302246
9,409,2.2818093299865723
9,410,2.8028416633605957
9,411,2.473255157470703
9,412,3.940699338912964
9,413,2.755067825317383
9,414,3.3494820594787598
9,415,2.4652326107025146
9,416,3.394791603088379
9,417,3.21162486076355
9,418,2.4969875812530518
9,419,3.1237597465515137
9,420,2.990840435028076
9,421,2.89148211479187
9,422,1.9402765035629272
9,423,2.9564218521118164
9,424,2.8334414958953857
9,425,2.099687099456787
9,426,2.6275408267974854
9,427,2.855954170227051
9,428,2.7634096145629883
9,429,2.586514949798584
9,430,2.8489341735839844
9,431,2.769888401031494
9,432,2.77828311920166
9,433,3.033071756362915
9,434,2.577117919921875
9,435,2.2027223110198975
9,436,2.5815205574035645
9,437,2.2625017166137695
9,438,2.8456850051879883
9,439,2.754190444946289
9,440,2.3204586505889893
9,441,2.603213310241699
9,442,2.543236255645752
9,443,2.8926548957824707
9,444,3.061497688293457
9,445,2.245424270629883
9,446,3.427212715148926
9,447,2.4466962814331055
9,448,2.701340675354004
9,449,2.123933792114258
9,450,2.198042869567871
9,451,3.3667383193969727
9,452,2.989426612854004
9,453,2.2204442024230957
9,454,2.5304300785064697
9,455,2.8536226749420166
9,456,2.0865936279296875
9,457,2.409456968307495
9,458,2.378866672515869
9,459,2.089299440383911
9,460,2.335761785507202
9,461,2.4623055458068848
9,462,2.8474812507629395
9,463,3.077805757522583
9,464,2.861661672592163
9,465,2.507725715637207
9,466,2.787053108215332
9,467,2.4795138835906982
9,468,2.8005318641662598
9,469,2.0785465240478516
9,470,3.21142315864563
9,471,2.086289882659912
9,472,3.7550394535064697
9,473,3.8068604469299316
9,474,2.393197536468506
9,475,2.993502140045166
9,476,2.35906720161438
9,477,2.5591328144073486
9,478,1.966316819190979
9,479,2.796231985092163
9,480,2.8240280151367188
9,481,2.197845697402954
9,482,2.7574617862701416
9,483,2.4930636882781982
9,484,2.5245423316955566
9,485,2.264573574066162
9,486,3.225010633468628
9,487,3.2255382537841797
9,488,2.498473644256592
9,489,2.570143222808838
9,490,2.8062686920166016
9,491,3.035580635070801
9,492,2.4201762676239014
9,493,2.5459530353546143
9,494,2.34713077545166
9,495,2.5310661792755127
9,496,1.951259970664978
9,497,2.842839479446411
9,498,2.2664082050323486
9,499,2.283156633377075
9,500,2.2087650299072266
9,501,2.3616881370544434
9,502,3.2222414016723633
9,503,2.9276254177093506
9,504,3.4174277782440186
9,505,2.441304922103882
9,506,3.0561790466308594
9,507,3.119516372680664
9,508,3.1843321323394775
9,509,2.4533908367156982
9,510,2.833660364151001
9,511,2.971419334411621
9,512,1.8581759929656982
9,513,3.9041221141815186
9,514,2.200908660888672
9,515,2.6367149353027344
9,516,2.205493450164795
9,517,2.7747087478637695
9,518,2.433863878250122
9,519,2.6466193199157715
9,520,2.402573347091675
9,521,3.9518232345581055
9,522,2.1982271671295166
9,523,2.4388656616210938
9,524,2.3335773944854736
9,525,3.010451078414917
9,526,3.3597214221954346
9,527,2.295003652572632
9,528,3.1735143661499023
9,529,2.1729447841644287
9,530,2.9459874629974365
9,531,3.4205381870269775
9,532,2.9104368686676025
9,533,1.923002004623413
9,534,2.8156466484069824
9,535,3.206293821334839
9,536,2.852729082107544
9,537,2.8365211486816406
9,538,3.272535562515259
9,539,2.786391019821167
9,540,3.826542377471924
9,541,2.649993419647217
9,542,2.1959550380706787
9,543,2.7877511978149414
9,544,2.4586267471313477
9,545,2.3438305854797363
9,546,2.333955764770508
9,547,2.5217573642730713
9,548,1.9223275184631348
9,549,2.485337257385254
9,550,3.669735908508301
9,551,2.9055733680725098
9,552,2.8378710746765137
9,553,2.127096176147461
9,554,2.332446813583374
9,555,2.8971266746520996
9,556,3.237400531768799
9,557,2.45304536819458
9,558,2.1200742721557617
9,559,2.5981457233428955
9,560,2.500444173812866
9,561,1.940014123916626
9,562,3.2967960834503174
9,563,2.1378159523010254
9,564,1.9885950088500977
9,565,3.1596004962921143
9,566,3.9160609245300293
9,567,2.4143624305725098
9,568,2.3851029872894287
9,569,2.3866491317749023
9,570,2.5346803665161133
9,571,2.881462574005127
9,572,2.5082945823669434
9,573,2.445075273513794
9,574,2.3000571727752686
9,575,2.483388900756836
9,576,2.5964231491088867
9,577,2.327467203140259
9,578,2.474277973175049
9,579,2.7086544036865234
9,580,2.527653455734253
9,581,2.3105087280273438
9,582,3.0795795917510986
9,583,2.829728364944458
9,584,2.7332019805908203
9,585,2.8458924293518066
9,586,2.7795982360839844
9,587,2.5317022800445557
9,588,2.725576400756836
9,589,2.069333076477051
9,590,2.717519998550415
9,591,3.170543670654297
9,592,2.2487683296203613
9,593,3.4488542079925537
9,594,4.268436908721924
9,595,2.637598991394043
9,596,2.6494953632354736
9,597,2.394293785095215
9,598,1.9249794483184814
9,599,2.9813122749328613
9,600,2.3422603607177734
9,601,2.313572406768799
9,602,2.410374402999878
9,603,2.689657211303711
9,604,2.4583563804626465
9,605,2.8618791103363037
9,606,2.488662004470825
9,607,2.3713595867156982
9,608,2.5974905490875244
9,609,2.5774054527282715
9,610,2.403329849243164
9,611,2.800589084625244
9,612,2.716864585876465
9,613,2.1133711338043213
9,614,2.8200416564941406
9,615,2.4009575843811035
9,616,3.0046606063842773
9,617,3.0565638542175293
9,618,2.410890579223633
9,619,2.207533836364746
9,620,2.9810962677001953
9,621,2.779123544692993
9,622,2.879085063934326
9,623,1.8565163612365723
9,624,2.930408000946045
9,625,2.7612416744232178
9,626,3.907424211502075
9,627,3.5412168502807617
9,628,2.6928012371063232
9,629,2.744345188140869
9,630,3.055450916290283
9,631,2.240138053894043
9,632,3.671718120574951
9,633,3.6128976345062256
9,634,2.6224324703216553
9,635,2.6356325149536133
9,636,2.405613899230957
9,637,2.0561282634735107
9,638,2.61879825592041
9,639,2.6349666118621826
9,640,3.2502732276916504
9,641,2.600126266479492
9,642,2.649991035461426
9,643,2.9026176929473877
9,644,2.5831100940704346
9,645,2.1800384521484375
9,646,2.608968496322632
9,647,3.0392239093780518
9,648,2.1094064712524414
9,649,2.5818748474121094
9,650,2.315243721008301
9,651,2.599977493286133
9,652,1.8802189826965332
9,653,2.8171463012695312
9,654,3.650851011276245
9,655,3.127866744995117
9,656,3.5483479499816895
9,657,2.7922871112823486
9,658,2.3746471405029297
9,659,2.7079553604125977
9,660,2.5967421531677246
9,661,3.118899345397949
9,662,2.941343069076538
9,663,3.2051782608032227
9,664,2.3561275005340576
9,665,2.5834808349609375
9,666,3.216125011444092
9,667,2.746273994445801
9,668,2.4416708946228027
9,669,3.094221591949463
9,670,3.0757715702056885
9,671,1.7761021852493286
9,672,2.38720703125
9,673,2.412114381790161
9,674,2.5203020572662354
9,675,2.561204433441162
9,676,2.12605619430542
9,677,1.87444007396698
9,678,2.9085209369659424
9,679,2.791027784347534
9,680,3.354428291320801
9,681,2.5002427101135254
9,682,2.4329490661621094
9,683,2.466214656829834
9,684,2.4745631217956543
9,685,3.1036784648895264
9,686,3.1045546531677246
9,687,3.333245277404785
9,688,3.028796672821045
9,689,2.6924843788146973
9,690,2.391796827316284
9,691,3.628593683242798
9,692,2.7305123805999756
9,693,3.0001392364501953
9,694,2.90986967086792
9,695,4.127342224121094
9,696,2.439488649368286
9,697,2.6768314838409424
9,698,1.7135093212127686
9,699,2.9847910404205322
9,700,2.504587173461914
9,701,2.608732223510742
9,702,2.6335039138793945
9,703,4.247852325439453
9,704,3.0163066387176514
9,705,2.1757681369781494
9,706,2.7353878021240234
9,707,3.9121878147125244
9,708,2.7988648414611816
9,709,3.389918088912964
9,710,3.289848566055298
9,711,1.661716341972351
9,712,2.9817543029785156
9,713,3.4430477619171143
9,714,2.9864437580108643
9,715,3.0646612644195557
9,716,2.8831515312194824
9,717,2.3885254859924316
9,718,2.917175054550171
9,719,3.1347436904907227
9,720,3.001232862472534
9,721,2.1094613075256348
9,722,2.287017583847046
9,723,2.3603477478027344
9,724,2.2003793716430664
9,725,2.6334619522094727
9,726,3.1104040145874023
9,727,3.2215678691864014
9,728,2.822582244873047
9,729,2.3229570388793945
9,730,2.855299472808838
9,731,1.959216594696045
9,732,4.028369426727295
9,733,2.7123656272888184
9,734,2.861407995223999
9,735,2.6945693492889404
9,736,2.422431468963623
9,737,2.7303013801574707
9,738,2.844067096710205
9,739,3.0999181270599365
9,740,2.64216947555542
9,741,2.829230546951294
9,742,2.4574108123779297
9,743,2.64984130859375
9,744,3.0079903602600098
9,745,2.204010009765625
9,746,2.7932162284851074
9,747,2.7496275901794434
9,748,3.513313055038452
9,749,2.7232861518859863
9,750,2.9855399131774902
9,751,2.8050084114074707
9,752,3.078425168991089
9,753,2.391974925994873
9,754,2.1871514320373535
9,755,3.308354377746582
9,756,2.7873315811157227
9,757,2.5900802612304688
9,758,2.5290627479553223
9,759,2.5074496269226074
9,760,2.2893693447113037
9,761,3.419559955596924
9,762,2.5831005573272705
9,763,3.1224029064178467
9,764,3.023181915283203
9,765,2.540111541748047
9,766,2.2004127502441406
9,767,2.7358756065368652
9,768,3.1808886528015137
9,769,2.814136505126953
9,770,2.4417595863342285
9,771,2.5171399116516113
9,772,2.932771921157837
9,773,2.2852976322174072
9,774,2.5938920974731445
9,775,3.1826024055480957
9,776,2.1759486198425293
9,777,2.4334912300109863
9,778,2.2424070835113525
9,779,2.858915328979492
9,780,3.7628276348114014
9,781,3.0074524879455566
9,782,2.8986473083496094
9,783,2.622593879699707
9,784,2.438676357269287
9,785,2.391848564147949
9,786,2.9326484203338623
9,787,2.0688464641571045
9,788,3.1134109497070312
9,789,2.500709056854248
9,790,3.0344901084899902
9,791,2.3418216705322266
9,792,2.440288782119751
9,793,2.6506731510162354
9,794,2.630858898162842
9,795,2.576112985610962
9,796,2.62237286567688
9,797,3.13562273979187
9,798,2.9370555877685547
9,799,3.4585530757904053
9,800,2.0113658905029297
9,801,3.1549723148345947
9,802,2.897744655609131
9,803,2.7925586700439453
9,804,2.269008159637451
9,805,2.0965633392333984
9,806,3.765679359436035
9,807,3.1968770027160645
9,808,2.2565248012542725
9,809,2.6814029216766357
9,810,2.8358259201049805
9,811,2.2888755798339844
9,812,2.6340198516845703
9,813,3.6792047023773193
9,814,2.30900502204895
9,815,3.0136070251464844
9,816,2.4322431087493896
9,817,2.5410430431365967
9,818,3.4624812602996826
9,819,3.210317611694336
9,820,3.106684446334839
9,821,2.3933324813842773
9,822,3.4324140548706055
9,823,2.3329100608825684
9,824,2.273411273956299
9,825,2.7248878479003906
9,826,2.5765151977539062
9,827,3.607180595397949
9,828,2.965501546859741
9,829,3.786306858062744
9,830,1.935633659362793
10,0,3.079237461090088
10,1,2.3327555656433105
10,2,3.5793585777282715
10,3,3.3010473251342773
10,4,2.474311113357544
10,5,2.4093494415283203
10,6,2.281121253967285
10,7,2.698208808898926
10,8,2.341019630432129
10,9,2.7023167610168457
10,10,2.4954631328582764
10,11,2.2056398391723633
10,12,3.0221970081329346
10,13,2.0922036170959473
10,14,2.102985382080078
10,15,2.828664779663086
10,16,3.4753684997558594
10,17,3.160886764526367
10,18,3.315136194229126
10,19,2.655364751815796
10,20,2.237607955932617
10,21,3.556955575942993
10,22,2.4649481773376465
10,23,3.76918363571167
10,24,3.160278797149658
10,25,2.3289942741394043
10,26,2.910273313522339
10,27,2.9414048194885254
10,28,2.588075876235962
10,29,2.6774027347564697
10,30,2.6117706298828125
10,31,2.108274459838867
10,32,2.9000892639160156
10,33,2.607452630996704
10,34,2.973834991455078
10,35,2.4073619842529297
10,36,2.475919723510742
10,37,3.436062812805176
10,38,3.0581603050231934
10,39,2.571378469467163
10,40,2.867793083190918
10,41,2.9496936798095703
10,42,2.78151798248291
10,43,2.6762592792510986
10,44,2.535618305206299
10,45,2.507432699203491
10,46,2.736793041229248
10,47,2.179886817932129
10,48,3.133847713470459
10,49,3.187652349472046
10,50,2.573726177215576
10,51,2.9332823753356934
10,52,2.149284839630127
10,53,2.674539089202881
10,54,2.802273750305176
10,55,2.73805832862854
10,56,2.4878320693969727
10,57,2.5844335556030273
10,58,3.114950180053711
10,59,2.2267987728118896
10,60,2.7728142738342285
10,61,2.7905197143554688
10,62,2.5093307495117188
10,63,3.029393196105957
10,64,1.971813440322876
10,65,2.824362277984619
10,66,2.5417802333831787
10,67,3.0472280979156494
10,68,3.746288537979126
10,69,2.1025705337524414
10,70,3.4909982681274414
10,71,3.6029059886932373
10,72,3.0343704223632812
10,73,2.750797748565674
10,74,2.332228660583496
10,75,2.578998565673828
10,76,2.6096408367156982
10,77,2.245863437652588
10,78,2.7596375942230225
10,79,3.1393816471099854
10,80,3.369913339614868
10,81,2.832529306411743
10,82,2.773148536682129
10,83,2.6405279636383057
10,84,2.5715131759643555
10,85,2.112700939178467
10,86,2.967367172241211
10,87,3.847494125366211
10,88,2.31540584564209
10,89,2.1587507724761963
10,90,2.3998844623565674
10,91,3.0126352310180664
10,92,2.8585667610168457
10,93,2.977736234664917
10,94,2.029845714569092
10,95,2.581743001937866
10,96,2.793302297592163
10,97,2.8509914875030518
10,98,2.3657240867614746
10,99,2.309807538986206
10,100,1.9540090560913086
10,101,2.379436731338501
10,102,2.251213788986206
10,103,2.6247730255126953
10,104,2.3323798179626465
10,105,2.8346171379089355
10,106,2.437997817993164
10,107,2.3897693157196045
10,108,2.766162395477295
10,109,2.9900474548339844
10,110,2.27195405960083
10,111,2.7216944694519043
10,112,2.010953426361084
10,113,2.6076278686523438
10,114,2.597355365753174
10,115,2.4238176345825195
10,116,3.1571173667907715
10,117,2.512707233428955
10,118,2.702366352081299
10,119,3.0967836380004883
10,120,2.4976284503936768
10,121,3.4964451789855957
10,122,3.2909512519836426
10,123,1.863046407699585
10,124,3.212444305419922
10,125,2.5660009384155273
10,126,2.2089614868164062
10,127,2.5183663368225098
10,128,2.836104154586792
10,129,2.3286657333374023
10,130,2.442183494567871
10,131,2.589731216430664
10,132,2.7150204181671143
10,133,2.7971322536468506
10,134,2.8450632095336914
10,135,3.4205312728881836
10,136,3.151309013366699
10,137,2.376129150390625
10,138,2.331899642944336
10,139,2.513402223587036
10,140,3.3153223991394043
10,141,2.2970194816589355
10,142,2.344424247741699
10,143,2.7476892471313477
10,144,2.1703336238861084
10,145,2.33874249458313
10,146,2.2906417846679688
10,147,2.915850877761841
10,148,2.4524903297424316
10,149,2.4737350940704346
10,150,3.7393107414245605
10,151,2.722054958343506
10,152,2.2893171310424805
10,153,3.0975821018218994
10,154,2.942410945892334
10,155,2.5065605640411377
10,156,2.5461878776550293
10,157,1.9662559032440186
10,158,2.0899782180786133
10,159,2.7689878940582275
10,160,2.6473119258880615
10,161,2.519430637359619
10,162,2.189605712890625
10,163,2.4653258323669434
10,164,1.9996974468231201
10,165,2.3239994049072266
10,166,2.108856678009033
10,167,2.7942254543304443
10,168,2.6612753868103027
10,169,2.8645553588867188
10,170,2.6541404724121094
10,171,2.4552688598632812
10,172,2.5191502571105957
10,173,2.9096193313598633
10,174,2.539567708969116
10,175,2.253514289855957
10,176,2.290769100189209
10,177,2.78987979888916
10,178,2.0989341735839844
10,179,3.856248378753662
10,180,2.4647350311279297
10,181,3.0653634071350098
10,182,3.1548995971679688
10,183,3.4242796897888184
10,184,2.0242807865142822
10,185,2.263371467590332
10,186,2.593485116958618
10,187,3.1469554901123047
10,188,2.590228796005249
10,189,1.7494666576385498
10,190,2.0893394947052
10,191,2.06264591217041
10,192,2.7573533058166504
10,193,2.4515440464019775
10,194,2.977081298828125
10,195,2.602787733078003
10,196,2.8230390548706055
10,197,3.0920748710632324
10,198,2.1820807456970215
10,199,2.939499616622925
10,200,2.9718687534332275
10,201,2.602999210357666
10,202,3.3964340686798096
10,203,2.1884217262268066
10,204,2.4488954544067383
10,205,2.893171787261963
10,206,3.954310655593872
10,207,2.9441146850585938
10,208,3.1303839683532715
10,209,2.889216423034668
10,210,2.279829978942871
10,211,2.3725504875183105
10,212,3.4599902629852295
10,213,2.1940250396728516
10,214,2.942417621612549
10,215,2.654634952545166
10,216,2.9708008766174316
10,217,2.268665075302124
10,218,3.5170795917510986
10,219,2.451442241668701
10,220,2.87569260597229
10,221,2.648548126220703
10,222,2.2839841842651367
10,223,2.6071877479553223
10,224,3.3364944458007812
10,225,3.111048936843872
10,226,2.929077625274658
10,227,2.4835433959960938
10,228,2.6786913871765137
10,229,3.1798532009124756
10,230,2.7227072715759277
10,231,2.5749475955963135
10,232,2.6072821617126465
10,233,2.691497564315796
10,234,3.182391405105591
10,235,3.025174617767334
10,236,3.3456506729125977
10,237,3.2565135955810547
10,238,2.8618648052215576
10,239,2.6526477336883545
10,240,2.4093708992004395
10,241,3.1070635318756104
10,242,2.471930503845215
10,243,3.2141058444976807
10,244,3.006493330001831
10,245,3.8131110668182373
10,246,2.7508091926574707
10,247,2.458928108215332
10,248,2.564863443374634
10,249,2.420234203338623
10,250,2.2810637950897217
10,251,2.4251811504364014
10,252,2.3552753925323486
10,253,2.4471194744110107
10,254,3.797846794128418
10,255,2.584878444671631
10,256,3.1722137928009033
10,257,1.90139639377594
10,258,2.6625430583953857
10,259,3.164680242538452
10,260,2.2836313247680664
10,261,1.8824090957641602
10,262,2.044332265853882
10,263,2.9825046062469482
10,264,2.1364247798919678
10,265,3.2635135650634766
10,266,2.9349422454833984
10,267,3.2150421142578125
10,268,3.0447797775268555
10,269,1.837870717048645
10,270,2.8225655555725098
10,271,3.4702837467193604
10,272,2.4675850868225098
10,273,2.4503097534179688
10,274,3.2940762042999268
10,275,2.1318490505218506
10,276,2.5271639823913574
10,277,2.695449113845825
10,278,3.0111072063446045
10,279,2.6209092140197754
10,280,2.745882034301758
10,281,2.8432974815368652
10,282,2.330636978149414
10,283,2.408052921295166
10,284,2.640947103500366
10,285,3.134232521057129
10,286,2.264960765838623
10,287,2.2533810138702393
10,288,3.054914951324463
10,289,3.425074577331543
10,290,3.719513416290283
10,291,3.187105178833008
10,292,2.581721782684326
10,293,3.180468797683716
10,294,2.9049196243286133
10,295,2.450352430343628
10,296,1.9328727722167969
10,297,2.9285950660705566
10,298,2.350522041320801
10,299,2.5514352321624756
10,300,3.77231502532959
10,301,2.366814374923706
10,302,3.513613700866699
10,303,3.96016263961792
10,304,2.408506155014038
10,305,2.9562788009643555
10,306,2.3336973190307617
10,307,2.1465773582458496
10,308,3.1533334255218506
10,309,3.112081289291382
10,310,2.388385534286499
10,311,2.138267755508423
10,312,2.324939489364624
10,313,2.409940481185913
10,314,2.4371962547302246
10,315,2.5081770420074463
10,316,2.67997145652771
10,317,3.2795629501342773
10,318,3.3247251510620117
10,319,3.4119606018066406
10,320,2.425229549407959
10,321,2.3766374588012695
10,322,3.087960720062256
10,323,2.686699390411377
10,324,2.858536958694458
10,325,3.3360908031463623
10,326,2.227261543273926
10,327,2.4972498416900635
10,328,3.2208456993103027
10,329,3.0703001022338867
10,330,4.012522220611572
10,331,3.03482723236084
10,332,2.4564523696899414
10,333,2.868851900100708
10,334,2.904477834701538
10,335,1.6813437938690186
10,336,3.478131055831909
10,337,3.2573294639587402
10,338,3.260725975036621
10,339,2.443132162094116
10,340,2.8542001247406006
10,341,2.0116641521453857
10,342,2.914146900177002
10,343,3.992069721221924
10,344,2.950653076171875
10,345,2.278839111328125
10,346,2.65071702003479
10,347,2.2993602752685547
10,348,2.767505645751953
10,349,3.2191338539123535
10,350,1.7921552658081055
10,351,3.315418243408203
10,352,2.487480401992798
10,353,1.9772186279296875
10,354,2.8587942123413086
10,355,2.262327194213867
10,356,2.822028160095215
10,357,2.5560784339904785
10,358,3.5137767791748047
10,359,2.728574514389038
10,360,2.8615732192993164
10,361,2.6503539085388184
10,362,2.548194408416748
10,363,3.20530104637146
10,364,3.5714893341064453
10,365,2.7111451625823975
10,366,2.6313071250915527
10,367,2.8191652297973633
10,368,2.044875144958496
10,369,2.3585667610168457
10,370,2.944364309310913
10,371,2.0175070762634277
10,372,2.817852735519409
10,373,2.4546709060668945
10,374,2.3798625469207764
10,375,1.9637062549591064
10,376,3.303926944732666
10,377,3.0001418590545654
10,378,2.20658278465271
10,379,2.6971192359924316
10,380,2.4658212661743164
10,381,3.3967249393463135
10,382,3.1603991985321045
10,383,4.105933666229248
10,384,2.5832130908966064
10,385,2.670677900314331
10,386,2.4834771156311035
10,387,2.9935951232910156
10,388,2.6189613342285156
10,389,2.348679304122925
10,390,2.262571096420288
10,391,2.562934637069702
10,392,2.712752342224121
10,393,2.3510069847106934
10,394,3.0811665058135986
10,395,2.60137677192688
10,396,2.425957679748535
10,397,2.4836690425872803
10,398,2.428664445877075
10,399,2.5612759590148926
10,400,3.1701254844665527
10,401,2.204461097717285
10,402,2.8091495037078857
10,403,2.7446212768554688
10,404,3.199291944503784
10,405,2.5903046131134033
10,406,2.8198461532592773
10,407,2.747587203979492
10,408,3.1033284664154053
10,409,2.7801668643951416
10,410,2.5576608180999756
10,411,2.713848829269409
10,412,2.755943536758423
10,413,2.798867702484131
10,414,2.6103081703186035
10,415,2.70239520072937
10,416,2.7144055366516113
10,417,2.5875062942504883
10,418,2.378241539001465
10,419,3.3530192375183105
10,420,3.1829843521118164
10,421,3.402083396911621
10,422,2.8763341903686523
10,423,3.027277708053589
10,424,2.130232810974121
10,425,2.7062971591949463
10,426,2.332327365875244
10,427,2.556502103805542
10,428,3.429805278778076
10,429,3.0450851917266846
10,430,2.749373435974121
10,431,2.532524585723877
10,432,2.691744327545166
10,433,2.8241262435913086
10,434,2.2093358039855957
10,435,2.6685166358947754
10,436,2.9912476539611816
10,437,2.189343214035034
10,438,2.891373634338379
10,439,2.866215229034424
10,440,2.779125928878784
10,441,2.746974468231201
10,442,2.8257129192352295
10,443,2.599522590637207
10,444,2.0296130180358887
10,445,3.1223065853118896
10,446,3.247055768966675
10,447,2.8162288665771484
10,448,2.282181739807129
10,449,2.7570738792419434
10,450,2.8305609226226807
10,451,3.3097758293151855
10,452,2.47839093208313
10,453,2.235757350921631
10,454,3.026340961456299
10,455,2.8173415660858154
10,456,2.592527151107788
10,457,2.5405526161193848
10,458,3.02091121673584
10,459,2.089359760284424
10,460,3.1543478965759277
10,461,2.663046360015869
10,462,3.352079391479492
10,463,1.9355297088623047
10,464,3.1153507232666016
10,465,2.702012300491333
10,466,3.123898506164551
10,467,2.302013397216797
10,468,2.002903938293457
10,469,2.2454023361206055
10,470,2.989546298980713
10,471,2.706173896789551
10,472,3.4591073989868164
10,473,3.4096155166625977
10,474,2.3815314769744873
10,475,2.2884743213653564
10,476,2.515261650085449
10,477,3.1688551902770996
10,478,2.444246768951416
10,479,2.835573673248291
10,480,2.2801241874694824
10,481,2.2379496097564697
10,482,2.818288803100586
10,483,3.046405553817749
10,484,2.2499794960021973
10,485,2.892190933227539
10,486,2.0231122970581055
10,487,2.660475254058838
10,488,3.437537908554077
10,489,2.5218915939331055
10,490,2.4827020168304443
10,491,2.6844000816345215
10,492,4.5547380447387695
10,493,2.607837677001953
10,494,3.366666555404663
10,495,2.1689696311950684
10,496,2.006373882293701
10,497,2.0588784217834473
10,498,2.3645758628845215
10,499,2.3746023178100586
10,500,3.256375551223755
10,501,2.916874408721924
10,502,2.6057190895080566
10,503,2.0784237384796143
10,504,2.5269012451171875
10,505,2.201000452041626
10,506,2.2625997066497803
10,507,2.6820878982543945
10,508,2.5135281085968018
10,509,2.921483039855957
10,510,3.5215258598327637
10,511,2.452552318572998
10,512,2.3644137382507324
10,513,3.1744303703308105
10,514,2.597062826156616
10,515,2.3923587799072266
10,516,2.4734575748443604
10,517,3.1785383224487305
10,518,1.8308517932891846
10,519,3.4355790615081787
10,520,2.868910312652588
10,521,2.1358509063720703
10,522,2.629469871520996
10,523,2.152053117752075
10,524,2.3924217224121094
10,525,2.8694381713867188
10,526,2.674379587173462
10,527,2.542400360107422
10,528,4.043263912200928
10,529,3.021641731262207
10,530,2.780306577682495
10,531,2.693554401397705
10,532,2.3737714290618896
10,533,2.5053274631500244
10,534,3.1260383129119873
10,535,2.7812771797180176
10,536,2.498807430267334
10,537,3.040268898010254
10,538,2.4783971309661865
10,539,2.5931198596954346
10,540,2.2451086044311523
10,541,2.9265382289886475
10,542,2.6028084754943848
10,543,2.179293632507324
10,544,3.700082302093506
10,545,3.060258150100708
10,546,2.7934014797210693
10,547,2.894862413406372
10,548,2.7210259437561035
10,549,2.9082727432250977
10,550,2.240807056427002
10,551,2.64939284324646
10,552,2.6564688682556152
10,553,2.6259353160858154
10,554,2.773427724838257
10,555,2.697035789489746
10,556,2.896914482116699
10,557,3.007538080215454
10,558,2.3771915435791016
10,559,2.907846689224243
10,560,1.9897266626358032
10,561,3.3071157932281494
10,562,3.1610288619995117
10,563,2.0309109687805176
10,564,2.436110019683838
10,565,3.546041488647461
10,566,2.458324909210205
10,567,2.689739227294922
10,568,2.6722311973571777
10,569,2.619021415710449
10,570,2.5567407608032227
10,571,3.0139195919036865
10,572,2.244938850402832
10,573,2.308213472366333
10,574,2.234110116958618
10,575,2.384152889251709
10,576,2.1122334003448486
10,577,2.296781301498413
10,578,2.4448177814483643
10,579,2.6672143936157227
10,580,2.576781749725342
10,581,3.0288219451904297
10,582,2.855062246322632
10,583,2.14155650138855
10,584,2.269979953765869
10,585,2.3508963584899902
10,586,2.2546372413635254
10,587,2.0700645446777344
10,588,2.7733638286590576
10,589,2.4259140491485596
10,590,2.8831543922424316
10,591,2.538148880004883
10,592,2.369567394256592
10,593,2.930574417114258
10,594,3.1321358680725098
10,595,2.202385425567627
10,596,2.0699737071990967
10,597,1.9232063293457031
10,598,2.9652442932128906
10,599,2.0817861557006836
10,600,2.356332778930664
10,601,2.203312873840332
10,602,2.9776835441589355
10,603,2.4958620071411133
10,604,3.0121593475341797
10,605,3.109468936920166
10,606,2.9102489948272705
10,607,2.8494908809661865
10,608,3.0609548091888428
10,609,2.673421859741211
10,610,2.432197093963623
10,611,3.5775742530822754
10,612,2.041281223297119
10,613,2.459968090057373
10,614,3.263378381729126
10,615,2.182694911956787
10,616,2.689286947250366
10,617,2.9315667152404785
10,618,2.6723575592041016
10,619,3.0461978912353516
10,620,3.2561161518096924
10,621,2.2951855659484863
10,622,3.528252601623535
10,623,2.881345272064209
10,624,2.8050296306610107
10,625,1.989638328552246
10,626,2.6572933197021484
10,627,2.7593259811401367
10,628,3.4276747703552246
10,629,2.81170392036438
10,630,2.3184242248535156
10,631,3.0741682052612305
10,632,2.215409278869629
10,633,2.9182095527648926
10,634,2.3769631385803223
10,635,2.2679877281188965
10,636,2.632376194000244
10,637,2.3650567531585693
10,638,2.8476743698120117
10,639,2.453550100326538
10,640,2.7887961864471436
10,641,2.4382376670837402
10,642,1.9104211330413818
10,643,3.0472543239593506
10,644,2.0272912979125977
10,645,2.1488640308380127
10,646,2.624784231185913
10,647,3.00972580909729
10,648,2.455507278442383
10,649,3.282123565673828
10,650,3.1816725730895996
10,651,3.3054592609405518
10,652,2.139200210571289
10,653,2.735687017440796
10,654,2.838052749633789
10,655,2.464905023574829
10,656,2.8786399364471436
10,657,3.0900020599365234
10,658,2.1627109050750732
10,659,3.0792627334594727
10,660,2.590827703475952
10,661,2.42999529838562
10,662,3.175096273422241
10,663,2.9212679862976074
10,664,3.3180899620056152
10,665,2.166050910949707
10,666,3.0013062953948975
10,667,2.6124844551086426
10,668,3.4336795806884766
10,669,2.5382347106933594
10,670,2.985826015472412
10,671,2.612766981124878
10,672,2.385277271270752
10,673,2.276883363723755
10,674,3.0271759033203125
10,675,2.3650848865509033
10,676,2.4740073680877686
10,677,2.893461227416992
10,678,2.3844330310821533
10,679,3.1663742065429688
10,680,3.1304187774658203
10,681,2.8354332447052
10,682,3.7450242042541504
10,683,3.445296287536621
10,684,3.037752628326416
10,685,2.034113645553589
10,686,2.1045236587524414
10,687,2.3897571563720703
10,688,2.4261298179626465
10,689,3.543842077255249
10,690,3.3381917476654053
10,691,1.7747728824615479
10,692,2.69562029838562
10,693,2.6011767387390137
10,694,1.9290528297424316
10,695,3.724764585494995
10,696,2.3236782550811768
10,697,2.640554904937744
10,698,2.4365243911743164
10,699,2.4134602546691895
10,700,2.834890365600586
10,701,3.2090344429016113
10,702,2.505733013153076
10,703,2.7572250366210938
10,704,2.588346242904663
10,705,3.1088013648986816
10,706,2.5128092765808105
10,707,2.145815849304199
10,708,2.5548171997070312
10,709,2.6658623218536377
10,710,2.434354066848755
10,711,3.589613676071167
10,712,2.4687182903289795
10,713,3.02302885055542
10,714,2.678351402282715
10,715,2.457679510116577
10,716,2.4398624897003174
10,717,2.2970001697540283
10,718,2.2942302227020264
10,719,2.392935276031494
10,720,2.658579111099243
10,721,2.0351057052612305
10,722,2.77591609954834
10,723,2.6051666736602783
10,724,3.021257162094116
10,725,2.9267327785491943
10,726,2.975769519805908
10,727,3.2020211219787598
10,728,2.7109198570251465
10,729,2.5748603343963623
10,730,2.883058547973633
10,731,2.1395394802093506
10,732,2.6305947303771973
10,733,3.2354049682617188
10,734,2.07828426361084
10,735,3.332587957382202
10,736,2.4262542724609375
10,737,2.6490590572357178
10,738,2.6200180053710938
10,739,2.4138078689575195
10,740,2.6149284839630127
10,741,2.6928744316101074
10,742,2.5014147758483887
10,743,3.6257681846618652
10,744,2.815768241882324
10,745,3.0302987098693848
10,746,2.4464111328125
10,747,2.7648959159851074
10,748,2.7441506385803223
10,749,3.6543524265289307
10,750,2.9515905380249023
10,751,2.6688098907470703
10,752,2.5749266147613525
10,753,1.8363007307052612
10,754,2.2627978324890137
10,755,3.3130834102630615
10,756,2.8023719787597656
10,757,2.2335071563720703
10,758,2.5000154972076416
10,759,2.450340509414673
10,760,2.01009202003479
10,761,3.415351152420044
10,762,2.420243263244629
10,763,3.209146738052368
10,764,3.1693360805511475
10,765,2.510342836380005
10,766,2.1753270626068115
10,767,2.875136137008667
10,768,3.6139450073242188
10,769,2.434054374694824
10,770,2.1116600036621094
10,771,2.429344892501831
10,772,2.33170223236084
10,773,2.9324514865875244
10,774,2.8596863746643066
10,775,3.0203137397766113
10,776,2.7682113647460938
10,777,2.7035415172576904
10,778,2.310762405395508
10,779,2.518092393875122
10,780,2.797783851623535
10,781,2.467038869857788
10,782,2.1076788902282715
10,783,1.986958384513855
10,784,2.340275764465332
10,785,2.007585048675537
10,786,2.5255556106567383
10,787,2.4005379676818848
10,788,2.8842275142669678
10,789,2.4533982276916504
10,790,2.5937864780426025
10,791,2.366696357727051
10,792,2.048190116882324
10,793,2.5754284858703613
10,794,3.78753924369812
10,795,2.5577609539031982
10,796,2.607738494873047
10,797,2.647261142730713
10,798,2.891958713531494
10,799,2.3386645317077637
10,800,2.3974146842956543
10,801,3.0427474975585938
10,802,3.1822338104248047
10,803,2.469944715499878
10,804,2.936967134475708
10,805,2.7470951080322266
10,806,2.6629819869995117
10,807,2.8486549854278564
10,808,3.8810720443725586
10,809,2.3327622413635254
10,810,2.7723774909973145
10,811,2.3585991859436035
10,812,2.5932960510253906
10,813,2.2881827354431152
10,814,2.9324066638946533
10,815,2.6101815700531006
10,816,2.9640190601348877
10,817,2.4138169288635254
10,818,2.6648976802825928
10,819,2.4012231826782227
10,820,3.458099365234375
10,821,2.3351621627807617
10,822,2.5221824645996094
10,823,2.037114381790161
10,824,2.280721664428711
10,825,2.231466770172119
10,826,2.5168209075927734
10,827,2.495957851409912
10,828,3.357415199279785
10,829,2.8821539878845215
10,830,2.950977087020874
11,0,2.7878518104553223
11,1,2.494840621948242
11,2,1.6834712028503418
11,3,2.2769110202789307
11,4,2.758725166320801
11,5,2.429943084716797
11,6,2.981870174407959
11,7,3.2714662551879883
11,8,2.433685779571533
11,9,2.681338310241699
11,10,2.1975865364074707
11,11,3.1593000888824463
11,12,2.343266487121582
11,13,3.4877076148986816
11,14,2.463627815246582
11,15,2.7065253257751465
11,16,2.274146795272827
11,17,2.5801310539245605
11,18,2.34761905670166
11,19,2.2853379249572754
11,20,2.701603889465332
11,21,3.4959535598754883
11,22,2.709388256072998
11,23,2.8904128074645996
11,24,2.4674816131591797
11,25,3.3453989028930664
11,26,2.6317594051361084
11,27,1.8743122816085815
11,28,2.473511219024658
11,29,2.266033887863159
11,30,2.3692514896392822
11,31,2.483614206314087
11,32,2.9524424076080322
11,33,2.930873155593872
11,34,2.3700170516967773
11,35,2.5766892433166504
11,36,2.0655384063720703
11,37,2.59547758102417
11,38,3.2515761852264404
11,39,2.5180225372314453
11,40,2.603611469268799
11,41,3.356583595275879
11,42,2.3018009662628174
11,43,2.952471971511841
11,44,2.6011414527893066
11,45,2.37937068939209
11,46,2.050286293029785
11,47,2.439016103744507
11,48,2.7609810829162598
11,49,2.643031597137451
11,50,2.0268197059631348
11,51,2.5497875213623047
11,52,2.404694080352783
11,53,2.5542540550231934
11,54,3.2139456272125244
11,55,2.527517557144165
11,56,2.4167826175689697
11,57,2.0440986156463623
11,58,2.6968860626220703
11,59,2.027747869491577
11,60,2.5174801349639893
11,61,3.044905185699463
11,62,3.1589527130126953
11,63,2.133373975753784
11,64,2.6383135318756104
11,65,2.1968653202056885
11,66,3.0120277404785156
11,67,3.613809108734131
11,68,2.837265729904175
11,69,2.0414328575134277
11,70,1.8198273181915283
11,71,3.2403736114501953
11,72,2.4256479740142822
11,73,2.3148350715637207
11,74,2.091221809387207
11,75,3.359865188598633
11,76,3.032071828842163
11,77,3.752721071243286
11,78,2.5386462211608887
11,79,2.765261650085449
11,80,3.2086966037750244
11,81,2.246140718460083
11,82,2.047006607055664
11,83,2.873349905014038
11,84,2.4838204383850098
11,85,2.621865749359131
11,86,3.6866612434387207
11,87,2.318774461746216
11,88,3.139904260635376
11,89,2.5270445346832275
11,90,2.498227119445801
11,91,3.190551996231079
11,92,2.728534698486328
11,93,3.3798251152038574
11,94,3.0062239170074463
11,95,1.9963152408599854
11,96,2.7368767261505127
11,97,2.9093849658966064
11,98,2.8300516605377197
11,99,2.986077308654785
11,100,3.431067943572998
11,101,2.160550594329834
11,102,2.3994743824005127
11,103,2.9712467193603516
11,104,2.258979320526123
11,105,2.4214658737182617
11,106,2.03843092918396
11,107,2.4321775436401367
11,108,1.9075689315795898
11,109,2.2792060375213623
11,110,3.193249464035034
11,111,2.723443031311035
11,112,2.735868215560913
11,113,1.9735960960388184
11,114,2.176980495452881
11,115,2.699490547180176
11,116,3.3708407878875732
11,117,2.5636982917785645
11,118,2.8043813705444336
11,119,2.242161273956299
11,120,2.3117728233337402
11,121,1.7003157138824463
11,122,2.3405280113220215
11,123,2.436807632446289
11,124,2.568070888519287
11,125,2.6676604747772217
11,126,2.9616811275482178
11,127,2.3734688758850098
11,128,2.070950508117676
11,129,2.59206485748291
11,130,3.0060853958129883
11,131,1.989619493484497
11,132,3.1226110458374023
11,133,2.4198737144470215
11,134,2.787076234817505
11,135,3.4625306129455566
11,136,2.4215099811553955
11,137,3.9180049896240234
11,138,2.4755446910858154
11,139,2.1455647945404053
11,140,1.861407995223999
11,141,2.1472573280334473
11,142,2.491783857345581
11,143,3.023162841796875
11,144,2.9017558097839355
11,145,2.161536931991577
11,146,2.199009418487549
11,147,2.3875136375427246
11,148,3.1276962757110596
11,149,2.13059401512146
11,150,2.350144863128662
11,151,3.1436727046966553
11,152,2.4917094707489014
11,153,3.0160162448883057
11,154,2.666719436645508
11,155,2.6072845458984375
11,156,2.2711524963378906
11,157,2.643399238586426
11,158,2.958348512649536
11,159,3.048218250274658
11,160,2.245619773864746
11,161,3.235085964202881
11,162,3.352156639099121
11,163,2.494182586669922
11,164,2.0229310989379883
11,165,2.014918327331543
11,166,2.218862533569336
11,167,2.479534149169922
11,168,2.3045692443847656
11,169,2.8693125247955322
11,170,2.7955703735351562
11,171,2.990150213241577
11,172,2.239891290664673
11,173,3.951707363128662
11,174,2.832780122756958
11,175,3.5874898433685303
11,176,1.9446418285369873
11,177,2.9125401973724365
11,178,2.1883058547973633
11,179,2.4264092445373535
11,180,2.365173816680908
11,181,2.006436347961426
11,182,2.1355695724487305
11,183,2.7088711261749268
11,184,2.858896255493164
11,185,2.9434332847595215
11,186,2.776766300201416
11,187,2.821443557739258
11,188,2.574998378753662
11,189,2.140580654144287
11,190,2.099435329437256
11,191,2.347372531890869
11,192,3.339237928390503
11,193,2.526749849319458
11,194,2.4816975593566895
11,195,1.6550452709197998
11,196,3.325925827026367
11,197,2.9661600589752197
11,198,2.566946029663086
11,199,3.5697412490844727
11,200,2.791306257247925
11,201,2.797356128692627
11,202,2.543426990509033
11,203,3.0399985313415527
11,204,2.8161516189575195
11,205,2.420758008956909
11,206,2.6557397842407227
11,207,2.7649643421173096
11,208,2.664384603500366
11,209,2.4339394569396973
11,210,2.111802101135254
11,211,2.7847673892974854
11,212,3.538970947265625
11,213,2.004261016845703
11,214,2.7034149169921875
11,215,2.6185121536254883
11,216,2.512284278869629
11,217,3.163229465484619
11,218,3.449258804321289
11,219,2.9600300788879395
11,220,2.5647640228271484
11,221,2.702599048614502
11,222,2.6391491889953613
11,223,3.4236323833465576
11,224,1.8938453197479248
11,225,2.0960044860839844
11,226,3.4684009552001953
11,227,2.991687297821045
11,228,2.1649060249328613
11,229,2.790778875350952
11,230,2.8749616146087646
11,231,2.6067473888397217
11,232,2.835097074508667
11,233,2.658346176147461
11,234,2.516493320465088
11,235,1.895872712135315
11,236,1.9615739583969116
11,237,2.950810670852661
11,238,2.4301395416259766
11,239,2.894721746444702
11,240,2.3504700660705566
11,241,2.716048002243042
11,242,2.533466100692749
11,243,2.787989616394043
11,244,2.0380282402038574
11,245,2.7122559547424316
11,246,2.563616991043091
11,247,2.7361855506896973
11,248,2.738795518875122
11,249,2.5446979999542236
11,250,2.0423316955566406
11,251,3.054090738296509
11,252,2.295976400375366
11,253,3.163043737411499
11,254,1.9752167463302612
11,255,2.543208599090576
11,256,1.9500072002410889
11,257,2.4264557361602783
11,258,2.779385805130005
11,259,2.475571393966675
11,260,1.8434593677520752
11,261,1.7157636880874634
11,262,2.1107397079467773
11,263,2.918496608734131
11,264,3.055905342102051
11,265,2.691082715988159
11,266,2.303830146789551
11,267,2.4556996822357178
11,268,3.1565423011779785
11,269,2.5666728019714355
11,270,2.7633371353149414
11,271,2.815542459487915
11,272,3.383368968963623
11,273,2.431774616241455
11,274,3.2108542919158936
11,275,2.327819585800171
11,276,2.251870632171631
11,277,2.9506664276123047
11,278,3.0352585315704346
11,279,2.454271078109741
11,280,3.122565984725952
11,281,2.5022549629211426
11,282,2.7834391593933105
11,283,1.9410711526870728
11,284,2.7245044708251953
11,285,2.684652328491211
11,286,2.5940675735473633
11,287,2.671238660812378
11,288,3.9084670543670654
11,289,2.661872148513794
11,290,2.872480630874634
11,291,2.19041109085083
11,292,2.9753596782684326
11,293,2.322129487991333
11,294,2.3032054901123047
11,295,2.2184104919433594
11,296,2.512044668197632
11,297,2.6141715049743652
11,298,2.3582701683044434
11,299,3.1683573722839355
11,300,3.111104726791382
11,301,2.564920663833618
11,302,3.0695323944091797
11,303,2.0200042724609375
11,304,3.1078484058380127
11,305,3.65384840965271
11,306,2.6763525009155273
11,307,2.25715708732605
11,308,2.8954949378967285
11,309,2.66823410987854
11,310,2.403264284133911
11,311,2.337548017501831
11,312,2.3132481575012207
11,313,3.6654744148254395
11,314,2.883148670196533
11,315,1.729796051979065
11,316,3.576282262802124
11,317,2.5107102394104004
11,318,2.663282871246338
11,319,1.8809163570404053
11,320,2.744170665740967
11,321,2.7046403884887695
11,322,2.8092844486236572
11,323,3.1283435821533203
11,324,2.2529656887054443
11,325,2.3525400161743164
11,326,2.4038329124450684
11,327,2.8693552017211914
11,328,2.0096981525421143
11,329,2.7621326446533203
11,330,3.0651025772094727
11,331,2.592528820037842
11,332,2.3989593982696533
11,333,2.7041897773742676
11,334,2.175722122192383
11,335,2.4591994285583496
11,336,2.125037431716919
11,337,2.473621129989624
11,338,1.7529077529907227
11,339,2.1290955543518066
11,340,3.1971304416656494
11,341,2.1851577758789062
11,342,3.226806163787842
11,343,3.1790642738342285
11,344,2.54081392288208
11,345,3.0877292156219482
11,346,3.3035168647766113
11,347,2.9198200702667236
11,348,2.8486812114715576
11,349,2.7318599224090576
11,350,2.517415761947632
11,351,2.3185219764709473
11,352,3.0890378952026367
11,353,3.7000668048858643
11,354,2.4456310272216797
11,355,2.3576788902282715
11,356,2.595153570175171
11,357,3.151013135910034
11,358,2.526357650756836
11,359,2.5323379039764404
11,360,3.153129816055298
11,361,2.1667075157165527
11,362,3.113652229309082
11,363,2.3190417289733887
11,364,2.511063575744629
11,365,2.8632326126098633
11,366,2.660111665725708
11,367,2.2842819690704346
11,368,2.34694242477417
11,369,3.80173397064209
11,370,2.1993565559387207
11,371,3.3536994457244873
11,372,2.5070884227752686
11,373,2.1368966102600098
11,374,2.935755968093872
11,375,3.374955177307129
11,376,2.052432060241699
11,377,2.1120142936706543
11,378,2.552133560180664
11,379,3.0384974479675293
11,380,2.9543137550354004
11,381,2.13156795501709
11,382,2.979182243347168
11,383,2.708327531814575
11,384,2.659497022628784
11,385,2.697437286376953
11,386,2.892092227935791
11,387,2.915998697280884
11,388,2.675905227661133
11,389,2.6148855686187744
11,390,3.000244379043579
11,391,3.1418285369873047
11,392,2.370156764984131
11,393,2.684621810913086
11,394,2.5754988193511963
11,395,2.4132041931152344
11,396,2.985469341278076
11,397,2.8248672485351562
11,398,2.933784246444702
11,399,2.2234437465667725
11,400,3.31915545463562
11,401,3.206064224243164
11,402,3.0812010765075684
11,403,2.6988956928253174
11,404,2.0837278366088867
11,405,2.0895304679870605
11,406,2.7533795833587646
11,407,2.718214273452759
11,408,2.634948492050171
11,409,2.699869394302368
11,410,2.3791849613189697
11,411,3.1805834770202637
11,412,2.134982109069824
11,413,2.911660671234131
11,414,2.0252275466918945
11,415,3.112654447555542
11,416,2.0235490798950195
11,417,2.4536426067352295
11,418,2.9582934379577637
11,419,1.9674303531646729
11,420,3.204756021499634
11,421,2.3750739097595215
11,422,3.1945085525512695
11,423,2.9407691955566406
11,424,2.4835729598999023
11,425,2.8737194538116455
11,426,2.4150924682617188
11,427,2.845688581466675
11,428,1.9664554595947266
11,429,2.7210071086883545
11,430,3.03574800491333
11,431,1.8294141292572021
11,432,1.8154044151306152
11,433,3.0828089714050293
11,434,2.7692012786865234
11,435,2.7252659797668457
11,436,2.4797732830047607
11,437,2.8519651889801025
11,438,2.0845162868499756
11,439,1.797553539276123
11,440,1.9118964672088623
11,441,1.872667670249939
11,442,3.4272289276123047
11,443,2.4785895347595215
11,444,2.985734224319458
11,445,3.427635908126831
11,446,2.270556926727295
11,447,3.2654597759246826
11,448,2.51790714263916
11,449,3.9253783226013184
11,450,2.931002140045166
11,451,2.5551915168762207
11,452,3.9550907611846924
11,453,2.3969850540161133
11,454,2.598932981491089
11,455,2.1704354286193848
11,456,2.7251803874969482
11,457,2.630887985229492
11,458,2.9577269554138184
11,459,3.2680153846740723
11,460,2.324833393096924
11,461,2.758911609649658
11,462,2.5666728019714355
11,463,3.5417559146881104
11,464,2.252941131591797
11,465,2.523366928100586
11,466,2.8978888988494873
11,467,2.587958335876465
11,468,2.443086862564087
11,469,2.6082675457000732
11,470,2.6801114082336426
11,471,2.7725138664245605
11,472,2.194120168685913
11,473,2.1318631172180176
11,474,3.729722023010254
11,475,2.448641777038574
11,476,2.835038900375366
11,477,2.6991145610809326
11,478,3.3376917839050293
11,479,2.8806517124176025
11,480,2.75392746925354
11,481,2.998852252960205
11,482,3.114987373352051
11,483,3.9483227729797363
11,484,3.181306838989258
11,485,2.2129788398742676
11,486,3.2753825187683105
11,487,2.5455079078674316
11,488,2.793531656265259
11,489,2.4467358589172363
11,490,2.491240978240967
11,491,2.7955193519592285
11,492,2.7054238319396973
11,493,2.9850494861602783
11,494,2.5508971214294434
11,495,2.6386806964874268
11,496,2.293259620666504
11,497,3.0354957580566406
11,498,2.263308048248291
11,499,2.059103012084961
11,500,2.301891803741455
11,501,3.146346092224121
11,502,2.7516870498657227
11,503,2.727992296218872
11,504,2.171322822570801
11,505,2.9108176231384277
11,506,2.012880325317383
11,507,3.2747983932495117
11,508,3.0486316680908203
11,509,3.1084141731262207
11,510,2.8689627647399902
11,511,2.893707036972046
11,512,2.500567674636841
11,513,2.8952784538269043
11,514,2.9762959480285645
11,515,2.4316415786743164
11,516,2.5613203048706055
11,517,2.2142274379730225
11,518,2.8083736896514893
11,519,2.5461766719818115
11,520,2.633065700531006
11,521,2.281693935394287
11,522,2.659029483795166
11,523,2.8867931365966797
11,524,2.3885135650634766
11,525,2.418276309967041
11,526,3.1733896732330322
11,527,2.544254779815674
11,528,2.4430735111236572
11,529,2.955202579498291
11,530,2.860565423965454
11,531,2.556126356124878
11,532,2.2940902709960938
11,533,2.0960853099823
11,534,3.743802547454834
11,535,2.394031524658203
11,536,3.2415246963500977
11,537,2.346550464630127
11,538,2.7066617012023926
11,539,2.079538106918335
11,540,2.178346633911133
11,541,2.6638636589050293
11,542,2.486629009246826
11,543,2.687835931777954
11,544,2.8196091651916504
11,545,2.614757537841797
11,546,2.7233896255493164
11,547,2.1938679218292236
11,548,3.2016067504882812
11,549,2.962275743484497
11,550,2.2696619033813477
11,551,1.7454273700714111
11,552,1.965571403503418
11,553,2.14630126953125
11,554,2.5334599018096924
11,555,2.8701868057250977
11,556,2.8112401962280273
11,557,2.7845048904418945
11,558,3.2196638584136963
11,559,2.8460357189178467
11,560,3.497063398361206
11,561,2.0321524143218994
11,562,3.4460320472717285
11,563,2.5025599002838135
11,564,2.570829391479492
11,565,2.503115177154541
11,566,2.0078253746032715
11,567,2.6169042587280273
11,568,3.0823259353637695
11,569,2.1982319355010986
11,570,2.7122719287872314
11,571,3.415989398956299
11,572,2.295200824737549
11,573,2.89292573928833
11,574,2.3850157260894775
11,575,3.1450607776641846
11,576,3.2363085746765137
11,577,3.0765719413757324
11,578,2.239123582839966
11,579,2.6117262840270996
11,580,3.0607175827026367
11,581,2.2630093097686768
11,582,1.7431848049163818
11,583,2.6345441341400146
11,584,2.7892940044403076
11,585,2.1860978603363037
11,586,1.9453763961791992
11,587,2.0823450088500977
11,588,2.6506946086883545
11,589,2.078324794769287
11,590,3.234875202178955
11,591,2.9830856323242188
11,592,2.464822769165039
11,593,1.9049291610717773
11,594,2.6614110469818115
11,595,2.6970913410186768
11,596,2.239696979522705
11,597,2.749990940093994
11,598,2.237450361251831
11,599,2.8551812171936035
11,600,2.774617910385132
11,601,1.6604809761047363
11,602,3.0908589363098145
11,603,3.1204893589019775
11,604,3.2037878036499023
11,605,2.853878974914551
11,606,2.5463809967041016
11,607,1.9778640270233154
11,608,1.8985002040863037
11,609,1.9873414039611816
11,610,3.410867929458618
11,611,2.3521523475646973
11,612,2.7476677894592285
11,613,2.0387423038482666
11,614,2.3857858180999756
11,615,3.5561165809631348
11,616,2.8702921867370605
11,617,2.9882900714874268
11,618,3.1012563705444336
11,619,2.2519845962524414
11,620,1.8915554285049438
11,621,4.325456619262695
11,622,2.7529611587524414
11,623,2.67745041847229
11,624,2.94986891746521
11,625,2.2420573234558105
11,626,3.8865914344787598
11,627,2.8959765434265137
11,628,2.192082166671753
11,629,2.2813382148742676
11,630,2.6233530044555664
11,631,3.038618564605713
11,632,2.6149349212646484
11,633,2.2502334117889404
11,634,1.8335940837860107
11,635,1.7076575756072998
11,636,2.4597153663635254
11,637,3.733921766281128
11,638,3.283578395843506
11,639,2.2076964378356934
11,640,2.2084872722625732
11,641,1.8309965133666992
11,642,2.632800579071045
11,643,3.0019631385803223
11,644,2.069390296936035
11,645,2.5697426795959473
11,646,3.251328468322754
11,647,2.455758571624756
11,648,2.5545551776885986
11,649,2.6482131481170654
11,650,2.371400833129883
11,651,2.9691643714904785
11,652,2.6901891231536865
11,653,2.629159927368164
11,654,2.479125738143921
11,655,2.901181221008301
11,656,2.3716773986816406
11,657,2.4877922534942627
11,658,2.146347761154175
11,659,2.818424701690674
11,660,3.1176722049713135
11,661,2.2132997512817383
11,662,2.2715072631835938
11,663,2.4575417041778564
11,664,2.645174503326416
11,665,2.189234733581543
11,666,2.7074644565582275
11,667,2.853116989135742
11,668,2.711060047149658
11,669,2.5287137031555176
11,670,2.803842067718506
11,671,2.2357795238494873
11,672,2.1697206497192383
11,673,2.2759416103363037
11,674,2.5447988510131836
11,675,2.3222413063049316
11,676,2.2137012481689453
11,677,2.305624485015869
11,678,3.2216148376464844
11,679,2.7286365032196045
11,680,2.076692581176758
11,681,3.4645519256591797
11,682,1.8046529293060303
11,683,2.910891532897949
11,684,2.253312826156616
11,685,2.767855644226074
11,686,2.698037624359131
11,687,2.4756839275360107
11,688,3.0844643115997314
11,689,2.9045979976654053
11,690,2.0184357166290283
11,691,1.847536563873291
11,692,2.160423755645752
11,693,2.533846855163574
11,694,2.02251935005188
11,695,2.869469404220581
11,696,2.4803292751312256
11,697,2.7430081367492676
11,698,3.2778844833374023
11,699,1.9244248867034912
11,700,2.514371871948242
11,701,2.9756393432617188
11,702,2.018202066421509
11,703,3.151801109313965
11,704,3.5140902996063232
11,705,2.8312137126922607
11,706,2.6362123489379883
11,707,2.301140546798706
11,708,2.6454687118530273
11,709,2.3968753814697266
11,710,2.208406448364258
11,711,2.3945462703704834
11,712,3.8547823429107666
11,713,2.6153581142425537
11,714,2.628249168395996
11,715,2.851358413696289
11,716,2.464653253555298
11,717,2.484175205230713
11,718,1.9774103164672852
11,719,2.049065113067627
11,720,2.4217514991760254
11,721,2.1257832050323486
11,722,2.6773746013641357
11,723,3.4433045387268066
11,724,2.2968573570251465
11,725,2.3878893852233887
11,726,2.7980659008026123
11,727,2.8808462619781494
11,728,1.9325551986694336
11,729,2.3679401874542236
11,730,2.687546730041504
11,731,3.1455650329589844
11,732,2.505875587463379
11,733,3.0077061653137207
11,734,3.3584229946136475
11,735,2.128455400466919
11,736,2.545801877975464
11,737,2.9099225997924805
11,738,2.7790451049804688
11,739,2.6749162673950195
11,740,2.816298007965088
11,741,2.2169461250305176
11,742,2.0154800415039062
11,743,2.2373299598693848
11,744,2.498671531677246
11,745,2.6177024841308594
11,746,2.0061397552490234
11,747,2.633761405944824
11,748,2.538306474685669
11,749,1.8865156173706055
11,750,2.6476943492889404
11,751,2.12607479095459
11,752,3.4727275371551514
11,753,2.214542865753174
11,754,2.365664005279541
11,755,2.376575231552124
11,756,3.2107481956481934
11,757,2.995269536972046
11,758,3.1189308166503906
11,759,3.630958318710327
11,760,2.5796492099761963
11,761,3.3017938137054443
11,762,2.8247289657592773
11,763,2.786345958709717
11,764,2.889832019805908
11,765,2.181687831878662
11,766,2.3856327533721924
11,767,1.7245984077453613
11,768,2.639309883117676
11,769,2.451509714126587
11,770,2.764986515045166
11,771,2.0399670600891113
11,772,2.788709878921509
11,773,2.0480310916900635
11,774,3.2424774169921875
11,775,2.440131664276123
11,776,3.336538553237915
11,777,2.893101453781128
11,778,2.8281662464141846
11,779,2.4518792629241943
11,780,2.6583142280578613
11,781,2.7548208236694336
11,782,2.8366336822509766
11,783,2.821852207183838
11,784,2.023334503173828
11,785,2.540332794189453
11,786,2.7443861961364746
11,787,2.110708475112915
11,788,2.0490264892578125
11,789,3.9406046867370605
11,790,2.447506904602051
11,791,2.2760543823242188
11,792,2.64469051361084
11,793,2.600670337677002
11,794,2.8488399982452393
11,795,2.329333543777466
11,796,2.3580923080444336
11,797,2.8323233127593994
11,798,1.846245288848877
11,799,3.4999561309814453
11,800,2.392456531524658
11,801,2.872577428817749
11,802,3.0464344024658203
11,803,2.688581943511963
11,804,2.2222707271575928
11,805,2.305074453353882
11,806,2.5029659271240234
11,807,2.685110569000244
11,808,2.2296948432922363
11,809,2.36661696434021
11,810,2.0470943450927734
11,811,2.6124539375305176
11,812,2.523481845855713
11,813,2.546125650405884
11,814,2.44559907913208
11,815,3.063885450363159
11,816,2.7474865913391113
11,817,1.701723575592041
11,818,3.1457228660583496
11,819,1.8809738159179688
11,820,2.905238151550293
11,821,2.6416215896606445
11,822,3.137152671813965
11,823,2.287637710571289
11,824,2.975800037384033
11,825,2.286736249923706
11,826,2.8797037601470947
11,827,2.7221357822418213
11,828,3.7381386756896973
11,829,1.9825623035430908
11,830,2.7724218368530273
