Epoch,Class_0,Class_1,Class_2,Class_3,Class_4,Class_5,Class_6,Class_7,Class_8,Class_9,Class_10,Class_11,Class_12,Class_13,Class_14,Class_15,Class_16,Class_17,Class_18,Class_19,Class_20,Class_21,Class_22,Class_23,Class_24,Class_25,Class_26,Class_27,Class_28,Class_29,Class_30,Class_31,Class_32,Class_33,Class_34,Class_35,Class_36,Class_37,Class_38,Class_39,Class_40,Class_41,Class_42,Class_43,Class_44,Class_45,Class_46,Class_47,Class_48,Class_49,Class_50,Class_51,Class_52,Class_53,Class_54,Class_55,Class_56,Class_57,Class_58,Class_59,Class_60,Class_61,Class_62,Class_63,Class_64,Class_65,Class_66,Class_67,Class_68,Class_69,Class_70,Class_71,Class_72,Class_73,Class_74,Class_75,Class_76,Class_77,Class_78,Class_79,Class_80,Class_81,Class_82,Class_83,Class_84,Class_85,Class_86,Class_87,Class_88,Class_89,Class_90,Class_91,Class_92,Class_93,Class_94,Class_95,Class_96,Class_97,Class_98,Class_99,Class_100,Class_101,Class_102,Class_103
1,N/A,N/A,N/A,N/A,N/A,N/A,N/A,N/A,N/A,N/A,N/A,N/A,N/A,N/A,N/A,N/A,N/A,N/A,N/A,N/A,N/A,N/A,N/A,N/A,N/A,N/A,N/A,N/A,N/A,N/A,N/A,N/A,N/A,N/A,N/A,N/A,N/A,N/A,N/A,N/A,N/A,N/A,N/A,N/A,N/A,N/A,N/A,N/A,N/A,N/A,N/A,N/A,N/A,N/A,N/A,N/A,N/A,N/A,N/A,N/A,N/A,N/A,N/A,N/A,N/A,N/A,N/A,N/A,N/A,N/A,N/A,N/A,N/A,N/A,N/A,N/A,N/A,N/A,N/A,N/A,N/A,N/A,N/A,N/A,N/A,N/A,N/A,N/A,N/A,N/A,N/A,N/A,N/A,N/A,N/A,N/A,N/A,N/A,N/A,N/A,N/A,N/A,N/A,N/A
2,N/A,N/A,N/A,N/A,N/A,N/A,N/A,N/A,N/A,N/A,N/A,N/A,N/A,N/A,N/A,N/A,N/A,N/A,N/A,N/A,N/A,N/A,N/A,N/A,N/A,N/A,N/A,N/A,N/A,N/A,N/A,N/A,N/A,N/A,N/A,N/A,N/A,N/A,N/A,N/A,N/A,N/A,N/A,N/A,N/A,N/A,N/A,N/A,N/A,N/A,N/A,N/A,N/A,N/A,N/A,N/A,N/A,N/A,N/A,N/A,N/A,N/A,N/A,N/A,N/A,N/A,N/A,N/A,N/A,N/A,N/A,N/A,N/A,N/A,N/A,N/A,N/A,N/A,N/A,N/A,N/A,N/A,N/A,N/A,N/A,N/A,N/A,N/A,N/A,N/A,N/A,N/A,N/A,N/A,N/A,N/A,N/A,N/A,N/A,N/A,N/A,N/A,N/A,N/A
3,N/A,N/A,N/A,N/A,N/A,N/A,N/A,N/A,N/A,N/A,N/A,N/A,N/A,N/A,N/A,N/A,N/A,N/A,N/A,N/A,N/A,N/A,N/A,N/A,N/A,N/A,N/A,N/A,N/A,N/A,N/A,N/A,N/A,N/A,N/A,N/A,N/A,N/A,N/A,N/A,N/A,N/A,N/A,N/A,N/A,N/A,N/A,N/A,N/A,N/A,N/A,N/A,N/A,N/A,N/A,N/A,N/A,N/A,N/A,N/A,N/A,N/A,N/A,N/A,N/A,N/A,N/A,N/A,N/A,N/A,N/A,N/A,N/A,N/A,N/A,N/A,N/A,N/A,N/A,N/A,N/A,N/A,N/A,N/A,N/A,N/A,N/A,N/A,N/A,N/A,N/A,N/A,N/A,N/A,N/A,N/A,N/A,N/A,N/A,N/A,N/A,N/A,N/A,N/A
4,N/A,N/A,N/A,N/A,N/A,N/A,N/A,N/A,N/A,N/A,N/A,N/A,N/A,N/A,N/A,N/A,N/A,N/A,N/A,N/A,N/A,N/A,N/A,N/A,N/A,N/A,N/A,N/A,N/A,N/A,N/A,N/A,N/A,N/A,N/A,N/A,N/A,N/A,N/A,N/A,N/A,N/A,N/A,N/A,N/A,N/A,N/A,N/A,N/A,N/A,N/A,N/A,N/A,N/A,N/A,N/A,N/A,N/A,N/A,N/A,N/A,N/A,N/A,N/A,N/A,N/A,N/A,N/A,N/A,N/A,N/A,N/A,N/A,N/A,N/A,N/A,N/A,N/A,N/A,N/A,N/A,N/A,N/A,N/A,N/A,N/A,N/A,N/A,N/A,N/A,N/A,N/A,N/A,N/A,N/A,N/A,N/A,N/A,N/A,N/A,N/A,N/A,N/A,N/A
5,0.680297315120697,0.0,0.0,0.35487914085388184,0.0,0.19234399497509003,0.0,0.0,0.3391096889972687,0.0012530996464192867,0.23395223915576935,0.0,0.058820027858018875,0.0813482403755188,0.17516756057739258,0.0,0.0,0.0,0.0,0.0,0.0,0.0,0.0,0.0,0.125609889626503,0.007038180250674486,0.0,0.0,0.0,0.3867429196834564,0.536130428314209,0.07608084380626678,0.3341529667377472,0.0008504180004820228,0.0,0.0,0.0,0.4130163788795471,0.0,0.07962243258953094,0.002605787245556712,0.30002087354660034,0.0,0.0,0.19310100376605988,0.0,0.30488741397857666,0.007087689824402332,0.2662074565887451,0.0027829911559820175,1.2665248050325317e-07,0.0,0.2333913892507553,0.0,0.00794303696602583,9.253624739358202e-06,0.18097460269927979,0.09035608172416687,0.38111376762390137,0.5518718957901001,0.0,9.797490201890469e-05,0.0,0.0,0.04268351197242737,0.2899131774902344,0.3891894519329071,0.19558967649936676,0.0,0.0,0.3267430365085602,0.0,0.30800336599349976,0.44393905997276306,0.0,0.0,0.0,0.0,0.0,0.0,0.3204094469547272,0.015305728651583195,0.457339346408844,0.0,0.4835352301597595,0.3266153633594513,0.0,0.6657972931861877,0.38312894105911255,0.2968098521232605,0.0,0.0009775833459571004,0.0,0.07276886701583862,0.11199264228343964,0.5579947233200073,0.40642470121383667,0.0,0.0,0.0,0.0,0.0069434549659490585,0.0,0.0
6,N/A,N/A,N/A,N/A,N/A,N/A,N/A,N/A,N/A,N/A,N/A,N/A,N/A,N/A,N/A,N/A,N/A,N/A,N/A,N/A,N/A,N/A,N/A,N/A,N/A,N/A,N/A,N/A,N/A,N/A,N/A,N/A,N/A,N/A,N/A,N/A,N/A,N/A,N/A,N/A,N/A,N/A,N/A,N/A,N/A,N/A,N/A,N/A,N/A,N/A,N/A,N/A,N/A,N/A,N/A,N/A,N/A,N/A,N/A,N/A,N/A,N/A,N/A,N/A,N/A,N/A,N/A,N/A,N/A,N/A,N/A,N/A,N/A,N/A,N/A,N/A,N/A,N/A,N/A,N/A,N/A,N/A,N/A,N/A,N/A,N/A,N/A,N/A,N/A,N/A,N/A,N/A,N/A,N/A,N/A,N/A,N/A,N/A,N/A,N/A,N/A,N/A,N/A,N/A
7,N/A,N/A,N/A,N/A,N/A,N/A,N/A,N/A,N/A,N/A,N/A,N/A,N/A,N/A,N/A,N/A,N/A,N/A,N/A,N/A,N/A,N/A,N/A,N/A,N/A,N/A,N/A,N/A,N/A,N/A,N/A,N/A,N/A,N/A,N/A,N/A,N/A,N/A,N/A,N/A,N/A,N/A,N/A,N/A,N/A,N/A,N/A,N/A,N/A,N/A,N/A,N/A,N/A,N/A,N/A,N/A,N/A,N/A,N/A,N/A,N/A,N/A,N/A,N/A,N/A,N/A,N/A,N/A,N/A,N/A,N/A,N/A,N/A,N/A,N/A,N/A,N/A,N/A,N/A,N/A,N/A,N/A,N/A,N/A,N/A,N/A,N/A,N/A,N/A,N/A,N/A,N/A,N/A,N/A,N/A,N/A,N/A,N/A,N/A,N/A,N/A,N/A,N/A,N/A
8,N/A,N/A,N/A,N/A,N/A,N/A,N/A,N/A,N/A,N/A,N/A,N/A,N/A,N/A,N/A,N/A,N/A,N/A,N/A,N/A,N/A,N/A,N/A,N/A,N/A,N/A,N/A,N/A,N/A,N/A,N/A,N/A,N/A,N/A,N/A,N/A,N/A,N/A,N/A,N/A,N/A,N/A,N/A,N/A,N/A,N/A,N/A,N/A,N/A,N/A,N/A,N/A,N/A,N/A,N/A,N/A,N/A,N/A,N/A,N/A,N/A,N/A,N/A,N/A,N/A,N/A,N/A,N/A,N/A,N/A,N/A,N/A,N/A,N/A,N/A,N/A,N/A,N/A,N/A,N/A,N/A,N/A,N/A,N/A,N/A,N/A,N/A,N/A,N/A,N/A,N/A,N/A,N/A,N/A,N/A,N/A,N/A,N/A,N/A,N/A,N/A,N/A,N/A,N/A
9,N/A,N/A,N/A,N/A,N/A,N/A,N/A,N/A,N/A,N/A,N/A,N/A,N/A,N/A,N/A,N/A,N/A,N/A,N/A,N/A,N/A,N/A,N/A,N/A,N/A,N/A,N/A,N/A,N/A,N/A,N/A,N/A,N/A,N/A,N/A,N/A,N/A,N/A,N/A,N/A,N/A,N/A,N/A,N/A,N/A,N/A,N/A,N/A,N/A,N/A,N/A,N/A,N/A,N/A,N/A,N/A,N/A,N/A,N/A,N/A,N/A,N/A,N/A,N/A,N/A,N/A,N/A,N/A,N/A,N/A,N/A,N/A,N/A,N/A,N/A,N/A,N/A,N/A,N/A,N/A,N/A,N/A,N/A,N/A,N/A,N/A,N/A,N/A,N/A,N/A,N/A,N/A,N/A,N/A,N/A,N/A,N/A,N/A,N/A,N/A,N/A,N/A,N/A,N/A
10,0.7608749866485596,0.0,0.0,0.3666565716266632,0.0,0.2665812075138092,0.0,0.0,0.3040769398212433,0.0029535864014178514,0.2570362389087677,0.0,0.09510744363069534,0.28967058658599854,0.25320813059806824,0.0,0.0,0.0,0.0,0.0,0.0,0.0,0.0,0.0,0.19996747374534607,0.1237393245100975,0.0,0.0,0.0,0.4618125557899475,0.5792844295501709,0.22035029530525208,0.3465034067630768,3.878709321725182e-05,0.0,0.0,0.08060487359762192,0.5270482301712036,0.0,0.5691126585006714,0.13759960234165192,0.40945008397102356,0.017818475142121315,0.0,0.29068470001220703,0.0,0.34623023867607117,0.0381014384329319,0.23047588765621185,0.02196674980223179,5.375706314225681e-05,0.005018338561058044,0.2558367848396301,0.0,0.15990136563777924,0.024808697402477264,0.25168275833129883,0.19699214398860931,0.4006478190422058,0.633662223815918,0.0,0.06088734418153763,0.0,0.0,0.2839770019054413,0.41313090920448303,0.48262616991996765,0.22391800582408905,0.0,0.0,0.37407243251800537,0.0,0.35544493794441223,0.5072845220565796,0.0,0.0,0.00021303590619936585,0.0,0.0,0.0,0.3502735197544098,0.027051473036408424,0.45576030015945435,0.0,0.5618257522583008,0.4121045768260956,0.0,0.7222913503646851,0.42641544342041016,0.364035040140152,0.0,0.00014078010281082243,0.0,0.20495182275772095,0.21841995418071747,0.617811381816864,0.4846659302711487,0.0,0.0015181428752839565,0.0,0.0,0.1444697231054306,0.0,0.0
11,N/A,N/A,N/A,N/A,N/A,N/A,N/A,N/A,N/A,N/A,N/A,N/A,N/A,N/A,N/A,N/A,N/A,N/A,N/A,N/A,N/A,N/A,N/A,N/A,N/A,N/A,N/A,N/A,N/A,N/A,N/A,N/A,N/A,N/A,N/A,N/A,N/A,N/A,N/A,N/A,N/A,N/A,N/A,N/A,N/A,N/A,N/A,N/A,N/A,N/A,N/A,N/A,N/A,N/A,N/A,N/A,N/A,N/A,N/A,N/A,N/A,N/A,N/A,N/A,N/A,N/A,N/A,N/A,N/A,N/A,N/A,N/A,N/A,N/A,N/A,N/A,N/A,N/A,N/A,N/A,N/A,N/A,N/A,N/A,N/A,N/A,N/A,N/A,N/A,N/A,N/A,N/A,N/A,N/A,N/A,N/A,N/A,N/A,N/A,N/A,N/A,N/A,N/A,N/A
12,N/A,N/A,N/A,N/A,N/A,N/A,N/A,N/A,N/A,N/A,N/A,N/A,N/A,N/A,N/A,N/A,N/A,N/A,N/A,N/A,N/A,N/A,N/A,N/A,N/A,N/A,N/A,N/A,N/A,N/A,N/A,N/A,N/A,N/A,N/A,N/A,N/A,N/A,N/A,N/A,N/A,N/A,N/A,N/A,N/A,N/A,N/A,N/A,N/A,N/A,N/A,N/A,N/A,N/A,N/A,N/A,N/A,N/A,N/A,N/A,N/A,N/A,N/A,N/A,N/A,N/A,N/A,N/A,N/A,N/A,N/A,N/A,N/A,N/A,N/A,N/A,N/A,N/A,N/A,N/A,N/A,N/A,N/A,N/A,N/A,N/A,N/A,N/A,N/A,N/A,N/A,N/A,N/A,N/A,N/A,N/A,N/A,N/A,N/A,N/A,N/A,N/A,N/A,N/A
13,N/A,N/A,N/A,N/A,N/A,N/A,N/A,N/A,N/A,N/A,N/A,N/A,N/A,N/A,N/A,N/A,N/A,N/A,N/A,N/A,N/A,N/A,N/A,N/A,N/A,N/A,N/A,N/A,N/A,N/A,N/A,N/A,N/A,N/A,N/A,N/A,N/A,N/A,N/A,N/A,N/A,N/A,N/A,N/A,N/A,N/A,N/A,N/A,N/A,N/A,N/A,N/A,N/A,N/A,N/A,N/A,N/A,N/A,N/A,N/A,N/A,N/A,N/A,N/A,N/A,N/A,N/A,N/A,N/A,N/A,N/A,N/A,N/A,N/A,N/A,N/A,N/A,N/A,N/A,N/A,N/A,N/A,N/A,N/A,N/A,N/A,N/A,N/A,N/A,N/A,N/A,N/A,N/A,N/A,N/A,N/A,N/A,N/A,N/A,N/A,N/A,N/A,N/A,N/A
14,N/A,N/A,N/A,N/A,N/A,N/A,N/A,N/A,N/A,N/A,N/A,N/A,N/A,N/A,N/A,N/A,N/A,N/A,N/A,N/A,N/A,N/A,N/A,N/A,N/A,N/A,N/A,N/A,N/A,N/A,N/A,N/A,N/A,N/A,N/A,N/A,N/A,N/A,N/A,N/A,N/A,N/A,N/A,N/A,N/A,N/A,N/A,N/A,N/A,N/A,N/A,N/A,N/A,N/A,N/A,N/A,N/A,N/A,N/A,N/A,N/A,N/A,N/A,N/A,N/A,N/A,N/A,N/A,N/A,N/A,N/A,N/A,N/A,N/A,N/A,N/A,N/A,N/A,N/A,N/A,N/A,N/A,N/A,N/A,N/A,N/A,N/A,N/A,N/A,N/A,N/A,N/A,N/A,N/A,N/A,N/A,N/A,N/A,N/A,N/A,N/A,N/A,N/A,N/A
15,0.7923672199249268,0.0,0.0,0.2512483298778534,0.03799987584352493,0.2877744138240814,0.0,0.0,0.35099583864212036,0.007126573007553816,0.2895737886428833,0.011217223480343819,0.301139235496521,0.3233751654624939,0.2224167138338089,0.056405335664749146,0.0,0.06372681260108948,0.000264850037638098,0.0,0.0,0.1205715611577034,0.0,0.0,0.22355422377586365,0.20586024224758148,0.0,0.0,0.0,0.5354353785514832,0.6182096600532532,0.19457672536373138,0.4796742796897888,0.36391082406044006,0.0,8.470597094856203e-06,0.07777988165616989,0.5219837427139282,0.0,0.5172847509384155,0.29078760743141174,0.3460891544818878,0.42319080233573914,0.0,0.3434355854988098,0.0,0.351208359003067,0.037060510367155075,0.23810912668704987,0.11894775182008743,0.007305121514946222,0.0026280665770173073,0.28215956687927246,0.0,0.17753539979457855,0.1443595439195633,0.2868342995643616,0.2553713321685791,0.4466564655303955,0.6945377588272095,0.0,0.11254800856113434,0.0,0.0,0.34867697954177856,0.45426541566848755,0.5275087356567383,0.22236895561218262,0.0,0.0,0.38409361243247986,0.0,0.36544153094291687,0.5298886895179749,0.0,0.0,0.0012546450598165393,0.0168381929397583,0.0,0.0,0.34905514121055603,0.4590001702308655,0.4882945120334625,0.0,0.6010081768035889,0.4885367155075073,0.0,0.7554121613502502,0.40320029854774475,0.35192304849624634,0.020833639428019524,0.04173033684492111,0.0,0.20798057317733765,0.23862694203853607,0.6835076808929443,0.5096932053565979,0.0,0.006634189281612635,0.0,0.0,0.15253055095672607,0.0,0.0
16,N/A,N/A,N/A,N/A,N/A,N/A,N/A,N/A,N/A,N/A,N/A,N/A,N/A,N/A,N/A,N/A,N/A,N/A,N/A,N/A,N/A,N/A,N/A,N/A,N/A,N/A,N/A,N/A,N/A,N/A,N/A,N/A,N/A,N/A,N/A,N/A,N/A,N/A,N/A,N/A,N/A,N/A,N/A,N/A,N/A,N/A,N/A,N/A,N/A,N/A,N/A,N/A,N/A,N/A,N/A,N/A,N/A,N/A,N/A,N/A,N/A,N/A,N/A,N/A,N/A,N/A,N/A,N/A,N/A,N/A,N/A,N/A,N/A,N/A,N/A,N/A,N/A,N/A,N/A,N/A,N/A,N/A,N/A,N/A,N/A,N/A,N/A,N/A,N/A,N/A,N/A,N/A,N/A,N/A,N/A,N/A,N/A,N/A,N/A,N/A,N/A,N/A,N/A,N/A
17,N/A,N/A,N/A,N/A,N/A,N/A,N/A,N/A,N/A,N/A,N/A,N/A,N/A,N/A,N/A,N/A,N/A,N/A,N/A,N/A,N/A,N/A,N/A,N/A,N/A,N/A,N/A,N/A,N/A,N/A,N/A,N/A,N/A,N/A,N/A,N/A,N/A,N/A,N/A,N/A,N/A,N/A,N/A,N/A,N/A,N/A,N/A,N/A,N/A,N/A,N/A,N/A,N/A,N/A,N/A,N/A,N/A,N/A,N/A,N/A,N/A,N/A,N/A,N/A,N/A,N/A,N/A,N/A,N/A,N/A,N/A,N/A,N/A,N/A,N/A,N/A,N/A,N/A,N/A,N/A,N/A,N/A,N/A,N/A,N/A,N/A,N/A,N/A,N/A,N/A,N/A,N/A,N/A,N/A,N/A,N/A,N/A,N/A,N/A,N/A,N/A,N/A,N/A,N/A
18,N/A,N/A,N/A,N/A,N/A,N/A,N/A,N/A,N/A,N/A,N/A,N/A,N/A,N/A,N/A,N/A,N/A,N/A,N/A,N/A,N/A,N/A,N/A,N/A,N/A,N/A,N/A,N/A,N/A,N/A,N/A,N/A,N/A,N/A,N/A,N/A,N/A,N/A,N/A,N/A,N/A,N/A,N/A,N/A,N/A,N/A,N/A,N/A,N/A,N/A,N/A,N/A,N/A,N/A,N/A,N/A,N/A,N/A,N/A,N/A,N/A,N/A,N/A,N/A,N/A,N/A,N/A,N/A,N/A,N/A,N/A,N/A,N/A,N/A,N/A,N/A,N/A,N/A,N/A,N/A,N/A,N/A,N/A,N/A,N/A,N/A,N/A,N/A,N/A,N/A,N/A,N/A,N/A,N/A,N/A,N/A,N/A,N/A,N/A,N/A,N/A,N/A,N/A,N/A
19,N/A,N/A,N/A,N/A,N/A,N/A,N/A,N/A,N/A,N/A,N/A,N/A,N/A,N/A,N/A,N/A,N/A,N/A,N/A,N/A,N/A,N/A,N/A,N/A,N/A,N/A,N/A,N/A,N/A,N/A,N/A,N/A,N/A,N/A,N/A,N/A,N/A,N/A,N/A,N/A,N/A,N/A,N/A,N/A,N/A,N/A,N/A,N/A,N/A,N/A,N/A,N/A,N/A,N/A,N/A,N/A,N/A,N/A,N/A,N/A,N/A,N/A,N/A,N/A,N/A,N/A,N/A,N/A,N/A,N/A,N/A,N/A,N/A,N/A,N/A,N/A,N/A,N/A,N/A,N/A,N/A,N/A,N/A,N/A,N/A,N/A,N/A,N/A,N/A,N/A,N/A,N/A,N/A,N/A,N/A,N/A,N/A,N/A,N/A,N/A,N/A,N/A,N/A,N/A
20,0.8075485229492188,0.0,0.0,0.42860257625579834,0.0929705873131752,0.28667938709259033,0.0029670335352420807,0.0,0.34737393260002136,0.010465377010405064,0.2721194624900818,0.08523105829954147,0.30088841915130615,0.3392677307128906,0.22333243489265442,0.041375648230314255,0.0,0.15291985869407654,0.0,0.0,0.0,0.24242335557937622,0.00022149930009618402,0.0,0.2593803405761719,0.288409024477005,0.0,0.0,3.070586535613984e-05,0.4477446377277374,0.6715777516365051,0.24365262687206268,0.6055664420127869,0.43276551365852356,0.003809889778494835,0.05282526835799217,0.11201795935630798,0.5594503879547119,0.0,0.43263229727745056,0.29064106941223145,0.47256186604499817,0.5484670996665955,0.0,0.3806750178337097,0.0,0.3410961329936981,0.049495238810777664,0.21523091197013855,0.15162774920463562,0.061477307230234146,0.043558865785598755,0.28047144412994385,4.5474054786609486e-05,0.1993575394153595,0.2640419602394104,0.25970393419265747,0.28553473949432373,0.45685338973999023,0.7039593458175659,0.0,0.24060192704200745,0.0,0.0,0.2938152551651001,0.4597316086292267,0.5517410635948181,0.27138400077819824,0.0,0.0,0.41449645161628723,0.0002004147245315835,0.29981210827827454,0.562150776386261,0.0,0.0,0.05436316132545471,0.006997576914727688,0.0,0.0,0.3948558568954468,0.42461106181144714,0.48335060477256775,0.0,0.6516613364219666,0.5179353356361389,0.0,0.7456639409065247,0.44671353697776794,0.38210368156433105,0.0450122132897377,0.09975548088550568,0.00031458184821531177,0.2409055083990097,0.25751161575317383,0.6649030447006226,0.4972154200077057,0.0,0.11636378616094589,0.0,0.0,0.1846015751361847,0.0,1.038637265082798e-06
21,N/A,N/A,N/A,N/A,N/A,N/A,N/A,N/A,N/A,N/A,N/A,N/A,N/A,N/A,N/A,N/A,N/A,N/A,N/A,N/A,N/A,N/A,N/A,N/A,N/A,N/A,N/A,N/A,N/A,N/A,N/A,N/A,N/A,N/A,N/A,N/A,N/A,N/A,N/A,N/A,N/A,N/A,N/A,N/A,N/A,N/A,N/A,N/A,N/A,N/A,N/A,N/A,N/A,N/A,N/A,N/A,N/A,N/A,N/A,N/A,N/A,N/A,N/A,N/A,N/A,N/A,N/A,N/A,N/A,N/A,N/A,N/A,N/A,N/A,N/A,N/A,N/A,N/A,N/A,N/A,N/A,N/A,N/A,N/A,N/A,N/A,N/A,N/A,N/A,N/A,N/A,N/A,N/A,N/A,N/A,N/A,N/A,N/A,N/A,N/A,N/A,N/A,N/A,N/A
22,N/A,N/A,N/A,N/A,N/A,N/A,N/A,N/A,N/A,N/A,N/A,N/A,N/A,N/A,N/A,N/A,N/A,N/A,N/A,N/A,N/A,N/A,N/A,N/A,N/A,N/A,N/A,N/A,N/A,N/A,N/A,N/A,N/A,N/A,N/A,N/A,N/A,N/A,N/A,N/A,N/A,N/A,N/A,N/A,N/A,N/A,N/A,N/A,N/A,N/A,N/A,N/A,N/A,N/A,N/A,N/A,N/A,N/A,N/A,N/A,N/A,N/A,N/A,N/A,N/A,N/A,N/A,N/A,N/A,N/A,N/A,N/A,N/A,N/A,N/A,N/A,N/A,N/A,N/A,N/A,N/A,N/A,N/A,N/A,N/A,N/A,N/A,N/A,N/A,N/A,N/A,N/A,N/A,N/A,N/A,N/A,N/A,N/A,N/A,N/A,N/A,N/A,N/A,N/A
23,N/A,N/A,N/A,N/A,N/A,N/A,N/A,N/A,N/A,N/A,N/A,N/A,N/A,N/A,N/A,N/A,N/A,N/A,N/A,N/A,N/A,N/A,N/A,N/A,N/A,N/A,N/A,N/A,N/A,N/A,N/A,N/A,N/A,N/A,N/A,N/A,N/A,N/A,N/A,N/A,N/A,N/A,N/A,N/A,N/A,N/A,N/A,N/A,N/A,N/A,N/A,N/A,N/A,N/A,N/A,N/A,N/A,N/A,N/A,N/A,N/A,N/A,N/A,N/A,N/A,N/A,N/A,N/A,N/A,N/A,N/A,N/A,N/A,N/A,N/A,N/A,N/A,N/A,N/A,N/A,N/A,N/A,N/A,N/A,N/A,N/A,N/A,N/A,N/A,N/A,N/A,N/A,N/A,N/A,N/A,N/A,N/A,N/A,N/A,N/A,N/A,N/A,N/A,N/A
24,N/A,N/A,N/A,N/A,N/A,N/A,N/A,N/A,N/A,N/A,N/A,N/A,N/A,N/A,N/A,N/A,N/A,N/A,N/A,N/A,N/A,N/A,N/A,N/A,N/A,N/A,N/A,N/A,N/A,N/A,N/A,N/A,N/A,N/A,N/A,N/A,N/A,N/A,N/A,N/A,N/A,N/A,N/A,N/A,N/A,N/A,N/A,N/A,N/A,N/A,N/A,N/A,N/A,N/A,N/A,N/A,N/A,N/A,N/A,N/A,N/A,N/A,N/A,N/A,N/A,N/A,N/A,N/A,N/A,N/A,N/A,N/A,N/A,N/A,N/A,N/A,N/A,N/A,N/A,N/A,N/A,N/A,N/A,N/A,N/A,N/A,N/A,N/A,N/A,N/A,N/A,N/A,N/A,N/A,N/A,N/A,N/A,N/A,N/A,N/A,N/A,N/A,N/A,N/A
25,0.7632110118865967,0.0,0.0,0.3883283734321594,0.21157608926296234,0.2995569109916687,0.21177999675273895,0.0,0.36125603318214417,0.045424316078424454,0.3052176535129547,0.1789228618144989,0.3329407870769501,0.17766344547271729,0.3473430275917053,0.17161597311496735,0.0,0.20624986290931702,0.0050421529449522495,0.0,0.0,0.2230522483587265,0.009826884604990482,0.0,0.2375408113002777,0.30192211270332336,0.0,0.0,0.00932735949754715,0.5063435435295105,0.636432945728302,0.24632106721401215,0.569725513458252,0.4355522096157074,0.004244555253535509,0.08693891763687134,0.14238454401493073,0.5805802941322327,0.0,0.49686962366104126,0.2630225121974945,0.5189105868339539,0.5214278697967529,0.0,0.372592955827713,1.1285420441708993e-05,0.33514222502708435,0.07129000127315521,0.27841615676879883,0.14442569017410278,0.09030121564865112,0.10047394782304764,0.2474197894334793,0.040980782359838486,0.18633966147899628,0.3330889940261841,0.27645018696784973,0.16587242484092712,0.4592605233192444,0.7020638585090637,0.0,0.27097758650779724,0.0,0.0,0.34135690331459045,0.45619526505470276,0.5229713320732117,0.27144214510917664,0.00047091342275962234,0.0,0.40965569019317627,0.07030694931745529,0.3441009521484375,0.575355589389801,0.0,0.0,0.095638208091259,0.096166230738163,0.0,0.0,0.36852091550827026,0.4981945753097534,0.5154919624328613,0.0,0.6618795394897461,0.4479518234729767,0.0,0.714331328868866,0.406719446182251,0.39320865273475647,0.09991374611854553,0.23999547958374023,0.005097240209579468,0.21235215663909912,0.27981939911842346,0.7047634720802307,0.46679890155792236,0.0,0.021219467744231224,0.0,0.0,0.15070416033267975,0.0,3.364696567587089e-06
26,N/A,N/A,N/A,N/A,N/A,N/A,N/A,N/A,N/A,N/A,N/A,N/A,N/A,N/A,N/A,N/A,N/A,N/A,N/A,N/A,N/A,N/A,N/A,N/A,N/A,N/A,N/A,N/A,N/A,N/A,N/A,N/A,N/A,N/A,N/A,N/A,N/A,N/A,N/A,N/A,N/A,N/A,N/A,N/A,N/A,N/A,N/A,N/A,N/A,N/A,N/A,N/A,N/A,N/A,N/A,N/A,N/A,N/A,N/A,N/A,N/A,N/A,N/A,N/A,N/A,N/A,N/A,N/A,N/A,N/A,N/A,N/A,N/A,N/A,N/A,N/A,N/A,N/A,N/A,N/A,N/A,N/A,N/A,N/A,N/A,N/A,N/A,N/A,N/A,N/A,N/A,N/A,N/A,N/A,N/A,N/A,N/A,N/A,N/A,N/A,N/A,N/A,N/A,N/A
27,N/A,N/A,N/A,N/A,N/A,N/A,N/A,N/A,N/A,N/A,N/A,N/A,N/A,N/A,N/A,N/A,N/A,N/A,N/A,N/A,N/A,N/A,N/A,N/A,N/A,N/A,N/A,N/A,N/A,N/A,N/A,N/A,N/A,N/A,N/A,N/A,N/A,N/A,N/A,N/A,N/A,N/A,N/A,N/A,N/A,N/A,N/A,N/A,N/A,N/A,N/A,N/A,N/A,N/A,N/A,N/A,N/A,N/A,N/A,N/A,N/A,N/A,N/A,N/A,N/A,N/A,N/A,N/A,N/A,N/A,N/A,N/A,N/A,N/A,N/A,N/A,N/A,N/A,N/A,N/A,N/A,N/A,N/A,N/A,N/A,N/A,N/A,N/A,N/A,N/A,N/A,N/A,N/A,N/A,N/A,N/A,N/A,N/A,N/A,N/A,N/A,N/A,N/A,N/A
28,N/A,N/A,N/A,N/A,N/A,N/A,N/A,N/A,N/A,N/A,N/A,N/A,N/A,N/A,N/A,N/A,N/A,N/A,N/A,N/A,N/A,N/A,N/A,N/A,N/A,N/A,N/A,N/A,N/A,N/A,N/A,N/A,N/A,N/A,N/A,N/A,N/A,N/A,N/A,N/A,N/A,N/A,N/A,N/A,N/A,N/A,N/A,N/A,N/A,N/A,N/A,N/A,N/A,N/A,N/A,N/A,N/A,N/A,N/A,N/A,N/A,N/A,N/A,N/A,N/A,N/A,N/A,N/A,N/A,N/A,N/A,N/A,N/A,N/A,N/A,N/A,N/A,N/A,N/A,N/A,N/A,N/A,N/A,N/A,N/A,N/A,N/A,N/A,N/A,N/A,N/A,N/A,N/A,N/A,N/A,N/A,N/A,N/A,N/A,N/A,N/A,N/A,N/A,N/A
29,N/A,N/A,N/A,N/A,N/A,N/A,N/A,N/A,N/A,N/A,N/A,N/A,N/A,N/A,N/A,N/A,N/A,N/A,N/A,N/A,N/A,N/A,N/A,N/A,N/A,N/A,N/A,N/A,N/A,N/A,N/A,N/A,N/A,N/A,N/A,N/A,N/A,N/A,N/A,N/A,N/A,N/A,N/A,N/A,N/A,N/A,N/A,N/A,N/A,N/A,N/A,N/A,N/A,N/A,N/A,N/A,N/A,N/A,N/A,N/A,N/A,N/A,N/A,N/A,N/A,N/A,N/A,N/A,N/A,N/A,N/A,N/A,N/A,N/A,N/A,N/A,N/A,N/A,N/A,N/A,N/A,N/A,N/A,N/A,N/A,N/A,N/A,N/A,N/A,N/A,N/A,N/A,N/A,N/A,N/A,N/A,N/A,N/A,N/A,N/A,N/A,N/A,N/A,N/A
30,0.7843880653381348,0.0029236357659101486,0.0,0.4425492584705353,0.22032861411571503,0.30300620198249817,0.35576483607292175,0.0,0.36141228675842285,0.035136669874191284,0.29432061314582825,0.2251124233007431,0.3268854022026062,0.2052748203277588,0.31285980343818665,0.20980893075466156,0.0,0.2145850956439972,0.002492944709956646,0.0,0.0,0.2774887979030609,0.038752056658267975,0.0,0.2935541570186615,0.31390440464019775,0.0,0.0,0.007051271852105856,0.524293065071106,0.6396729946136475,0.24298809468746185,0.5302760601043701,0.4704348146915436,0.06308021396398544,0.181502103805542,0.1740836203098297,0.5838766694068909,0.0027423291467130184,0.35302233695983887,0.30228710174560547,0.5087670683860779,0.5850937366485596,0.0,0.3866920471191406,0.0653977245092392,0.36167794466018677,0.07782663404941559,0.20140181481838226,0.16262972354888916,0.1394815444946289,0.09691982716321945,0.2821531295776367,0.16565069556236267,0.2174021601676941,0.23536300659179688,0.3362642824649811,0.3465590476989746,0.4598557949066162,0.7203761339187622,0.0,0.24115051329135895,0.0,0.0,0.3915266692638397,0.4778337776660919,0.5028577446937561,0.27844148874282837,0.003742928383871913,0.0,0.4400125741958618,0.19493083655834198,0.42846766114234924,0.574898362159729,0.0,0.0015594720607623458,0.1616801917552948,0.07050928473472595,0.08554727584123611,0.0002967407344840467,0.3474355936050415,0.4272453188896179,0.5188186168670654,0.00024109137302730232,0.6609111428260803,0.5142050981521606,0.0,0.7351191639900208,0.5206514000892639,0.3729668855667114,0.21569393575191498,0.212845116853714,0.04788518324494362,0.25827649235725403,0.2846522927284241,0.7227526307106018,0.5735361576080322,0.0,0.1586107313632965,0.0,0.0,0.20504941046237946,0.0,0.0002245925716124475
31,N/A,N/A,N/A,N/A,N/A,N/A,N/A,N/A,N/A,N/A,N/A,N/A,N/A,N/A,N/A,N/A,N/A,N/A,N/A,N/A,N/A,N/A,N/A,N/A,N/A,N/A,N/A,N/A,N/A,N/A,N/A,N/A,N/A,N/A,N/A,N/A,N/A,N/A,N/A,N/A,N/A,N/A,N/A,N/A,N/A,N/A,N/A,N/A,N/A,N/A,N/A,N/A,N/A,N/A,N/A,N/A,N/A,N/A,N/A,N/A,N/A,N/A,N/A,N/A,N/A,N/A,N/A,N/A,N/A,N/A,N/A,N/A,N/A,N/A,N/A,N/A,N/A,N/A,N/A,N/A,N/A,N/A,N/A,N/A,N/A,N/A,N/A,N/A,N/A,N/A,N/A,N/A,N/A,N/A,N/A,N/A,N/A,N/A,N/A,N/A,N/A,N/A,N/A,N/A
32,N/A,N/A,N/A,N/A,N/A,N/A,N/A,N/A,N/A,N/A,N/A,N/A,N/A,N/A,N/A,N/A,N/A,N/A,N/A,N/A,N/A,N/A,N/A,N/A,N/A,N/A,N/A,N/A,N/A,N/A,N/A,N/A,N/A,N/A,N/A,N/A,N/A,N/A,N/A,N/A,N/A,N/A,N/A,N/A,N/A,N/A,N/A,N/A,N/A,N/A,N/A,N/A,N/A,N/A,N/A,N/A,N/A,N/A,N/A,N/A,N/A,N/A,N/A,N/A,N/A,N/A,N/A,N/A,N/A,N/A,N/A,N/A,N/A,N/A,N/A,N/A,N/A,N/A,N/A,N/A,N/A,N/A,N/A,N/A,N/A,N/A,N/A,N/A,N/A,N/A,N/A,N/A,N/A,N/A,N/A,N/A,N/A,N/A,N/A,N/A,N/A,N/A,N/A,N/A
33,N/A,N/A,N/A,N/A,N/A,N/A,N/A,N/A,N/A,N/A,N/A,N/A,N/A,N/A,N/A,N/A,N/A,N/A,N/A,N/A,N/A,N/A,N/A,N/A,N/A,N/A,N/A,N/A,N/A,N/A,N/A,N/A,N/A,N/A,N/A,N/A,N/A,N/A,N/A,N/A,N/A,N/A,N/A,N/A,N/A,N/A,N/A,N/A,N/A,N/A,N/A,N/A,N/A,N/A,N/A,N/A,N/A,N/A,N/A,N/A,N/A,N/A,N/A,N/A,N/A,N/A,N/A,N/A,N/A,N/A,N/A,N/A,N/A,N/A,N/A,N/A,N/A,N/A,N/A,N/A,N/A,N/A,N/A,N/A,N/A,N/A,N/A,N/A,N/A,N/A,N/A,N/A,N/A,N/A,N/A,N/A,N/A,N/A,N/A,N/A,N/A,N/A,N/A,N/A
34,N/A,N/A,N/A,N/A,N/A,N/A,N/A,N/A,N/A,N/A,N/A,N/A,N/A,N/A,N/A,N/A,N/A,N/A,N/A,N/A,N/A,N/A,N/A,N/A,N/A,N/A,N/A,N/A,N/A,N/A,N/A,N/A,N/A,N/A,N/A,N/A,N/A,N/A,N/A,N/A,N/A,N/A,N/A,N/A,N/A,N/A,N/A,N/A,N/A,N/A,N/A,N/A,N/A,N/A,N/A,N/A,N/A,N/A,N/A,N/A,N/A,N/A,N/A,N/A,N/A,N/A,N/A,N/A,N/A,N/A,N/A,N/A,N/A,N/A,N/A,N/A,N/A,N/A,N/A,N/A,N/A,N/A,N/A,N/A,N/A,N/A,N/A,N/A,N/A,N/A,N/A,N/A,N/A,N/A,N/A,N/A,N/A,N/A,N/A,N/A,N/A,N/A,N/A,N/A
35,0.7940266728401184,0.0024067340418696404,0.0,0.4254804253578186,0.15735068917274475,0.325417697429657,0.42271286249160767,0.0,0.36171194911003113,0.053182609379291534,0.3120259940624237,0.21154503524303436,0.33302146196365356,0.30845150351524353,0.32055291533470154,0.20150962471961975,0.0,0.2396785467863083,0.040755026042461395,0.0,0.0,0.2693157196044922,0.06659108400344849,0.0,0.2565739154815674,0.3316905200481415,0.0,0.0,0.035248421132564545,0.5705451369285583,0.6748036742210388,0.2787213623523712,0.5454512238502502,0.44721296429634094,0.116126649081707,0.25393614172935486,0.2125796228647232,0.5458948016166687,0.0013790676603093743,0.5793561339378357,0.2513940632343292,0.5408377647399902,0.5344790816307068,0.0,0.3424026668071747,0.09373652935028076,0.3550010621547699,0.06009284034371376,0.3083011507987976,0.18913909792900085,0.13249312341213226,0.1003822311758995,0.30391791462898254,0.13887201249599457,0.230203315615654,0.30650794506073,0.35457471013069153,0.2654440104961395,0.4819342792034149,0.6985986828804016,0.0,0.29767271876335144,0.0,0.0,0.3433760702610016,0.4805354177951813,0.4781852066516876,0.2996787428855896,0.04414323717355728,0.0,0.4320496916770935,0.28025639057159424,0.46793025732040405,0.5957223176956177,0.0,0.0,0.10897652804851532,0.0824386477470398,0.15719449520111084,0.08246071636676788,0.34508758783340454,0.38060131669044495,0.5323276519775391,0.0033389730378985405,0.6692048907279968,0.4853827655315399,0.0,0.758699893951416,0.36704638600349426,0.3630715012550354,0.15110798180103302,0.2709897756576538,0.12970536947250366,0.2457972913980484,0.29626649618148804,0.7048332095146179,0.5013701319694519,0.0,0.147439107298851,0.0,0.0,0.2098723202943802,0.0,0.0007763965404592454
36,N/A,N/A,N/A,N/A,N/A,N/A,N/A,N/A,N/A,N/A,N/A,N/A,N/A,N/A,N/A,N/A,N/A,N/A,N/A,N/A,N/A,N/A,N/A,N/A,N/A,N/A,N/A,N/A,N/A,N/A,N/A,N/A,N/A,N/A,N/A,N/A,N/A,N/A,N/A,N/A,N/A,N/A,N/A,N/A,N/A,N/A,N/A,N/A,N/A,N/A,N/A,N/A,N/A,N/A,N/A,N/A,N/A,N/A,N/A,N/A,N/A,N/A,N/A,N/A,N/A,N/A,N/A,N/A,N/A,N/A,N/A,N/A,N/A,N/A,N/A,N/A,N/A,N/A,N/A,N/A,N/A,N/A,N/A,N/A,N/A,N/A,N/A,N/A,N/A,N/A,N/A,N/A,N/A,N/A,N/A,N/A,N/A,N/A,N/A,N/A,N/A,N/A,N/A,N/A
37,N/A,N/A,N/A,N/A,N/A,N/A,N/A,N/A,N/A,N/A,N/A,N/A,N/A,N/A,N/A,N/A,N/A,N/A,N/A,N/A,N/A,N/A,N/A,N/A,N/A,N/A,N/A,N/A,N/A,N/A,N/A,N/A,N/A,N/A,N/A,N/A,N/A,N/A,N/A,N/A,N/A,N/A,N/A,N/A,N/A,N/A,N/A,N/A,N/A,N/A,N/A,N/A,N/A,N/A,N/A,N/A,N/A,N/A,N/A,N/A,N/A,N/A,N/A,N/A,N/A,N/A,N/A,N/A,N/A,N/A,N/A,N/A,N/A,N/A,N/A,N/A,N/A,N/A,N/A,N/A,N/A,N/A,N/A,N/A,N/A,N/A,N/A,N/A,N/A,N/A,N/A,N/A,N/A,N/A,N/A,N/A,N/A,N/A,N/A,N/A,N/A,N/A,N/A,N/A
38,N/A,N/A,N/A,N/A,N/A,N/A,N/A,N/A,N/A,N/A,N/A,N/A,N/A,N/A,N/A,N/A,N/A,N/A,N/A,N/A,N/A,N/A,N/A,N/A,N/A,N/A,N/A,N/A,N/A,N/A,N/A,N/A,N/A,N/A,N/A,N/A,N/A,N/A,N/A,N/A,N/A,N/A,N/A,N/A,N/A,N/A,N/A,N/A,N/A,N/A,N/A,N/A,N/A,N/A,N/A,N/A,N/A,N/A,N/A,N/A,N/A,N/A,N/A,N/A,N/A,N/A,N/A,N/A,N/A,N/A,N/A,N/A,N/A,N/A,N/A,N/A,N/A,N/A,N/A,N/A,N/A,N/A,N/A,N/A,N/A,N/A,N/A,N/A,N/A,N/A,N/A,N/A,N/A,N/A,N/A,N/A,N/A,N/A,N/A,N/A,N/A,N/A,N/A,N/A
39,N/A,N/A,N/A,N/A,N/A,N/A,N/A,N/A,N/A,N/A,N/A,N/A,N/A,N/A,N/A,N/A,N/A,N/A,N/A,N/A,N/A,N/A,N/A,N/A,N/A,N/A,N/A,N/A,N/A,N/A,N/A,N/A,N/A,N/A,N/A,N/A,N/A,N/A,N/A,N/A,N/A,N/A,N/A,N/A,N/A,N/A,N/A,N/A,N/A,N/A,N/A,N/A,N/A,N/A,N/A,N/A,N/A,N/A,N/A,N/A,N/A,N/A,N/A,N/A,N/A,N/A,N/A,N/A,N/A,N/A,N/A,N/A,N/A,N/A,N/A,N/A,N/A,N/A,N/A,N/A,N/A,N/A,N/A,N/A,N/A,N/A,N/A,N/A,N/A,N/A,N/A,N/A,N/A,N/A,N/A,N/A,N/A,N/A,N/A,N/A,N/A,N/A,N/A,N/A
40,0.8058573007583618,3.254713737987913e-05,0.0,0.44377344846725464,0.1367979198694229,0.28020673990249634,0.4588204324245453,0.0,0.3593473434448242,0.06094984710216522,0.28589320182800293,0.2323153018951416,0.35828402638435364,0.3003932535648346,0.3717995584011078,0.3119544982910156,0.003434550715610385,0.2151578962802887,0.0778423622250557,0.0,0.0,0.2719328999519348,0.08246363699436188,0.0,0.3070164918899536,0.32771146297454834,0.0,0.0,0.07988575100898743,0.5466351509094238,0.7090733051300049,0.2659582495689392,0.580348014831543,0.4740259349346161,0.15141399204730988,0.07794571667909622,0.18720580637454987,0.6054443120956421,0.0,0.3760959506034851,0.3095782399177551,0.5303129553794861,0.5746956467628479,0.0,0.3815765380859375,0.025417983531951904,0.3565603792667389,0.07346952706575394,0.2694564461708069,0.188760444521904,0.14432290196418762,0.11429566144943237,0.290772944688797,0.20531043410301208,0.2242233157157898,0.3842755854129791,0.37967002391815186,0.2774195969104767,0.45580828189849854,0.7277676463127136,0.0,0.2860654890537262,0.00011260735482210293,0.0,0.42014122009277344,0.48417234420776367,0.5749953985214233,0.2990606427192688,0.1546739637851715,0.0,0.45180314779281616,0.23633114993572235,0.4610724151134491,0.5919243693351746,0.0,0.0,0.12361446022987366,0.020191308110952377,0.2977586090564728,0.07007819414138794,0.36706268787384033,0.5107313990592957,0.49782073497772217,0.0045732841826975346,0.6870797872543335,0.5074965357780457,0.0,0.7837706208229065,0.4114222228527069,0.36202797293663025,0.32078054547309875,0.3138480484485626,0.09037669003009796,0.27405211329460144,0.3116339445114136,0.723859965801239,0.5802173018455505,0.0,0.14394573867321014,0.0,0.0,0.18129533529281616,0.0,0.000974424765445292
41,N/A,N/A,N/A,N/A,N/A,N/A,N/A,N/A,N/A,N/A,N/A,N/A,N/A,N/A,N/A,N/A,N/A,N/A,N/A,N/A,N/A,N/A,N/A,N/A,N/A,N/A,N/A,N/A,N/A,N/A,N/A,N/A,N/A,N/A,N/A,N/A,N/A,N/A,N/A,N/A,N/A,N/A,N/A,N/A,N/A,N/A,N/A,N/A,N/A,N/A,N/A,N/A,N/A,N/A,N/A,N/A,N/A,N/A,N/A,N/A,N/A,N/A,N/A,N/A,N/A,N/A,N/A,N/A,N/A,N/A,N/A,N/A,N/A,N/A,N/A,N/A,N/A,N/A,N/A,N/A,N/A,N/A,N/A,N/A,N/A,N/A,N/A,N/A,N/A,N/A,N/A,N/A,N/A,N/A,N/A,N/A,N/A,N/A,N/A,N/A,N/A,N/A,N/A,N/A
42,N/A,N/A,N/A,N/A,N/A,N/A,N/A,N/A,N/A,N/A,N/A,N/A,N/A,N/A,N/A,N/A,N/A,N/A,N/A,N/A,N/A,N/A,N/A,N/A,N/A,N/A,N/A,N/A,N/A,N/A,N/A,N/A,N/A,N/A,N/A,N/A,N/A,N/A,N/A,N/A,N/A,N/A,N/A,N/A,N/A,N/A,N/A,N/A,N/A,N/A,N/A,N/A,N/A,N/A,N/A,N/A,N/A,N/A,N/A,N/A,N/A,N/A,N/A,N/A,N/A,N/A,N/A,N/A,N/A,N/A,N/A,N/A,N/A,N/A,N/A,N/A,N/A,N/A,N/A,N/A,N/A,N/A,N/A,N/A,N/A,N/A,N/A,N/A,N/A,N/A,N/A,N/A,N/A,N/A,N/A,N/A,N/A,N/A,N/A,N/A,N/A,N/A,N/A,N/A
43,N/A,N/A,N/A,N/A,N/A,N/A,N/A,N/A,N/A,N/A,N/A,N/A,N/A,N/A,N/A,N/A,N/A,N/A,N/A,N/A,N/A,N/A,N/A,N/A,N/A,N/A,N/A,N/A,N/A,N/A,N/A,N/A,N/A,N/A,N/A,N/A,N/A,N/A,N/A,N/A,N/A,N/A,N/A,N/A,N/A,N/A,N/A,N/A,N/A,N/A,N/A,N/A,N/A,N/A,N/A,N/A,N/A,N/A,N/A,N/A,N/A,N/A,N/A,N/A,N/A,N/A,N/A,N/A,N/A,N/A,N/A,N/A,N/A,N/A,N/A,N/A,N/A,N/A,N/A,N/A,N/A,N/A,N/A,N/A,N/A,N/A,N/A,N/A,N/A,N/A,N/A,N/A,N/A,N/A,N/A,N/A,N/A,N/A,N/A,N/A,N/A,N/A,N/A,N/A
44,N/A,N/A,N/A,N/A,N/A,N/A,N/A,N/A,N/A,N/A,N/A,N/A,N/A,N/A,N/A,N/A,N/A,N/A,N/A,N/A,N/A,N/A,N/A,N/A,N/A,N/A,N/A,N/A,N/A,N/A,N/A,N/A,N/A,N/A,N/A,N/A,N/A,N/A,N/A,N/A,N/A,N/A,N/A,N/A,N/A,N/A,N/A,N/A,N/A,N/A,N/A,N/A,N/A,N/A,N/A,N/A,N/A,N/A,N/A,N/A,N/A,N/A,N/A,N/A,N/A,N/A,N/A,N/A,N/A,N/A,N/A,N/A,N/A,N/A,N/A,N/A,N/A,N/A,N/A,N/A,N/A,N/A,N/A,N/A,N/A,N/A,N/A,N/A,N/A,N/A,N/A,N/A,N/A,N/A,N/A,N/A,N/A,N/A,N/A,N/A,N/A,N/A,N/A,N/A
45,0.797462522983551,0.003520279424265027,0.0,0.41794291138648987,0.15803997218608856,0.2745027542114258,0.3204524517059326,0.0,0.3869458734989166,0.05760619416832924,0.27828943729400635,0.22218669950962067,0.3387942910194397,0.3058091998100281,0.3536299467086792,0.2549498677253723,0.007382522337138653,0.2410259246826172,0.05497969686985016,0.0,0.0,0.32140880823135376,0.11418195813894272,0.0,0.24394859373569489,0.36761289834976196,0.0,0.0,0.08541429042816162,0.5537497997283936,0.6794185042381287,0.27589547634124756,0.5883424282073975,0.47074615955352783,0.038676634430885315,0.17284080386161804,0.2034870684146881,0.5928289294242859,0.0011136739049106836,0.6153548359870911,0.30592161417007446,0.5467043519020081,0.5897734761238098,0.0,0.3877595365047455,0.1256716102361679,0.36988356709480286,0.10097960382699966,0.27638280391693115,0.1865786910057068,0.14606624841690063,0.1305936872959137,0.3131941258907318,0.24856498837471008,0.23833194375038147,0.425310343503952,0.34652167558670044,0.28810352087020874,0.4668612778186798,0.7214295268058777,0.0,0.25223174691200256,0.009787466377019882,0.0,0.4200693964958191,0.4991912841796875,0.5255516767501831,0.2962762713432312,0.18973185122013092,0.0,0.4471931755542755,0.3205229341983795,0.4313732385635376,0.6109736561775208,0.0,0.08032003790140152,0.16442838311195374,0.13730546832084656,0.217895969748497,0.1504610925912857,0.39712533354759216,0.31102773547172546,0.5493385195732117,0.04729001969099045,0.6732850074768066,0.5356141924858093,0.0,0.7830990552902222,0.5143758058547974,0.42005622386932373,0.29188281297683716,0.3263540267944336,0.12024165689945221,0.2672503888607025,0.33231455087661743,0.7333099246025085,0.5610867142677307,0.0,0.15051871538162231,0.0,0.0,0.1983456313610077,0.0,0.004012576304376125
46,N/A,N/A,N/A,N/A,N/A,N/A,N/A,N/A,N/A,N/A,N/A,N/A,N/A,N/A,N/A,N/A,N/A,N/A,N/A,N/A,N/A,N/A,N/A,N/A,N/A,N/A,N/A,N/A,N/A,N/A,N/A,N/A,N/A,N/A,N/A,N/A,N/A,N/A,N/A,N/A,N/A,N/A,N/A,N/A,N/A,N/A,N/A,N/A,N/A,N/A,N/A,N/A,N/A,N/A,N/A,N/A,N/A,N/A,N/A,N/A,N/A,N/A,N/A,N/A,N/A,N/A,N/A,N/A,N/A,N/A,N/A,N/A,N/A,N/A,N/A,N/A,N/A,N/A,N/A,N/A,N/A,N/A,N/A,N/A,N/A,N/A,N/A,N/A,N/A,N/A,N/A,N/A,N/A,N/A,N/A,N/A,N/A,N/A,N/A,N/A,N/A,N/A,N/A,N/A
47,N/A,N/A,N/A,N/A,N/A,N/A,N/A,N/A,N/A,N/A,N/A,N/A,N/A,N/A,N/A,N/A,N/A,N/A,N/A,N/A,N/A,N/A,N/A,N/A,N/A,N/A,N/A,N/A,N/A,N/A,N/A,N/A,N/A,N/A,N/A,N/A,N/A,N/A,N/A,N/A,N/A,N/A,N/A,N/A,N/A,N/A,N/A,N/A,N/A,N/A,N/A,N/A,N/A,N/A,N/A,N/A,N/A,N/A,N/A,N/A,N/A,N/A,N/A,N/A,N/A,N/A,N/A,N/A,N/A,N/A,N/A,N/A,N/A,N/A,N/A,N/A,N/A,N/A,N/A,N/A,N/A,N/A,N/A,N/A,N/A,N/A,N/A,N/A,N/A,N/A,N/A,N/A,N/A,N/A,N/A,N/A,N/A,N/A,N/A,N/A,N/A,N/A,N/A,N/A
48,N/A,N/A,N/A,N/A,N/A,N/A,N/A,N/A,N/A,N/A,N/A,N/A,N/A,N/A,N/A,N/A,N/A,N/A,N/A,N/A,N/A,N/A,N/A,N/A,N/A,N/A,N/A,N/A,N/A,N/A,N/A,N/A,N/A,N/A,N/A,N/A,N/A,N/A,N/A,N/A,N/A,N/A,N/A,N/A,N/A,N/A,N/A,N/A,N/A,N/A,N/A,N/A,N/A,N/A,N/A,N/A,N/A,N/A,N/A,N/A,N/A,N/A,N/A,N/A,N/A,N/A,N/A,N/A,N/A,N/A,N/A,N/A,N/A,N/A,N/A,N/A,N/A,N/A,N/A,N/A,N/A,N/A,N/A,N/A,N/A,N/A,N/A,N/A,N/A,N/A,N/A,N/A,N/A,N/A,N/A,N/A,N/A,N/A,N/A,N/A,N/A,N/A,N/A,N/A
49,N/A,N/A,N/A,N/A,N/A,N/A,N/A,N/A,N/A,N/A,N/A,N/A,N/A,N/A,N/A,N/A,N/A,N/A,N/A,N/A,N/A,N/A,N/A,N/A,N/A,N/A,N/A,N/A,N/A,N/A,N/A,N/A,N/A,N/A,N/A,N/A,N/A,N/A,N/A,N/A,N/A,N/A,N/A,N/A,N/A,N/A,N/A,N/A,N/A,N/A,N/A,N/A,N/A,N/A,N/A,N/A,N/A,N/A,N/A,N/A,N/A,N/A,N/A,N/A,N/A,N/A,N/A,N/A,N/A,N/A,N/A,N/A,N/A,N/A,N/A,N/A,N/A,N/A,N/A,N/A,N/A,N/A,N/A,N/A,N/A,N/A,N/A,N/A,N/A,N/A,N/A,N/A,N/A,N/A,N/A,N/A,N/A,N/A,N/A,N/A,N/A,N/A,N/A,N/A
50,0.7884441614151001,0.03377142548561096,0.0,0.42556262016296387,0.11496354639530182,0.341744989156723,0.39257481694221497,0.0,0.3487657904624939,0.06230879947543144,0.32163205742836,0.25781121850013733,0.28692373633384705,0.3305155038833618,0.325501024723053,0.16532661020755768,0.006366882007569075,0.2396262288093567,0.09612946957349777,0.0,0.0,0.267935574054718,0.12296909838914871,0.0,0.254420667886734,0.35900482535362244,0.0,0.0002866860886570066,0.10596839338541031,0.5173514485359192,0.6805742979049683,0.2744290232658386,0.6289937496185303,0.5021700263023376,0.1744079291820526,0.2535814642906189,0.219427227973938,0.5813877582550049,0.009867524728178978,0.5157021284103394,0.27865850925445557,0.47018516063690186,0.5849469304084778,0.0010618093656376004,0.37776124477386475,0.06293198466300964,0.375196635723114,0.09494742006063461,0.2960103750228882,0.1747823804616928,0.12443986535072327,0.1033957451581955,0.32723119854927063,0.16808226704597473,0.2374601662158966,0.4313584268093109,0.341802716255188,0.28558841347694397,0.4728374779224396,0.7310901284217834,0.0,0.2364436835050583,0.016516409814357758,0.0038589087780565023,0.40868130326271057,0.4723372459411621,0.5513375997543335,0.3227866291999817,0.16604064404964447,0.004748416133224964,0.45631539821624756,0.3467857539653778,0.4744529724121094,0.5764649510383606,0.0,0.2614540159702301,0.19158107042312622,0.12910492718219757,0.25697946548461914,0.07151654362678528,0.41513678431510925,0.3731815218925476,0.5056530237197876,0.03560099005699158,0.6674564480781555,0.546356737613678,0.0,0.766624391078949,0.5008998513221741,0.42125964164733887,0.33112993836402893,0.34347426891326904,0.1963280290365219,0.28137555718421936,0.29613032937049866,0.7411137819290161,0.5788062214851379,0.0,0.07741644233465195,0.0,0.0,0.22453004121780396,0.0,0.013659078627824783
51,N/A,N/A,N/A,N/A,N/A,N/A,N/A,N/A,N/A,N/A,N/A,N/A,N/A,N/A,N/A,N/A,N/A,N/A,N/A,N/A,N/A,N/A,N/A,N/A,N/A,N/A,N/A,N/A,N/A,N/A,N/A,N/A,N/A,N/A,N/A,N/A,N/A,N/A,N/A,N/A,N/A,N/A,N/A,N/A,N/A,N/A,N/A,N/A,N/A,N/A,N/A,N/A,N/A,N/A,N/A,N/A,N/A,N/A,N/A,N/A,N/A,N/A,N/A,N/A,N/A,N/A,N/A,N/A,N/A,N/A,N/A,N/A,N/A,N/A,N/A,N/A,N/A,N/A,N/A,N/A,N/A,N/A,N/A,N/A,N/A,N/A,N/A,N/A,N/A,N/A,N/A,N/A,N/A,N/A,N/A,N/A,N/A,N/A,N/A,N/A,N/A,N/A,N/A,N/A
52,N/A,N/A,N/A,N/A,N/A,N/A,N/A,N/A,N/A,N/A,N/A,N/A,N/A,N/A,N/A,N/A,N/A,N/A,N/A,N/A,N/A,N/A,N/A,N/A,N/A,N/A,N/A,N/A,N/A,N/A,N/A,N/A,N/A,N/A,N/A,N/A,N/A,N/A,N/A,N/A,N/A,N/A,N/A,N/A,N/A,N/A,N/A,N/A,N/A,N/A,N/A,N/A,N/A,N/A,N/A,N/A,N/A,N/A,N/A,N/A,N/A,N/A,N/A,N/A,N/A,N/A,N/A,N/A,N/A,N/A,N/A,N/A,N/A,N/A,N/A,N/A,N/A,N/A,N/A,N/A,N/A,N/A,N/A,N/A,N/A,N/A,N/A,N/A,N/A,N/A,N/A,N/A,N/A,N/A,N/A,N/A,N/A,N/A,N/A,N/A,N/A,N/A,N/A,N/A
53,N/A,N/A,N/A,N/A,N/A,N/A,N/A,N/A,N/A,N/A,N/A,N/A,N/A,N/A,N/A,N/A,N/A,N/A,N/A,N/A,N/A,N/A,N/A,N/A,N/A,N/A,N/A,N/A,N/A,N/A,N/A,N/A,N/A,N/A,N/A,N/A,N/A,N/A,N/A,N/A,N/A,N/A,N/A,N/A,N/A,N/A,N/A,N/A,N/A,N/A,N/A,N/A,N/A,N/A,N/A,N/A,N/A,N/A,N/A,N/A,N/A,N/A,N/A,N/A,N/A,N/A,N/A,N/A,N/A,N/A,N/A,N/A,N/A,N/A,N/A,N/A,N/A,N/A,N/A,N/A,N/A,N/A,N/A,N/A,N/A,N/A,N/A,N/A,N/A,N/A,N/A,N/A,N/A,N/A,N/A,N/A,N/A,N/A,N/A,N/A,N/A,N/A,N/A,N/A
54,N/A,N/A,N/A,N/A,N/A,N/A,N/A,N/A,N/A,N/A,N/A,N/A,N/A,N/A,N/A,N/A,N/A,N/A,N/A,N/A,N/A,N/A,N/A,N/A,N/A,N/A,N/A,N/A,N/A,N/A,N/A,N/A,N/A,N/A,N/A,N/A,N/A,N/A,N/A,N/A,N/A,N/A,N/A,N/A,N/A,N/A,N/A,N/A,N/A,N/A,N/A,N/A,N/A,N/A,N/A,N/A,N/A,N/A,N/A,N/A,N/A,N/A,N/A,N/A,N/A,N/A,N/A,N/A,N/A,N/A,N/A,N/A,N/A,N/A,N/A,N/A,N/A,N/A,N/A,N/A,N/A,N/A,N/A,N/A,N/A,N/A,N/A,N/A,N/A,N/A,N/A,N/A,N/A,N/A,N/A,N/A,N/A,N/A,N/A,N/A,N/A,N/A,N/A,N/A
55,0.7651258707046509,0.07350955903530121,0.0,0.407997727394104,0.18839092552661896,0.3369327187538147,0.35527491569519043,0.0,0.33184534311294556,0.07807059586048126,0.2789994478225708,0.26210540533065796,0.32758602499961853,0.2657092809677124,0.3650270402431488,0.24427364766597748,0.018624363467097282,0.24491356313228607,0.061759237200021744,0.0,0.0001991799654206261,0.29482126235961914,0.13088344037532806,0.0,0.34019067883491516,0.29992595314979553,0.0,0.0,0.13748455047607422,0.5314433574676514,0.6838092803955078,0.27434828877449036,0.5831279158592224,0.48064425587654114,0.15460506081581116,0.22169195115566254,0.2076568901538849,0.6051772832870483,0.028372593224048615,0.4517309069633484,0.30530914664268494,0.4769613742828369,0.5548446178436279,0.002311634598299861,0.40479642152786255,0.1641150861978531,0.3546578288078308,0.10311142355203629,0.3002062737941742,0.19026565551757812,0.15117235481739044,0.12671919167041779,0.26547402143478394,0.20439468324184418,0.2321423590183258,0.3753119111061096,0.3358825147151947,0.22339509427547455,0.47490549087524414,0.7177175879478455,0.0,0.24622400104999542,0.037332091480493546,0.0011076793307438493,0.3874230980873108,0.48471400141716003,0.5705380439758301,0.29233890771865845,0.12443717569112778,0.01121186837553978,0.46007829904556274,0.34122323989868164,0.47027912735939026,0.5773931741714478,0.0,0.19065970182418823,0.18090052902698517,0.10297871381044388,0.2631092965602875,0.08420918136835098,0.3949684202671051,0.39452090859413147,0.5132390260696411,0.05726645886898041,0.6875357627868652,0.531247615814209,0.0,0.7852064967155457,0.46966221928596497,0.39231130480766296,0.2665514647960663,0.31303495168685913,0.2098318636417389,0.2637023627758026,0.285897433757782,0.7334383130073547,0.5578219294548035,0.0,0.15988846123218536,0.0009837046964094043,0.0,0.22976818680763245,0.004590288735926151,0.011579361744225025
56,N/A,N/A,N/A,N/A,N/A,N/A,N/A,N/A,N/A,N/A,N/A,N/A,N/A,N/A,N/A,N/A,N/A,N/A,N/A,N/A,N/A,N/A,N/A,N/A,N/A,N/A,N/A,N/A,N/A,N/A,N/A,N/A,N/A,N/A,N/A,N/A,N/A,N/A,N/A,N/A,N/A,N/A,N/A,N/A,N/A,N/A,N/A,N/A,N/A,N/A,N/A,N/A,N/A,N/A,N/A,N/A,N/A,N/A,N/A,N/A,N/A,N/A,N/A,N/A,N/A,N/A,N/A,N/A,N/A,N/A,N/A,N/A,N/A,N/A,N/A,N/A,N/A,N/A,N/A,N/A,N/A,N/A,N/A,N/A,N/A,N/A,N/A,N/A,N/A,N/A,N/A,N/A,N/A,N/A,N/A,N/A,N/A,N/A,N/A,N/A,N/A,N/A,N/A,N/A
57,N/A,N/A,N/A,N/A,N/A,N/A,N/A,N/A,N/A,N/A,N/A,N/A,N/A,N/A,N/A,N/A,N/A,N/A,N/A,N/A,N/A,N/A,N/A,N/A,N/A,N/A,N/A,N/A,N/A,N/A,N/A,N/A,N/A,N/A,N/A,N/A,N/A,N/A,N/A,N/A,N/A,N/A,N/A,N/A,N/A,N/A,N/A,N/A,N/A,N/A,N/A,N/A,N/A,N/A,N/A,N/A,N/A,N/A,N/A,N/A,N/A,N/A,N/A,N/A,N/A,N/A,N/A,N/A,N/A,N/A,N/A,N/A,N/A,N/A,N/A,N/A,N/A,N/A,N/A,N/A,N/A,N/A,N/A,N/A,N/A,N/A,N/A,N/A,N/A,N/A,N/A,N/A,N/A,N/A,N/A,N/A,N/A,N/A,N/A,N/A,N/A,N/A,N/A,N/A
58,N/A,N/A,N/A,N/A,N/A,N/A,N/A,N/A,N/A,N/A,N/A,N/A,N/A,N/A,N/A,N/A,N/A,N/A,N/A,N/A,N/A,N/A,N/A,N/A,N/A,N/A,N/A,N/A,N/A,N/A,N/A,N/A,N/A,N/A,N/A,N/A,N/A,N/A,N/A,N/A,N/A,N/A,N/A,N/A,N/A,N/A,N/A,N/A,N/A,N/A,N/A,N/A,N/A,N/A,N/A,N/A,N/A,N/A,N/A,N/A,N/A,N/A,N/A,N/A,N/A,N/A,N/A,N/A,N/A,N/A,N/A,N/A,N/A,N/A,N/A,N/A,N/A,N/A,N/A,N/A,N/A,N/A,N/A,N/A,N/A,N/A,N/A,N/A,N/A,N/A,N/A,N/A,N/A,N/A,N/A,N/A,N/A,N/A,N/A,N/A,N/A,N/A,N/A,N/A
59,N/A,N/A,N/A,N/A,N/A,N/A,N/A,N/A,N/A,N/A,N/A,N/A,N/A,N/A,N/A,N/A,N/A,N/A,N/A,N/A,N/A,N/A,N/A,N/A,N/A,N/A,N/A,N/A,N/A,N/A,N/A,N/A,N/A,N/A,N/A,N/A,N/A,N/A,N/A,N/A,N/A,N/A,N/A,N/A,N/A,N/A,N/A,N/A,N/A,N/A,N/A,N/A,N/A,N/A,N/A,N/A,N/A,N/A,N/A,N/A,N/A,N/A,N/A,N/A,N/A,N/A,N/A,N/A,N/A,N/A,N/A,N/A,N/A,N/A,N/A,N/A,N/A,N/A,N/A,N/A,N/A,N/A,N/A,N/A,N/A,N/A,N/A,N/A,N/A,N/A,N/A,N/A,N/A,N/A,N/A,N/A,N/A,N/A,N/A,N/A,N/A,N/A,N/A,N/A
60,0.7830119729042053,0.23234844207763672,0.0,0.4455263316631317,0.15455469489097595,0.3416951298713684,0.33666035532951355,0.0,0.36889198422431946,0.07358334958553314,0.30463650822639465,0.27979904413223267,0.3492891788482666,0.31786495447158813,0.3551362454891205,0.23314619064331055,0.060511503368616104,0.25614115595817566,0.12849842011928558,0.0,0.0009253727039322257,0.3234463930130005,0.15205271542072296,0.0,0.3291798233985901,0.3384367823600769,0.0,0.00018110722885467112,0.1422252506017685,0.5427842140197754,0.6721165776252747,0.27585986256599426,0.6283259391784668,0.4840984046459198,0.20813637971878052,0.2817358374595642,0.2352476567029953,0.6096994876861572,0.08672479540109634,0.47800353169441223,0.3088204264640808,0.4707094430923462,0.5614404678344727,0.005197989288717508,0.3887535333633423,0.1400424689054489,0.36614057421684265,0.0853089690208435,0.25621846318244934,0.1950402706861496,0.13943926990032196,0.11724558472633362,0.27221935987472534,0.28866469860076904,0.25316324830055237,0.32957422733306885,0.347919225692749,0.24240556359291077,0.47911593317985535,0.7349885702133179,0.0,0.21640253067016602,0.0,0.0005030042375437915,0.46242213249206543,0.49555638432502747,0.5645847320556641,0.311648964881897,0.1471150517463684,0.0016138708451762795,0.4400418698787689,0.30833882093429565,0.4458983540534973,0.5817185640335083,0.0,0.4145936667919159,0.1565234214067459,0.11835037916898727,0.27067121863365173,0.12355678528547287,0.390842467546463,0.30020347237586975,0.5565106272697449,0.12745800614356995,0.6837150454521179,0.5331481695175171,0.0,0.7909659743309021,0.48495420813560486,0.4054937958717346,0.35600119829177856,0.26030102372169495,0.2463175505399704,0.262851357460022,0.31223222613334656,0.7265015244483948,0.5910145044326782,0.0,0.18178030848503113,0.0,0.0,0.19595392048358917,0.004135156981647015,0.006084437016397715
61,N/A,N/A,N/A,N/A,N/A,N/A,N/A,N/A,N/A,N/A,N/A,N/A,N/A,N/A,N/A,N/A,N/A,N/A,N/A,N/A,N/A,N/A,N/A,N/A,N/A,N/A,N/A,N/A,N/A,N/A,N/A,N/A,N/A,N/A,N/A,N/A,N/A,N/A,N/A,N/A,N/A,N/A,N/A,N/A,N/A,N/A,N/A,N/A,N/A,N/A,N/A,N/A,N/A,N/A,N/A,N/A,N/A,N/A,N/A,N/A,N/A,N/A,N/A,N/A,N/A,N/A,N/A,N/A,N/A,N/A,N/A,N/A,N/A,N/A,N/A,N/A,N/A,N/A,N/A,N/A,N/A,N/A,N/A,N/A,N/A,N/A,N/A,N/A,N/A,N/A,N/A,N/A,N/A,N/A,N/A,N/A,N/A,N/A,N/A,N/A,N/A,N/A,N/A,N/A
62,N/A,N/A,N/A,N/A,N/A,N/A,N/A,N/A,N/A,N/A,N/A,N/A,N/A,N/A,N/A,N/A,N/A,N/A,N/A,N/A,N/A,N/A,N/A,N/A,N/A,N/A,N/A,N/A,N/A,N/A,N/A,N/A,N/A,N/A,N/A,N/A,N/A,N/A,N/A,N/A,N/A,N/A,N/A,N/A,N/A,N/A,N/A,N/A,N/A,N/A,N/A,N/A,N/A,N/A,N/A,N/A,N/A,N/A,N/A,N/A,N/A,N/A,N/A,N/A,N/A,N/A,N/A,N/A,N/A,N/A,N/A,N/A,N/A,N/A,N/A,N/A,N/A,N/A,N/A,N/A,N/A,N/A,N/A,N/A,N/A,N/A,N/A,N/A,N/A,N/A,N/A,N/A,N/A,N/A,N/A,N/A,N/A,N/A,N/A,N/A,N/A,N/A,N/A,N/A
63,N/A,N/A,N/A,N/A,N/A,N/A,N/A,N/A,N/A,N/A,N/A,N/A,N/A,N/A,N/A,N/A,N/A,N/A,N/A,N/A,N/A,N/A,N/A,N/A,N/A,N/A,N/A,N/A,N/A,N/A,N/A,N/A,N/A,N/A,N/A,N/A,N/A,N/A,N/A,N/A,N/A,N/A,N/A,N/A,N/A,N/A,N/A,N/A,N/A,N/A,N/A,N/A,N/A,N/A,N/A,N/A,N/A,N/A,N/A,N/A,N/A,N/A,N/A,N/A,N/A,N/A,N/A,N/A,N/A,N/A,N/A,N/A,N/A,N/A,N/A,N/A,N/A,N/A,N/A,N/A,N/A,N/A,N/A,N/A,N/A,N/A,N/A,N/A,N/A,N/A,N/A,N/A,N/A,N/A,N/A,N/A,N/A,N/A,N/A,N/A,N/A,N/A,N/A,N/A
64,N/A,N/A,N/A,N/A,N/A,N/A,N/A,N/A,N/A,N/A,N/A,N/A,N/A,N/A,N/A,N/A,N/A,N/A,N/A,N/A,N/A,N/A,N/A,N/A,N/A,N/A,N/A,N/A,N/A,N/A,N/A,N/A,N/A,N/A,N/A,N/A,N/A,N/A,N/A,N/A,N/A,N/A,N/A,N/A,N/A,N/A,N/A,N/A,N/A,N/A,N/A,N/A,N/A,N/A,N/A,N/A,N/A,N/A,N/A,N/A,N/A,N/A,N/A,N/A,N/A,N/A,N/A,N/A,N/A,N/A,N/A,N/A,N/A,N/A,N/A,N/A,N/A,N/A,N/A,N/A,N/A,N/A,N/A,N/A,N/A,N/A,N/A,N/A,N/A,N/A,N/A,N/A,N/A,N/A,N/A,N/A,N/A,N/A,N/A,N/A,N/A,N/A,N/A,N/A
65,0.8026874661445618,0.10616236925125122,0.0,0.441987544298172,0.20420868694782257,0.3566402196884155,0.4116381108760834,0.0,0.36824291944503784,0.06583073735237122,0.3160010874271393,0.2574822008609772,0.3731131851673126,0.3232758045196533,0.3538053333759308,0.2364867776632309,0.15033088624477386,0.21808186173439026,0.13792887330055237,0.0,0.0008987344917841256,0.3458668887615204,0.13160112500190735,0.0,0.25988659262657166,0.35485127568244934,0.0,0.0,0.20468270778656006,0.5019940137863159,0.6874300837516785,0.28023844957351685,0.6346063613891602,0.5100979208946228,0.20231732726097107,0.2895268499851227,0.2245902568101883,0.5645914077758789,0.04268549010157585,0.4580846428871155,0.2952854335308075,0.4784033000469208,0.5990802645683289,0.02694936841726303,0.3819608986377716,0.21168646216392517,0.3695783019065857,0.09977900981903076,0.2844693660736084,0.21563518047332764,0.14061933755874634,0.1334124058485031,0.3178726136684418,0.22173303365707397,0.246225044131279,0.3544199466705322,0.31511029601097107,0.2749346196651459,0.47307178378105164,0.749706506729126,0.0,0.25482916831970215,0.007145753595978022,0.011486152186989784,0.46085917949676514,0.5027111172676086,0.5538559556007385,0.2799714207649231,0.13376758992671967,0.00014373313752003014,0.4353681802749634,0.38953128457069397,0.4003087282180786,0.6123380064964294,0.0,0.37140703201293945,0.18073487281799316,0.10116887092590332,0.21235914528369904,0.13592787086963654,0.3996645212173462,0.35110974311828613,0.5591737627983093,0.09402674436569214,0.6977041959762573,0.5406069159507751,0.0,0.8036285042762756,0.5058216452598572,0.4056430459022522,0.3512412905693054,0.31742286682128906,0.31964248418807983,0.2637600004673004,0.3428085744380951,0.734376847743988,0.5655691623687744,0.0,0.09144416451454163,0.0,0.0,0.22156842052936554,0.0023951164912432432,0.007158210035413504
66,N/A,N/A,N/A,N/A,N/A,N/A,N/A,N/A,N/A,N/A,N/A,N/A,N/A,N/A,N/A,N/A,N/A,N/A,N/A,N/A,N/A,N/A,N/A,N/A,N/A,N/A,N/A,N/A,N/A,N/A,N/A,N/A,N/A,N/A,N/A,N/A,N/A,N/A,N/A,N/A,N/A,N/A,N/A,N/A,N/A,N/A,N/A,N/A,N/A,N/A,N/A,N/A,N/A,N/A,N/A,N/A,N/A,N/A,N/A,N/A,N/A,N/A,N/A,N/A,N/A,N/A,N/A,N/A,N/A,N/A,N/A,N/A,N/A,N/A,N/A,N/A,N/A,N/A,N/A,N/A,N/A,N/A,N/A,N/A,N/A,N/A,N/A,N/A,N/A,N/A,N/A,N/A,N/A,N/A,N/A,N/A,N/A,N/A,N/A,N/A,N/A,N/A,N/A,N/A
67,N/A,N/A,N/A,N/A,N/A,N/A,N/A,N/A,N/A,N/A,N/A,N/A,N/A,N/A,N/A,N/A,N/A,N/A,N/A,N/A,N/A,N/A,N/A,N/A,N/A,N/A,N/A,N/A,N/A,N/A,N/A,N/A,N/A,N/A,N/A,N/A,N/A,N/A,N/A,N/A,N/A,N/A,N/A,N/A,N/A,N/A,N/A,N/A,N/A,N/A,N/A,N/A,N/A,N/A,N/A,N/A,N/A,N/A,N/A,N/A,N/A,N/A,N/A,N/A,N/A,N/A,N/A,N/A,N/A,N/A,N/A,N/A,N/A,N/A,N/A,N/A,N/A,N/A,N/A,N/A,N/A,N/A,N/A,N/A,N/A,N/A,N/A,N/A,N/A,N/A,N/A,N/A,N/A,N/A,N/A,N/A,N/A,N/A,N/A,N/A,N/A,N/A,N/A,N/A
68,N/A,N/A,N/A,N/A,N/A,N/A,N/A,N/A,N/A,N/A,N/A,N/A,N/A,N/A,N/A,N/A,N/A,N/A,N/A,N/A,N/A,N/A,N/A,N/A,N/A,N/A,N/A,N/A,N/A,N/A,N/A,N/A,N/A,N/A,N/A,N/A,N/A,N/A,N/A,N/A,N/A,N/A,N/A,N/A,N/A,N/A,N/A,N/A,N/A,N/A,N/A,N/A,N/A,N/A,N/A,N/A,N/A,N/A,N/A,N/A,N/A,N/A,N/A,N/A,N/A,N/A,N/A,N/A,N/A,N/A,N/A,N/A,N/A,N/A,N/A,N/A,N/A,N/A,N/A,N/A,N/A,N/A,N/A,N/A,N/A,N/A,N/A,N/A,N/A,N/A,N/A,N/A,N/A,N/A,N/A,N/A,N/A,N/A,N/A,N/A,N/A,N/A,N/A,N/A
69,N/A,N/A,N/A,N/A,N/A,N/A,N/A,N/A,N/A,N/A,N/A,N/A,N/A,N/A,N/A,N/A,N/A,N/A,N/A,N/A,N/A,N/A,N/A,N/A,N/A,N/A,N/A,N/A,N/A,N/A,N/A,N/A,N/A,N/A,N/A,N/A,N/A,N/A,N/A,N/A,N/A,N/A,N/A,N/A,N/A,N/A,N/A,N/A,N/A,N/A,N/A,N/A,N/A,N/A,N/A,N/A,N/A,N/A,N/A,N/A,N/A,N/A,N/A,N/A,N/A,N/A,N/A,N/A,N/A,N/A,N/A,N/A,N/A,N/A,N/A,N/A,N/A,N/A,N/A,N/A,N/A,N/A,N/A,N/A,N/A,N/A,N/A,N/A,N/A,N/A,N/A,N/A,N/A,N/A,N/A,N/A,N/A,N/A,N/A,N/A,N/A,N/A,N/A,N/A
70,0.8065792918205261,0.24018387496471405,0.0,0.3783745765686035,0.1939704716205597,0.30534622073173523,0.29139477014541626,0.0,0.397993803024292,0.05790470540523529,0.28893962502479553,0.24852216243743896,0.38597291707992554,0.3960719704627991,0.3517080545425415,0.2753351032733917,0.1431158483028412,0.236995667219162,0.11000250279903412,0.001367736840620637,0.0003956579603254795,0.2842303216457367,0.15259014070034027,0.0,0.3349723219871521,0.3673339784145355,0.0,0.00324220210313797,0.15590837597846985,0.5028090476989746,0.7136635184288025,0.2655380368232727,0.5809109807014465,0.47086644172668457,0.1945195347070694,0.2766943573951721,0.23682573437690735,0.5729606747627258,0.14123591780662537,0.46988674998283386,0.2910809814929962,0.50014728307724,0.6115463376045227,0.03148530423641205,0.3110418915748596,0.22455619275569916,0.36058831214904785,0.10790956020355225,0.28960829973220825,0.19510048627853394,0.14933443069458008,0.1180371418595314,0.3017983138561249,0.22389309108257294,0.23818251490592957,0.29983580112457275,0.31138330698013306,0.3153548538684845,0.4675080478191376,0.7403390407562256,0.0,0.27946966886520386,0.004367691930383444,0.004368125461041927,0.4494175314903259,0.5069828033447266,0.5526108741760254,0.31508496403694153,0.14385315775871277,0.0,0.4618418216705322,0.42156827449798584,0.3823108673095703,0.6154096126556396,0.0,0.3556291460990906,0.15583962202072144,0.1255769580602646,0.19610373675823212,0.08799459785223007,0.3934042155742645,0.3435364067554474,0.5446297526359558,0.11983926594257355,0.6938207745552063,0.5351224541664124,0.0,0.7706458568572998,0.42140185832977295,0.4066852331161499,0.3091450035572052,0.29159095883369446,0.26906532049179077,0.28685036301612854,0.31750014424324036,0.7378585338592529,0.5696525573730469,0.0,0.1428736001253128,0.0,0.0,0.22351595759391785,0.00021295191254466772,0.015769224613904953
71,N/A,N/A,N/A,N/A,N/A,N/A,N/A,N/A,N/A,N/A,N/A,N/A,N/A,N/A,N/A,N/A,N/A,N/A,N/A,N/A,N/A,N/A,N/A,N/A,N/A,N/A,N/A,N/A,N/A,N/A,N/A,N/A,N/A,N/A,N/A,N/A,N/A,N/A,N/A,N/A,N/A,N/A,N/A,N/A,N/A,N/A,N/A,N/A,N/A,N/A,N/A,N/A,N/A,N/A,N/A,N/A,N/A,N/A,N/A,N/A,N/A,N/A,N/A,N/A,N/A,N/A,N/A,N/A,N/A,N/A,N/A,N/A,N/A,N/A,N/A,N/A,N/A,N/A,N/A,N/A,N/A,N/A,N/A,N/A,N/A,N/A,N/A,N/A,N/A,N/A,N/A,N/A,N/A,N/A,N/A,N/A,N/A,N/A,N/A,N/A,N/A,N/A,N/A,N/A
72,N/A,N/A,N/A,N/A,N/A,N/A,N/A,N/A,N/A,N/A,N/A,N/A,N/A,N/A,N/A,N/A,N/A,N/A,N/A,N/A,N/A,N/A,N/A,N/A,N/A,N/A,N/A,N/A,N/A,N/A,N/A,N/A,N/A,N/A,N/A,N/A,N/A,N/A,N/A,N/A,N/A,N/A,N/A,N/A,N/A,N/A,N/A,N/A,N/A,N/A,N/A,N/A,N/A,N/A,N/A,N/A,N/A,N/A,N/A,N/A,N/A,N/A,N/A,N/A,N/A,N/A,N/A,N/A,N/A,N/A,N/A,N/A,N/A,N/A,N/A,N/A,N/A,N/A,N/A,N/A,N/A,N/A,N/A,N/A,N/A,N/A,N/A,N/A,N/A,N/A,N/A,N/A,N/A,N/A,N/A,N/A,N/A,N/A,N/A,N/A,N/A,N/A,N/A,N/A
73,N/A,N/A,N/A,N/A,N/A,N/A,N/A,N/A,N/A,N/A,N/A,N/A,N/A,N/A,N/A,N/A,N/A,N/A,N/A,N/A,N/A,N/A,N/A,N/A,N/A,N/A,N/A,N/A,N/A,N/A,N/A,N/A,N/A,N/A,N/A,N/A,N/A,N/A,N/A,N/A,N/A,N/A,N/A,N/A,N/A,N/A,N/A,N/A,N/A,N/A,N/A,N/A,N/A,N/A,N/A,N/A,N/A,N/A,N/A,N/A,N/A,N/A,N/A,N/A,N/A,N/A,N/A,N/A,N/A,N/A,N/A,N/A,N/A,N/A,N/A,N/A,N/A,N/A,N/A,N/A,N/A,N/A,N/A,N/A,N/A,N/A,N/A,N/A,N/A,N/A,N/A,N/A,N/A,N/A,N/A,N/A,N/A,N/A,N/A,N/A,N/A,N/A,N/A,N/A
74,N/A,N/A,N/A,N/A,N/A,N/A,N/A,N/A,N/A,N/A,N/A,N/A,N/A,N/A,N/A,N/A,N/A,N/A,N/A,N/A,N/A,N/A,N/A,N/A,N/A,N/A,N/A,N/A,N/A,N/A,N/A,N/A,N/A,N/A,N/A,N/A,N/A,N/A,N/A,N/A,N/A,N/A,N/A,N/A,N/A,N/A,N/A,N/A,N/A,N/A,N/A,N/A,N/A,N/A,N/A,N/A,N/A,N/A,N/A,N/A,N/A,N/A,N/A,N/A,N/A,N/A,N/A,N/A,N/A,N/A,N/A,N/A,N/A,N/A,N/A,N/A,N/A,N/A,N/A,N/A,N/A,N/A,N/A,N/A,N/A,N/A,N/A,N/A,N/A,N/A,N/A,N/A,N/A,N/A,N/A,N/A,N/A,N/A,N/A,N/A,N/A,N/A,N/A,N/A
75,0.7997177243232727,0.2038920670747757,0.0,0.4639052450656891,0.18754440546035767,0.3333800137042999,0.499956339597702,0.0,0.3987850844860077,0.07180461287498474,0.28713181614875793,0.23637469112873077,0.37701642513275146,0.3092374801635742,0.379454106092453,0.24362245202064514,0.03203229606151581,0.2586270570755005,0.15384888648986816,0.0,0.00015545752830803394,0.3538130521774292,0.15877220034599304,0.0,0.32155755162239075,0.31500059366226196,0.0,0.0,0.17791268229484558,0.541382908821106,0.6990678906440735,0.2937808632850647,0.6183467507362366,0.47496509552001953,0.17614242434501648,0.31772270798683167,0.24441596865653992,0.5796565413475037,0.13956637680530548,0.475360631942749,0.26699405908584595,0.5437512397766113,0.5746999382972717,0.015596447512507439,0.38736462593078613,0.17149090766906738,0.35865160822868347,0.11512307822704315,0.29115548729896545,0.17143060266971588,0.14750872552394867,0.14026473462581635,0.32179513573646545,0.26070281863212585,0.24041588604450226,0.45172786712646484,0.3718559443950653,0.32785922288894653,0.4760974049568176,0.750484049320221,0.0,0.2295600324869156,0.021397210657596588,0.005635262932628393,0.4614415466785431,0.5014792680740356,0.5915405750274658,0.2983262836933136,0.1475401669740677,0.005285193212330341,0.46426576375961304,0.4277038872241974,0.4858264625072479,0.6112790703773499,0.0,0.37656649947166443,0.17539125680923462,0.12782660126686096,0.2656303346157074,0.19880998134613037,0.4166858494281769,0.4002358317375183,0.5282158255577087,0.11571426689624786,0.6792650818824768,0.5632356405258179,0.0,0.802532434463501,0.5162912607192993,0.41561752557754517,0.3555555045604706,0.3174716830253601,0.25131484866142273,0.2855492830276489,0.3156239092350006,0.7172945737838745,0.5897888541221619,0.0,0.09026894718408585,0.0,0.0,0.2249283641576767,0.0,0.014566874131560326
76,N/A,N/A,N/A,N/A,N/A,N/A,N/A,N/A,N/A,N/A,N/A,N/A,N/A,N/A,N/A,N/A,N/A,N/A,N/A,N/A,N/A,N/A,N/A,N/A,N/A,N/A,N/A,N/A,N/A,N/A,N/A,N/A,N/A,N/A,N/A,N/A,N/A,N/A,N/A,N/A,N/A,N/A,N/A,N/A,N/A,N/A,N/A,N/A,N/A,N/A,N/A,N/A,N/A,N/A,N/A,N/A,N/A,N/A,N/A,N/A,N/A,N/A,N/A,N/A,N/A,N/A,N/A,N/A,N/A,N/A,N/A,N/A,N/A,N/A,N/A,N/A,N/A,N/A,N/A,N/A,N/A,N/A,N/A,N/A,N/A,N/A,N/A,N/A,N/A,N/A,N/A,N/A,N/A,N/A,N/A,N/A,N/A,N/A,N/A,N/A,N/A,N/A,N/A,N/A
77,N/A,N/A,N/A,N/A,N/A,N/A,N/A,N/A,N/A,N/A,N/A,N/A,N/A,N/A,N/A,N/A,N/A,N/A,N/A,N/A,N/A,N/A,N/A,N/A,N/A,N/A,N/A,N/A,N/A,N/A,N/A,N/A,N/A,N/A,N/A,N/A,N/A,N/A,N/A,N/A,N/A,N/A,N/A,N/A,N/A,N/A,N/A,N/A,N/A,N/A,N/A,N/A,N/A,N/A,N/A,N/A,N/A,N/A,N/A,N/A,N/A,N/A,N/A,N/A,N/A,N/A,N/A,N/A,N/A,N/A,N/A,N/A,N/A,N/A,N/A,N/A,N/A,N/A,N/A,N/A,N/A,N/A,N/A,N/A,N/A,N/A,N/A,N/A,N/A,N/A,N/A,N/A,N/A,N/A,N/A,N/A,N/A,N/A,N/A,N/A,N/A,N/A,N/A,N/A
78,N/A,N/A,N/A,N/A,N/A,N/A,N/A,N/A,N/A,N/A,N/A,N/A,N/A,N/A,N/A,N/A,N/A,N/A,N/A,N/A,N/A,N/A,N/A,N/A,N/A,N/A,N/A,N/A,N/A,N/A,N/A,N/A,N/A,N/A,N/A,N/A,N/A,N/A,N/A,N/A,N/A,N/A,N/A,N/A,N/A,N/A,N/A,N/A,N/A,N/A,N/A,N/A,N/A,N/A,N/A,N/A,N/A,N/A,N/A,N/A,N/A,N/A,N/A,N/A,N/A,N/A,N/A,N/A,N/A,N/A,N/A,N/A,N/A,N/A,N/A,N/A,N/A,N/A,N/A,N/A,N/A,N/A,N/A,N/A,N/A,N/A,N/A,N/A,N/A,N/A,N/A,N/A,N/A,N/A,N/A,N/A,N/A,N/A,N/A,N/A,N/A,N/A,N/A,N/A
79,N/A,N/A,N/A,N/A,N/A,N/A,N/A,N/A,N/A,N/A,N/A,N/A,N/A,N/A,N/A,N/A,N/A,N/A,N/A,N/A,N/A,N/A,N/A,N/A,N/A,N/A,N/A,N/A,N/A,N/A,N/A,N/A,N/A,N/A,N/A,N/A,N/A,N/A,N/A,N/A,N/A,N/A,N/A,N/A,N/A,N/A,N/A,N/A,N/A,N/A,N/A,N/A,N/A,N/A,N/A,N/A,N/A,N/A,N/A,N/A,N/A,N/A,N/A,N/A,N/A,N/A,N/A,N/A,N/A,N/A,N/A,N/A,N/A,N/A,N/A,N/A,N/A,N/A,N/A,N/A,N/A,N/A,N/A,N/A,N/A,N/A,N/A,N/A,N/A,N/A,N/A,N/A,N/A,N/A,N/A,N/A,N/A,N/A,N/A,N/A,N/A,N/A,N/A,N/A
80,0.795417845249176,0.20628874003887177,0.0,0.4491669833660126,0.23580481112003326,0.3426285684108734,0.4521528482437134,0.0,0.3850755989551544,0.07316206395626068,0.32148677110671997,0.31927037239074707,0.39444276690483093,0.3131929636001587,0.40334975719451904,0.28226399421691895,0.07421635836362839,0.2522520124912262,0.11377394199371338,0.0,0.0027449391782283783,0.3499172627925873,0.13900622725486755,0.0,0.34852051734924316,0.33753034472465515,0.0,0.0020153659861534834,0.17943817377090454,0.5373101234436035,0.7141051888465881,0.30549192428588867,0.649400532245636,0.5176509022712708,0.1806987076997757,0.25613710284233093,0.2447461485862732,0.6102060079574585,0.032046396285295486,0.5523052215576172,0.3165946900844574,0.5272341370582581,0.6324939727783203,0.012668406590819359,0.37770041823387146,0.2350834161043167,0.36830073595046997,0.1226377859711647,0.3056959807872772,0.23075418174266815,0.14943797886371613,0.11656486243009567,0.3288779556751251,0.2589147686958313,0.2591087818145752,0.36728745698928833,0.3115675151348114,0.26745444536209106,0.4703385531902313,0.7411161661148071,0.0,0.26264095306396484,0.007646277081221342,0.02222144417464733,0.45177915692329407,0.5044717192649841,0.5595967173576355,0.31175053119659424,0.16265591979026794,0.004482429940253496,0.4650370478630066,0.43654441833496094,0.46287140250205994,0.6159275770187378,0.0,0.37388837337493896,0.14620810747146606,0.13614511489868164,0.2954322099685669,0.1974784880876541,0.40093404054641724,0.43778008222579956,0.5445622205734253,0.10218866914510727,0.6927071809768677,0.5549269914627075,0.0,0.7868102192878723,0.4117807149887085,0.40218013525009155,0.3782328963279724,0.34142011404037476,0.2134934365749359,0.2721792161464691,0.33235877752304077,0.73507159948349,0.5890368223190308,0.0,0.09257729351520538,0.0,0.0,0.22248955070972443,0.0012501139426603913,0.01751132681965828
81,N/A,N/A,N/A,N/A,N/A,N/A,N/A,N/A,N/A,N/A,N/A,N/A,N/A,N/A,N/A,N/A,N/A,N/A,N/A,N/A,N/A,N/A,N/A,N/A,N/A,N/A,N/A,N/A,N/A,N/A,N/A,N/A,N/A,N/A,N/A,N/A,N/A,N/A,N/A,N/A,N/A,N/A,N/A,N/A,N/A,N/A,N/A,N/A,N/A,N/A,N/A,N/A,N/A,N/A,N/A,N/A,N/A,N/A,N/A,N/A,N/A,N/A,N/A,N/A,N/A,N/A,N/A,N/A,N/A,N/A,N/A,N/A,N/A,N/A,N/A,N/A,N/A,N/A,N/A,N/A,N/A,N/A,N/A,N/A,N/A,N/A,N/A,N/A,N/A,N/A,N/A,N/A,N/A,N/A,N/A,N/A,N/A,N/A,N/A,N/A,N/A,N/A,N/A,N/A
82,N/A,N/A,N/A,N/A,N/A,N/A,N/A,N/A,N/A,N/A,N/A,N/A,N/A,N/A,N/A,N/A,N/A,N/A,N/A,N/A,N/A,N/A,N/A,N/A,N/A,N/A,N/A,N/A,N/A,N/A,N/A,N/A,N/A,N/A,N/A,N/A,N/A,N/A,N/A,N/A,N/A,N/A,N/A,N/A,N/A,N/A,N/A,N/A,N/A,N/A,N/A,N/A,N/A,N/A,N/A,N/A,N/A,N/A,N/A,N/A,N/A,N/A,N/A,N/A,N/A,N/A,N/A,N/A,N/A,N/A,N/A,N/A,N/A,N/A,N/A,N/A,N/A,N/A,N/A,N/A,N/A,N/A,N/A,N/A,N/A,N/A,N/A,N/A,N/A,N/A,N/A,N/A,N/A,N/A,N/A,N/A,N/A,N/A,N/A,N/A,N/A,N/A,N/A,N/A
83,N/A,N/A,N/A,N/A,N/A,N/A,N/A,N/A,N/A,N/A,N/A,N/A,N/A,N/A,N/A,N/A,N/A,N/A,N/A,N/A,N/A,N/A,N/A,N/A,N/A,N/A,N/A,N/A,N/A,N/A,N/A,N/A,N/A,N/A,N/A,N/A,N/A,N/A,N/A,N/A,N/A,N/A,N/A,N/A,N/A,N/A,N/A,N/A,N/A,N/A,N/A,N/A,N/A,N/A,N/A,N/A,N/A,N/A,N/A,N/A,N/A,N/A,N/A,N/A,N/A,N/A,N/A,N/A,N/A,N/A,N/A,N/A,N/A,N/A,N/A,N/A,N/A,N/A,N/A,N/A,N/A,N/A,N/A,N/A,N/A,N/A,N/A,N/A,N/A,N/A,N/A,N/A,N/A,N/A,N/A,N/A,N/A,N/A,N/A,N/A,N/A,N/A,N/A,N/A
84,N/A,N/A,N/A,N/A,N/A,N/A,N/A,N/A,N/A,N/A,N/A,N/A,N/A,N/A,N/A,N/A,N/A,N/A,N/A,N/A,N/A,N/A,N/A,N/A,N/A,N/A,N/A,N/A,N/A,N/A,N/A,N/A,N/A,N/A,N/A,N/A,N/A,N/A,N/A,N/A,N/A,N/A,N/A,N/A,N/A,N/A,N/A,N/A,N/A,N/A,N/A,N/A,N/A,N/A,N/A,N/A,N/A,N/A,N/A,N/A,N/A,N/A,N/A,N/A,N/A,N/A,N/A,N/A,N/A,N/A,N/A,N/A,N/A,N/A,N/A,N/A,N/A,N/A,N/A,N/A,N/A,N/A,N/A,N/A,N/A,N/A,N/A,N/A,N/A,N/A,N/A,N/A,N/A,N/A,N/A,N/A,N/A,N/A,N/A,N/A,N/A,N/A,N/A,N/A
85,0.7888948321342468,0.24139288067817688,0.0,0.42924147844314575,0.1487065851688385,0.3213936686515808,0.4150862693786621,0.0,0.3586844205856323,0.0670868530869484,0.3066101670265198,0.3141215145587921,0.36118024587631226,0.34925588965415955,0.34960097074508667,0.26363861560821533,0.05723278224468231,0.2611756920814514,0.11285271495580673,0.0,0.003001292236149311,0.338611900806427,0.1396898776292801,0.0,0.29647672176361084,0.3345347046852112,0.0,0.0025264860596507788,0.1952650398015976,0.5403428673744202,0.7029454112052917,0.29742902517318726,0.6121665239334106,0.47525522112846375,0.22147266566753387,0.26999643445014954,0.24718867242336273,0.6083230972290039,0.08849452435970306,0.46711358428001404,0.32274171710014343,0.5264530777931213,0.6226931214332581,0.025874938815832138,0.38633036613464355,0.25090381503105164,0.37928974628448486,0.1012207642197609,0.28417590260505676,0.19823747873306274,0.15234847366809845,0.11400293558835983,0.30943387746810913,0.2968803644180298,0.25386306643486023,0.41537410020828247,0.35416385531425476,0.2948460578918457,0.444186270236969,0.7660829424858093,0.0,0.25620415806770325,0.01459041889756918,0.005582301411777735,0.48896580934524536,0.5030485391616821,0.5797401666641235,0.305996298789978,0.15546153485774994,0.0051178522408008575,0.4638419449329376,0.3900030255317688,0.48070991039276123,0.5997160077095032,0.0,0.43050965666770935,0.20125655829906464,0.1541488617658615,0.23376767337322235,0.13159391283988953,0.42223694920539856,0.28111231327056885,0.540707528591156,0.12841615080833435,0.693779706954956,0.5598945617675781,0.0,0.8012325167655945,0.5102365016937256,0.4406191110610962,0.3640978932380676,0.26861709356307983,0.24598680436611176,0.2728235423564911,0.29664134979248047,0.7209699153900146,0.5819551348686218,0.0,0.17523445188999176,0.0028539940249174833,0.0,0.2533297836780548,0.036171577870845795,0.03560752421617508
86,N/A,N/A,N/A,N/A,N/A,N/A,N/A,N/A,N/A,N/A,N/A,N/A,N/A,N/A,N/A,N/A,N/A,N/A,N/A,N/A,N/A,N/A,N/A,N/A,N/A,N/A,N/A,N/A,N/A,N/A,N/A,N/A,N/A,N/A,N/A,N/A,N/A,N/A,N/A,N/A,N/A,N/A,N/A,N/A,N/A,N/A,N/A,N/A,N/A,N/A,N/A,N/A,N/A,N/A,N/A,N/A,N/A,N/A,N/A,N/A,N/A,N/A,N/A,N/A,N/A,N/A,N/A,N/A,N/A,N/A,N/A,N/A,N/A,N/A,N/A,N/A,N/A,N/A,N/A,N/A,N/A,N/A,N/A,N/A,N/A,N/A,N/A,N/A,N/A,N/A,N/A,N/A,N/A,N/A,N/A,N/A,N/A,N/A,N/A,N/A,N/A,N/A,N/A,N/A
87,N/A,N/A,N/A,N/A,N/A,N/A,N/A,N/A,N/A,N/A,N/A,N/A,N/A,N/A,N/A,N/A,N/A,N/A,N/A,N/A,N/A,N/A,N/A,N/A,N/A,N/A,N/A,N/A,N/A,N/A,N/A,N/A,N/A,N/A,N/A,N/A,N/A,N/A,N/A,N/A,N/A,N/A,N/A,N/A,N/A,N/A,N/A,N/A,N/A,N/A,N/A,N/A,N/A,N/A,N/A,N/A,N/A,N/A,N/A,N/A,N/A,N/A,N/A,N/A,N/A,N/A,N/A,N/A,N/A,N/A,N/A,N/A,N/A,N/A,N/A,N/A,N/A,N/A,N/A,N/A,N/A,N/A,N/A,N/A,N/A,N/A,N/A,N/A,N/A,N/A,N/A,N/A,N/A,N/A,N/A,N/A,N/A,N/A,N/A,N/A,N/A,N/A,N/A,N/A
88,N/A,N/A,N/A,N/A,N/A,N/A,N/A,N/A,N/A,N/A,N/A,N/A,N/A,N/A,N/A,N/A,N/A,N/A,N/A,N/A,N/A,N/A,N/A,N/A,N/A,N/A,N/A,N/A,N/A,N/A,N/A,N/A,N/A,N/A,N/A,N/A,N/A,N/A,N/A,N/A,N/A,N/A,N/A,N/A,N/A,N/A,N/A,N/A,N/A,N/A,N/A,N/A,N/A,N/A,N/A,N/A,N/A,N/A,N/A,N/A,N/A,N/A,N/A,N/A,N/A,N/A,N/A,N/A,N/A,N/A,N/A,N/A,N/A,N/A,N/A,N/A,N/A,N/A,N/A,N/A,N/A,N/A,N/A,N/A,N/A,N/A,N/A,N/A,N/A,N/A,N/A,N/A,N/A,N/A,N/A,N/A,N/A,N/A,N/A,N/A,N/A,N/A,N/A,N/A
89,N/A,N/A,N/A,N/A,N/A,N/A,N/A,N/A,N/A,N/A,N/A,N/A,N/A,N/A,N/A,N/A,N/A,N/A,N/A,N/A,N/A,N/A,N/A,N/A,N/A,N/A,N/A,N/A,N/A,N/A,N/A,N/A,N/A,N/A,N/A,N/A,N/A,N/A,N/A,N/A,N/A,N/A,N/A,N/A,N/A,N/A,N/A,N/A,N/A,N/A,N/A,N/A,N/A,N/A,N/A,N/A,N/A,N/A,N/A,N/A,N/A,N/A,N/A,N/A,N/A,N/A,N/A,N/A,N/A,N/A,N/A,N/A,N/A,N/A,N/A,N/A,N/A,N/A,N/A,N/A,N/A,N/A,N/A,N/A,N/A,N/A,N/A,N/A,N/A,N/A,N/A,N/A,N/A,N/A,N/A,N/A,N/A,N/A,N/A,N/A,N/A,N/A,N/A,N/A
90,0.8085636496543884,0.26132988929748535,0.0,0.440172404050827,0.21143096685409546,0.34605756402015686,0.4035525321960449,0.0,0.37851613759994507,0.04621598869562149,0.2997581660747528,0.27744126319885254,0.39422497153282166,0.3638341426849365,0.41701701283454895,0.28914767503738403,0.07792023569345474,0.2776835560798645,0.16027964651584625,0.0,0.028419433161616325,0.2932802438735962,0.18498091399669647,0.00088145473273471,0.3478395938873291,0.3684803247451782,0.0,0.014456307515501976,0.21448522806167603,0.5712830424308777,0.6818920969963074,0.2779691517353058,0.5816536545753479,0.4731438159942627,0.19583027064800262,0.13727602362632751,0.25845977663993835,0.5946283936500549,0.07407914847135544,0.4622781574726105,0.32483530044555664,0.5131605863571167,0.5610046982765198,0.019793488085269928,0.39301350712776184,0.22715593874454498,0.3677935004234314,0.11269159615039825,0.2796187698841095,0.19176213443279266,0.1471187323331833,0.1336914300918579,0.294609934091568,0.26544225215911865,0.2450125366449356,0.32100823521614075,0.3404288589954376,0.2581653594970703,0.4737095832824707,0.7551011443138123,0.0,0.24805985391139984,0.009634703397750854,0.023122617974877357,0.4338347315788269,0.5173925757408142,0.5792876482009888,0.2990763187408447,0.15545038878917694,0.009395690634846687,0.4543411135673523,0.3850012719631195,0.3854084610939026,0.6251580119132996,0.0,0.34401580691337585,0.1751227080821991,0.15206225216388702,0.21116864681243896,0.15172897279262543,0.42358988523483276,0.4047868549823761,0.5560674667358398,0.12377087026834488,0.7041397094726562,0.5367082357406616,0.0,0.8094227313995361,0.47382208704948425,0.4393044412136078,0.34092071652412415,0.34228697419166565,0.3586176931858063,0.2614756226539612,0.3220001459121704,0.7267382740974426,0.5782331228256226,0.0,0.1780128926038742,0.024047071114182472,0.0,0.21785864233970642,0.0006753178895451128,0.02344597317278385
91,N/A,N/A,N/A,N/A,N/A,N/A,N/A,N/A,N/A,N/A,N/A,N/A,N/A,N/A,N/A,N/A,N/A,N/A,N/A,N/A,N/A,N/A,N/A,N/A,N/A,N/A,N/A,N/A,N/A,N/A,N/A,N/A,N/A,N/A,N/A,N/A,N/A,N/A,N/A,N/A,N/A,N/A,N/A,N/A,N/A,N/A,N/A,N/A,N/A,N/A,N/A,N/A,N/A,N/A,N/A,N/A,N/A,N/A,N/A,N/A,N/A,N/A,N/A,N/A,N/A,N/A,N/A,N/A,N/A,N/A,N/A,N/A,N/A,N/A,N/A,N/A,N/A,N/A,N/A,N/A,N/A,N/A,N/A,N/A,N/A,N/A,N/A,N/A,N/A,N/A,N/A,N/A,N/A,N/A,N/A,N/A,N/A,N/A,N/A,N/A,N/A,N/A,N/A,N/A
92,N/A,N/A,N/A,N/A,N/A,N/A,N/A,N/A,N/A,N/A,N/A,N/A,N/A,N/A,N/A,N/A,N/A,N/A,N/A,N/A,N/A,N/A,N/A,N/A,N/A,N/A,N/A,N/A,N/A,N/A,N/A,N/A,N/A,N/A,N/A,N/A,N/A,N/A,N/A,N/A,N/A,N/A,N/A,N/A,N/A,N/A,N/A,N/A,N/A,N/A,N/A,N/A,N/A,N/A,N/A,N/A,N/A,N/A,N/A,N/A,N/A,N/A,N/A,N/A,N/A,N/A,N/A,N/A,N/A,N/A,N/A,N/A,N/A,N/A,N/A,N/A,N/A,N/A,N/A,N/A,N/A,N/A,N/A,N/A,N/A,N/A,N/A,N/A,N/A,N/A,N/A,N/A,N/A,N/A,N/A,N/A,N/A,N/A,N/A,N/A,N/A,N/A,N/A,N/A
93,N/A,N/A,N/A,N/A,N/A,N/A,N/A,N/A,N/A,N/A,N/A,N/A,N/A,N/A,N/A,N/A,N/A,N/A,N/A,N/A,N/A,N/A,N/A,N/A,N/A,N/A,N/A,N/A,N/A,N/A,N/A,N/A,N/A,N/A,N/A,N/A,N/A,N/A,N/A,N/A,N/A,N/A,N/A,N/A,N/A,N/A,N/A,N/A,N/A,N/A,N/A,N/A,N/A,N/A,N/A,N/A,N/A,N/A,N/A,N/A,N/A,N/A,N/A,N/A,N/A,N/A,N/A,N/A,N/A,N/A,N/A,N/A,N/A,N/A,N/A,N/A,N/A,N/A,N/A,N/A,N/A,N/A,N/A,N/A,N/A,N/A,N/A,N/A,N/A,N/A,N/A,N/A,N/A,N/A,N/A,N/A,N/A,N/A,N/A,N/A,N/A,N/A,N/A,N/A
94,N/A,N/A,N/A,N/A,N/A,N/A,N/A,N/A,N/A,N/A,N/A,N/A,N/A,N/A,N/A,N/A,N/A,N/A,N/A,N/A,N/A,N/A,N/A,N/A,N/A,N/A,N/A,N/A,N/A,N/A,N/A,N/A,N/A,N/A,N/A,N/A,N/A,N/A,N/A,N/A,N/A,N/A,N/A,N/A,N/A,N/A,N/A,N/A,N/A,N/A,N/A,N/A,N/A,N/A,N/A,N/A,N/A,N/A,N/A,N/A,N/A,N/A,N/A,N/A,N/A,N/A,N/A,N/A,N/A,N/A,N/A,N/A,N/A,N/A,N/A,N/A,N/A,N/A,N/A,N/A,N/A,N/A,N/A,N/A,N/A,N/A,N/A,N/A,N/A,N/A,N/A,N/A,N/A,N/A,N/A,N/A,N/A,N/A,N/A,N/A,N/A,N/A,N/A,N/A
95,0.7918463945388794,0.24211399257183075,0.013545861467719078,0.45133572816848755,0.16509178280830383,0.35266005992889404,0.5554641485214233,0.0,0.37313246726989746,0.06800344586372375,0.3012543320655823,0.2958639860153198,0.38600683212280273,0.39261990785598755,0.3802061676979065,0.2813379168510437,0.08707503974437714,0.2821422517299652,0.13353121280670166,0.0,0.0054070306941866875,0.31571245193481445,0.1840965896844864,0.0,0.3172338604927063,0.3500433564186096,0.0,0.004999740049242973,0.21982234716415405,0.5478740930557251,0.7110633254051208,0.3171481788158417,0.6188051700592041,0.43822821974754333,0.18201610445976257,0.1576184332370758,0.2601357102394104,0.5834837555885315,0.10121241211891174,0.5223564505577087,0.31816983222961426,0.5445905923843384,0.5454976558685303,0.03214100003242493,0.3738139867782593,0.22914624214172363,0.37931451201438904,0.10922461003065109,0.3247925341129303,0.23724950850009918,0.13408656418323517,0.14377984404563904,0.31639084219932556,0.30148112773895264,0.2360730618238449,0.4776315689086914,0.39081817865371704,0.3160766065120697,0.47622108459472656,0.7604472041130066,0.0,0.25539466738700867,0.005047818645834923,0.0022249463945627213,0.4936326742172241,0.4885603189468384,0.5846119523048401,0.29888033866882324,0.15808382630348206,0.005726166535168886,0.46778786182403564,0.44080641865730286,0.501567542552948,0.5996899604797363,0.0,0.40280699729919434,0.19655464589595795,0.10488446056842804,0.2541000545024872,0.17177949845790863,0.39464667439460754,0.38457190990448,0.5194383263587952,0.11053692549467087,0.6821996569633484,0.5372113585472107,0.0,0.794403612613678,0.4255079925060272,0.40989357233047485,0.3672265410423279,0.30366215109825134,0.193254753947258,0.2845611274242401,0.284074068069458,0.738454282283783,0.5788323283195496,0.0,0.1501649022102356,0.03869553655385971,0.0,0.21916548907756805,0.008529924787580967,0.03241391107439995
96,N/A,N/A,N/A,N/A,N/A,N/A,N/A,N/A,N/A,N/A,N/A,N/A,N/A,N/A,N/A,N/A,N/A,N/A,N/A,N/A,N/A,N/A,N/A,N/A,N/A,N/A,N/A,N/A,N/A,N/A,N/A,N/A,N/A,N/A,N/A,N/A,N/A,N/A,N/A,N/A,N/A,N/A,N/A,N/A,N/A,N/A,N/A,N/A,N/A,N/A,N/A,N/A,N/A,N/A,N/A,N/A,N/A,N/A,N/A,N/A,N/A,N/A,N/A,N/A,N/A,N/A,N/A,N/A,N/A,N/A,N/A,N/A,N/A,N/A,N/A,N/A,N/A,N/A,N/A,N/A,N/A,N/A,N/A,N/A,N/A,N/A,N/A,N/A,N/A,N/A,N/A,N/A,N/A,N/A,N/A,N/A,N/A,N/A,N/A,N/A,N/A,N/A,N/A,N/A
97,N/A,N/A,N/A,N/A,N/A,N/A,N/A,N/A,N/A,N/A,N/A,N/A,N/A,N/A,N/A,N/A,N/A,N/A,N/A,N/A,N/A,N/A,N/A,N/A,N/A,N/A,N/A,N/A,N/A,N/A,N/A,N/A,N/A,N/A,N/A,N/A,N/A,N/A,N/A,N/A,N/A,N/A,N/A,N/A,N/A,N/A,N/A,N/A,N/A,N/A,N/A,N/A,N/A,N/A,N/A,N/A,N/A,N/A,N/A,N/A,N/A,N/A,N/A,N/A,N/A,N/A,N/A,N/A,N/A,N/A,N/A,N/A,N/A,N/A,N/A,N/A,N/A,N/A,N/A,N/A,N/A,N/A,N/A,N/A,N/A,N/A,N/A,N/A,N/A,N/A,N/A,N/A,N/A,N/A,N/A,N/A,N/A,N/A,N/A,N/A,N/A,N/A,N/A,N/A
98,N/A,N/A,N/A,N/A,N/A,N/A,N/A,N/A,N/A,N/A,N/A,N/A,N/A,N/A,N/A,N/A,N/A,N/A,N/A,N/A,N/A,N/A,N/A,N/A,N/A,N/A,N/A,N/A,N/A,N/A,N/A,N/A,N/A,N/A,N/A,N/A,N/A,N/A,N/A,N/A,N/A,N/A,N/A,N/A,N/A,N/A,N/A,N/A,N/A,N/A,N/A,N/A,N/A,N/A,N/A,N/A,N/A,N/A,N/A,N/A,N/A,N/A,N/A,N/A,N/A,N/A,N/A,N/A,N/A,N/A,N/A,N/A,N/A,N/A,N/A,N/A,N/A,N/A,N/A,N/A,N/A,N/A,N/A,N/A,N/A,N/A,N/A,N/A,N/A,N/A,N/A,N/A,N/A,N/A,N/A,N/A,N/A,N/A,N/A,N/A,N/A,N/A,N/A,N/A
99,N/A,N/A,N/A,N/A,N/A,N/A,N/A,N/A,N/A,N/A,N/A,N/A,N/A,N/A,N/A,N/A,N/A,N/A,N/A,N/A,N/A,N/A,N/A,N/A,N/A,N/A,N/A,N/A,N/A,N/A,N/A,N/A,N/A,N/A,N/A,N/A,N/A,N/A,N/A,N/A,N/A,N/A,N/A,N/A,N/A,N/A,N/A,N/A,N/A,N/A,N/A,N/A,N/A,N/A,N/A,N/A,N/A,N/A,N/A,N/A,N/A,N/A,N/A,N/A,N/A,N/A,N/A,N/A,N/A,N/A,N/A,N/A,N/A,N/A,N/A,N/A,N/A,N/A,N/A,N/A,N/A,N/A,N/A,N/A,N/A,N/A,N/A,N/A,N/A,N/A,N/A,N/A,N/A,N/A,N/A,N/A,N/A,N/A,N/A,N/A,N/A,N/A,N/A,N/A
100,0.8185614347457886,0.27898862957954407,0.0007655703229829669,0.442365825176239,0.16372846066951752,0.3611986041069031,0.4953005015850067,0.0,0.37238213419914246,0.08626503497362137,0.3176240921020508,0.2613888084888458,0.4050402045249939,0.33499154448509216,0.40539586544036865,0.28718242049217224,0.07053575664758682,0.2713276147842407,0.15185163915157318,0.0,0.03453666344285011,0.2865254282951355,0.16233304142951965,0.0014656876446679235,0.3154270052909851,0.33345603942871094,0.0,0.005280547775328159,0.18299001455307007,0.5454463362693787,0.7256134152412415,0.29375556111335754,0.6162266731262207,0.47848373651504517,0.16991740465164185,0.3144865930080414,0.2730445861816406,0.6196292638778687,0.08444155752658844,0.5135422945022583,0.334995836019516,0.533690333366394,0.6054198145866394,0.03698751702904701,0.3966250717639923,0.27325892448425293,0.3707660436630249,0.10680355876684189,0.3230050504207611,0.19936032593250275,0.14298926293849945,0.12007215619087219,0.28659844398498535,0.25364789366722107,0.2458258718252182,0.40605488419532776,0.3626239001750946,0.2688148319721222,0.4909655451774597,0.7434008717536926,0.0,0.270328551530838,0.01899063028395176,0.0029454189352691174,0.4831732213497162,0.5229918956756592,0.5835621356964111,0.31647810339927673,0.15635138750076294,0.007771206554025412,0.46848559379577637,0.4317483603954315,0.501797616481781,0.61641925573349,0.0,0.41918039321899414,0.20117010176181793,0.1592426300048828,0.296172559261322,0.12042458355426788,0.42508599162101746,0.35969001054763794,0.565163791179657,0.1397654265165329,0.6877759695053101,0.5578210949897766,0.0,0.7969853281974792,0.4428974688053131,0.4350275695323944,0.3502337336540222,0.3410778343677521,0.3516238331794739,0.2748945653438568,0.2991977632045746,0.7336586117744446,0.6091998815536499,0.0,0.12889842689037323,0.12585918605327606,0.0,0.2290416806936264,0.061675578355789185,0.02820071019232273
101,N/A,N/A,N/A,N/A,N/A,N/A,N/A,N/A,N/A,N/A,N/A,N/A,N/A,N/A,N/A,N/A,N/A,N/A,N/A,N/A,N/A,N/A,N/A,N/A,N/A,N/A,N/A,N/A,N/A,N/A,N/A,N/A,N/A,N/A,N/A,N/A,N/A,N/A,N/A,N/A,N/A,N/A,N/A,N/A,N/A,N/A,N/A,N/A,N/A,N/A,N/A,N/A,N/A,N/A,N/A,N/A,N/A,N/A,N/A,N/A,N/A,N/A,N/A,N/A,N/A,N/A,N/A,N/A,N/A,N/A,N/A,N/A,N/A,N/A,N/A,N/A,N/A,N/A,N/A,N/A,N/A,N/A,N/A,N/A,N/A,N/A,N/A,N/A,N/A,N/A,N/A,N/A,N/A,N/A,N/A,N/A,N/A,N/A,N/A,N/A,N/A,N/A,N/A,N/A
102,N/A,N/A,N/A,N/A,N/A,N/A,N/A,N/A,N/A,N/A,N/A,N/A,N/A,N/A,N/A,N/A,N/A,N/A,N/A,N/A,N/A,N/A,N/A,N/A,N/A,N/A,N/A,N/A,N/A,N/A,N/A,N/A,N/A,N/A,N/A,N/A,N/A,N/A,N/A,N/A,N/A,N/A,N/A,N/A,N/A,N/A,N/A,N/A,N/A,N/A,N/A,N/A,N/A,N/A,N/A,N/A,N/A,N/A,N/A,N/A,N/A,N/A,N/A,N/A,N/A,N/A,N/A,N/A,N/A,N/A,N/A,N/A,N/A,N/A,N/A,N/A,N/A,N/A,N/A,N/A,N/A,N/A,N/A,N/A,N/A,N/A,N/A,N/A,N/A,N/A,N/A,N/A,N/A,N/A,N/A,N/A,N/A,N/A,N/A,N/A,N/A,N/A,N/A,N/A
103,N/A,N/A,N/A,N/A,N/A,N/A,N/A,N/A,N/A,N/A,N/A,N/A,N/A,N/A,N/A,N/A,N/A,N/A,N/A,N/A,N/A,N/A,N/A,N/A,N/A,N/A,N/A,N/A,N/A,N/A,N/A,N/A,N/A,N/A,N/A,N/A,N/A,N/A,N/A,N/A,N/A,N/A,N/A,N/A,N/A,N/A,N/A,N/A,N/A,N/A,N/A,N/A,N/A,N/A,N/A,N/A,N/A,N/A,N/A,N/A,N/A,N/A,N/A,N/A,N/A,N/A,N/A,N/A,N/A,N/A,N/A,N/A,N/A,N/A,N/A,N/A,N/A,N/A,N/A,N/A,N/A,N/A,N/A,N/A,N/A,N/A,N/A,N/A,N/A,N/A,N/A,N/A,N/A,N/A,N/A,N/A,N/A,N/A,N/A,N/A,N/A,N/A,N/A,N/A
104,N/A,N/A,N/A,N/A,N/A,N/A,N/A,N/A,N/A,N/A,N/A,N/A,N/A,N/A,N/A,N/A,N/A,N/A,N/A,N/A,N/A,N/A,N/A,N/A,N/A,N/A,N/A,N/A,N/A,N/A,N/A,N/A,N/A,N/A,N/A,N/A,N/A,N/A,N/A,N/A,N/A,N/A,N/A,N/A,N/A,N/A,N/A,N/A,N/A,N/A,N/A,N/A,N/A,N/A,N/A,N/A,N/A,N/A,N/A,N/A,N/A,N/A,N/A,N/A,N/A,N/A,N/A,N/A,N/A,N/A,N/A,N/A,N/A,N/A,N/A,N/A,N/A,N/A,N/A,N/A,N/A,N/A,N/A,N/A,N/A,N/A,N/A,N/A,N/A,N/A,N/A,N/A,N/A,N/A,N/A,N/A,N/A,N/A,N/A,N/A,N/A,N/A,N/A,N/A
105,0.82651686668396,0.3093683123588562,0.0,0.43314090371131897,0.22518125176429749,0.35867446660995483,0.6028459668159485,0.0,0.3821714520454407,0.08771371841430664,0.3005525469779968,0.31950804591178894,0.38998913764953613,0.3960497975349426,0.4014278054237366,0.3039957284927368,0.14272139966487885,0.28138062357902527,0.1243394985795021,0.0,0.015371613204479218,0.3109931945800781,0.1825028508901596,0.0,0.3547074794769287,0.35044065117836,0.0,0.005920251365751028,0.23911678791046143,0.5444325804710388,0.7046888470649719,0.2890642583370209,0.6465572714805603,0.4765344560146332,0.158142551779747,0.2687956988811493,0.2820553481578827,0.6209889054298401,0.06930062174797058,0.5275821089744568,0.30300411581993103,0.5297499895095825,0.5789712071418762,0.028501009568572044,0.3750668466091156,0.24509179592132568,0.3786022365093231,0.15418581664562225,0.3198070228099823,0.22187615931034088,0.1459023356437683,0.15168914198875427,0.30581313371658325,0.2573361396789551,0.24127718806266785,0.40994441509246826,0.3919624388217926,0.3172144293785095,0.48222145438194275,0.7603868246078491,0.0,0.26381152868270874,0.012491545639932156,0.002104478655382991,0.5071467161178589,0.5197615623474121,0.5961167812347412,0.31312084197998047,0.21374928951263428,0.0006015755352564156,0.4697779417037964,0.41150057315826416,0.45897677540779114,0.6250925660133362,0.0,0.44999393820762634,0.1945168375968933,0.09271138906478882,0.2928493618965149,0.10077453404664993,0.42626953125,0.3362841308116913,0.5653063058853149,0.13815243542194366,0.687201738357544,0.5577296018600464,0.0,0.8100627064704895,0.4789634346961975,0.4157121777534485,0.34717002511024475,0.3439750373363495,0.31272634863853455,0.2892801761627197,0.32477670907974243,0.7419794201850891,0.5914716720581055,0.0,0.16826190054416656,0.007991568185389042,0.0,0.22587405145168304,0.051291853189468384,0.02129916287958622
106,N/A,N/A,N/A,N/A,N/A,N/A,N/A,N/A,N/A,N/A,N/A,N/A,N/A,N/A,N/A,N/A,N/A,N/A,N/A,N/A,N/A,N/A,N/A,N/A,N/A,N/A,N/A,N/A,N/A,N/A,N/A,N/A,N/A,N/A,N/A,N/A,N/A,N/A,N/A,N/A,N/A,N/A,N/A,N/A,N/A,N/A,N/A,N/A,N/A,N/A,N/A,N/A,N/A,N/A,N/A,N/A,N/A,N/A,N/A,N/A,N/A,N/A,N/A,N/A,N/A,N/A,N/A,N/A,N/A,N/A,N/A,N/A,N/A,N/A,N/A,N/A,N/A,N/A,N/A,N/A,N/A,N/A,N/A,N/A,N/A,N/A,N/A,N/A,N/A,N/A,N/A,N/A,N/A,N/A,N/A,N/A,N/A,N/A,N/A,N/A,N/A,N/A,N/A,N/A
107,N/A,N/A,N/A,N/A,N/A,N/A,N/A,N/A,N/A,N/A,N/A,N/A,N/A,N/A,N/A,N/A,N/A,N/A,N/A,N/A,N/A,N/A,N/A,N/A,N/A,N/A,N/A,N/A,N/A,N/A,N/A,N/A,N/A,N/A,N/A,N/A,N/A,N/A,N/A,N/A,N/A,N/A,N/A,N/A,N/A,N/A,N/A,N/A,N/A,N/A,N/A,N/A,N/A,N/A,N/A,N/A,N/A,N/A,N/A,N/A,N/A,N/A,N/A,N/A,N/A,N/A,N/A,N/A,N/A,N/A,N/A,N/A,N/A,N/A,N/A,N/A,N/A,N/A,N/A,N/A,N/A,N/A,N/A,N/A,N/A,N/A,N/A,N/A,N/A,N/A,N/A,N/A,N/A,N/A,N/A,N/A,N/A,N/A,N/A,N/A,N/A,N/A,N/A,N/A
108,N/A,N/A,N/A,N/A,N/A,N/A,N/A,N/A,N/A,N/A,N/A,N/A,N/A,N/A,N/A,N/A,N/A,N/A,N/A,N/A,N/A,N/A,N/A,N/A,N/A,N/A,N/A,N/A,N/A,N/A,N/A,N/A,N/A,N/A,N/A,N/A,N/A,N/A,N/A,N/A,N/A,N/A,N/A,N/A,N/A,N/A,N/A,N/A,N/A,N/A,N/A,N/A,N/A,N/A,N/A,N/A,N/A,N/A,N/A,N/A,N/A,N/A,N/A,N/A,N/A,N/A,N/A,N/A,N/A,N/A,N/A,N/A,N/A,N/A,N/A,N/A,N/A,N/A,N/A,N/A,N/A,N/A,N/A,N/A,N/A,N/A,N/A,N/A,N/A,N/A,N/A,N/A,N/A,N/A,N/A,N/A,N/A,N/A,N/A,N/A,N/A,N/A,N/A,N/A
109,N/A,N/A,N/A,N/A,N/A,N/A,N/A,N/A,N/A,N/A,N/A,N/A,N/A,N/A,N/A,N/A,N/A,N/A,N/A,N/A,N/A,N/A,N/A,N/A,N/A,N/A,N/A,N/A,N/A,N/A,N/A,N/A,N/A,N/A,N/A,N/A,N/A,N/A,N/A,N/A,N/A,N/A,N/A,N/A,N/A,N/A,N/A,N/A,N/A,N/A,N/A,N/A,N/A,N/A,N/A,N/A,N/A,N/A,N/A,N/A,N/A,N/A,N/A,N/A,N/A,N/A,N/A,N/A,N/A,N/A,N/A,N/A,N/A,N/A,N/A,N/A,N/A,N/A,N/A,N/A,N/A,N/A,N/A,N/A,N/A,N/A,N/A,N/A,N/A,N/A,N/A,N/A,N/A,N/A,N/A,N/A,N/A,N/A,N/A,N/A,N/A,N/A,N/A,N/A
110,0.8235005736351013,0.29470354318618774,0.0,0.4788944721221924,0.22870099544525146,0.34688255190849304,0.5220100283622742,0.0,0.3773355484008789,0.07807938754558563,0.2918963134288788,0.3119196891784668,0.3910924792289734,0.3821776211261749,0.39635390043258667,0.2824159562587738,0.14576919376850128,0.29962751269340515,0.1318829506635666,0.0,0.003814799478277564,0.26275885105133057,0.15214653313159943,6.9204629653540906e-06,0.35195016860961914,0.3363165557384491,0.0,0.008982882834970951,0.23958757519721985,0.5534892678260803,0.6961488723754883,0.2851298153400421,0.63267582654953,0.46282756328582764,0.2279355823993683,0.3443477153778076,0.25492194294929504,0.6100401878356934,0.07730159908533096,0.5446057915687561,0.2965177595615387,0.5031132102012634,0.6032952666282654,0.02723468281328678,0.3821523189544678,0.2830420136451721,0.3572287857532501,0.14176319539546967,0.34023040533065796,0.20547711849212646,0.15459024906158447,0.14177308976650238,0.3107437193393707,0.2502404749393463,0.22839821875095367,0.4414941370487213,0.4183907210826874,0.2871793806552887,0.4863887429237366,0.7771759033203125,0.0,0.261565625667572,0.006015616934746504,0.003594521200284362,0.5017091631889343,0.5241203308105469,0.5901079177856445,0.3018731474876404,0.1652926355600357,0.0018145908834412694,0.4721960425376892,0.4068153500556946,0.5245867371559143,0.62155681848526,0.0,0.33609452843666077,0.1873892843723297,0.12108271569013596,0.27938228845596313,0.12104561924934387,0.4261576533317566,0.341141939163208,0.5562542676925659,0.12696664035320282,0.6997583508491516,0.5505092144012451,0.0,0.8032033443450928,0.516661524772644,0.42389437556266785,0.37616539001464844,0.3205319046974182,0.3007009029388428,0.27071040868759155,0.3170658349990845,0.7464385032653809,0.6041343808174133,0.0,0.17535962164402008,0.12564419209957123,0.0,0.21672342717647552,0.032923612743616104,0.033200789242982864
111,N/A,N/A,N/A,N/A,N/A,N/A,N/A,N/A,N/A,N/A,N/A,N/A,N/A,N/A,N/A,N/A,N/A,N/A,N/A,N/A,N/A,N/A,N/A,N/A,N/A,N/A,N/A,N/A,N/A,N/A,N/A,N/A,N/A,N/A,N/A,N/A,N/A,N/A,N/A,N/A,N/A,N/A,N/A,N/A,N/A,N/A,N/A,N/A,N/A,N/A,N/A,N/A,N/A,N/A,N/A,N/A,N/A,N/A,N/A,N/A,N/A,N/A,N/A,N/A,N/A,N/A,N/A,N/A,N/A,N/A,N/A,N/A,N/A,N/A,N/A,N/A,N/A,N/A,N/A,N/A,N/A,N/A,N/A,N/A,N/A,N/A,N/A,N/A,N/A,N/A,N/A,N/A,N/A,N/A,N/A,N/A,N/A,N/A,N/A,N/A,N/A,N/A,N/A,N/A
112,N/A,N/A,N/A,N/A,N/A,N/A,N/A,N/A,N/A,N/A,N/A,N/A,N/A,N/A,N/A,N/A,N/A,N/A,N/A,N/A,N/A,N/A,N/A,N/A,N/A,N/A,N/A,N/A,N/A,N/A,N/A,N/A,N/A,N/A,N/A,N/A,N/A,N/A,N/A,N/A,N/A,N/A,N/A,N/A,N/A,N/A,N/A,N/A,N/A,N/A,N/A,N/A,N/A,N/A,N/A,N/A,N/A,N/A,N/A,N/A,N/A,N/A,N/A,N/A,N/A,N/A,N/A,N/A,N/A,N/A,N/A,N/A,N/A,N/A,N/A,N/A,N/A,N/A,N/A,N/A,N/A,N/A,N/A,N/A,N/A,N/A,N/A,N/A,N/A,N/A,N/A,N/A,N/A,N/A,N/A,N/A,N/A,N/A,N/A,N/A,N/A,N/A,N/A,N/A
113,N/A,N/A,N/A,N/A,N/A,N/A,N/A,N/A,N/A,N/A,N/A,N/A,N/A,N/A,N/A,N/A,N/A,N/A,N/A,N/A,N/A,N/A,N/A,N/A,N/A,N/A,N/A,N/A,N/A,N/A,N/A,N/A,N/A,N/A,N/A,N/A,N/A,N/A,N/A,N/A,N/A,N/A,N/A,N/A,N/A,N/A,N/A,N/A,N/A,N/A,N/A,N/A,N/A,N/A,N/A,N/A,N/A,N/A,N/A,N/A,N/A,N/A,N/A,N/A,N/A,N/A,N/A,N/A,N/A,N/A,N/A,N/A,N/A,N/A,N/A,N/A,N/A,N/A,N/A,N/A,N/A,N/A,N/A,N/A,N/A,N/A,N/A,N/A,N/A,N/A,N/A,N/A,N/A,N/A,N/A,N/A,N/A,N/A,N/A,N/A,N/A,N/A,N/A,N/A
114,N/A,N/A,N/A,N/A,N/A,N/A,N/A,N/A,N/A,N/A,N/A,N/A,N/A,N/A,N/A,N/A,N/A,N/A,N/A,N/A,N/A,N/A,N/A,N/A,N/A,N/A,N/A,N/A,N/A,N/A,N/A,N/A,N/A,N/A,N/A,N/A,N/A,N/A,N/A,N/A,N/A,N/A,N/A,N/A,N/A,N/A,N/A,N/A,N/A,N/A,N/A,N/A,N/A,N/A,N/A,N/A,N/A,N/A,N/A,N/A,N/A,N/A,N/A,N/A,N/A,N/A,N/A,N/A,N/A,N/A,N/A,N/A,N/A,N/A,N/A,N/A,N/A,N/A,N/A,N/A,N/A,N/A,N/A,N/A,N/A,N/A,N/A,N/A,N/A,N/A,N/A,N/A,N/A,N/A,N/A,N/A,N/A,N/A,N/A,N/A,N/A,N/A,N/A,N/A
115,0.8109301328659058,0.24961888790130615,0.0006274151965044439,0.45287492871284485,0.17989477515220642,0.362627238035202,0.4652634263038635,0.0,0.37000590562820435,0.08679703623056412,0.2783591151237488,0.2565370798110962,0.36143922805786133,0.37032854557037354,0.384782075881958,0.28115978837013245,0.11460980772972107,0.30927208065986633,0.12687823176383972,0.0005360680515877903,0.027932381257414818,0.29195985198020935,0.17552269995212555,0.006443307735025883,0.3131796717643738,0.33700498938560486,0.0,0.008460156619548798,0.21519501507282257,0.5402448773384094,0.7099379897117615,0.28864142298698425,0.6438079476356506,0.4936239719390869,0.19388282299041748,0.26818224787712097,0.28040605783462524,0.597745418548584,0.11689819395542145,0.5098536610603333,0.34837496280670166,0.5390739440917969,0.5818989276885986,0.03985532000660896,0.37854838371276855,0.2613004446029663,0.3751634657382965,0.11464101821184158,0.31131550669670105,0.21736054122447968,0.15410031378269196,0.1563023179769516,0.30561256408691406,0.2643124759197235,0.23993989825248718,0.4237639605998993,0.3957847058773041,0.31446707248687744,0.4766958951950073,0.7792285680770874,0.0,0.23544518649578094,0.007665045093744993,0.0029906933195888996,0.4960898160934448,0.5306335091590881,0.5811432003974915,0.31215083599090576,0.18323105573654175,3.2923540857154876e-05,0.46972382068634033,0.37003928422927856,0.4707343280315399,0.6166056394577026,0.0,0.3417031466960907,0.21032774448394775,0.1258613020181656,0.22371605038642883,0.10075324773788452,0.426480770111084,0.41416576504707336,0.5347237586975098,0.14537738263607025,0.6906997561454773,0.5787328481674194,0.0,0.8104606866836548,0.5315735340118408,0.43627220392227173,0.3949427008628845,0.3088839054107666,0.3390089273452759,0.2702404856681824,0.3150782883167267,0.7475767135620117,0.6106288433074951,0.0,0.15655693411827087,0.004944334272295237,0.0,0.21232418715953827,0.0049651614390313625,0.03546402230858803
116,N/A,N/A,N/A,N/A,N/A,N/A,N/A,N/A,N/A,N/A,N/A,N/A,N/A,N/A,N/A,N/A,N/A,N/A,N/A,N/A,N/A,N/A,N/A,N/A,N/A,N/A,N/A,N/A,N/A,N/A,N/A,N/A,N/A,N/A,N/A,N/A,N/A,N/A,N/A,N/A,N/A,N/A,N/A,N/A,N/A,N/A,N/A,N/A,N/A,N/A,N/A,N/A,N/A,N/A,N/A,N/A,N/A,N/A,N/A,N/A,N/A,N/A,N/A,N/A,N/A,N/A,N/A,N/A,N/A,N/A,N/A,N/A,N/A,N/A,N/A,N/A,N/A,N/A,N/A,N/A,N/A,N/A,N/A,N/A,N/A,N/A,N/A,N/A,N/A,N/A,N/A,N/A,N/A,N/A,N/A,N/A,N/A,N/A,N/A,N/A,N/A,N/A,N/A,N/A
117,N/A,N/A,N/A,N/A,N/A,N/A,N/A,N/A,N/A,N/A,N/A,N/A,N/A,N/A,N/A,N/A,N/A,N/A,N/A,N/A,N/A,N/A,N/A,N/A,N/A,N/A,N/A,N/A,N/A,N/A,N/A,N/A,N/A,N/A,N/A,N/A,N/A,N/A,N/A,N/A,N/A,N/A,N/A,N/A,N/A,N/A,N/A,N/A,N/A,N/A,N/A,N/A,N/A,N/A,N/A,N/A,N/A,N/A,N/A,N/A,N/A,N/A,N/A,N/A,N/A,N/A,N/A,N/A,N/A,N/A,N/A,N/A,N/A,N/A,N/A,N/A,N/A,N/A,N/A,N/A,N/A,N/A,N/A,N/A,N/A,N/A,N/A,N/A,N/A,N/A,N/A,N/A,N/A,N/A,N/A,N/A,N/A,N/A,N/A,N/A,N/A,N/A,N/A,N/A
118,N/A,N/A,N/A,N/A,N/A,N/A,N/A,N/A,N/A,N/A,N/A,N/A,N/A,N/A,N/A,N/A,N/A,N/A,N/A,N/A,N/A,N/A,N/A,N/A,N/A,N/A,N/A,N/A,N/A,N/A,N/A,N/A,N/A,N/A,N/A,N/A,N/A,N/A,N/A,N/A,N/A,N/A,N/A,N/A,N/A,N/A,N/A,N/A,N/A,N/A,N/A,N/A,N/A,N/A,N/A,N/A,N/A,N/A,N/A,N/A,N/A,N/A,N/A,N/A,N/A,N/A,N/A,N/A,N/A,N/A,N/A,N/A,N/A,N/A,N/A,N/A,N/A,N/A,N/A,N/A,N/A,N/A,N/A,N/A,N/A,N/A,N/A,N/A,N/A,N/A,N/A,N/A,N/A,N/A,N/A,N/A,N/A,N/A,N/A,N/A,N/A,N/A,N/A,N/A
119,N/A,N/A,N/A,N/A,N/A,N/A,N/A,N/A,N/A,N/A,N/A,N/A,N/A,N/A,N/A,N/A,N/A,N/A,N/A,N/A,N/A,N/A,N/A,N/A,N/A,N/A,N/A,N/A,N/A,N/A,N/A,N/A,N/A,N/A,N/A,N/A,N/A,N/A,N/A,N/A,N/A,N/A,N/A,N/A,N/A,N/A,N/A,N/A,N/A,N/A,N/A,N/A,N/A,N/A,N/A,N/A,N/A,N/A,N/A,N/A,N/A,N/A,N/A,N/A,N/A,N/A,N/A,N/A,N/A,N/A,N/A,N/A,N/A,N/A,N/A,N/A,N/A,N/A,N/A,N/A,N/A,N/A,N/A,N/A,N/A,N/A,N/A,N/A,N/A,N/A,N/A,N/A,N/A,N/A,N/A,N/A,N/A,N/A,N/A,N/A,N/A,N/A,N/A,N/A
120,0.8184886574745178,0.2934904098510742,0.0,0.446137934923172,0.20100289583206177,0.34780430793762207,0.5360270142555237,0.0,0.37411364912986755,0.07326511293649673,0.29407769441604614,0.2952299416065216,0.3583018183708191,0.3938371241092682,0.37960168719291687,0.2888314425945282,0.17278242111206055,0.2858930826187134,0.1282588690519333,0.0009154380531981587,0.014063267037272453,0.2787724435329437,0.16876105964183807,0.0,0.2806739807128906,0.3508249819278717,0.0,0.00521413329988718,0.20305241644382477,0.5256481170654297,0.721356213092804,0.298621267080307,0.6186887621879578,0.48670169711112976,0.16886934638023376,0.33676373958587646,0.28298836946487427,0.6162010431289673,0.17799480259418488,0.46281325817108154,0.3252200484275818,0.5519418716430664,0.5925170183181763,0.031559474766254425,0.38803669810295105,0.2543650269508362,0.37207117676734924,0.13307934999465942,0.3091062605381012,0.21899227797985077,0.16604070365428925,0.15571002662181854,0.30405160784721375,0.23278625309467316,0.252497136592865,0.4066561758518219,0.4128533601760864,0.27277809381484985,0.4816075563430786,0.7721239924430847,0.0,0.26611727476119995,0.006885281763970852,0.009665518067777157,0.4997141361236572,0.5204220414161682,0.5881258845329285,0.305509090423584,0.1598539799451828,0.00577323604375124,0.4839942753314972,0.37272703647613525,0.4907206892967224,0.6281231641769409,0.0,0.41581058502197266,0.20349900424480438,0.10329316556453705,0.2686285674571991,0.09646303951740265,0.42005079984664917,0.3799320161342621,0.5449703931808472,0.14514340460300446,0.7060081362724304,0.5708031058311462,0.0,0.8094198703765869,0.45899003744125366,0.41972675919532776,0.38902100920677185,0.3451399505138397,0.29260775446891785,0.274674654006958,0.32053041458129883,0.7476027011871338,0.6240885853767395,0.0,0.13739953935146332,0.0008494467474520206,0.0,0.2412567138671875,0.04083707928657532,0.03649268299341202
121,N/A,N/A,N/A,N/A,N/A,N/A,N/A,N/A,N/A,N/A,N/A,N/A,N/A,N/A,N/A,N/A,N/A,N/A,N/A,N/A,N/A,N/A,N/A,N/A,N/A,N/A,N/A,N/A,N/A,N/A,N/A,N/A,N/A,N/A,N/A,N/A,N/A,N/A,N/A,N/A,N/A,N/A,N/A,N/A,N/A,N/A,N/A,N/A,N/A,N/A,N/A,N/A,N/A,N/A,N/A,N/A,N/A,N/A,N/A,N/A,N/A,N/A,N/A,N/A,N/A,N/A,N/A,N/A,N/A,N/A,N/A,N/A,N/A,N/A,N/A,N/A,N/A,N/A,N/A,N/A,N/A,N/A,N/A,N/A,N/A,N/A,N/A,N/A,N/A,N/A,N/A,N/A,N/A,N/A,N/A,N/A,N/A,N/A,N/A,N/A,N/A,N/A,N/A,N/A
122,N/A,N/A,N/A,N/A,N/A,N/A,N/A,N/A,N/A,N/A,N/A,N/A,N/A,N/A,N/A,N/A,N/A,N/A,N/A,N/A,N/A,N/A,N/A,N/A,N/A,N/A,N/A,N/A,N/A,N/A,N/A,N/A,N/A,N/A,N/A,N/A,N/A,N/A,N/A,N/A,N/A,N/A,N/A,N/A,N/A,N/A,N/A,N/A,N/A,N/A,N/A,N/A,N/A,N/A,N/A,N/A,N/A,N/A,N/A,N/A,N/A,N/A,N/A,N/A,N/A,N/A,N/A,N/A,N/A,N/A,N/A,N/A,N/A,N/A,N/A,N/A,N/A,N/A,N/A,N/A,N/A,N/A,N/A,N/A,N/A,N/A,N/A,N/A,N/A,N/A,N/A,N/A,N/A,N/A,N/A,N/A,N/A,N/A,N/A,N/A,N/A,N/A,N/A,N/A
123,N/A,N/A,N/A,N/A,N/A,N/A,N/A,N/A,N/A,N/A,N/A,N/A,N/A,N/A,N/A,N/A,N/A,N/A,N/A,N/A,N/A,N/A,N/A,N/A,N/A,N/A,N/A,N/A,N/A,N/A,N/A,N/A,N/A,N/A,N/A,N/A,N/A,N/A,N/A,N/A,N/A,N/A,N/A,N/A,N/A,N/A,N/A,N/A,N/A,N/A,N/A,N/A,N/A,N/A,N/A,N/A,N/A,N/A,N/A,N/A,N/A,N/A,N/A,N/A,N/A,N/A,N/A,N/A,N/A,N/A,N/A,N/A,N/A,N/A,N/A,N/A,N/A,N/A,N/A,N/A,N/A,N/A,N/A,N/A,N/A,N/A,N/A,N/A,N/A,N/A,N/A,N/A,N/A,N/A,N/A,N/A,N/A,N/A,N/A,N/A,N/A,N/A,N/A,N/A
124,N/A,N/A,N/A,N/A,N/A,N/A,N/A,N/A,N/A,N/A,N/A,N/A,N/A,N/A,N/A,N/A,N/A,N/A,N/A,N/A,N/A,N/A,N/A,N/A,N/A,N/A,N/A,N/A,N/A,N/A,N/A,N/A,N/A,N/A,N/A,N/A,N/A,N/A,N/A,N/A,N/A,N/A,N/A,N/A,N/A,N/A,N/A,N/A,N/A,N/A,N/A,N/A,N/A,N/A,N/A,N/A,N/A,N/A,N/A,N/A,N/A,N/A,N/A,N/A,N/A,N/A,N/A,N/A,N/A,N/A,N/A,N/A,N/A,N/A,N/A,N/A,N/A,N/A,N/A,N/A,N/A,N/A,N/A,N/A,N/A,N/A,N/A,N/A,N/A,N/A,N/A,N/A,N/A,N/A,N/A,N/A,N/A,N/A,N/A,N/A,N/A,N/A,N/A,N/A
125,0.8248716592788696,0.3130260109901428,0.026048773899674416,0.44961538910865784,0.11992601305246353,0.357056200504303,0.4504888951778412,0.0,0.3783574104309082,0.08078981190919876,0.29309192299842834,0.2870911955833435,0.37133660912513733,0.3654842674732208,0.38670143485069275,0.27876871824264526,0.09141271561384201,0.28953513503074646,0.12560708820819855,0.003328495193272829,0.039625298231840134,0.2825273275375366,0.1463000774383545,0.0,0.3145224153995514,0.35349732637405396,0.0,0.016946667805314064,0.2170221358537674,0.5758011341094971,0.7024334073066711,0.2700616419315338,0.636349081993103,0.481469064950943,0.16568148136138916,0.2660929560661316,0.26536351442337036,0.6166091561317444,0.13998541235923767,0.5295527577400208,0.32268965244293213,0.5097334384918213,0.6201558113098145,0.026910657063126564,0.3751106262207031,0.25750917196273804,0.3679769039154053,0.12863993644714355,0.30392780900001526,0.20709331333637238,0.14717815816402435,0.1418931931257248,0.2969084680080414,0.25448015332221985,0.24204182624816895,0.4818439185619354,0.38812926411628723,0.30848851799964905,0.47984346747398376,0.7690874338150024,0.0,0.2406712770462036,0.013156704604625702,0.019218409433960915,0.4792071282863617,0.5145705938339233,0.5525391697883606,0.3044612407684326,0.18821296095848083,6.682459206786007e-05,0.47256386280059814,0.40836527943611145,0.49226975440979004,0.6106399893760681,0.0,0.4135047197341919,0.20697514712810516,0.07806102931499481,0.270272433757782,0.1416495442390442,0.4276926517486572,0.43240177631378174,0.5637591481208801,0.14522597193717957,0.6927338242530823,0.5837152600288391,0.0,0.8074367046356201,0.5123052597045898,0.43482887744903564,0.41277897357940674,0.3326115310192108,0.3328495919704437,0.27611035108566284,0.3199467062950134,0.729898989200592,0.6236509680747986,0.0,0.15284539759159088,0.01979159750044346,0.0,0.2350480556488037,0.041717611253261566,0.03339754045009613
126,N/A,N/A,N/A,N/A,N/A,N/A,N/A,N/A,N/A,N/A,N/A,N/A,N/A,N/A,N/A,N/A,N/A,N/A,N/A,N/A,N/A,N/A,N/A,N/A,N/A,N/A,N/A,N/A,N/A,N/A,N/A,N/A,N/A,N/A,N/A,N/A,N/A,N/A,N/A,N/A,N/A,N/A,N/A,N/A,N/A,N/A,N/A,N/A,N/A,N/A,N/A,N/A,N/A,N/A,N/A,N/A,N/A,N/A,N/A,N/A,N/A,N/A,N/A,N/A,N/A,N/A,N/A,N/A,N/A,N/A,N/A,N/A,N/A,N/A,N/A,N/A,N/A,N/A,N/A,N/A,N/A,N/A,N/A,N/A,N/A,N/A,N/A,N/A,N/A,N/A,N/A,N/A,N/A,N/A,N/A,N/A,N/A,N/A,N/A,N/A,N/A,N/A,N/A,N/A
127,N/A,N/A,N/A,N/A,N/A,N/A,N/A,N/A,N/A,N/A,N/A,N/A,N/A,N/A,N/A,N/A,N/A,N/A,N/A,N/A,N/A,N/A,N/A,N/A,N/A,N/A,N/A,N/A,N/A,N/A,N/A,N/A,N/A,N/A,N/A,N/A,N/A,N/A,N/A,N/A,N/A,N/A,N/A,N/A,N/A,N/A,N/A,N/A,N/A,N/A,N/A,N/A,N/A,N/A,N/A,N/A,N/A,N/A,N/A,N/A,N/A,N/A,N/A,N/A,N/A,N/A,N/A,N/A,N/A,N/A,N/A,N/A,N/A,N/A,N/A,N/A,N/A,N/A,N/A,N/A,N/A,N/A,N/A,N/A,N/A,N/A,N/A,N/A,N/A,N/A,N/A,N/A,N/A,N/A,N/A,N/A,N/A,N/A,N/A,N/A,N/A,N/A,N/A,N/A
128,N/A,N/A,N/A,N/A,N/A,N/A,N/A,N/A,N/A,N/A,N/A,N/A,N/A,N/A,N/A,N/A,N/A,N/A,N/A,N/A,N/A,N/A,N/A,N/A,N/A,N/A,N/A,N/A,N/A,N/A,N/A,N/A,N/A,N/A,N/A,N/A,N/A,N/A,N/A,N/A,N/A,N/A,N/A,N/A,N/A,N/A,N/A,N/A,N/A,N/A,N/A,N/A,N/A,N/A,N/A,N/A,N/A,N/A,N/A,N/A,N/A,N/A,N/A,N/A,N/A,N/A,N/A,N/A,N/A,N/A,N/A,N/A,N/A,N/A,N/A,N/A,N/A,N/A,N/A,N/A,N/A,N/A,N/A,N/A,N/A,N/A,N/A,N/A,N/A,N/A,N/A,N/A,N/A,N/A,N/A,N/A,N/A,N/A,N/A,N/A,N/A,N/A,N/A,N/A
129,N/A,N/A,N/A,N/A,N/A,N/A,N/A,N/A,N/A,N/A,N/A,N/A,N/A,N/A,N/A,N/A,N/A,N/A,N/A,N/A,N/A,N/A,N/A,N/A,N/A,N/A,N/A,N/A,N/A,N/A,N/A,N/A,N/A,N/A,N/A,N/A,N/A,N/A,N/A,N/A,N/A,N/A,N/A,N/A,N/A,N/A,N/A,N/A,N/A,N/A,N/A,N/A,N/A,N/A,N/A,N/A,N/A,N/A,N/A,N/A,N/A,N/A,N/A,N/A,N/A,N/A,N/A,N/A,N/A,N/A,N/A,N/A,N/A,N/A,N/A,N/A,N/A,N/A,N/A,N/A,N/A,N/A,N/A,N/A,N/A,N/A,N/A,N/A,N/A,N/A,N/A,N/A,N/A,N/A,N/A,N/A,N/A,N/A,N/A,N/A,N/A,N/A,N/A,N/A
130,0.8145988583564758,0.265712171792984,0.0,0.44216227531433105,0.18326875567436218,0.32288429141044617,0.573614776134491,0.0,0.37380585074424744,0.06671807169914246,0.30735477805137634,0.29926255345344543,0.369369775056839,0.3729211986064911,0.40427830815315247,0.2917562425136566,0.14706888794898987,0.2933429479598999,0.1263638436794281,0.00385931134223938,0.03012128360569477,0.307451456785202,0.18491092324256897,0.0,0.3555639386177063,0.3474673330783844,0.0,0.0067525217309594154,0.2381942868232727,0.5453838109970093,0.7155972123146057,0.2958618104457855,0.6531305313110352,0.46451398730278015,0.16627009212970734,0.2743760645389557,0.29950278997421265,0.6196088790893555,0.14987294375896454,0.5499129295349121,0.33609241247177124,0.5381147861480713,0.594473659992218,0.03508787602186203,0.3848782479763031,0.276475727558136,0.3680869936943054,0.11818848550319672,0.3310406804084778,0.22291666269302368,0.15208987891674042,0.15758362412452698,0.306416779756546,0.24130791425704956,0.2456613928079605,0.46015113592147827,0.41573217511177063,0.2801666855812073,0.47701194882392883,0.7561748027801514,0.0,0.2163095772266388,0.020318852737545967,0.01875869370996952,0.4815594255924225,0.5205060243606567,0.5711461901664734,0.30101412534713745,0.18328776955604553,0.0020980029366910458,0.47954505681991577,0.3690844178199768,0.5762616395950317,0.6209475994110107,0.0,0.3957608938217163,0.21180018782615662,0.08820334076881409,0.28176403045654297,0.1387065052986145,0.42172229290008545,0.4201144874095917,0.5551096796989441,0.16902472078800201,0.6968942284584045,0.5788388252258301,0.0,0.807919442653656,0.4824606478214264,0.4270952045917511,0.38189318776130676,0.3222748041152954,0.3166951537132263,0.28043317794799805,0.3129267394542694,0.7346498370170593,0.6247400641441345,0.0,0.17399762570858002,0.04409286379814148,0.0,0.239515021443367,0.08367261290550232,0.03464781120419502
131,N/A,N/A,N/A,N/A,N/A,N/A,N/A,N/A,N/A,N/A,N/A,N/A,N/A,N/A,N/A,N/A,N/A,N/A,N/A,N/A,N/A,N/A,N/A,N/A,N/A,N/A,N/A,N/A,N/A,N/A,N/A,N/A,N/A,N/A,N/A,N/A,N/A,N/A,N/A,N/A,N/A,N/A,N/A,N/A,N/A,N/A,N/A,N/A,N/A,N/A,N/A,N/A,N/A,N/A,N/A,N/A,N/A,N/A,N/A,N/A,N/A,N/A,N/A,N/A,N/A,N/A,N/A,N/A,N/A,N/A,N/A,N/A,N/A,N/A,N/A,N/A,N/A,N/A,N/A,N/A,N/A,N/A,N/A,N/A,N/A,N/A,N/A,N/A,N/A,N/A,N/A,N/A,N/A,N/A,N/A,N/A,N/A,N/A,N/A,N/A,N/A,N/A,N/A,N/A
132,N/A,N/A,N/A,N/A,N/A,N/A,N/A,N/A,N/A,N/A,N/A,N/A,N/A,N/A,N/A,N/A,N/A,N/A,N/A,N/A,N/A,N/A,N/A,N/A,N/A,N/A,N/A,N/A,N/A,N/A,N/A,N/A,N/A,N/A,N/A,N/A,N/A,N/A,N/A,N/A,N/A,N/A,N/A,N/A,N/A,N/A,N/A,N/A,N/A,N/A,N/A,N/A,N/A,N/A,N/A,N/A,N/A,N/A,N/A,N/A,N/A,N/A,N/A,N/A,N/A,N/A,N/A,N/A,N/A,N/A,N/A,N/A,N/A,N/A,N/A,N/A,N/A,N/A,N/A,N/A,N/A,N/A,N/A,N/A,N/A,N/A,N/A,N/A,N/A,N/A,N/A,N/A,N/A,N/A,N/A,N/A,N/A,N/A,N/A,N/A,N/A,N/A,N/A,N/A
133,N/A,N/A,N/A,N/A,N/A,N/A,N/A,N/A,N/A,N/A,N/A,N/A,N/A,N/A,N/A,N/A,N/A,N/A,N/A,N/A,N/A,N/A,N/A,N/A,N/A,N/A,N/A,N/A,N/A,N/A,N/A,N/A,N/A,N/A,N/A,N/A,N/A,N/A,N/A,N/A,N/A,N/A,N/A,N/A,N/A,N/A,N/A,N/A,N/A,N/A,N/A,N/A,N/A,N/A,N/A,N/A,N/A,N/A,N/A,N/A,N/A,N/A,N/A,N/A,N/A,N/A,N/A,N/A,N/A,N/A,N/A,N/A,N/A,N/A,N/A,N/A,N/A,N/A,N/A,N/A,N/A,N/A,N/A,N/A,N/A,N/A,N/A,N/A,N/A,N/A,N/A,N/A,N/A,N/A,N/A,N/A,N/A,N/A,N/A,N/A,N/A,N/A,N/A,N/A
134,N/A,N/A,N/A,N/A,N/A,N/A,N/A,N/A,N/A,N/A,N/A,N/A,N/A,N/A,N/A,N/A,N/A,N/A,N/A,N/A,N/A,N/A,N/A,N/A,N/A,N/A,N/A,N/A,N/A,N/A,N/A,N/A,N/A,N/A,N/A,N/A,N/A,N/A,N/A,N/A,N/A,N/A,N/A,N/A,N/A,N/A,N/A,N/A,N/A,N/A,N/A,N/A,N/A,N/A,N/A,N/A,N/A,N/A,N/A,N/A,N/A,N/A,N/A,N/A,N/A,N/A,N/A,N/A,N/A,N/A,N/A,N/A,N/A,N/A,N/A,N/A,N/A,N/A,N/A,N/A,N/A,N/A,N/A,N/A,N/A,N/A,N/A,N/A,N/A,N/A,N/A,N/A,N/A,N/A,N/A,N/A,N/A,N/A,N/A,N/A,N/A,N/A,N/A,N/A
135,0.8218662738800049,0.24910779297351837,0.00605156971141696,0.4446527659893036,0.21302524209022522,0.352827787399292,0.4526170790195465,0.0,0.3715396821498871,0.08205550909042358,0.2821221947669983,0.2822131812572479,0.36473482847213745,0.39504534006118774,0.39401283860206604,0.3105555474758148,0.12165859341621399,0.2896389365196228,0.12372534722089767,0.001757237478159368,0.08411809056997299,0.31090205907821655,0.18364861607551575,0.0,0.34311428666114807,0.34401845932006836,0.0,0.02444279193878174,0.21980106830596924,0.5467966794967651,0.7066407799720764,0.29030758142471313,0.5948842763900757,0.470092236995697,0.15510782599449158,0.24823975563049316,0.2628670930862427,0.621764600276947,0.1788717657327652,0.5081670880317688,0.32788342237472534,0.5558390617370605,0.6062509417533875,0.02874070219695568,0.3869501054286957,0.28861239552497864,0.36050522327423096,0.1429121494293213,0.3172495365142822,0.20220743119716644,0.16638116538524628,0.15924480557441711,0.30093783140182495,0.22930286824703217,0.2511923015117645,0.4240589141845703,0.40511354804039,0.30439263582229614,0.4730522036552429,0.7783727049827576,0.0,0.24261705577373505,0.016537686809897423,0.01603303849697113,0.45670396089553833,0.5208725929260254,0.5777693390846252,0.30366596579551697,0.1727529764175415,0.003926514182239771,0.4841068685054779,0.36316779255867004,0.5573683977127075,0.6283068060874939,0.0,0.4101090133190155,0.1848987489938736,0.1354513317346573,0.2311575561761856,0.12807857990264893,0.4212512969970703,0.356431782245636,0.5591038465499878,0.15254634618759155,0.688829779624939,0.5822767615318298,0.0,0.8199122548103333,0.47662222385406494,0.44221732020378113,0.3864566683769226,0.33090469241142273,0.3545340895652771,0.27560919523239136,0.3169800341129303,0.7524194717407227,0.6194865107536316,0.0,0.15367530286312103,0.003305916441604495,0.0,0.23637855052947998,0.0015961752505972981,0.03189002722501755
136,N/A,N/A,N/A,N/A,N/A,N/A,N/A,N/A,N/A,N/A,N/A,N/A,N/A,N/A,N/A,N/A,N/A,N/A,N/A,N/A,N/A,N/A,N/A,N/A,N/A,N/A,N/A,N/A,N/A,N/A,N/A,N/A,N/A,N/A,N/A,N/A,N/A,N/A,N/A,N/A,N/A,N/A,N/A,N/A,N/A,N/A,N/A,N/A,N/A,N/A,N/A,N/A,N/A,N/A,N/A,N/A,N/A,N/A,N/A,N/A,N/A,N/A,N/A,N/A,N/A,N/A,N/A,N/A,N/A,N/A,N/A,N/A,N/A,N/A,N/A,N/A,N/A,N/A,N/A,N/A,N/A,N/A,N/A,N/A,N/A,N/A,N/A,N/A,N/A,N/A,N/A,N/A,N/A,N/A,N/A,N/A,N/A,N/A,N/A,N/A,N/A,N/A,N/A,N/A
137,N/A,N/A,N/A,N/A,N/A,N/A,N/A,N/A,N/A,N/A,N/A,N/A,N/A,N/A,N/A,N/A,N/A,N/A,N/A,N/A,N/A,N/A,N/A,N/A,N/A,N/A,N/A,N/A,N/A,N/A,N/A,N/A,N/A,N/A,N/A,N/A,N/A,N/A,N/A,N/A,N/A,N/A,N/A,N/A,N/A,N/A,N/A,N/A,N/A,N/A,N/A,N/A,N/A,N/A,N/A,N/A,N/A,N/A,N/A,N/A,N/A,N/A,N/A,N/A,N/A,N/A,N/A,N/A,N/A,N/A,N/A,N/A,N/A,N/A,N/A,N/A,N/A,N/A,N/A,N/A,N/A,N/A,N/A,N/A,N/A,N/A,N/A,N/A,N/A,N/A,N/A,N/A,N/A,N/A,N/A,N/A,N/A,N/A,N/A,N/A,N/A,N/A,N/A,N/A
138,N/A,N/A,N/A,N/A,N/A,N/A,N/A,N/A,N/A,N/A,N/A,N/A,N/A,N/A,N/A,N/A,N/A,N/A,N/A,N/A,N/A,N/A,N/A,N/A,N/A,N/A,N/A,N/A,N/A,N/A,N/A,N/A,N/A,N/A,N/A,N/A,N/A,N/A,N/A,N/A,N/A,N/A,N/A,N/A,N/A,N/A,N/A,N/A,N/A,N/A,N/A,N/A,N/A,N/A,N/A,N/A,N/A,N/A,N/A,N/A,N/A,N/A,N/A,N/A,N/A,N/A,N/A,N/A,N/A,N/A,N/A,N/A,N/A,N/A,N/A,N/A,N/A,N/A,N/A,N/A,N/A,N/A,N/A,N/A,N/A,N/A,N/A,N/A,N/A,N/A,N/A,N/A,N/A,N/A,N/A,N/A,N/A,N/A,N/A,N/A,N/A,N/A,N/A,N/A
139,N/A,N/A,N/A,N/A,N/A,N/A,N/A,N/A,N/A,N/A,N/A,N/A,N/A,N/A,N/A,N/A,N/A,N/A,N/A,N/A,N/A,N/A,N/A,N/A,N/A,N/A,N/A,N/A,N/A,N/A,N/A,N/A,N/A,N/A,N/A,N/A,N/A,N/A,N/A,N/A,N/A,N/A,N/A,N/A,N/A,N/A,N/A,N/A,N/A,N/A,N/A,N/A,N/A,N/A,N/A,N/A,N/A,N/A,N/A,N/A,N/A,N/A,N/A,N/A,N/A,N/A,N/A,N/A,N/A,N/A,N/A,N/A,N/A,N/A,N/A,N/A,N/A,N/A,N/A,N/A,N/A,N/A,N/A,N/A,N/A,N/A,N/A,N/A,N/A,N/A,N/A,N/A,N/A,N/A,N/A,N/A,N/A,N/A,N/A,N/A,N/A,N/A,N/A,N/A
140,0.846843957901001,0.29039955139160156,0.004214068874716759,0.4541599154472351,0.21153609454631805,0.359860897064209,0.4694087505340576,0.0,0.3959323763847351,0.08193738758563995,0.3163229525089264,0.2896648049354553,0.392084538936615,0.380911648273468,0.394719660282135,0.3086198568344116,0.08917257189750671,0.286246657371521,0.1145588755607605,0.00034061993937939405,0.07194536924362183,0.3231123089790344,0.18646091222763062,0.0,0.35430705547332764,0.35245758295059204,0.0,0.01609162800014019,0.2505838871002197,0.570346474647522,0.711980938911438,0.28032588958740234,0.6095694303512573,0.47088828682899475,0.15265092253684998,0.29215964674949646,0.24586457014083862,0.6306967735290527,0.17253130674362183,0.5322809219360352,0.3475051522254944,0.5152613520622253,0.6431428790092468,0.03160716965794563,0.389801949262619,0.25368446111679077,0.3730107843875885,0.13256393373012543,0.3030257523059845,0.19948427379131317,0.16534686088562012,0.16626855731010437,0.3091289699077606,0.22242698073387146,0.2532658874988556,0.4280508756637573,0.4023987948894501,0.30143123865127563,0.47722843289375305,0.7736482620239258,0.0,0.2824212610721588,0.019899344071745872,0.002155955182388425,0.5014923214912415,0.5183861255645752,0.5896270871162415,0.301342248916626,0.20777873694896698,0.0005330755957402289,0.48800429701805115,0.38618606328964233,0.5565879940986633,0.6299093961715698,0.0,0.42138025164604187,0.19613587856292725,0.08906515687704086,0.24335302412509918,0.14595213532447815,0.43087857961654663,0.39789658784866333,0.578288197517395,0.1398409605026245,0.6944066882133484,0.5925630331039429,0.0,0.81868577003479,0.5488214492797852,0.43982425332069397,0.3848644495010376,0.349795937538147,0.3271291255950928,0.28452184796333313,0.3346922993659973,0.7656636238098145,0.6289830207824707,0.0,0.15126600861549377,0.0,0.0,0.22712333500385284,0.09455810487270355,0.029328880831599236
141,N/A,N/A,N/A,N/A,N/A,N/A,N/A,N/A,N/A,N/A,N/A,N/A,N/A,N/A,N/A,N/A,N/A,N/A,N/A,N/A,N/A,N/A,N/A,N/A,N/A,N/A,N/A,N/A,N/A,N/A,N/A,N/A,N/A,N/A,N/A,N/A,N/A,N/A,N/A,N/A,N/A,N/A,N/A,N/A,N/A,N/A,N/A,N/A,N/A,N/A,N/A,N/A,N/A,N/A,N/A,N/A,N/A,N/A,N/A,N/A,N/A,N/A,N/A,N/A,N/A,N/A,N/A,N/A,N/A,N/A,N/A,N/A,N/A,N/A,N/A,N/A,N/A,N/A,N/A,N/A,N/A,N/A,N/A,N/A,N/A,N/A,N/A,N/A,N/A,N/A,N/A,N/A,N/A,N/A,N/A,N/A,N/A,N/A,N/A,N/A,N/A,N/A,N/A,N/A
142,N/A,N/A,N/A,N/A,N/A,N/A,N/A,N/A,N/A,N/A,N/A,N/A,N/A,N/A,N/A,N/A,N/A,N/A,N/A,N/A,N/A,N/A,N/A,N/A,N/A,N/A,N/A,N/A,N/A,N/A,N/A,N/A,N/A,N/A,N/A,N/A,N/A,N/A,N/A,N/A,N/A,N/A,N/A,N/A,N/A,N/A,N/A,N/A,N/A,N/A,N/A,N/A,N/A,N/A,N/A,N/A,N/A,N/A,N/A,N/A,N/A,N/A,N/A,N/A,N/A,N/A,N/A,N/A,N/A,N/A,N/A,N/A,N/A,N/A,N/A,N/A,N/A,N/A,N/A,N/A,N/A,N/A,N/A,N/A,N/A,N/A,N/A,N/A,N/A,N/A,N/A,N/A,N/A,N/A,N/A,N/A,N/A,N/A,N/A,N/A,N/A,N/A,N/A,N/A
143,N/A,N/A,N/A,N/A,N/A,N/A,N/A,N/A,N/A,N/A,N/A,N/A,N/A,N/A,N/A,N/A,N/A,N/A,N/A,N/A,N/A,N/A,N/A,N/A,N/A,N/A,N/A,N/A,N/A,N/A,N/A,N/A,N/A,N/A,N/A,N/A,N/A,N/A,N/A,N/A,N/A,N/A,N/A,N/A,N/A,N/A,N/A,N/A,N/A,N/A,N/A,N/A,N/A,N/A,N/A,N/A,N/A,N/A,N/A,N/A,N/A,N/A,N/A,N/A,N/A,N/A,N/A,N/A,N/A,N/A,N/A,N/A,N/A,N/A,N/A,N/A,N/A,N/A,N/A,N/A,N/A,N/A,N/A,N/A,N/A,N/A,N/A,N/A,N/A,N/A,N/A,N/A,N/A,N/A,N/A,N/A,N/A,N/A,N/A,N/A,N/A,N/A,N/A,N/A
144,N/A,N/A,N/A,N/A,N/A,N/A,N/A,N/A,N/A,N/A,N/A,N/A,N/A,N/A,N/A,N/A,N/A,N/A,N/A,N/A,N/A,N/A,N/A,N/A,N/A,N/A,N/A,N/A,N/A,N/A,N/A,N/A,N/A,N/A,N/A,N/A,N/A,N/A,N/A,N/A,N/A,N/A,N/A,N/A,N/A,N/A,N/A,N/A,N/A,N/A,N/A,N/A,N/A,N/A,N/A,N/A,N/A,N/A,N/A,N/A,N/A,N/A,N/A,N/A,N/A,N/A,N/A,N/A,N/A,N/A,N/A,N/A,N/A,N/A,N/A,N/A,N/A,N/A,N/A,N/A,N/A,N/A,N/A,N/A,N/A,N/A,N/A,N/A,N/A,N/A,N/A,N/A,N/A,N/A,N/A,N/A,N/A,N/A,N/A,N/A,N/A,N/A,N/A,N/A
145,0.8261296153068542,0.2516533136367798,0.019506096839904785,0.4431160092353821,0.20899255573749542,0.35009923577308655,0.4919152557849884,0.0,0.3791511356830597,0.08877990394830704,0.30379027128219604,0.28668493032455444,0.36400121450424194,0.3888888955116272,0.37278053164482117,0.2972114682197571,0.11984100937843323,0.26721885800361633,0.1270444542169571,0.0016343294410035014,0.05752400681376457,0.2990834712982178,0.2010107934474945,0.0023547455202788115,0.3461543023586273,0.33828943967819214,0.0,0.011579378508031368,0.24279049038887024,0.5598147511482239,0.7158470153808594,0.29926636815071106,0.6318070292472839,0.47403597831726074,0.12610045075416565,0.2612590491771698,0.26844000816345215,0.6375914216041565,0.1508367508649826,0.488206148147583,0.3208897113800049,0.5013118982315063,0.6444885730743408,0.02802339941263199,0.38258472084999084,0.27744022011756897,0.37137869000434875,0.12416090816259384,0.3305138051509857,0.19833175837993622,0.1674523949623108,0.17005547881126404,0.32230663299560547,0.2121042162179947,0.24325346946716309,0.4633167088031769,0.39878901839256287,0.2815726101398468,0.4728339910507202,0.7764007449150085,0.0,0.27569398283958435,0.020234564319252968,0.032156605273485184,0.5043569803237915,0.5266297459602356,0.5846526622772217,0.30183249711990356,0.18139013648033142,0.005255246069282293,0.4788418412208557,0.377860426902771,0.5155866742134094,0.6189992427825928,0.0,0.3649304509162903,0.20031023025512695,0.11206595599651337,0.2616899311542511,0.11492399126291275,0.43018847703933716,0.4018099009990692,0.5585965514183044,0.15711846947669983,0.6881211400032043,0.5867928862571716,0.0,0.8083257675170898,0.49189069867134094,0.43946388363838196,0.3867756724357605,0.34979236125946045,0.33191218972206116,0.28326115012168884,0.31543469429016113,0.7462360262870789,0.6197335720062256,0.0,0.15893249213695526,0.004347209818661213,0.0,0.22598996758460999,0.045127201825380325,0.02621452510356903
146,N/A,N/A,N/A,N/A,N/A,N/A,N/A,N/A,N/A,N/A,N/A,N/A,N/A,N/A,N/A,N/A,N/A,N/A,N/A,N/A,N/A,N/A,N/A,N/A,N/A,N/A,N/A,N/A,N/A,N/A,N/A,N/A,N/A,N/A,N/A,N/A,N/A,N/A,N/A,N/A,N/A,N/A,N/A,N/A,N/A,N/A,N/A,N/A,N/A,N/A,N/A,N/A,N/A,N/A,N/A,N/A,N/A,N/A,N/A,N/A,N/A,N/A,N/A,N/A,N/A,N/A,N/A,N/A,N/A,N/A,N/A,N/A,N/A,N/A,N/A,N/A,N/A,N/A,N/A,N/A,N/A,N/A,N/A,N/A,N/A,N/A,N/A,N/A,N/A,N/A,N/A,N/A,N/A,N/A,N/A,N/A,N/A,N/A,N/A,N/A,N/A,N/A,N/A,N/A
147,N/A,N/A,N/A,N/A,N/A,N/A,N/A,N/A,N/A,N/A,N/A,N/A,N/A,N/A,N/A,N/A,N/A,N/A,N/A,N/A,N/A,N/A,N/A,N/A,N/A,N/A,N/A,N/A,N/A,N/A,N/A,N/A,N/A,N/A,N/A,N/A,N/A,N/A,N/A,N/A,N/A,N/A,N/A,N/A,N/A,N/A,N/A,N/A,N/A,N/A,N/A,N/A,N/A,N/A,N/A,N/A,N/A,N/A,N/A,N/A,N/A,N/A,N/A,N/A,N/A,N/A,N/A,N/A,N/A,N/A,N/A,N/A,N/A,N/A,N/A,N/A,N/A,N/A,N/A,N/A,N/A,N/A,N/A,N/A,N/A,N/A,N/A,N/A,N/A,N/A,N/A,N/A,N/A,N/A,N/A,N/A,N/A,N/A,N/A,N/A,N/A,N/A,N/A,N/A
148,N/A,N/A,N/A,N/A,N/A,N/A,N/A,N/A,N/A,N/A,N/A,N/A,N/A,N/A,N/A,N/A,N/A,N/A,N/A,N/A,N/A,N/A,N/A,N/A,N/A,N/A,N/A,N/A,N/A,N/A,N/A,N/A,N/A,N/A,N/A,N/A,N/A,N/A,N/A,N/A,N/A,N/A,N/A,N/A,N/A,N/A,N/A,N/A,N/A,N/A,N/A,N/A,N/A,N/A,N/A,N/A,N/A,N/A,N/A,N/A,N/A,N/A,N/A,N/A,N/A,N/A,N/A,N/A,N/A,N/A,N/A,N/A,N/A,N/A,N/A,N/A,N/A,N/A,N/A,N/A,N/A,N/A,N/A,N/A,N/A,N/A,N/A,N/A,N/A,N/A,N/A,N/A,N/A,N/A,N/A,N/A,N/A,N/A,N/A,N/A,N/A,N/A,N/A,N/A
149,N/A,N/A,N/A,N/A,N/A,N/A,N/A,N/A,N/A,N/A,N/A,N/A,N/A,N/A,N/A,N/A,N/A,N/A,N/A,N/A,N/A,N/A,N/A,N/A,N/A,N/A,N/A,N/A,N/A,N/A,N/A,N/A,N/A,N/A,N/A,N/A,N/A,N/A,N/A,N/A,N/A,N/A,N/A,N/A,N/A,N/A,N/A,N/A,N/A,N/A,N/A,N/A,N/A,N/A,N/A,N/A,N/A,N/A,N/A,N/A,N/A,N/A,N/A,N/A,N/A,N/A,N/A,N/A,N/A,N/A,N/A,N/A,N/A,N/A,N/A,N/A,N/A,N/A,N/A,N/A,N/A,N/A,N/A,N/A,N/A,N/A,N/A,N/A,N/A,N/A,N/A,N/A,N/A,N/A,N/A,N/A,N/A,N/A,N/A,N/A,N/A,N/A,N/A,N/A
150,0.8284708857536316,0.2881411015987396,0.0200036708265543,0.4635472297668457,0.20646445453166962,0.3684055209159851,0.4989309310913086,0.0,0.3840852975845337,0.08175594359636307,0.295991450548172,0.2797568440437317,0.385010689496994,0.39694058895111084,0.38790014386177063,0.2936359643936157,0.14309711754322052,0.3013305962085724,0.13418111205101013,0.002007834380492568,0.072950579226017,0.3144274950027466,0.21275991201400757,0.00377661339007318,0.34301650524139404,0.3459809124469757,0.0,0.013574440032243729,0.23237530887126923,0.5490810871124268,0.7227675318717957,0.2893676459789276,0.6384819746017456,0.4744192659854889,0.13087502121925354,0.29262223839759827,0.26444530487060547,0.624247670173645,0.16736294329166412,0.5344536900520325,0.3419536352157593,0.5100495219230652,0.6231866478919983,0.031457215547561646,0.3917359709739685,0.2875133156776428,0.3770095705986023,0.13234753906726837,0.3243252635002136,0.22535260021686554,0.16114678978919983,0.17076484858989716,0.3286782205104828,0.23166365921497345,0.25120779871940613,0.45286762714385986,0.40678659081459045,0.3143966495990753,0.470012903213501,0.7728437781333923,0.0,0.2521187365055084,0.008722557686269283,0.030962154269218445,0.5057051181793213,0.516710638999939,0.5953739285469055,0.3005300760269165,0.1998223513364792,0.006622503977268934,0.47880056500434875,0.38914555311203003,0.49879297614097595,0.6181747317314148,0.0,0.42543840408325195,0.21340663731098175,0.11829265207052231,0.25997111201286316,0.1636071503162384,0.4181617796421051,0.39273348450660706,0.5588514804840088,0.15300217270851135,0.6911307573318481,0.585227370262146,0.0,0.8157318830490112,0.49583736062049866,0.42594245076179504,0.37272530794143677,0.2962198853492737,0.3098590075969696,0.2809079885482788,0.3290085196495056,0.7556262016296387,0.6118688583374023,0.0,0.1285594403743744,0.0001906264660647139,0.0,0.23192501068115234,0.06419149041175842,0.03154554218053818
151,N/A,N/A,N/A,N/A,N/A,N/A,N/A,N/A,N/A,N/A,N/A,N/A,N/A,N/A,N/A,N/A,N/A,N/A,N/A,N/A,N/A,N/A,N/A,N/A,N/A,N/A,N/A,N/A,N/A,N/A,N/A,N/A,N/A,N/A,N/A,N/A,N/A,N/A,N/A,N/A,N/A,N/A,N/A,N/A,N/A,N/A,N/A,N/A,N/A,N/A,N/A,N/A,N/A,N/A,N/A,N/A,N/A,N/A,N/A,N/A,N/A,N/A,N/A,N/A,N/A,N/A,N/A,N/A,N/A,N/A,N/A,N/A,N/A,N/A,N/A,N/A,N/A,N/A,N/A,N/A,N/A,N/A,N/A,N/A,N/A,N/A,N/A,N/A,N/A,N/A,N/A,N/A,N/A,N/A,N/A,N/A,N/A,N/A,N/A,N/A,N/A,N/A,N/A,N/A
152,N/A,N/A,N/A,N/A,N/A,N/A,N/A,N/A,N/A,N/A,N/A,N/A,N/A,N/A,N/A,N/A,N/A,N/A,N/A,N/A,N/A,N/A,N/A,N/A,N/A,N/A,N/A,N/A,N/A,N/A,N/A,N/A,N/A,N/A,N/A,N/A,N/A,N/A,N/A,N/A,N/A,N/A,N/A,N/A,N/A,N/A,N/A,N/A,N/A,N/A,N/A,N/A,N/A,N/A,N/A,N/A,N/A,N/A,N/A,N/A,N/A,N/A,N/A,N/A,N/A,N/A,N/A,N/A,N/A,N/A,N/A,N/A,N/A,N/A,N/A,N/A,N/A,N/A,N/A,N/A,N/A,N/A,N/A,N/A,N/A,N/A,N/A,N/A,N/A,N/A,N/A,N/A,N/A,N/A,N/A,N/A,N/A,N/A,N/A,N/A,N/A,N/A,N/A,N/A
153,N/A,N/A,N/A,N/A,N/A,N/A,N/A,N/A,N/A,N/A,N/A,N/A,N/A,N/A,N/A,N/A,N/A,N/A,N/A,N/A,N/A,N/A,N/A,N/A,N/A,N/A,N/A,N/A,N/A,N/A,N/A,N/A,N/A,N/A,N/A,N/A,N/A,N/A,N/A,N/A,N/A,N/A,N/A,N/A,N/A,N/A,N/A,N/A,N/A,N/A,N/A,N/A,N/A,N/A,N/A,N/A,N/A,N/A,N/A,N/A,N/A,N/A,N/A,N/A,N/A,N/A,N/A,N/A,N/A,N/A,N/A,N/A,N/A,N/A,N/A,N/A,N/A,N/A,N/A,N/A,N/A,N/A,N/A,N/A,N/A,N/A,N/A,N/A,N/A,N/A,N/A,N/A,N/A,N/A,N/A,N/A,N/A,N/A,N/A,N/A,N/A,N/A,N/A,N/A
154,N/A,N/A,N/A,N/A,N/A,N/A,N/A,N/A,N/A,N/A,N/A,N/A,N/A,N/A,N/A,N/A,N/A,N/A,N/A,N/A,N/A,N/A,N/A,N/A,N/A,N/A,N/A,N/A,N/A,N/A,N/A,N/A,N/A,N/A,N/A,N/A,N/A,N/A,N/A,N/A,N/A,N/A,N/A,N/A,N/A,N/A,N/A,N/A,N/A,N/A,N/A,N/A,N/A,N/A,N/A,N/A,N/A,N/A,N/A,N/A,N/A,N/A,N/A,N/A,N/A,N/A,N/A,N/A,N/A,N/A,N/A,N/A,N/A,N/A,N/A,N/A,N/A,N/A,N/A,N/A,N/A,N/A,N/A,N/A,N/A,N/A,N/A,N/A,N/A,N/A,N/A,N/A,N/A,N/A,N/A,N/A,N/A,N/A,N/A,N/A,N/A,N/A,N/A,N/A
155,0.8270845413208008,0.23309946060180664,0.05340667814016342,0.43716949224472046,0.2094043493270874,0.35821333527565,0.5090644359588623,0.0,0.38662996888160706,0.08573681116104126,0.28727176785469055,0.27246615290641785,0.39085114002227783,0.3987383544445038,0.3837295472621918,0.2946087419986725,0.11380895972251892,0.28991302847862244,0.12440825253725052,0.0038373812567442656,0.06210009381175041,0.30468329787254333,0.2074408084154129,0.000571486889384687,0.3348982334136963,0.35006141662597656,0.0,0.0158536434173584,0.24956025183200836,0.5802246928215027,0.7342529892921448,0.29529720544815063,0.6503365635871887,0.47175663709640503,0.1336509883403778,0.2592906355857849,0.2745097577571869,0.6180139183998108,0.10931617766618729,0.5100990533828735,0.3342839479446411,0.5317737460136414,0.5749157071113586,0.035358916968107224,0.3874080181121826,0.28180038928985596,0.3735804855823517,0.13518989086151123,0.3151654601097107,0.20719768106937408,0.16052617132663727,0.15585163235664368,0.3133165240287781,0.22687582671642303,0.252702534198761,0.4413435757160187,0.3877469301223755,0.3007907271385193,0.47507980465888977,0.7783399820327759,0.0,0.2533456087112427,0.021958153694868088,0.017160890623927116,0.5133047699928284,0.5201205015182495,0.5910001397132874,0.3067260980606079,0.18088886141777039,0.01335877738893032,0.47373199462890625,0.37514039874076843,0.5227202773094177,0.6149995923042297,0.0,0.4090751111507416,0.1985386610031128,0.1010599210858345,0.21384328603744507,0.13503628969192505,0.4265601634979248,0.3715437352657318,0.5625518560409546,0.15367665886878967,0.7002949714660645,0.5767545700073242,0.0,0.8146909475326538,0.5142799019813538,0.4190434217453003,0.3914512097835541,0.32253241539001465,0.3517497479915619,0.2684146463871002,0.31943371891975403,0.7512615323066711,0.6179176568984985,0.0,0.1549016535282135,0.008703901432454586,0.0,0.23065388202667236,0.0227211844176054,0.03578526899218559
156,N/A,N/A,N/A,N/A,N/A,N/A,N/A,N/A,N/A,N/A,N/A,N/A,N/A,N/A,N/A,N/A,N/A,N/A,N/A,N/A,N/A,N/A,N/A,N/A,N/A,N/A,N/A,N/A,N/A,N/A,N/A,N/A,N/A,N/A,N/A,N/A,N/A,N/A,N/A,N/A,N/A,N/A,N/A,N/A,N/A,N/A,N/A,N/A,N/A,N/A,N/A,N/A,N/A,N/A,N/A,N/A,N/A,N/A,N/A,N/A,N/A,N/A,N/A,N/A,N/A,N/A,N/A,N/A,N/A,N/A,N/A,N/A,N/A,N/A,N/A,N/A,N/A,N/A,N/A,N/A,N/A,N/A,N/A,N/A,N/A,N/A,N/A,N/A,N/A,N/A,N/A,N/A,N/A,N/A,N/A,N/A,N/A,N/A,N/A,N/A,N/A,N/A,N/A,N/A
157,N/A,N/A,N/A,N/A,N/A,N/A,N/A,N/A,N/A,N/A,N/A,N/A,N/A,N/A,N/A,N/A,N/A,N/A,N/A,N/A,N/A,N/A,N/A,N/A,N/A,N/A,N/A,N/A,N/A,N/A,N/A,N/A,N/A,N/A,N/A,N/A,N/A,N/A,N/A,N/A,N/A,N/A,N/A,N/A,N/A,N/A,N/A,N/A,N/A,N/A,N/A,N/A,N/A,N/A,N/A,N/A,N/A,N/A,N/A,N/A,N/A,N/A,N/A,N/A,N/A,N/A,N/A,N/A,N/A,N/A,N/A,N/A,N/A,N/A,N/A,N/A,N/A,N/A,N/A,N/A,N/A,N/A,N/A,N/A,N/A,N/A,N/A,N/A,N/A,N/A,N/A,N/A,N/A,N/A,N/A,N/A,N/A,N/A,N/A,N/A,N/A,N/A,N/A,N/A
158,N/A,N/A,N/A,N/A,N/A,N/A,N/A,N/A,N/A,N/A,N/A,N/A,N/A,N/A,N/A,N/A,N/A,N/A,N/A,N/A,N/A,N/A,N/A,N/A,N/A,N/A,N/A,N/A,N/A,N/A,N/A,N/A,N/A,N/A,N/A,N/A,N/A,N/A,N/A,N/A,N/A,N/A,N/A,N/A,N/A,N/A,N/A,N/A,N/A,N/A,N/A,N/A,N/A,N/A,N/A,N/A,N/A,N/A,N/A,N/A,N/A,N/A,N/A,N/A,N/A,N/A,N/A,N/A,N/A,N/A,N/A,N/A,N/A,N/A,N/A,N/A,N/A,N/A,N/A,N/A,N/A,N/A,N/A,N/A,N/A,N/A,N/A,N/A,N/A,N/A,N/A,N/A,N/A,N/A,N/A,N/A,N/A,N/A,N/A,N/A,N/A,N/A,N/A,N/A
159,N/A,N/A,N/A,N/A,N/A,N/A,N/A,N/A,N/A,N/A,N/A,N/A,N/A,N/A,N/A,N/A,N/A,N/A,N/A,N/A,N/A,N/A,N/A,N/A,N/A,N/A,N/A,N/A,N/A,N/A,N/A,N/A,N/A,N/A,N/A,N/A,N/A,N/A,N/A,N/A,N/A,N/A,N/A,N/A,N/A,N/A,N/A,N/A,N/A,N/A,N/A,N/A,N/A,N/A,N/A,N/A,N/A,N/A,N/A,N/A,N/A,N/A,N/A,N/A,N/A,N/A,N/A,N/A,N/A,N/A,N/A,N/A,N/A,N/A,N/A,N/A,N/A,N/A,N/A,N/A,N/A,N/A,N/A,N/A,N/A,N/A,N/A,N/A,N/A,N/A,N/A,N/A,N/A,N/A,N/A,N/A,N/A,N/A,N/A,N/A,N/A,N/A,N/A,N/A
160,0.8296635150909424,0.273788183927536,0.03505938500165939,0.4561949074268341,0.22186681628227234,0.35288500785827637,0.5220917463302612,0.0,0.388319194316864,0.08514168113470078,0.2946142554283142,0.27808305621147156,0.38755255937576294,0.394265741109848,0.3905922472476959,0.28819864988327026,0.1292603462934494,0.2813866138458252,0.1303195357322693,0.008030476979911327,0.08447939157485962,0.3194752633571625,0.20174816250801086,0.0016054692678153515,0.3579348921775818,0.34918609261512756,0.0,0.005016305949538946,0.2569178342819214,0.5538859963417053,0.7191454768180847,0.28401991724967957,0.6431463360786438,0.45935550332069397,0.15182411670684814,0.2834666669368744,0.26671695709228516,0.6291256546974182,0.10674793273210526,0.5143204927444458,0.3373350203037262,0.49996471405029297,0.583501935005188,0.030171670019626617,0.38569703698158264,0.2820342481136322,0.37418562173843384,0.12971192598342896,0.3178965747356415,0.21740250289440155,0.14793607592582703,0.17190605401992798,0.3270811140537262,0.22619643807411194,0.25141456723213196,0.4549175798892975,0.38809141516685486,0.3097492754459381,0.4703197479248047,0.773341715335846,0.0,0.24898356199264526,0.023712871596217155,0.024627404287457466,0.5064696669578552,0.5191826224327087,0.5947369933128357,0.3030351996421814,0.1859620213508606,0.008713845163583755,0.4796460270881653,0.379454642534256,0.509235680103302,0.6204320788383484,0.0,0.398028701543808,0.20609058439731598,0.11215198040008545,0.22337383031845093,0.15924732387065887,0.4333362877368927,0.3723357319831848,0.5676242709159851,0.16139690577983856,0.6996980309486389,0.5903887152671814,0.0,0.8126216530799866,0.5196126699447632,0.4336656630039215,0.3913293182849884,0.3554515838623047,0.342157244682312,0.26513049006462097,0.32393157482147217,0.7485100030899048,0.6221071481704712,0.0,0.13084426522254944,0.0008960023988038301,0.0,0.23523831367492676,0.011276944540441036,0.03776436671614647
161,N/A,N/A,N/A,N/A,N/A,N/A,N/A,N/A,N/A,N/A,N/A,N/A,N/A,N/A,N/A,N/A,N/A,N/A,N/A,N/A,N/A,N/A,N/A,N/A,N/A,N/A,N/A,N/A,N/A,N/A,N/A,N/A,N/A,N/A,N/A,N/A,N/A,N/A,N/A,N/A,N/A,N/A,N/A,N/A,N/A,N/A,N/A,N/A,N/A,N/A,N/A,N/A,N/A,N/A,N/A,N/A,N/A,N/A,N/A,N/A,N/A,N/A,N/A,N/A,N/A,N/A,N/A,N/A,N/A,N/A,N/A,N/A,N/A,N/A,N/A,N/A,N/A,N/A,N/A,N/A,N/A,N/A,N/A,N/A,N/A,N/A,N/A,N/A,N/A,N/A,N/A,N/A,N/A,N/A,N/A,N/A,N/A,N/A,N/A,N/A,N/A,N/A,N/A,N/A
162,N/A,N/A,N/A,N/A,N/A,N/A,N/A,N/A,N/A,N/A,N/A,N/A,N/A,N/A,N/A,N/A,N/A,N/A,N/A,N/A,N/A,N/A,N/A,N/A,N/A,N/A,N/A,N/A,N/A,N/A,N/A,N/A,N/A,N/A,N/A,N/A,N/A,N/A,N/A,N/A,N/A,N/A,N/A,N/A,N/A,N/A,N/A,N/A,N/A,N/A,N/A,N/A,N/A,N/A,N/A,N/A,N/A,N/A,N/A,N/A,N/A,N/A,N/A,N/A,N/A,N/A,N/A,N/A,N/A,N/A,N/A,N/A,N/A,N/A,N/A,N/A,N/A,N/A,N/A,N/A,N/A,N/A,N/A,N/A,N/A,N/A,N/A,N/A,N/A,N/A,N/A,N/A,N/A,N/A,N/A,N/A,N/A,N/A,N/A,N/A,N/A,N/A,N/A,N/A
163,N/A,N/A,N/A,N/A,N/A,N/A,N/A,N/A,N/A,N/A,N/A,N/A,N/A,N/A,N/A,N/A,N/A,N/A,N/A,N/A,N/A,N/A,N/A,N/A,N/A,N/A,N/A,N/A,N/A,N/A,N/A,N/A,N/A,N/A,N/A,N/A,N/A,N/A,N/A,N/A,N/A,N/A,N/A,N/A,N/A,N/A,N/A,N/A,N/A,N/A,N/A,N/A,N/A,N/A,N/A,N/A,N/A,N/A,N/A,N/A,N/A,N/A,N/A,N/A,N/A,N/A,N/A,N/A,N/A,N/A,N/A,N/A,N/A,N/A,N/A,N/A,N/A,N/A,N/A,N/A,N/A,N/A,N/A,N/A,N/A,N/A,N/A,N/A,N/A,N/A,N/A,N/A,N/A,N/A,N/A,N/A,N/A,N/A,N/A,N/A,N/A,N/A,N/A,N/A
164,N/A,N/A,N/A,N/A,N/A,N/A,N/A,N/A,N/A,N/A,N/A,N/A,N/A,N/A,N/A,N/A,N/A,N/A,N/A,N/A,N/A,N/A,N/A,N/A,N/A,N/A,N/A,N/A,N/A,N/A,N/A,N/A,N/A,N/A,N/A,N/A,N/A,N/A,N/A,N/A,N/A,N/A,N/A,N/A,N/A,N/A,N/A,N/A,N/A,N/A,N/A,N/A,N/A,N/A,N/A,N/A,N/A,N/A,N/A,N/A,N/A,N/A,N/A,N/A,N/A,N/A,N/A,N/A,N/A,N/A,N/A,N/A,N/A,N/A,N/A,N/A,N/A,N/A,N/A,N/A,N/A,N/A,N/A,N/A,N/A,N/A,N/A,N/A,N/A,N/A,N/A,N/A,N/A,N/A,N/A,N/A,N/A,N/A,N/A,N/A,N/A,N/A,N/A,N/A
165,0.8291611075401306,0.2668900787830353,0.05293624848127365,0.4366150498390198,0.22083218395709991,0.3614247143268585,0.4515792727470398,0.0,0.3879562020301819,0.07077013701200485,0.30463874340057373,0.29517778754234314,0.37774837017059326,0.4029883146286011,0.3930775821208954,0.30854371190071106,0.11784941703081131,0.28414902091026306,0.12609635293483734,0.006452441215515137,0.08264503628015518,0.29633939266204834,0.19033049046993256,0.00043423418537713587,0.35976704955101013,0.34116142988204956,0.0,0.013328352011740208,0.24316662549972534,0.5758794546127319,0.7194713950157166,0.2859247028827667,0.6318820714950562,0.4650958478450775,0.1403850018978119,0.27910593152046204,0.2686570882797241,0.6304984092712402,0.15775693953037262,0.5133073329925537,0.3420622944831848,0.5247973799705505,0.6102192997932434,0.031243592500686646,0.39258021116256714,0.2943841814994812,0.36991575360298157,0.13038116693496704,0.3345072269439697,0.2076473981142044,0.16109012067317963,0.17975743114948273,0.317126989364624,0.24208217859268188,0.24952661991119385,0.41863954067230225,0.388960063457489,0.3039291799068451,0.47718310356140137,0.7802670001983643,0.0,0.250846803188324,0.022444365546107292,0.022237000986933708,0.49753835797309875,0.5285479426383972,0.5827051997184753,0.3074394166469574,0.18190798163414001,0.004839105065912008,0.4853423833847046,0.3847566843032837,0.5457292199134827,0.6209931969642639,0.0,0.3935846984386444,0.20909743010997772,0.08249246329069138,0.26077553629875183,0.13421714305877686,0.42986923456192017,0.3799525201320648,0.5714457631111145,0.15512821078300476,0.6987183094024658,0.5822922587394714,0.0,0.8151755332946777,0.5218659043312073,0.42891132831573486,0.3793085217475891,0.3607023358345032,0.3439704179763794,0.27071183919906616,0.3265000581741333,0.7515348196029663,0.620904803276062,0.0,0.13580434024333954,0.0,0.0,0.23477724194526672,0.03018851764500141,0.031377460807561874
166,N/A,N/A,N/A,N/A,N/A,N/A,N/A,N/A,N/A,N/A,N/A,N/A,N/A,N/A,N/A,N/A,N/A,N/A,N/A,N/A,N/A,N/A,N/A,N/A,N/A,N/A,N/A,N/A,N/A,N/A,N/A,N/A,N/A,N/A,N/A,N/A,N/A,N/A,N/A,N/A,N/A,N/A,N/A,N/A,N/A,N/A,N/A,N/A,N/A,N/A,N/A,N/A,N/A,N/A,N/A,N/A,N/A,N/A,N/A,N/A,N/A,N/A,N/A,N/A,N/A,N/A,N/A,N/A,N/A,N/A,N/A,N/A,N/A,N/A,N/A,N/A,N/A,N/A,N/A,N/A,N/A,N/A,N/A,N/A,N/A,N/A,N/A,N/A,N/A,N/A,N/A,N/A,N/A,N/A,N/A,N/A,N/A,N/A,N/A,N/A,N/A,N/A,N/A,N/A
167,N/A,N/A,N/A,N/A,N/A,N/A,N/A,N/A,N/A,N/A,N/A,N/A,N/A,N/A,N/A,N/A,N/A,N/A,N/A,N/A,N/A,N/A,N/A,N/A,N/A,N/A,N/A,N/A,N/A,N/A,N/A,N/A,N/A,N/A,N/A,N/A,N/A,N/A,N/A,N/A,N/A,N/A,N/A,N/A,N/A,N/A,N/A,N/A,N/A,N/A,N/A,N/A,N/A,N/A,N/A,N/A,N/A,N/A,N/A,N/A,N/A,N/A,N/A,N/A,N/A,N/A,N/A,N/A,N/A,N/A,N/A,N/A,N/A,N/A,N/A,N/A,N/A,N/A,N/A,N/A,N/A,N/A,N/A,N/A,N/A,N/A,N/A,N/A,N/A,N/A,N/A,N/A,N/A,N/A,N/A,N/A,N/A,N/A,N/A,N/A,N/A,N/A,N/A,N/A
168,N/A,N/A,N/A,N/A,N/A,N/A,N/A,N/A,N/A,N/A,N/A,N/A,N/A,N/A,N/A,N/A,N/A,N/A,N/A,N/A,N/A,N/A,N/A,N/A,N/A,N/A,N/A,N/A,N/A,N/A,N/A,N/A,N/A,N/A,N/A,N/A,N/A,N/A,N/A,N/A,N/A,N/A,N/A,N/A,N/A,N/A,N/A,N/A,N/A,N/A,N/A,N/A,N/A,N/A,N/A,N/A,N/A,N/A,N/A,N/A,N/A,N/A,N/A,N/A,N/A,N/A,N/A,N/A,N/A,N/A,N/A,N/A,N/A,N/A,N/A,N/A,N/A,N/A,N/A,N/A,N/A,N/A,N/A,N/A,N/A,N/A,N/A,N/A,N/A,N/A,N/A,N/A,N/A,N/A,N/A,N/A,N/A,N/A,N/A,N/A,N/A,N/A,N/A,N/A
169,N/A,N/A,N/A,N/A,N/A,N/A,N/A,N/A,N/A,N/A,N/A,N/A,N/A,N/A,N/A,N/A,N/A,N/A,N/A,N/A,N/A,N/A,N/A,N/A,N/A,N/A,N/A,N/A,N/A,N/A,N/A,N/A,N/A,N/A,N/A,N/A,N/A,N/A,N/A,N/A,N/A,N/A,N/A,N/A,N/A,N/A,N/A,N/A,N/A,N/A,N/A,N/A,N/A,N/A,N/A,N/A,N/A,N/A,N/A,N/A,N/A,N/A,N/A,N/A,N/A,N/A,N/A,N/A,N/A,N/A,N/A,N/A,N/A,N/A,N/A,N/A,N/A,N/A,N/A,N/A,N/A,N/A,N/A,N/A,N/A,N/A,N/A,N/A,N/A,N/A,N/A,N/A,N/A,N/A,N/A,N/A,N/A,N/A,N/A,N/A,N/A,N/A,N/A,N/A
170,0.8668989539146423,0.2864036560058594,0.021155845373868942,0.46898865699768066,0.2401711791753769,0.3817387819290161,0.5178183317184448,0.0,0.41128912568092346,0.08633001893758774,0.2811726927757263,0.3040282726287842,0.4060508906841278,0.4191646873950958,0.4071977436542511,0.3310166597366333,0.14475032687187195,0.28116944432258606,0.12591055035591125,0.006017414852976799,0.05552280694246292,0.3046075105667114,0.20070968568325043,0.010000200010836124,0.3464594781398773,0.3631739616394043,0.0,0.007324775215238333,0.24906916916370392,0.591140866279602,0.7417783737182617,0.2947496175765991,0.6410080194473267,0.4693353772163391,0.16123296320438385,0.30993619561195374,0.2835773527622223,0.6491345167160034,0.16843408346176147,0.5385135412216187,0.35852286219596863,0.5465016961097717,0.6187861561775208,0.03300512582063675,0.39718157052993774,0.2954789698123932,0.37235596776008606,0.1400417685508728,0.33172479271888733,0.21109411120414734,0.1701965630054474,0.17373168468475342,0.3296401798725128,0.23729442059993744,0.2553107738494873,0.46559593081474304,0.4172828793525696,0.31591513752937317,0.4845588803291321,0.7983517646789551,0.0,0.2597511112689972,0.021987078711390495,0.014502165839076042,0.5006632804870605,0.5319008231163025,0.6019901037216187,0.31043511629104614,0.17821554839611053,0.006234392989426851,0.48651424050331116,0.3429895043373108,0.5448101162910461,0.6383410692214966,0.0,0.4268016517162323,0.20506815612316132,0.10624829679727554,0.23854407668113708,0.16337038576602936,0.434792697429657,0.3793218433856964,0.5802658200263977,0.1561742126941681,0.7214416861534119,0.5963404774665833,0.0,0.8305248618125916,0.5211381316184998,0.43561404943466187,0.39992350339889526,0.332461416721344,0.3481869101524353,0.27564120292663574,0.3445971608161926,0.7649252414703369,0.6383373737335205,0.0,0.13618822395801544,0.0,0.0,0.2294960767030716,0.039827290922403336,0.03398466855287552
171,0.8742628693580627,0.2813347280025482,0.01461236272007227,0.46817532181739807,0.24945975840091705,0.3811832070350647,0.4992205500602722,0.0,0.41301342844963074,0.09249033033847809,0.2872796952724457,0.2838863134384155,0.4183882772922516,0.4255845248699188,0.4073750972747803,0.32885363698005676,0.12993216514587402,0.2896434962749481,0.12319587171077728,0.0114870835095644,0.08818976581096649,0.29447004199028015,0.19896289706230164,0.003267314750701189,0.3573787212371826,0.35959580540657043,0.0,0.01225176453590393,0.24517741799354553,0.6163017749786377,0.7401916980743408,0.31360524892807007,0.6449256539344788,0.48202672600746155,0.1540147066116333,0.32427239418029785,0.2916623055934906,0.6514260172843933,0.13911236822605133,0.533764123916626,0.34712573885917664,0.5636724233627319,0.6199065446853638,0.03446187824010849,0.40587711334228516,0.3064384162425995,0.3799874782562256,0.13310326635837555,0.34416505694389343,0.2174444943666458,0.165700763463974,0.16851475834846497,0.3219134211540222,0.23488257825374603,0.25238028168678284,0.5025653839111328,0.4239500164985657,0.31279098987579346,0.49158498644828796,0.796146035194397,0.0,0.27158015966415405,0.026068901643157005,0.02017115242779255,0.5051040053367615,0.531896710395813,0.5952982306480408,0.311799556016922,0.19453288614749908,0.0022343003656715155,0.4891952574253082,0.3764496147632599,0.5547336935997009,0.6374391317367554,0.0,0.400100439786911,0.20752480626106262,0.1108570396900177,0.23850643634796143,0.16160912811756134,0.44400298595428467,0.3934120833873749,0.5903060436248779,0.14686201512813568,0.7229464054107666,0.5970097184181213,0.0,0.8317497968673706,0.5580535531044006,0.4428175091743469,0.3987385332584381,0.34679993987083435,0.34267014265060425,0.285805881023407,0.3374457359313965,0.7616001963615417,0.6416617035865784,0.0,0.13688279688358307,0.0,0.0,0.2458152174949646,0.04013514518737793,0.03485040366649628
172,0.8761965036392212,0.2874368131160736,0.018399881199002266,0.4821023941040039,0.25369954109191895,0.3840164840221405,0.43231281638145447,0.0,0.41696083545684814,0.08633963763713837,0.2900131046772003,0.30545857548713684,0.41177281737327576,0.41504812240600586,0.39155086874961853,0.3186253607273102,0.1188589558005333,0.2777089476585388,0.12922894954681396,0.005806117784231901,0.08050718158483505,0.30878230929374695,0.1936338245868683,0.011239423416554928,0.36570701003074646,0.35319724678993225,0.0,0.004102515988051891,0.2396629899740219,0.6263781785964966,0.74180668592453,0.3053293526172638,0.6238575577735901,0.4683363437652588,0.17636454105377197,0.307162344455719,0.27850696444511414,0.6541788578033447,0.19691190123558044,0.4845276176929474,0.3706548511981964,0.5629755258560181,0.6178707480430603,0.03841531649231911,0.4036198854446411,0.29662036895751953,0.3755258321762085,0.1368027627468109,0.34162023663520813,0.20000141859054565,0.16445769369602203,0.17391268908977509,0.33406612277030945,0.24791917204856873,0.2563497722148895,0.46896257996559143,0.4172792136669159,0.3259127140045166,0.48819366097450256,0.8001529574394226,0.0,0.27560243010520935,0.022501468658447266,0.0219744686037302,0.5090896487236023,0.5340896248817444,0.607940673828125,0.31603893637657166,0.18862265348434448,0.006494983099400997,0.4896049499511719,0.33321714401245117,0.5330555438995361,0.6458799839019775,0.0,0.3438810110092163,0.19671937823295593,0.10682624578475952,0.22321026027202606,0.1158319041132927,0.4420870244503021,0.3809688687324524,0.5838172435760498,0.15768182277679443,0.7319086790084839,0.5901327133178711,0.0,0.8325598835945129,0.5628101229667664,0.4389190971851349,0.39361444115638733,0.3376392722129822,0.34350866079330444,0.27904871106147766,0.34826362133026123,0.7627372145652771,0.6357750296592712,0.0,0.15831227600574493,0.0,0.0,0.23211310803890228,0.02768377773463726,0.0319400392472744
173,0.8778847455978394,0.28932374715805054,0.011429655365645885,0.4661630392074585,0.24905051290988922,0.3835654854774475,0.46746185421943665,0.0,0.42014530301094055,0.08872030675411224,0.30205637216567993,0.2914229929447174,0.42087703943252563,0.415668249130249,0.4096177816390991,0.3484761118888855,0.11665394902229309,0.29444947838783264,0.1264324188232422,0.005465752445161343,0.06661461293697357,0.3144383430480957,0.19257235527038574,0.0014167699264362454,0.35474637150764465,0.3621479570865631,0.0,0.0069656274281442165,0.2550360858440399,0.6232818365097046,0.7421601414680481,0.2997581362724304,0.6591544151306152,0.4834659695625305,0.15954595804214478,0.3200630247592926,0.29417726397514343,0.6535687446594238,0.15460249781608582,0.5386059880256653,0.3401143550872803,0.565960168838501,0.628093421459198,0.036115601658821106,0.4092732071876526,0.3120633661746979,0.3677729070186615,0.14184993505477905,0.34842997789382935,0.21350766718387604,0.16861461102962494,0.17382140457630157,0.3286026418209076,0.2366759330034256,0.25570249557495117,0.4751211106777191,0.4192383289337158,0.31509342789649963,0.4925509989261627,0.8021342158317566,0.0,0.27512499690055847,0.026384849101305008,0.02278832159936428,0.5125523209571838,0.5332565307617188,0.6001165509223938,0.3133232891559601,0.17995396256446838,0.0034159293863922358,0.4967069923877716,0.33905625343322754,0.5458619594573975,0.6438890099525452,0.0,0.3855942487716675,0.19897952675819397,0.11598089337348938,0.23132699728012085,0.1397269368171692,0.44105109572410583,0.3828682601451874,0.5938068628311157,0.1652938723564148,0.7286170721054077,0.5960513353347778,0.0,0.8339531421661377,0.5155315399169922,0.4420311748981476,0.38830628991127014,0.3473479151725769,0.3459572196006775,0.28680166602134705,0.34241265058517456,0.7683104276657104,0.6360506415367126,0.0,0.14775878190994263,7.053714216453955e-05,0.0,0.24337293207645416,0.03278486430644989,0.03301679715514183
174,0.876776397228241,0.2862459421157837,0.02591726928949356,0.4756275713443756,0.2505570948123932,0.39169013500213623,0.49663475155830383,0.0,0.42321211099624634,0.08764280378818512,0.29890206456184387,0.3020012676715851,0.42112118005752563,0.41566428542137146,0.4097193479537964,0.34244006872177124,0.13718919456005096,0.2929641902446747,0.12681598961353302,0.006265724543482065,0.07351556420326233,0.30597442388534546,0.19742178916931152,0.00425261165946722,0.3698572516441345,0.3478887975215912,0.0,0.006128884851932526,0.22939009964466095,0.6143643856048584,0.7463435530662537,0.3021717965602875,0.6638467907905579,0.48300230503082275,0.17808154225349426,0.30297648906707764,0.289071649312973,0.6524368524551392,0.1587628275156021,0.5178905725479126,0.3370227515697479,0.5450291633605957,0.5937950611114502,0.03510284796357155,0.412354052066803,0.30599427223205566,0.3778015375137329,0.14385318756103516,0.3447490930557251,0.20112350583076477,0.1675581932067871,0.1764129400253296,0.3313990533351898,0.2314273864030838,0.24974820017814636,0.4849102199077606,0.41969549655914307,0.32587960362434387,0.4901001751422882,0.7995954155921936,0.0,0.2736873924732208,0.02726559340953827,0.020316140726208687,0.5075193047523499,0.5402630567550659,0.6010161638259888,0.3137742280960083,0.16754163801670074,0.005894812289625406,0.4928831160068512,0.3426091969013214,0.5599425435066223,0.6457852125167847,0.0,0.3220382630825043,0.2036496102809906,0.10756301879882812,0.22536693513393402,0.12165983021259308,0.43873661756515503,0.35491254925727844,0.5849201679229736,0.16851738095283508,0.7312700152397156,0.600373387336731,0.0,0.8360103964805603,0.5611089468002319,0.43991559743881226,0.3962095379829407,0.33430376648902893,0.3381335437297821,0.28461816906929016,0.3371957540512085,0.7695746421813965,0.6427515149116516,0.0,0.14721274375915527,0.0,0.0,0.24418222904205322,0.019988691434264183,0.03442644700407982
175,0.8797454237937927,0.30205556750297546,0.014512298628687859,0.4884320795536041,0.24052593111991882,0.3781024217605591,0.4375520944595337,0.0,0.41280555725097656,0.08807700127363205,0.31461435556411743,0.29145547747612,0.41440629959106445,0.42431315779685974,0.3973606824874878,0.33743101358413696,0.13961611688137054,0.28979194164276123,0.129128098487854,0.007167223375290632,0.09187009185552597,0.3125651776790619,0.18673452734947205,0.001312800101004541,0.35453858971595764,0.3633975088596344,0.0,0.012846051715314388,0.25262466073036194,0.620979368686676,0.7427196502685547,0.29424750804901123,0.6192690134048462,0.4733971655368805,0.15421414375305176,0.3446614742279053,0.27937883138656616,0.6543561220169067,0.14069849252700806,0.5396418571472168,0.36380812525749207,0.5526010990142822,0.6019442677497864,0.03429073095321655,0.4035271406173706,0.2933637499809265,0.3775537312030792,0.13776995241641998,0.3430030047893524,0.1993292272090912,0.1659005880355835,0.16684837639331818,0.3293384909629822,0.2354695349931717,0.2438139170408249,0.48495498299598694,0.4317649006843567,0.32559990882873535,0.49224746227264404,0.8083579540252686,0.0,0.26779255270957947,0.02526651881635189,0.01956254616379738,0.4985515773296356,0.5391555428504944,0.6084756255149841,0.30902111530303955,0.2027900069952011,0.0016621043905615807,0.4965204894542694,0.348682165145874,0.5401426553726196,0.6425362825393677,0.0,0.40802204608917236,0.21389347314834595,0.13192428648471832,0.24423915147781372,0.16122210025787354,0.4414791166782379,0.425642192363739,0.5935012102127075,0.15901942551136017,0.7326256036758423,0.6062760949134827,0.0,0.8364437818527222,0.5720342397689819,0.4463135600090027,0.3862553834915161,0.3214262127876282,0.3362221121788025,0.2859900891780853,0.34522587060928345,0.7722854018211365,0.6366760730743408,0.0,0.14092107117176056,0.0,0.0,0.2273245006799698,0.030606329441070557,0.03580927103757858
176,0.8747174143791199,0.26728782057762146,0.023496052250266075,0.4749314486980438,0.24925921857357025,0.37153154611587524,0.501899778842926,0.0,0.41907286643981934,0.08474484831094742,0.3125773072242737,0.2938750684261322,0.4145720303058624,0.42348089814186096,0.4162044823169708,0.32724446058273315,0.13979732990264893,0.270965576171875,0.13227394223213196,0.010308144614100456,0.08084818720817566,0.3086898922920227,0.1998826414346695,0.006085454020649195,0.37011152505874634,0.36331889033317566,0.0,0.014565660618245602,0.2570798397064209,0.618705153465271,0.7447226643562317,0.30052587389945984,0.6655278205871582,0.47527068853378296,0.14435142278671265,0.2996445596218109,0.29227790236473083,0.6579946875572205,0.14115823805332184,0.5562303066253662,0.35911986231803894,0.5540369153022766,0.6036403775215149,0.036561984568834305,0.4119409918785095,0.3069339096546173,0.3790346384048462,0.14439420402050018,0.35113808512687683,0.21773597598075867,0.1664946973323822,0.17551752924919128,0.3307427167892456,0.24839207530021667,0.25283083319664,0.4691113829612732,0.41271957755088806,0.3223927617073059,0.4922626316547394,0.8063014149665833,0.0,0.26907896995544434,0.02402389794588089,0.02534996159374714,0.5115162134170532,0.5352129936218262,0.6100856065750122,0.3219209611415863,0.20751012861728668,0.005364394746720791,0.49664488434791565,0.3512864112854004,0.5703032612800598,0.6426382660865784,0.0,0.4059159755706787,0.2015380561351776,0.12990735471248627,0.2238122969865799,0.14641568064689636,0.4478328227996826,0.3959231376647949,0.594194769859314,0.1677294820547104,0.7333593368530273,0.5940022468566895,0.0,0.8378369212150574,0.518616259098053,0.4517960250377655,0.38712701201438904,0.3541272282600403,0.33859264850616455,0.28311270475387573,0.3311757743358612,0.7718413472175598,0.6279349327087402,0.0,0.1376902014017105,0.0,0.0,0.23721586167812347,0.0218620877712965,0.03041546232998371
177,0.8767334818840027,0.25987347960472107,0.026361554861068726,0.4558147192001343,0.2571687698364258,0.37881237268447876,0.5523831844329834,0.0,0.42090368270874023,0.08349379152059555,0.29401224851608276,0.2854911684989929,0.412246435880661,0.4203662574291229,0.4036959409713745,0.3145919144153595,0.1494811326265335,0.2927730679512024,0.13439972698688507,0.006962087005376816,0.08854306489229202,0.31682270765304565,0.20055486261844635,0.0007783012115396559,0.37147167325019836,0.37133777141571045,0.0,0.008318749256432056,0.24479487538337708,0.6314424276351929,0.7405253648757935,0.29729148745536804,0.6734998822212219,0.4768688678741455,0.14461864531040192,0.30982786417007446,0.2939312756061554,0.6614537835121155,0.15764236450195312,0.5787795782089233,0.3837129473686218,0.5478243827819824,0.6200701594352722,0.03487669304013252,0.4052383601665497,0.2869075536727905,0.3759557604789734,0.1330401450395584,0.33952248096466064,0.20164364576339722,0.16928841173648834,0.17016837000846863,0.33015498518943787,0.23729439079761505,0.2544894516468048,0.5206371545791626,0.43487349152565,0.32404792308807373,0.48952701687812805,0.8046228885650635,0.0,0.27297642827033997,0.026262396946549416,0.015516567975282669,0.5111176371574402,0.5430859923362732,0.6026489734649658,0.3185400366783142,0.19294534623622894,0.0021660809870809317,0.49421316385269165,0.39556893706321716,0.5752779245376587,0.6474401950836182,0.0,0.4302324652671814,0.21553358435630798,0.11566559970378876,0.23244766891002655,0.1632034182548523,0.43885937333106995,0.3990419805049896,0.5924537777900696,0.16449037194252014,0.7284644842147827,0.6000492572784424,0.0,0.8362560868263245,0.553723156452179,0.4481014311313629,0.4028235375881195,0.3390357792377472,0.3286302089691162,0.2875942587852478,0.3422190845012665,0.7643724083900452,0.6419556736946106,0.0,0.14903239905834198,0.014422792941331863,0.0,0.23233693838119507,0.013145467266440392,0.028942158445715904
178,0.8798826336860657,0.268094539642334,0.02095981128513813,0.48332926630973816,0.2563580274581909,0.3775363564491272,0.5821856260299683,0.0,0.42201703786849976,0.08564111590385437,0.3049286901950836,0.28693291544914246,0.4073393642902374,0.42313259840011597,0.4050956666469574,0.29982346296310425,0.15087877213954926,0.28363969922065735,0.13082842528820038,0.006236285902559757,0.09475252777338028,0.31626462936401367,0.20850743353366852,0.002139999531209469,0.37083563208580017,0.3662104606628418,0.0,0.008414850570261478,0.24803048372268677,0.6274785399436951,0.7365630865097046,0.3034922182559967,0.6746722459793091,0.4742160141468048,0.15037739276885986,0.33365747332572937,0.2839539349079132,0.6565322875976562,0.17074891924858093,0.5639852285385132,0.35687577724456787,0.551243782043457,0.5912889242172241,0.03520028665661812,0.4093600809574127,0.2938360273838043,0.3764110803604126,0.14358964562416077,0.3488672077655792,0.20622994005680084,0.16012609004974365,0.16647380590438843,0.338186651468277,0.2521986663341522,0.25677937269210815,0.5106813311576843,0.429208904504776,0.3264351487159729,0.4954427182674408,0.798393964767456,0.0,0.2642626166343689,0.027926646173000336,0.019771970808506012,0.5132924914360046,0.5422487854957581,0.6089289784431458,0.31884559988975525,0.20418177545070648,0.0030434688087552786,0.49490535259246826,0.37649115920066833,0.5791711807250977,0.6406124830245972,0.0,0.4233147203922272,0.2130115032196045,0.11552509665489197,0.25635993480682373,0.18889650702476501,0.4506891369819641,0.44213753938674927,0.59046870470047,0.15509402751922607,0.7285601496696472,0.6032887697219849,0.0,0.8421759605407715,0.5621418356895447,0.4603899419307709,0.39493414759635925,0.3560013771057129,0.33604907989501953,0.291702538728714,0.33906090259552,0.7625733017921448,0.6362345814704895,0.0,0.12441794574260712,0.0,0.0,0.23225845396518707,0.0020236889831721783,0.03218226879835129
179,0.8739905953407288,0.28738903999328613,0.020262181758880615,0.4883762300014496,0.2473936378955841,0.37417665123939514,0.548790454864502,0.0,0.4192943572998047,0.08019156008958817,0.3022347688674927,0.3027888238430023,0.41221317648887634,0.42544835805892944,0.40262630581855774,0.3069547414779663,0.13498258590698242,0.2798132598400116,0.13467000424861908,0.008096784353256226,0.09443668276071548,0.3215283453464508,0.2001492977142334,0.004988205619156361,0.38494908809661865,0.34941908717155457,0.0,0.01438205037266016,0.22563436627388,0.6142427325248718,0.7412704229354858,0.2989993095397949,0.6435457468032837,0.45701175928115845,0.16789235174655914,0.32604488730430603,0.2864290773868561,0.6470080614089966,0.19063492119312286,0.5385122895240784,0.34595438838005066,0.5496549606323242,0.5611608028411865,0.03230270743370056,0.40297409892082214,0.3084355890750885,0.375999391078949,0.14011426270008087,0.3438774645328522,0.21263974905014038,0.16614174842834473,0.17250998318195343,0.33343419432640076,0.24965205788612366,0.262480229139328,0.5109328031539917,0.42418134212493896,0.3210016191005707,0.49149444699287415,0.8057020902633667,0.0,0.25506311655044556,0.024260643869638443,0.025888193398714066,0.5034013390541077,0.5417410731315613,0.6151944994926453,0.31500130891799927,0.2033410370349884,0.006124955601990223,0.4971497654914856,0.3583565056324005,0.5681365132331848,0.6464319825172424,0.0,0.36333078145980835,0.2010505199432373,0.1077745333313942,0.2271929681301117,0.14991454780101776,0.4431155025959015,0.4089529514312744,0.5876334309577942,0.1670835018157959,0.7355078458786011,0.594214677810669,0.0,0.8304883241653442,0.5349870324134827,0.44815534353256226,0.3858015835285187,0.3524083197116852,0.3107868731021881,0.28833720088005066,0.3368985950946808,0.7587955594062805,0.6334735751152039,0.0,0.15610502660274506,0.0,0.0,0.23662763833999634,0.018163630738854408,0.03180846571922302
180,0.8806115984916687,0.29673272371292114,0.013196642510592937,0.49148812890052795,0.24590353667736053,0.3868066072463989,0.5401905179023743,0.0,0.42635980248451233,0.08368053287267685,0.3166036009788513,0.2898552417755127,0.4137556254863739,0.4291359484195709,0.3982439637184143,0.34176743030548096,0.14571188390254974,0.2967206537723541,0.1302475780248642,0.010759063996374607,0.06717374920845032,0.3155473470687866,0.20995844900608063,4.032122524222359e-05,0.3753548562526703,0.36028409004211426,0.0,0.015232939273118973,0.23995378613471985,0.6253554224967957,0.752531111240387,0.3043000102043152,0.6423125863075256,0.4792354106903076,0.16145819425582886,0.3279429078102112,0.3018781542778015,0.6471455097198486,0.18422633409500122,0.5562467575073242,0.359353631734848,0.5493513941764832,0.6037645936012268,0.03578484058380127,0.3943970501422882,0.30132752656936646,0.3806505501270294,0.13912783563137054,0.3491804301738739,0.21493111550807953,0.169361412525177,0.17593492567539215,0.33079418540000916,0.25557011365890503,0.25914451479911804,0.5011691451072693,0.43047940731048584,0.3236505389213562,0.49552860856056213,0.8091903924942017,0.0,0.27523255348205566,0.02347160317003727,0.02214796096086502,0.5018381476402283,0.5357115864753723,0.6140126585960388,0.32039502263069153,0.19964668154716492,0.0029185216408222914,0.49737024307250977,0.333951473236084,0.5882251858711243,0.6508741974830627,0.0,0.361305832862854,0.20215041935443878,0.11234980821609497,0.2251223474740982,0.15189535915851593,0.4501892030239105,0.4001390337944031,0.5946512818336487,0.16220147907733917,0.7390535473823547,0.6041855216026306,0.0,0.8339359760284424,0.5449527502059937,0.44933903217315674,0.39751195907592773,0.3539227545261383,0.3289259970188141,0.2862612009048462,0.3418227732181549,0.7618685960769653,0.6389685869216919,0.0,0.15925805270671844,0.0,0.0,0.23789827525615692,0.025450007990002632,0.028444085270166397
181,0.8764172196388245,0.2673631012439728,0.04273469001054764,0.4774671792984009,0.25191518664360046,0.38719621300697327,0.5133349299430847,0.0,0.42406558990478516,0.08828072249889374,0.28975412249565125,0.2882372736930847,0.41284990310668945,0.4195045828819275,0.403772234916687,0.3203679919242859,0.13657507300376892,0.2953801453113556,0.13084472715854645,0.007549441885203123,0.08299032598733902,0.3070615231990814,0.2016245275735855,0.004059268161654472,0.3690977394580841,0.3548624515533447,0.0,0.006280738394707441,0.24370314180850983,0.6260122060775757,0.7478178143501282,0.3018048405647278,0.6553574800491333,0.4742732644081116,0.15206243097782135,0.31831908226013184,0.29267770051956177,0.6492249369621277,0.16663284599781036,0.5509331822395325,0.3490440249443054,0.5408146977424622,0.5880036354064941,0.035172611474990845,0.40726354718208313,0.2969658374786377,0.3725162148475647,0.14355474710464478,0.34643107652664185,0.20987483859062195,0.16837191581726074,0.1732519268989563,0.33085402846336365,0.24483622610569,0.25705012679100037,0.5005561709403992,0.42519229650497437,0.32685941457748413,0.4941883385181427,0.8087093830108643,0.0,0.27396827936172485,0.022834040224552155,0.019371652975678444,0.504852831363678,0.5386283993721008,0.6048235893249512,0.3142029345035553,0.1972462236881256,0.00934967678040266,0.4972986578941345,0.35436031222343445,0.5654717683792114,0.6422028541564941,0.0,0.3559805154800415,0.20814108848571777,0.1149677112698555,0.22185185551643372,0.15051966905593872,0.4383324384689331,0.3675172030925751,0.5945054292678833,0.16751135885715485,0.7321256995201111,0.6067481637001038,0.0,0.8365216255187988,0.5572584867477417,0.4440886676311493,0.3965493142604828,0.3453730344772339,0.346579372882843,0.2874995768070221,0.33424443006515503,0.7660132646560669,0.6371158361434937,0.0,0.16020268201828003,0.002328369300812483,0.0,0.23561540246009827,0.01338158454746008,0.029702041298151016
182,0.8750759959220886,0.2716013193130493,0.02885710448026657,0.4688253402709961,0.2486995905637741,0.38058099150657654,0.5336002707481384,0.0,0.41773760318756104,0.08688901364803314,0.3105939030647278,0.29878517985343933,0.4146641492843628,0.43350750207901,0.4078960120677948,0.3258346915245056,0.14066480100154877,0.2906585931777954,0.1331101804971695,0.009264813736081123,0.08285355567932129,0.3070469796657562,0.21347618103027344,0.0008180268341675401,0.37085646390914917,0.3601064682006836,0.0,0.015056528151035309,0.24689935147762299,0.6206098794937134,0.744683027267456,0.30011144280433655,0.662163257598877,0.4786442816257477,0.14465181529521942,0.3412873446941376,0.29093584418296814,0.651686429977417,0.14133994281291962,0.5718843936920166,0.3500669002532959,0.5521306395530701,0.5924360156059265,0.036053866147994995,0.40315788984298706,0.3046295642852783,0.37451574206352234,0.13998295366764069,0.35166117548942566,0.20280912518501282,0.16820979118347168,0.16941380500793457,0.33540648221969604,0.25132688879966736,0.25751617550849915,0.5013326406478882,0.42639678716659546,0.3261202573776245,0.49693208932876587,0.8052083849906921,0.0,0.2751062214374542,0.025337565690279007,0.013764983043074608,0.5160754919052124,0.5403075814247131,0.6132358312606812,0.31955716013908386,0.2002979964017868,0.003952424507588148,0.5013095140457153,0.36979562044143677,0.5819799304008484,0.6436002254486084,0.0,0.42030617594718933,0.20703701674938202,0.0993284210562706,0.23135246336460114,0.1750442534685135,0.44228002429008484,0.4206997752189636,0.5949276089668274,0.167221337556839,0.7290942668914795,0.5997830033302307,0.0,0.8370826244354248,0.5355221629142761,0.4504145681858063,0.398653119802475,0.34270718693733215,0.32883065938949585,0.2851559817790985,0.33541855216026306,0.7647495269775391,0.6391369104385376,0.0,0.14356888830661774,0.00040454123518429697,0.0,0.23367826640605927,0.028622068464756012,0.035073891282081604
183,0.8793686032295227,0.27917417883872986,0.0221457127481699,0.47690263390541077,0.236707866191864,0.3862307667732239,0.5494796633720398,0.0,0.41805723309516907,0.0822540894150734,0.31493479013442993,0.2914671003818512,0.41365858912467957,0.42691755294799805,0.40132319927215576,0.32558152079582214,0.14551398158073425,0.2885020077228546,0.1336836814880371,0.007857359014451504,0.06770528852939606,0.30786848068237305,0.21347297728061676,0.0026325813960283995,0.3725527822971344,0.36308276653289795,0.0,0.00937607977539301,0.24943338334560394,0.6244474649429321,0.749312162399292,0.30320480465888977,0.6605849862098694,0.47931721806526184,0.1711042821407318,0.3282279074192047,0.2998514175415039,0.659487783908844,0.17023338377475739,0.5506997108459473,0.3558405339717865,0.559018075466156,0.616083025932312,0.03495485708117485,0.40816935896873474,0.3059847056865692,0.3799196779727936,0.1434430330991745,0.3522472381591797,0.2107144445180893,0.17368483543395996,0.17266328632831573,0.3330524265766144,0.24879778921604156,0.25645503401756287,0.506912112236023,0.42538923025131226,0.3277337849140167,0.49735894799232483,0.8148061037063599,0.0,0.2705332040786743,0.026333460584282875,0.021553929895162582,0.5148366093635559,0.5428019165992737,0.6120478510856628,0.3194653391838074,0.18980634212493896,0.0036490685306489468,0.502556324005127,0.3723697364330292,0.5915755033493042,0.6533210873603821,0.0,0.4071747660636902,0.20280325412750244,0.10224534571170807,0.23809795081615448,0.168888121843338,0.45260709524154663,0.40270015597343445,0.6002146005630493,0.16899651288986206,0.7349457144737244,0.6069878339767456,0.0,0.8400932550430298,0.5757777690887451,0.4507559835910797,0.4051799178123474,0.3642285168170929,0.3108763098716736,0.29630136489868164,0.344515323638916,0.7710608243942261,0.6375707387924194,0.0,0.14158710837364197,0.0,0.0,0.24915418028831482,0.05344190075993538,0.031159503385424614
184,0.8834101557731628,0.28735750913619995,0.010010585188865662,0.4713900685310364,0.2401234358549118,0.37195512652397156,0.4721474051475525,0.0,0.4186348617076874,0.08502478897571564,0.3097040355205536,0.2957284152507782,0.412395715713501,0.4284560978412628,0.3942583203315735,0.33798760175704956,0.14200225472450256,0.27819910645484924,0.13005246222019196,0.006896061357110739,0.09292856603860855,0.3132667541503906,0.1969391256570816,0.0010154247283935547,0.35613876581192017,0.3574519157409668,0.0,0.00727489497512579,0.24250105023384094,0.623322606086731,0.7413370609283447,0.2825513780117035,0.6496936678886414,0.4679860472679138,0.16400541365146637,0.3140978515148163,0.2944818437099457,0.6555662751197815,0.1920606791973114,0.5870521664619446,0.3573911488056183,0.5409167408943176,0.631172239780426,0.03788084164261818,0.40482231974601746,0.3018810749053955,0.37911781668663025,0.14061839878559113,0.34021100401878357,0.20281746983528137,0.16237998008728027,0.17655912041664124,0.3246779143810272,0.2449607253074646,0.2508051097393036,0.46290144324302673,0.4120844900608063,0.3269352912902832,0.49395570158958435,0.8078055381774902,0.0,0.28936004638671875,0.02628180757164955,0.016349496319890022,0.5002689361572266,0.5448182821273804,0.6129866242408752,0.32122987508773804,0.1993282437324524,0.0008292155689559877,0.4929121136665344,0.35274118185043335,0.5601851344108582,0.6560443043708801,0.0,0.41254180669784546,0.20742999017238617,0.13208886981010437,0.23127678036689758,0.1644141674041748,0.4505203068256378,0.41700688004493713,0.5944287776947021,0.16133111715316772,0.7369012832641602,0.6104291081428528,0.0,0.84173184633255,0.566763162612915,0.4565315842628479,0.3951903283596039,0.3677402436733246,0.352437824010849,0.28415608406066895,0.35315030813217163,0.7739725708961487,0.6374255418777466,0.0,0.1368005871772766,0.00047453094157390296,0.0,0.23188498616218567,0.03015701100230217,0.03314805030822754
185,0.8826446533203125,0.28432005643844604,0.015199108049273491,0.47844746708869934,0.2507152259349823,0.38044166564941406,0.4910600185394287,0.0,0.420417457818985,0.08828118443489075,0.30308371782302856,0.3011753261089325,0.4050952196121216,0.42327597737312317,0.37947744131088257,0.3356388807296753,0.14233709871768951,0.28298819065093994,0.12927430868148804,0.01107728946954012,0.07306700944900513,0.31237342953681946,0.2066502720117569,0.0034723642747849226,0.3728190064430237,0.35278892517089844,0.0,0.01347440481185913,0.25620344281196594,0.6316062808036804,0.74491947889328,0.30731523036956787,0.6563354134559631,0.47761425375938416,0.16159269213676453,0.3220631778240204,0.3028320372104645,0.6520165801048279,0.1812686026096344,0.5749346613883972,0.34176328778266907,0.561025083065033,0.6131369471549988,0.03355953469872475,0.4050161838531494,0.31730958819389343,0.37422052025794983,0.14217975735664368,0.3440861701965332,0.2095787674188614,0.1663871556520462,0.17279310524463654,0.32675081491470337,0.24981039762496948,0.25868090987205505,0.4896504878997803,0.4123998284339905,0.3271426856517792,0.49499475955963135,0.8068668842315674,0.0,0.28272345662117004,0.025597691535949707,0.026254981756210327,0.5120036005973816,0.5416666865348816,0.613079845905304,0.31335386633872986,0.1963939368724823,0.0015039765276014805,0.4952889382839203,0.35080498456954956,0.5702635049819946,0.6519966125488281,0.0,0.3941248655319214,0.2096671760082245,0.09604343771934509,0.2287144511938095,0.13711236417293549,0.45131853222846985,0.400863915681839,0.6036147475242615,0.1622537523508072,0.7345696687698364,0.6110288500785828,0.0,0.8346843123435974,0.5726234912872314,0.44740888476371765,0.41722384095191956,0.35481587052345276,0.32108810544013977,0.29345276951789856,0.3441865146160126,0.7708945870399475,0.6521328687667847,0.0,0.13693027198314667,0.0,0.0,0.23876407742500305,0.03893371671438217,0.03212328255176544
186,0.8819707036018372,0.2653709352016449,0.01132834143936634,0.4880482852458954,0.2506503164768219,0.39276713132858276,0.5185818672180176,0.0,0.4260556697845459,0.08517326414585114,0.3195164203643799,0.30312585830688477,0.41136324405670166,0.42713499069213867,0.3985976576805115,0.32987767457962036,0.1331053227186203,0.2955053150653839,0.12940028309822083,0.005337849259376526,0.09961549192667007,0.3123513162136078,0.21299223601818085,0.0033978221472352743,0.37767574191093445,0.3647336959838867,0.0,0.00596656184643507,0.24121001362800598,0.6269047856330872,0.7400534152984619,0.29991698265075684,0.6520594954490662,0.47451138496398926,0.16257092356681824,0.3598557710647583,0.301557332277298,0.659941554069519,0.1727331131696701,0.5968067049980164,0.34107959270477295,0.5590915083885193,0.6113464832305908,0.0356111153960228,0.41524335741996765,0.3064674735069275,0.3817487061023712,0.14123643934726715,0.3518090844154358,0.2170495241880417,0.17036499083042145,0.17173951864242554,0.33578190207481384,0.23315328359603882,0.2558230459690094,0.5285974740982056,0.43537038564682007,0.3284549117088318,0.500404417514801,0.8089902997016907,0.0,0.27590128779411316,0.02634868398308754,0.01596040464937687,0.5217128396034241,0.5502514839172363,0.6118436455726624,0.32001641392707825,0.19467870891094208,0.0038869804702699184,0.49986693263053894,0.37304678559303284,0.5427960753440857,0.6547954082489014,0.0,0.3931141197681427,0.21430480480194092,0.11234170943498611,0.2452600598335266,0.16023322939872742,0.4469320476055145,0.3942272961139679,0.595353364944458,0.1715189516544342,0.7340286374092102,0.610175609588623,0.0,0.8376398086547852,0.5686903595924377,0.44745609164237976,0.4015839993953705,0.3350062966346741,0.3316456079483032,0.2968270778656006,0.34449508786201477,0.7687039971351624,0.6428038477897644,0.0,0.13122569024562836,0.0,0.0,0.2383585274219513,0.04346583038568497,0.028630468994379044
187,0.8824488520622253,0.28272539377212524,0.02351970225572586,0.4901871383190155,0.2363550215959549,0.37214168906211853,0.46913599967956543,0.0,0.4224197268486023,0.09214963018894196,0.30199840664863586,0.30709147453308105,0.4120174050331116,0.4249197244644165,0.3997419476509094,0.3365328013896942,0.13250207901000977,0.27708786725997925,0.12886281311511993,0.008265629410743713,0.0912381187081337,0.3075341582298279,0.19882209599018097,0.0038794653955847025,0.3741396963596344,0.35454362630844116,0.0,0.010162653401494026,0.24675153195858002,0.6373404264450073,0.744831919670105,0.30267950892448425,0.6557223200798035,0.46898096799850464,0.17730487883090973,0.2817058861255646,0.28679603338241577,0.6582648754119873,0.17348673939704895,0.5554094910621643,0.3481700122356415,0.575461208820343,0.6243709325790405,0.037485379725694656,0.4023602306842804,0.30601567029953003,0.37893953919410706,0.13942864537239075,0.3390306830406189,0.200669065117836,0.16536961495876312,0.173542320728302,0.32874172925949097,0.24004754424095154,0.24860596656799316,0.46191316843032837,0.4188438653945923,0.3283206522464752,0.4918299615383148,0.8053278923034668,0.0,0.2802245020866394,0.029835179448127747,0.01940959133207798,0.49891629815101624,0.5509135723114014,0.6042861342430115,0.3136838376522064,0.20316995680332184,0.0009873813251033425,0.49525734782218933,0.35959869623184204,0.5575355291366577,0.6523496508598328,0.0,0.36355215311050415,0.21325768530368805,0.1325233280658722,0.20480112731456757,0.1294287145137787,0.4450684189796448,0.37139856815338135,0.595737874507904,0.15775203704833984,0.7333356142044067,0.6123617887496948,0.0,0.8431729674339294,0.590661346912384,0.4543513059616089,0.4051400423049927,0.34339985251426697,0.333674818277359,0.2839832603931427,0.34574583172798157,0.7731590270996094,0.6451117396354675,0.0,0.15864625573158264,0.0,0.0,0.2288844883441925,0.023353584110736847,0.03255060687661171
188,0.8796091675758362,0.2483806610107422,0.014342712238430977,0.47569823265075684,0.25284886360168457,0.3837861120700836,0.5474664568901062,0.0,0.4217068552970886,0.09230843186378479,0.3129728436470032,0.2937752902507782,0.4146213233470917,0.43206489086151123,0.4004930257797241,0.3309191167354584,0.1389511227607727,0.28988516330718994,0.12936027348041534,0.005680963397026062,0.08434447646141052,0.30216825008392334,0.2047826647758484,0.001159285893663764,0.35315871238708496,0.34854868054389954,0.0,0.011152482591569424,0.24252524971961975,0.6195658445358276,0.7405107021331787,0.30071574449539185,0.6685984134674072,0.47465381026268005,0.156296506524086,0.3148830533027649,0.2972259521484375,0.6566601991653442,0.15763400495052338,0.5793651938438416,0.34523504972457886,0.5589646697044373,0.6134769916534424,0.03346479311585426,0.41285181045532227,0.3121299743652344,0.37867504358291626,0.1447908580303192,0.3421531319618225,0.2073013335466385,0.17344273626804352,0.17221026122570038,0.3323339819908142,0.2329140156507492,0.25766345858573914,0.5012437701225281,0.43502432107925415,0.31543731689453125,0.49850770831108093,0.8010246157646179,0.0,0.2760712504386902,0.02688351646065712,0.010528497397899628,0.5136274695396423,0.538874089717865,0.5989981889724731,0.31867432594299316,0.20192363858222961,0.002891601761803031,0.495467871427536,0.36073747277259827,0.5676831603050232,0.6515816450119019,0.0,0.40224286913871765,0.20761679112911224,0.11320361495018005,0.24118450284004211,0.16511736810207367,0.4375952482223511,0.36917510628700256,0.5946095585823059,0.16313815116882324,0.7315779328346252,0.606584370136261,0.0,0.837999701499939,0.5592687129974365,0.4460570812225342,0.4004284143447876,0.3318376839160919,0.3153562843799591,0.28199562430381775,0.3364969789981842,0.7679974436759949,0.6345060467720032,0.0,0.13465212285518646,0.003197997808456421,0.0,0.23765243589878082,0.0324266217648983,0.03358836844563484
189,0.882729709148407,0.28092139959335327,0.0067894672974944115,0.49018314480781555,0.23805584013462067,0.38216501474380493,0.5460226535797119,0.0,0.42221683263778687,0.08287229388952255,0.32291901111602783,0.2886166274547577,0.40581637620925903,0.4331858158111572,0.3979211151599884,0.3246458172798157,0.14587070047855377,0.2838759124279022,0.13410599529743195,0.006512336432933807,0.10366767644882202,0.3115275800228119,0.20460979640483856,0.007424870505928993,0.3581331968307495,0.3608953356742859,0.0,0.016414832323789597,0.2596436142921448,0.6319475769996643,0.7488237619400024,0.30391159653663635,0.6634414196014404,0.48085737228393555,0.15825441479682922,0.3067253828048706,0.2959251403808594,0.6560460925102234,0.17015419900417328,0.5814840793609619,0.36530977487564087,0.5726960301399231,0.6210125088691711,0.03668124973773956,0.40449151396751404,0.3020687401294708,0.3824436664581299,0.13931713998317719,0.3499559462070465,0.2132253497838974,0.16554826498031616,0.17412468791007996,0.33340194821357727,0.23754075169563293,0.2548532783985138,0.5010693073272705,0.43186378479003906,0.3307310938835144,0.4982112646102905,0.8077564239501953,0.0,0.25402796268463135,0.025022335350513458,0.014636128209531307,0.5057945847511292,0.5432413816452026,0.604697585105896,0.3207254111766815,0.22015252709388733,0.0018293203320354223,0.4989374876022339,0.3902381360530853,0.5817415714263916,0.6560764312744141,0.0,0.3967787027359009,0.20708192884922028,0.12471579015254974,0.23526686429977417,0.18265043199062347,0.45267853140830994,0.4091661274433136,0.5937044024467468,0.15717284381389618,0.739651620388031,0.6112731695175171,0.0,0.8397390246391296,0.5798587203025818,0.44811445474624634,0.3922055661678314,0.36405420303344727,0.32221025228500366,0.3023700416088104,0.3492785096168518,0.7729800939559937,0.6352649927139282,0.0,0.14675134420394897,2.634171505633276e-05,0.0,0.2346375584602356,0.01672564074397087,0.030569611117243767
190,0.8821983337402344,0.2637593448162079,0.018815651535987854,0.48222464323043823,0.23308028280735016,0.3703400194644928,0.4689519703388214,0.0,0.4214293956756592,0.08691734820604324,0.3160433769226074,0.29088717699050903,0.4142321050167084,0.43378812074661255,0.3994820713996887,0.3320488929748535,0.13977381587028503,0.2871367037296295,0.1350332647562027,0.006436060182750225,0.09527114033699036,0.3083326518535614,0.19444110989570618,0.011681138537824154,0.360463410615921,0.36004796624183655,0.0,0.011755559593439102,0.2602100670337677,0.6395472884178162,0.7465478181838989,0.2964177131652832,0.6605584621429443,0.46895831823349,0.15750408172607422,0.33014407753944397,0.28562992811203003,0.6585696339607239,0.1897762268781662,0.5560399889945984,0.36836153268814087,0.5635879635810852,0.6353277564048767,0.03677712008357048,0.40900400280952454,0.29596391320228577,0.3775562644004822,0.13978566229343414,0.3467727303504944,0.20362094044685364,0.16696389019489288,0.17411364614963531,0.331796258687973,0.2273951917886734,0.2490539699792862,0.4941757619380951,0.43554195761680603,0.32899898290634155,0.4941501319408417,0.8067030906677246,0.0,0.25861650705337524,0.027909347787499428,0.01223788969218731,0.4874718189239502,0.5428058505058289,0.6054558157920837,0.31983262300491333,0.21086978912353516,0.002089570974931121,0.4979698657989502,0.3700544238090515,0.5786562561988831,0.654896080493927,0.0,0.37940728664398193,0.21281591057777405,0.13702335953712463,0.22057782113552094,0.1719391942024231,0.45369642972946167,0.40257135033607483,0.5988317728042603,0.16796313226222992,0.7340036034584045,0.6115722060203552,0.0,0.8391441106796265,0.5828644037246704,0.45639434456825256,0.3862261176109314,0.3656498193740845,0.33388108015060425,0.3001613914966583,0.3455997109413147,0.7729811072349548,0.6211523413658142,0.0,0.15686701238155365,0.002052745781838894,0.0,0.22876204550266266,0.002906749490648508,0.028784560039639473
191,0.8824687600135803,0.28253453969955444,0.009611132554709911,0.4956510365009308,0.2484031617641449,0.3846990764141083,0.5159074068069458,0.0,0.42514580488204956,0.08842527121305466,0.3152080774307251,0.305668443441391,0.4128621220588684,0.4279228448867798,0.3905509114265442,0.33614373207092285,0.1510893702507019,0.29167187213897705,0.13164487481117249,0.009928636252880096,0.08295771479606628,0.3092571198940277,0.2049611508846283,0.0059745777398347855,0.3673374056816101,0.3535497486591339,0.0,0.015839707106351852,0.23219817876815796,0.6260982155799866,0.7437044978141785,0.30127865076065063,0.6596071124076843,0.47600340843200684,0.16431286931037903,0.3528851568698883,0.30204713344573975,0.6551480293273926,0.17618268728256226,0.5565343499183655,0.3476235270500183,0.5548602938652039,0.5997212529182434,0.033279310911893845,0.40957513451576233,0.31733453273773193,0.38329729437828064,0.1416139453649521,0.34814703464508057,0.21243828535079956,0.17530331015586853,0.17644202709197998,0.3401874303817749,0.2370530366897583,0.2622940242290497,0.510243833065033,0.432455837726593,0.3352455198764801,0.4953617751598358,0.8060201406478882,0.0,0.265733540058136,0.027434449642896652,0.020599888637661934,0.5105068683624268,0.5418968200683594,0.6119411587715149,0.313144713640213,0.20376677811145782,0.0024982630275189877,0.4992941617965698,0.3563525676727295,0.5689458250999451,0.653020441532135,0.0,0.38415080308914185,0.21151763200759888,0.10669151693582535,0.22327475249767303,0.14125826954841614,0.4448140561580658,0.375904381275177,0.5918196439743042,0.16589795053005219,0.7353426218032837,0.6092639565467834,0.0,0.8406004905700684,0.5522541999816895,0.4484674036502838,0.40700119733810425,0.33095890283584595,0.31142309308052063,0.29162532091140747,0.3412781059741974,0.7713515758514404,0.6430061459541321,0.0,0.14324821531772614,0.0004717788251582533,0.0,0.24111104011535645,0.04143810644745827,0.034386470913887024
192,0.8813470005989075,0.28312429785728455,0.008615956641733646,0.49357062578201294,0.24234940111637115,0.39001503586769104,0.5094045400619507,0.0,0.42538097500801086,0.09048669040203094,0.30720603466033936,0.2935817241668701,0.41183802485466003,0.4282415807247162,0.39490553736686707,0.34133315086364746,0.14766107499599457,0.2918636202812195,0.1248948723077774,0.007147546391934156,0.0910244733095169,0.30610010027885437,0.20217642188072205,0.008490714244544506,0.3521813750267029,0.3558391332626343,0.0,0.013829437084496021,0.24037514626979828,0.6410545706748962,0.7465761303901672,0.3053191006183624,0.656042218208313,0.4743884205818176,0.15926580131053925,0.28774067759513855,0.2904699444770813,0.6498997807502747,0.15333659946918488,0.5645408034324646,0.34104958176612854,0.5660490989685059,0.6146683692932129,0.03967512398958206,0.40240857005119324,0.29819875955581665,0.3723377585411072,0.14281481504440308,0.3438502550125122,0.19478823244571686,0.1672670841217041,0.1707977056503296,0.3296002447605133,0.23971638083457947,0.24605239927768707,0.467299222946167,0.4269057512283325,0.32577967643737793,0.4922718107700348,0.8059437870979309,0.0,0.2780555784702301,0.025896187871694565,0.014385308139026165,0.5082930326461792,0.5398254990577698,0.6166874766349792,0.31165382266044617,0.19543418288230896,0.006778414826840162,0.4983140230178833,0.33287757635116577,0.5693240761756897,0.6469526290893555,0.0,0.3571343719959259,0.19783544540405273,0.11313702911138535,0.22363393008708954,0.13518425822257996,0.4431247413158417,0.3766585886478424,0.5935966968536377,0.1655193269252777,0.7329878807067871,0.6024392247200012,0.0,0.8386927843093872,0.5502884387969971,0.4465765357017517,0.39020293951034546,0.33017632365226746,0.3472713232040405,0.28442734479904175,0.33415475487709045,0.7700478434562683,0.6368004679679871,0.0,0.17094539105892181,0.0,0.0,0.2246410846710205,0.005957217421382666,0.03553667664527893
193,0.8821041584014893,0.2740226984024048,0.01119045540690422,0.488516628742218,0.2506604492664337,0.38659119606018066,0.48698192834854126,0.0,0.4212024509906769,0.09080957621335983,0.3110564649105072,0.28923672437667847,0.41123151779174805,0.4276961386203766,0.3994060158729553,0.3278372585773468,0.14194612205028534,0.2996272146701813,0.1281924694776535,0.005055679939687252,0.10507405549287796,0.30057084560394287,0.20123755931854248,0.008010446093976498,0.34755179286003113,0.35918015241622925,0.0,0.0125789949670434,0.24468523263931274,0.6260706186294556,0.74537593126297,0.30564600229263306,0.6614242196083069,0.47977662086486816,0.15930019319057465,0.3119870126247406,0.28744590282440186,0.6562877893447876,0.149430051445961,0.5675237774848938,0.3465478718280792,0.5597831606864929,0.6348032355308533,0.03870144486427307,0.40890976786613464,0.30502408742904663,0.37150993943214417,0.1457444280385971,0.3482532203197479,0.20080828666687012,0.16727156937122345,0.17020148038864136,0.3270793855190277,0.22719250619411469,0.2439163327217102,0.4925052225589752,0.431202232837677,0.33185645937919617,0.494572252035141,0.7995685338973999,0.0,0.26575055718421936,0.026896467432379723,0.021912069991230965,0.5011014938354492,0.5442460775375366,0.6087049841880798,0.312098890542984,0.19833891093730927,0.0026679816655814648,0.4972011148929596,0.35972994565963745,0.549977719783783,0.6483875513076782,0.0,0.4074343144893646,0.2092428356409073,0.11398918181657791,0.23171302676200867,0.15094630420207977,0.4434906840324402,0.36454567313194275,0.594465970993042,0.1594112515449524,0.7308915853500366,0.6072142720222473,0.0,0.8392924666404724,0.5764762759208679,0.4495813846588135,0.4019545316696167,0.3376702666282654,0.34545543789863586,0.2924618721008301,0.3340124785900116,0.7652716636657715,0.6510834693908691,0.0,0.14703688025474548,0.0,0.0,0.23853933811187744,0.03399404138326645,0.03568712994456291
194,0.8840250968933105,0.2961048185825348,0.004956068005412817,0.4868795871734619,0.23540353775024414,0.3849584758281708,0.5013954043388367,0.0,0.4257754385471344,0.09148421883583069,0.2988184988498688,0.3105229437351227,0.4109490215778351,0.4242912530899048,0.4004823565483093,0.3413752317428589,0.149683877825737,0.2937449812889099,0.13581575453281403,0.0067182620987296104,0.08139678090810776,0.3074294328689575,0.20069268345832825,0.0009562710765749216,0.36324408650398254,0.3610512912273407,0.0,0.012314035557210445,0.2580234408378601,0.6414031386375427,0.7438156604766846,0.3034932315349579,0.6542251110076904,0.47909700870513916,0.160447359085083,0.31473422050476074,0.28807365894317627,0.6624624133110046,0.16824591159820557,0.5814185738563538,0.36204230785369873,0.5560541749000549,0.6301447153091431,0.0389559306204319,0.40140730142593384,0.3108888566493988,0.38547754287719727,0.13994984328746796,0.3388540744781494,0.19843249022960663,0.16612635552883148,0.167475163936615,0.3326079547405243,0.22310811281204224,0.25538933277130127,0.5098438262939453,0.43001940846443176,0.3354737460613251,0.49523264169692993,0.8085072040557861,0.0,0.2738378345966339,0.027237562462687492,0.01731109619140625,0.5103820562362671,0.5434229373931885,0.6051915884017944,0.3164466619491577,0.2048310488462448,0.003370226826518774,0.4965653121471405,0.35896244645118713,0.5468984246253967,0.6564409136772156,0.0,0.36643463373184204,0.2092621773481369,0.13040436804294586,0.23537637293338776,0.1812727451324463,0.4495629072189331,0.41716933250427246,0.6011722683906555,0.16532152891159058,0.7390000820159912,0.6065505743026733,0.0,0.8381972908973694,0.5579068660736084,0.4543777108192444,0.3908959925174713,0.34166309237480164,0.31114691495895386,0.29114124178886414,0.34572532773017883,0.7708635330200195,0.6294108033180237,0.0,0.1428801268339157,0.00022656859073322266,0.0,0.23549394309520721,0.057838790118694305,0.031028086319565773
195,0.883379340171814,0.28922152519226074,0.007313706912100315,0.49283620715141296,0.23540019989013672,0.38321444392204285,0.5285633206367493,0.0,0.42009061574935913,0.08980865776538849,0.31229540705680847,0.2941412627696991,0.4086035192012787,0.43116968870162964,0.3869914412498474,0.34310227632522583,0.14220283925533295,0.27765750885009766,0.1267126202583313,0.007293927017599344,0.08988884091377258,0.30587396025657654,0.19724790751934052,0.0027479850687086582,0.35552799701690674,0.35353976488113403,0.0,0.010242627933621407,0.24629120528697968,0.6179240345954895,0.7513169050216675,0.308341383934021,0.6603366732597351,0.48088356852531433,0.1682669222354889,0.29355713725090027,0.29257863759994507,0.655964195728302,0.16830338537693024,0.5570447444915771,0.35199129581451416,0.5716501474380493,0.6095862984657288,0.03683938831090927,0.40329286456108093,0.3134213984012604,0.38052430748939514,0.1437097191810608,0.3499145209789276,0.20600120723247528,0.167547345161438,0.17397058010101318,0.3316211700439453,0.25192195177078247,0.25092533230781555,0.4703103005886078,0.42589637637138367,0.3226737380027771,0.49540820717811584,0.8110923171043396,0.0,0.29378560185432434,0.02598009631037712,0.019018182530999184,0.5081503987312317,0.5434218645095825,0.6131837964057922,0.31901538372039795,0.1955033838748932,0.0032861630897969007,0.5009806752204895,0.3354596793651581,0.555866539478302,0.6535913348197937,0.0,0.4124933183193207,0.1996069848537445,0.12347816675901413,0.2311558723449707,0.1385163962841034,0.450710266828537,0.3988446593284607,0.5927925705909729,0.1604352593421936,0.7384471297264099,0.6077665090560913,0.0,0.8384974002838135,0.5491794347763062,0.4548862874507904,0.399468332529068,0.34293410181999207,0.3217683732509613,0.2860274612903595,0.34359827637672424,0.7761695384979248,0.6394444704055786,0.0,0.1435767263174057,0.0,0.0,0.2345779687166214,0.031347811222076416,0.03478509187698364
196,0.8830894827842712,0.2716909646987915,0.01379961334168911,0.48701369762420654,0.2400769293308258,0.3885327875614166,0.594927966594696,0.0,0.4267968535423279,0.08751155436038971,0.3156253695487976,0.2927037179470062,0.4077930748462677,0.42708316445350647,0.3974824845790863,0.34318166971206665,0.15414084494113922,0.2918371260166168,0.1272508203983307,0.005919456481933594,0.08463671058416367,0.3177492320537567,0.20822729170322418,6.797264632041333e-06,0.3555568754673004,0.36210373044013977,0.0,0.013515099883079529,0.2541957199573517,0.6405500173568726,0.7527666091918945,0.30545374751091003,0.6638349294662476,0.4799897074699402,0.15847909450531006,0.3139033019542694,0.2884024679660797,0.6537801027297974,0.15994714200496674,0.5796928405761719,0.34413692355155945,0.5662059187889099,0.6105963587760925,0.03904059901833534,0.4108574092388153,0.3132897913455963,0.3727244436740875,0.15046781301498413,0.3433705270290375,0.19584928452968597,0.16588576138019562,0.17285707592964172,0.339901328086853,0.22875328361988068,0.2566852867603302,0.491938054561615,0.43552616238594055,0.33572685718536377,0.49655023217201233,0.8049373030662537,0.0,0.26850178837776184,0.025764023885130882,0.01808757707476616,0.5067896842956543,0.5419761538505554,0.6099660396575928,0.31719842553138733,0.19918106496334076,0.001694530714303255,0.4962315261363983,0.36199453473091125,0.578258216381073,0.6551117897033691,0.0,0.3647231161594391,0.2052931934595108,0.11936204880475998,0.24014918506145477,0.16764159500598907,0.4492752254009247,0.4072495698928833,0.6023597121238708,0.16554611921310425,0.7345511317253113,0.610015869140625,0.0,0.8357449769973755,0.5752956867218018,0.44879505038261414,0.38285762071609497,0.3659440875053406,0.3337666392326355,0.2957577705383301,0.3442457616329193,0.769177258014679,0.6325674057006836,0.0,0.14524082839488983,0.0012382824206724763,0.0,0.22839443385601044,0.012825924903154373,0.033424556255340576
197,0.8793768286705017,0.245802640914917,0.012753166258335114,0.4663166403770447,0.22878892719745636,0.38734689354896545,0.5978127717971802,0.0,0.4220949411392212,0.08852006494998932,0.30051177740097046,0.3069744110107422,0.4109763503074646,0.43454113602638245,0.4002031683921814,0.33084022998809814,0.15345364809036255,0.27936017513275146,0.13036108016967773,0.005136309657245874,0.07256241142749786,0.31428781151771545,0.20143260061740875,0.008401459082961082,0.3717863857746124,0.35994264483451843,0.0,0.002582260873168707,0.24272382259368896,0.620148777961731,0.7515717148780823,0.3110325336456299,0.6749011278152466,0.4818906784057617,0.166299507021904,0.3063510060310364,0.2997897267341614,0.6604348421096802,0.1627141684293747,0.5839051604270935,0.36099421977996826,0.560051441192627,0.6161127686500549,0.03735068440437317,0.4110265374183655,0.3109147548675537,0.3806662857532501,0.1414487361907959,0.3434726893901825,0.20582319796085358,0.15807177126407623,0.17278625071048737,0.3364001214504242,0.24342995882034302,0.2618018686771393,0.5062307119369507,0.4335933029651642,0.3240228295326233,0.49588507413864136,0.8055498600006104,0.0,0.2833678722381592,0.027146711945533752,0.01116956491023302,0.5156170129776001,0.5423988699913025,0.6149457097053528,0.31824949383735657,0.19586320221424103,0.0036693853326141834,0.49566641449928284,0.36886608600616455,0.6010236740112305,0.6551830768585205,0.0,0.3910712003707886,0.20786698162555695,0.09881550818681717,0.24718177318572998,0.17078742384910583,0.44154036045074463,0.4127846956253052,0.5871030688285828,0.15952877700328827,0.7382947206497192,0.6024390459060669,0.0,0.8397327065467834,0.5537459254264832,0.4468458592891693,0.39695557951927185,0.344606876373291,0.33547618985176086,0.2896881401538849,0.34213554859161377,0.769432544708252,0.6370235085487366,0.0,0.1373380422592163,0.000975520524661988,0.0,0.2377101331949234,0.022879671305418015,0.03501740097999573
198,0.881399929523468,0.2574129104614258,0.04740900918841362,0.4799187481403351,0.2451258897781372,0.3853372633457184,0.5211885571479797,0.0,0.42579129338264465,0.09112422168254852,0.3138688802719116,0.2878154516220093,0.42144376039505005,0.4311889410018921,0.40761399269104004,0.34147951006889343,0.14574900269508362,0.27301034331321716,0.12997710704803467,0.007873663678765297,0.08899828046560287,0.30015653371810913,0.19186635315418243,0.015089896507561207,0.3459305763244629,0.35306721925735474,0.0,0.016899749636650085,0.2426677942276001,0.6258053779602051,0.7527142763137817,0.31298235058784485,0.6941185593605042,0.48438766598701477,0.15952160954475403,0.31564638018608093,0.2884252369403839,0.6534523963928223,0.15961158275604248,0.5564077496528625,0.3321194350719452,0.5598838329315186,0.6152291893959045,0.036595068871974945,0.4154536724090576,0.3036971092224121,0.3832959830760956,0.1384277045726776,0.3451985716819763,0.1939367949962616,0.1627185046672821,0.17904600501060486,0.33085769414901733,0.23592184484004974,0.2571183145046234,0.4719114303588867,0.4177456796169281,0.3333885371685028,0.4984528124332428,0.801296591758728,0.0,0.27859145402908325,0.02808406949043274,0.01424578670412302,0.5129435062408447,0.543304979801178,0.606085479259491,0.31583163142204285,0.18663355708122253,0.002689319895580411,0.49885955452919006,0.3519434332847595,0.5636996626853943,0.6536363363265991,0.0,0.3906637132167816,0.21543379127979279,0.11857400089502335,0.23486708104610443,0.13816605508327484,0.4431034326553345,0.3579031527042389,0.5934879779815674,0.17048966884613037,0.7350496053695679,0.6100082993507385,0.0,0.8392778038978577,0.5762686133384705,0.4498976171016693,0.4050360321998596,0.353953093290329,0.3421110510826111,0.29022666811943054,0.3426808714866638,0.7705531120300293,0.6441259980201721,0.0,0.14555895328521729,0.0,0.0,0.23356419801712036,0.016618410125374794,0.03589316084980965
199,0.8800017237663269,0.28354647755622864,0.012173761613667011,0.47435423731803894,0.23960064351558685,0.38280344009399414,0.5624633431434631,0.0,0.42136505246162415,0.08365894109010696,0.324356347322464,0.29618918895721436,0.4095284342765808,0.42935213446617126,0.39566096663475037,0.3416929841041565,0.15106230974197388,0.29186537861824036,0.13386906683444977,0.006555480416864157,0.08874233812093735,0.3221684396266937,0.2123890370130539,0.002843893598765135,0.36304524540901184,0.36259371042251587,0.0,0.015056184493005276,0.22932401299476624,0.6285286545753479,0.7480884194374084,0.30130746960639954,0.6650848388671875,0.4777810573577881,0.15559113025665283,0.29623672366142273,0.30109602212905884,0.6514110565185547,0.16229967772960663,0.5912374258041382,0.3573314845561981,0.5620977878570557,0.591011643409729,0.03433946892619133,0.4018436670303345,0.31100454926490784,0.38092494010925293,0.14487865567207336,0.3507346212863922,0.21189342439174652,0.1695260852575302,0.18014895915985107,0.3369505703449249,0.2505064308643341,0.2619715929031372,0.5050761103630066,0.4169359803199768,0.32979974150657654,0.5004248023033142,0.8081910610198975,0.0,0.2860869765281677,0.027401790022850037,0.01601906679570675,0.5209726691246033,0.5406491756439209,0.6089099645614624,0.3227143883705139,0.19690681993961334,0.002948376350104809,0.49360084533691406,0.3826185166835785,0.560643196105957,0.6525951623916626,0.0,0.39119359850883484,0.20339253544807434,0.13294225931167603,0.23921087384223938,0.1535089761018753,0.45646676421165466,0.4257276654243469,0.5944619178771973,0.16935847699642181,0.7316621541976929,0.5970700979232788,0.0,0.8356210589408875,0.5581859350204468,0.45724794268608093,0.3799198567867279,0.3676190972328186,0.31760507822036743,0.30109286308288574,0.33843275904655457,0.7675728797912598,0.6204844117164612,0.0,0.14099538326263428,0.0,0.0,0.24078308045864105,0.023668181151151657,0.03201921284198761
