Epoch,Batch_Index,Loss
1,0,6.049667835235596
1,1,6.720743179321289
1,2,5.89929723739624
1,3,5.918350696563721
1,4,5.947933197021484
1,5,5.580685615539551
1,6,5.86638069152832
1,7,5.940765380859375
1,8,6.293471813201904
1,9,5.743630409240723
1,10,6.255646705627441
1,11,6.186700344085693
1,12,6.0997514724731445
1,13,5.871323108673096
1,14,6.027008533477783
1,15,5.7893385887146
1,16,6.21059513092041
1,17,5.949542045593262
1,18,5.918127536773682
1,19,5.791437149047852
1,20,5.984910011291504
1,21,5.917705059051514
1,22,5.672959327697754
1,23,6.0254106521606445
1,24,6.156782150268555
1,25,6.075987815856934
1,26,6.2776336669921875
1,27,6.036436557769775
1,28,5.649850845336914
1,29,6.156980037689209
1,30,5.9145731925964355
1,31,5.927746772766113
1,32,6.04975700378418
1,33,5.840417385101318
1,34,6.008133888244629
1,35,6.042468070983887
1,36,5.706600189208984
1,37,6.012724876403809
1,38,5.612294673919678
1,39,5.791487693786621
1,40,5.670100212097168
1,41,5.677780628204346
1,42,6.198286056518555
1,43,5.902091026306152
1,44,5.640002250671387
1,45,5.987959861755371
1,46,5.775552272796631
1,47,5.871629238128662
1,48,5.6485748291015625
1,49,5.927356243133545
1,50,5.924918174743652
1,51,5.405688285827637
1,52,5.88547945022583
1,53,5.489168643951416
1,54,5.952249526977539
1,55,5.658815383911133
1,56,5.814525127410889
1,57,5.72206449508667
1,58,5.797631740570068
1,59,5.826496124267578
1,60,5.670373439788818
1,61,5.586586952209473
1,62,5.704040050506592
1,63,5.638644695281982
1,64,6.006226539611816
1,65,6.10788631439209
1,66,5.924739360809326
1,67,5.840106010437012
1,68,5.658998966217041
1,69,5.533633232116699
1,70,5.746076583862305
1,71,5.588619232177734
1,72,5.508880138397217
1,73,5.964844703674316
1,74,5.807975769042969
1,75,5.891321182250977
1,76,5.7147369384765625
1,77,5.502777099609375
1,78,5.73914098739624
1,79,5.524767875671387
1,80,5.831974029541016
1,81,5.83315896987915
1,82,5.527265548706055
1,83,5.7090229988098145
1,84,5.720470905303955
1,85,5.728237152099609
1,86,5.790040969848633
1,87,5.629617691040039
1,88,5.700393199920654
1,89,5.544297695159912
1,90,5.522343635559082
1,91,5.660717487335205
1,92,5.566392421722412
1,93,5.6676201820373535
1,94,5.559041500091553
1,95,5.573727607727051
1,96,5.395567893981934
1,97,5.834417343139648
1,98,5.643416881561279
1,99,5.411656379699707
1,100,5.678855895996094
1,101,5.824329376220703
1,102,5.820277214050293
1,103,5.579653739929199
1,104,5.541419982910156
1,105,5.801147937774658
1,106,5.458281517028809
1,107,5.498427867889404
1,108,5.760336399078369
1,109,5.73667049407959
1,110,5.615148544311523
1,111,5.637852668762207
1,112,5.616445541381836
1,113,5.834667205810547
1,114,5.615361213684082
1,115,5.712494373321533
1,116,5.5151214599609375
1,117,5.607625484466553
1,118,5.639077186584473
1,119,5.6169819831848145
1,120,5.4475202560424805
1,121,5.641724109649658
1,122,5.4590277671813965
1,123,5.833688735961914
1,124,5.601400852203369
1,125,5.695362091064453
1,126,5.648314952850342
1,127,5.650454044342041
1,128,5.645957946777344
1,129,5.326162815093994
1,130,5.61948823928833
1,131,5.6064958572387695
1,132,5.720109939575195
1,133,5.55212926864624
1,134,5.97464656829834
1,135,5.361544132232666
1,136,5.543238639831543
1,137,5.579616546630859
1,138,5.483182430267334
1,139,5.4253830909729
1,140,5.684348106384277
1,141,5.624667167663574
1,142,5.821044921875
1,143,5.550085067749023
1,144,5.457022666931152
1,145,5.330802917480469
1,146,5.535720348358154
1,147,5.3834099769592285
1,148,5.538919448852539
1,149,5.600518226623535
1,150,5.372278213500977
1,151,5.610964775085449
1,152,5.5904412269592285
1,153,5.684004306793213
1,154,5.597808361053467
1,155,5.532338619232178
1,156,5.571451187133789
1,157,5.452545642852783
1,158,5.614535808563232
1,159,5.347292423248291
1,160,5.3849968910217285
1,161,5.857999324798584
1,162,5.617271423339844
1,163,5.472622394561768
1,164,5.754888534545898
1,165,5.47224235534668
1,166,5.247097015380859
1,167,5.543318748474121
1,168,5.464141845703125
1,169,5.370266914367676
1,170,5.701624870300293
1,171,5.648543834686279
1,172,5.540144443511963
1,173,5.543686389923096
1,174,5.355618000030518
1,175,5.413722038269043
1,176,5.6027936935424805
1,177,5.504886150360107
1,178,5.441102981567383
1,179,5.36079740524292
1,180,5.367528438568115
1,181,5.352933883666992
1,182,5.411551475524902
1,183,5.335507392883301
1,184,5.5911993980407715
1,185,5.581815719604492
1,186,5.2493720054626465
1,187,5.674583435058594
1,188,5.510403156280518
1,189,5.675989627838135
1,190,5.22532844543457
1,191,5.606026649475098
1,192,5.297787189483643
1,193,5.522734642028809
1,194,5.371545314788818
1,195,5.864503860473633
1,196,5.506526947021484
1,197,5.9124555587768555
1,198,5.516317844390869
1,199,5.639522552490234
1,200,5.408422470092773
1,201,5.561316013336182
1,202,5.128310203552246
1,203,5.415420055389404
1,204,5.502215385437012
1,205,5.574224948883057
1,206,5.3378586769104
1,207,5.576260566711426
1,208,5.391885280609131
1,209,5.365692138671875
1,210,5.329530239105225
1,211,5.228107929229736
1,212,5.322277545928955
1,213,5.621741771697998
1,214,5.376497745513916
1,215,5.410919666290283
1,216,5.321119785308838
1,217,5.408134937286377
1,218,5.260390281677246
1,219,5.223481178283691
1,220,5.3704071044921875
1,221,5.425858974456787
1,222,5.201600074768066
1,223,5.598538398742676
1,224,5.512269020080566
1,225,5.5392608642578125
1,226,5.211822032928467
1,227,5.351764678955078
1,228,5.1648664474487305
1,229,5.305318832397461
1,230,5.661769390106201
1,231,5.4823527336120605
1,232,5.635221481323242
1,233,5.293907165527344
1,234,5.7936882972717285
1,235,5.2556562423706055
1,236,5.3196539878845215
1,237,5.726968288421631
1,238,5.494817733764648
1,239,5.2980546951293945
1,240,5.206818103790283
1,241,5.097014904022217
1,242,5.1271281242370605
1,243,5.266755104064941
1,244,5.479867935180664
1,245,5.437740325927734
1,246,5.722496509552002
1,247,5.9198808670043945
1,248,5.124075889587402
1,249,5.243429660797119
1,250,5.858314037322998
1,251,5.504021644592285
1,252,5.344967842102051
1,253,5.342642307281494
1,254,5.184023380279541
1,255,5.568965911865234
1,256,5.264527797698975
1,257,5.429675102233887
1,258,5.265951633453369
1,259,5.405223369598389
1,260,5.643692970275879
1,261,5.651204586029053
1,262,5.29836893081665
1,263,5.36785888671875
1,264,5.172970294952393
1,265,5.0551347732543945
1,266,5.568789958953857
1,267,5.357583045959473
1,268,5.453586101531982
1,269,5.611979961395264
1,270,5.747744083404541
1,271,5.611964225769043
1,272,5.3892340660095215
1,273,5.778589725494385
1,274,5.29926061630249
1,275,5.415777206420898
1,276,5.480867385864258
1,277,5.390898704528809
1,278,5.475315570831299
1,279,5.2542314529418945
1,280,5.00530481338501
1,281,5.518656253814697
1,282,5.458970546722412
1,283,5.880263805389404
1,284,5.4394121170043945
1,285,5.3222336769104
1,286,5.452048301696777
1,287,5.029950141906738
1,288,5.34648323059082
1,289,5.411327838897705
1,290,5.437483787536621
1,291,5.353750228881836
1,292,4.93919563293457
1,293,5.315274238586426
1,294,5.436132431030273
1,295,5.032906532287598
1,296,5.401355266571045
1,297,5.44614839553833
1,298,5.164443016052246
1,299,5.287713527679443
1,300,5.354976654052734
1,301,5.270168304443359
1,302,5.52936315536499
1,303,5.598073959350586
1,304,5.307431697845459
1,305,5.189274311065674
1,306,5.287753105163574
1,307,5.308408737182617
1,308,5.419862270355225
1,309,5.549588203430176
1,310,5.209686756134033
1,311,5.305692195892334
1,312,5.266185283660889
1,313,5.3049798011779785
1,314,5.227508544921875
1,315,5.03466272354126
1,316,5.001310348510742
1,317,5.046234130859375
1,318,5.265384197235107
1,319,5.2246785163879395
1,320,5.472407817840576
1,321,5.544458866119385
1,322,5.311830043792725
1,323,5.121835708618164
1,324,5.559107780456543
1,325,5.37367582321167
1,326,5.432821273803711
1,327,5.362602710723877
1,328,5.32373046875
1,329,5.197834491729736
1,330,5.625653266906738
1,331,5.551618576049805
1,332,5.529532432556152
1,333,5.006295204162598
1,334,5.217700481414795
1,335,5.22048807144165
1,336,5.8064069747924805
1,337,5.187005043029785
1,338,5.330931186676025
1,339,5.292736053466797
1,340,5.403593063354492
1,341,5.238733291625977
1,342,5.045866012573242
1,343,5.444393634796143
1,344,5.135367393493652
1,345,5.261178016662598
1,346,5.287078857421875
1,347,5.229323387145996
1,348,5.496675491333008
1,349,5.245848655700684
1,350,5.477696418762207
1,351,5.2923688888549805
1,352,5.617917060852051
1,353,5.341780662536621
1,354,5.3797407150268555
1,355,5.267190456390381
1,356,5.319216251373291
1,357,5.377561092376709
1,358,5.238734245300293
1,359,5.357323169708252
1,360,5.225627422332764
1,361,5.482078552246094
1,362,4.983116626739502
1,363,5.1005353927612305
1,364,5.382749557495117
1,365,5.236872673034668
1,366,5.586124420166016
1,367,5.190097808837891
1,368,5.141436576843262
1,369,5.208432674407959
1,370,5.298713207244873
1,371,5.238783836364746
1,372,5.00916862487793
1,373,5.166270732879639
1,374,5.316085338592529
1,375,5.047024726867676
1,376,5.324103832244873
1,377,5.367441177368164
1,378,5.178793430328369
1,379,5.360167980194092
1,380,5.368343353271484
1,381,5.391542434692383
1,382,5.259982109069824
1,383,5.032442092895508
1,384,5.581052303314209
1,385,5.4824419021606445
1,386,5.519326686859131
1,387,5.3938493728637695
1,388,5.301590919494629
1,389,5.392179489135742
1,390,5.363088130950928
1,391,4.998561859130859
1,392,5.185421466827393
1,393,5.2925615310668945
1,394,5.131560325622559
1,395,5.455106735229492
1,396,5.249012470245361
1,397,5.347629547119141
1,398,5.308260917663574
1,399,5.187419891357422
1,400,5.213873386383057
1,401,5.401129722595215
1,402,5.3010053634643555
1,403,5.188938140869141
1,404,5.377829551696777
1,405,5.326282501220703
1,406,5.681332588195801
1,407,5.465798377990723
1,408,5.033505439758301
1,409,5.079941749572754
1,410,5.544983386993408
1,411,5.086315155029297
1,412,5.383440017700195
1,413,5.2107439041137695
1,414,5.1210856437683105
1,415,5.341662406921387
1,416,5.411873817443848
1,417,5.385851860046387
1,418,5.315544128417969
1,419,5.33331823348999
1,420,5.328333377838135
1,421,5.420730113983154
1,422,5.248490810394287
1,423,5.260517120361328
1,424,5.243804931640625
1,425,5.164823532104492
1,426,5.32066011428833
1,427,5.217956066131592
1,428,5.1389007568359375
1,429,5.302022933959961
1,430,5.329052925109863
1,431,5.231367588043213
1,432,5.327633857727051
1,433,5.4536871910095215
1,434,5.6618876457214355
1,435,5.0848541259765625
1,436,5.317892551422119
1,437,5.073962688446045
1,438,5.325491905212402
1,439,5.195394515991211
1,440,5.112053871154785
1,441,5.332473278045654
1,442,4.786642074584961
1,443,5.261703014373779
1,444,5.101330757141113
1,445,5.430573463439941
1,446,5.215448379516602
1,447,4.842885971069336
1,448,5.157081604003906
1,449,5.059548377990723
1,450,5.239432334899902
1,451,5.055425643920898
1,452,5.885727882385254
1,453,5.3526411056518555
1,454,5.226166248321533
1,455,5.245663642883301
1,456,4.974226951599121
1,457,4.9797844886779785
1,458,5.241192817687988
1,459,5.310267925262451
1,460,5.012582778930664
1,461,5.473933219909668
1,462,4.9920806884765625
1,463,5.325016021728516
1,464,5.094440937042236
1,465,5.128406047821045
1,466,5.186282157897949
1,467,5.562027931213379
1,468,5.30203104019165
1,469,5.687762260437012
1,470,5.340858459472656
1,471,5.082321643829346
1,472,5.432094573974609
1,473,5.232429027557373
1,474,5.1623687744140625
1,475,5.384713172912598
1,476,5.3229146003723145
1,477,5.261907577514648
1,478,5.374933242797852
1,479,5.1813788414001465
1,480,5.299551963806152
1,481,5.346979141235352
1,482,5.18754243850708
1,483,5.311685085296631
1,484,5.015334129333496
1,485,5.155980587005615
1,486,5.1024088859558105
1,487,5.539141654968262
1,488,5.203737258911133
1,489,5.251617431640625
1,490,5.5476531982421875
1,491,5.188226222991943
1,492,5.183491230010986
1,493,5.28561544418335
1,494,5.045886516571045
1,495,5.2148823738098145
1,496,5.566454887390137
1,497,5.45934534072876
1,498,5.5648698806762695
2,0,5.231424331665039
2,1,5.1197638511657715
2,2,5.2598090171813965
2,3,5.362585067749023
2,4,5.513150215148926
2,5,5.073023796081543
2,6,5.014155864715576
2,7,5.194976806640625
2,8,5.157355308532715
2,9,5.265548229217529
2,10,5.186666488647461
2,11,5.054855823516846
2,12,5.280778884887695
2,13,5.339505195617676
2,14,5.426340103149414
2,15,5.333700656890869
2,16,5.144238471984863
2,17,4.936552047729492
2,18,5.100475788116455
2,19,5.165541648864746
2,20,5.201515197753906
2,21,5.062995433807373
2,22,5.610858917236328
2,23,5.295287132263184
2,24,5.1137285232543945
2,25,4.638470649719238
2,26,4.887433052062988
2,27,5.074654579162598
2,28,4.976993560791016
2,29,5.165835857391357
2,30,5.449817657470703
2,31,5.293855667114258
2,32,5.155752658843994
2,33,5.445798873901367
2,34,5.926769733428955
2,35,5.381261825561523
2,36,5.39215612411499
2,37,5.125378131866455
2,38,5.4220871925354
2,39,4.920467376708984
2,40,5.416662216186523
2,41,5.245577335357666
2,42,4.962838649749756
2,43,4.6818952560424805
2,44,4.837672233581543
2,45,5.0773024559021
2,46,4.941950798034668
2,47,5.129283905029297
2,48,5.256600856781006
2,49,5.115936279296875
2,50,5.4581522941589355
2,51,5.035067558288574
2,52,5.338647842407227
2,53,5.634994029998779
2,54,5.1034417152404785
2,55,4.870162487030029
2,56,5.079453945159912
2,57,5.338194370269775
2,58,4.750463962554932
2,59,4.823723793029785
2,60,5.186843395233154
2,61,4.731431007385254
2,62,5.185327529907227
2,63,5.05855131149292
2,64,4.8809614181518555
2,65,5.688916206359863
2,66,5.362119197845459
2,67,5.446341514587402
2,68,4.6939239501953125
2,69,4.685027122497559
2,70,5.373234272003174
2,71,5.099025726318359
2,72,4.92366886138916
2,73,5.051414966583252
2,74,4.933513641357422
2,75,5.107602596282959
2,76,4.882643222808838
2,77,5.5558695793151855
2,78,5.090122222900391
2,79,4.9983391761779785
2,80,4.764863014221191
2,81,5.228641033172607
2,82,5.266536712646484
2,83,5.124327182769775
2,84,5.456418514251709
2,85,5.2851762771606445
2,86,5.327025890350342
2,87,5.441915512084961
2,88,5.242815017700195
2,89,4.621170520782471
2,90,5.25283145904541
2,91,5.101537704467773
2,92,5.037097930908203
2,93,5.082301616668701
2,94,5.003060340881348
2,95,5.27262020111084
2,96,4.359010219573975
2,97,4.919164657592773
2,98,5.008452892303467
2,99,5.118964195251465
2,100,5.056874752044678
2,101,5.191227912902832
2,102,5.2807488441467285
2,103,5.123415470123291
2,104,4.940655708312988
2,105,5.0626349449157715
2,106,5.136275291442871
2,107,4.659180164337158
2,108,4.800922393798828
2,109,4.984979629516602
2,110,4.942148208618164
2,111,5.228708744049072
2,112,4.99989128112793
2,113,4.883983135223389
2,114,4.769669055938721
2,115,5.140481472015381
2,116,5.244856834411621
2,117,4.5222039222717285
2,118,4.906954765319824
2,119,4.600372314453125
2,120,5.007911682128906
2,121,4.876054286956787
2,122,4.579764366149902
2,123,5.377044200897217
2,124,4.939844131469727
2,125,5.671929836273193
2,126,5.029378890991211
2,127,4.749989032745361
2,128,5.153008937835693
2,129,4.996519088745117
2,130,5.183976650238037
2,131,4.969926834106445
2,132,4.825302600860596
2,133,5.345288276672363
2,134,4.859535217285156
2,135,4.740115642547607
2,136,4.854219436645508
2,137,5.090385437011719
2,138,4.670248985290527
2,139,5.018836975097656
2,140,4.687419891357422
2,141,4.947826862335205
2,142,4.822648048400879
2,143,4.801999092102051
2,144,4.959560871124268
2,145,4.522719860076904
2,146,4.829875469207764
2,147,4.814891815185547
2,148,4.86856746673584
2,149,5.024450302124023
2,150,4.69569206237793
2,151,5.0287699699401855
2,152,5.315879821777344
2,153,4.921360492706299
2,154,4.914270877838135
2,155,4.886839389801025
2,156,5.105053424835205
2,157,4.6322922706604
2,158,4.789755821228027
2,159,4.964495658874512
2,160,5.376814365386963
2,161,4.7096028327941895
2,162,4.612695693969727
2,163,4.761691093444824
2,164,4.918398857116699
2,165,5.062670707702637
2,166,4.552058696746826
2,167,4.921561241149902
2,168,4.608576774597168
2,169,4.464431285858154
2,170,5.201385021209717
2,171,4.688066482543945
2,172,4.979159832000732
2,173,5.052433490753174
2,174,5.090193748474121
2,175,4.837779998779297
2,176,4.872086524963379
2,177,4.372646331787109
2,178,4.498904228210449
2,179,4.664427280426025
2,180,4.711240768432617
2,181,5.09774112701416
2,182,5.457615375518799
2,183,5.195472240447998
2,184,4.6995954513549805
2,185,4.705617427825928
2,186,4.8697285652160645
2,187,4.603635787963867
2,188,5.532247066497803
2,189,4.812236309051514
2,190,4.507214546203613
2,191,4.793598175048828
2,192,4.848628044128418
2,193,5.109541893005371
2,194,4.393074989318848
2,195,4.789907932281494
2,196,4.633362293243408
2,197,4.798269271850586
2,198,4.98876953125
2,199,4.148153781890869
2,200,4.6941304206848145
2,201,4.429163455963135
2,202,5.1100239753723145
2,203,4.952052116394043
2,204,4.545197010040283
2,205,4.788503646850586
2,206,4.81844425201416
2,207,4.609830379486084
2,208,4.694878578186035
2,209,4.496186256408691
2,210,4.817055702209473
2,211,4.2434401512146
2,212,4.695575714111328
2,213,4.549664497375488
2,214,4.668178081512451
2,215,4.73991584777832
2,216,4.58909797668457
2,217,4.4094767570495605
2,218,4.931853294372559
2,219,4.868727684020996
2,220,5.148828029632568
2,221,4.904340744018555
2,222,5.238897323608398
2,223,3.826962471008301
2,224,4.549482345581055
2,225,4.842207431793213
2,226,4.832626819610596
2,227,4.814544677734375
2,228,5.14071798324585
2,229,5.038132190704346
2,230,4.455684185028076
2,231,4.9171295166015625
2,232,4.6288981437683105
2,233,4.300602912902832
2,234,4.5781073570251465
2,235,4.617730617523193
2,236,4.505300521850586
2,237,5.15177059173584
2,238,5.066216468811035
2,239,4.947964668273926
2,240,4.524544715881348
2,241,4.968293190002441
2,242,4.0634307861328125
2,243,4.430705547332764
2,244,4.284732818603516
2,245,4.896209239959717
2,246,4.676372051239014
2,247,4.8864569664001465
2,248,4.2114739418029785
2,249,5.27788782119751
2,250,4.408209323883057
2,251,4.558136940002441
2,252,3.7961266040802
2,253,4.7971649169921875
2,254,4.898151874542236
2,255,4.6972432136535645
2,256,4.812262535095215
2,257,4.3742804527282715
2,258,5.066988468170166
2,259,4.354067802429199
2,260,4.293582916259766
2,261,4.28515100479126
2,262,4.560274600982666
2,263,3.9123518466949463
2,264,4.870293617248535
2,265,4.112777233123779
2,266,4.52954626083374
2,267,4.4254984855651855
2,268,4.658543586730957
2,269,4.2544755935668945
2,270,4.432332515716553
2,271,4.5756940841674805
2,272,4.484059810638428
2,273,4.697848320007324
2,274,4.517355918884277
2,275,4.362376689910889
2,276,5.105749607086182
2,277,4.706179141998291
2,278,3.5051355361938477
2,279,5.473015785217285
2,280,4.74777364730835
2,281,4.241977214813232
2,282,4.563950538635254
2,283,4.8548431396484375
2,284,4.289696216583252
2,285,4.478531360626221
2,286,4.574294567108154
2,287,4.057356834411621
2,288,4.314687728881836
2,289,4.6424150466918945
2,290,4.343504905700684
2,291,4.394718170166016
2,292,4.853391170501709
2,293,4.710809707641602
2,294,4.336573600769043
2,295,4.920276641845703
2,296,4.78790283203125
2,297,4.720748424530029
2,298,4.561379432678223
2,299,4.646887302398682
2,300,4.522103786468506
2,301,4.448193073272705
2,302,4.010837078094482
2,303,4.55011510848999
2,304,4.377879619598389
2,305,3.931896209716797
2,306,5.275481224060059
2,307,4.986819267272949
2,308,4.3685712814331055
2,309,3.814764976501465
2,310,4.595584869384766
2,311,4.42979097366333
2,312,4.635700225830078
2,313,4.217035293579102
2,314,4.667819976806641
2,315,5.079756736755371
2,316,4.688505172729492
2,317,4.4609761238098145
2,318,3.8986096382141113
2,319,3.678797483444214
2,320,4.0216898918151855
2,321,4.563169479370117
2,322,3.8014676570892334
2,323,4.069140434265137
2,324,3.6897430419921875
2,325,3.8090548515319824
2,326,4.942890644073486
2,327,5.016368865966797
2,328,4.434142589569092
2,329,4.034577369689941
2,330,4.131174087524414
2,331,4.5035247802734375
2,332,4.338559150695801
2,333,4.352752208709717
2,334,4.63765811920166
2,335,4.574702262878418
2,336,4.200171947479248
2,337,3.8358500003814697
2,338,4.475114345550537
2,339,4.758790969848633
2,340,4.308166027069092
2,341,4.140554428100586
2,342,4.775101184844971
2,343,4.6130218505859375
2,344,3.838021755218506
2,345,3.901873826980591
2,346,4.767630577087402
2,347,4.320856094360352
2,348,4.175675392150879
2,349,4.4089484214782715
2,350,3.9844908714294434
2,351,4.723896503448486
2,352,4.213216781616211
2,353,3.897406578063965
2,354,4.689760208129883
2,355,3.607715368270874
2,356,4.2408928871154785
2,357,4.691646099090576
2,358,4.151025772094727
2,359,4.183524131774902
2,360,4.050601482391357
2,361,4.051916599273682
2,362,3.329554319381714
2,363,4.966233253479004
2,364,4.664072036743164
2,365,4.149048805236816
2,366,3.926116466522217
2,367,4.135776042938232
2,368,4.288163661956787
2,369,3.5175952911376953
2,370,3.4118595123291016
2,371,3.671285629272461
2,372,4.867203712463379
2,373,3.722932815551758
2,374,3.9751808643341064
2,375,4.1736884117126465
2,376,4.260347843170166
2,377,3.907608985900879
2,378,3.8443944454193115
2,379,3.53755521774292
2,380,4.456967353820801
2,381,3.774153709411621
2,382,4.445058345794678
2,383,4.315062522888184
2,384,4.155279159545898
2,385,3.9296085834503174
2,386,4.49365234375
2,387,4.4059672355651855
2,388,4.1102094650268555
2,389,4.3855390548706055
2,390,3.9950814247131348
2,391,3.8573732376098633
2,392,4.038338661193848
2,393,4.085203647613525
2,394,3.6004819869995117
2,395,4.291738510131836
2,396,3.9316189289093018
2,397,4.215508460998535
2,398,4.455114364624023
2,399,4.256380081176758
2,400,3.9858734607696533
2,401,3.8878111839294434
2,402,3.5272257328033447
2,403,3.7788095474243164
2,404,4.747049331665039
2,405,4.1014251708984375
2,406,4.210765361785889
2,407,3.520313262939453
2,408,4.135888576507568
2,409,3.810974359512329
2,410,3.9764418601989746
2,411,4.344875335693359
2,412,3.42012882232666
2,413,4.062191963195801
2,414,4.17911958694458
2,415,4.334977626800537
2,416,3.899405002593994
2,417,5.026883125305176
2,418,3.5506653785705566
2,419,4.351851940155029
2,420,4.030428409576416
2,421,3.4156157970428467
2,422,4.460933685302734
2,423,4.090848922729492
2,424,3.9789254665374756
2,425,3.603177070617676
2,426,4.2437567710876465
2,427,4.003787040710449
2,428,4.199507713317871
2,429,4.464425086975098
2,430,3.5210044384002686
2,431,3.826457977294922
2,432,3.687241554260254
2,433,3.8355934619903564
2,434,3.9691848754882812
2,435,3.5829179286956787
2,436,4.5857672691345215
2,437,3.537562370300293
2,438,4.553720951080322
2,439,3.514979600906372
2,440,3.374035120010376
2,441,4.086286544799805
2,442,4.0702667236328125
2,443,3.798429012298584
2,444,3.7421460151672363
2,445,3.762667179107666
2,446,3.5399861335754395
2,447,3.7146310806274414
2,448,4.686168670654297
2,449,3.5431742668151855
2,450,3.33260440826416
2,451,3.2119081020355225
2,452,3.808785915374756
2,453,3.9330246448516846
2,454,4.126413345336914
2,455,3.9645438194274902
2,456,3.17152738571167
2,457,3.917264223098755
2,458,3.475067615509033
2,459,3.695866584777832
2,460,4.180853843688965
2,461,3.7541425228118896
2,462,3.704882860183716
2,463,3.4206528663635254
2,464,3.6865930557250977
2,465,3.281322479248047
2,466,3.706831216812134
2,467,3.254936695098877
2,468,3.7951197624206543
2,469,3.930067539215088
2,470,3.8041434288024902
2,471,4.856932640075684
2,472,3.8945486545562744
2,473,4.051632881164551
2,474,3.7218689918518066
2,475,3.839601516723633
2,476,3.9525094032287598
2,477,3.3616724014282227
2,478,3.7324366569519043
2,479,3.8251729011535645
2,480,3.495652198791504
2,481,4.283246994018555
2,482,3.40388822555542
2,483,4.138030529022217
2,484,3.985440254211426
2,485,3.727567672729492
2,486,3.4400365352630615
2,487,3.3300728797912598
2,488,3.774205207824707
2,489,3.7799758911132812
2,490,4.209656715393066
2,491,3.8141822814941406
2,492,3.4337754249572754
2,493,3.848703145980835
2,494,3.814427614212036
2,495,3.454810619354248
2,496,3.462047815322876
2,497,4.004535675048828
2,498,4.844601154327393
3,0,4.325664043426514
3,1,3.2763216495513916
3,2,3.6329846382141113
3,3,3.785048007965088
3,4,3.8773117065429688
3,5,4.232445240020752
3,6,3.484006404876709
3,7,3.6592957973480225
3,8,3.9045872688293457
3,9,3.1188552379608154
3,10,3.9201507568359375
3,11,3.3662099838256836
3,12,3.631765604019165
3,13,3.596342086791992
3,14,4.649252414703369
3,15,3.433772563934326
3,16,3.9300429821014404
3,17,3.899512767791748
3,18,3.7600769996643066
3,19,3.4075522422790527
3,20,3.9249284267425537
3,21,3.845752239227295
3,22,4.108493328094482
3,23,3.2228825092315674
3,24,3.447190761566162
3,25,3.840498447418213
3,26,4.054549694061279
3,27,3.863340377807617
3,28,3.136681079864502
3,29,3.7173349857330322
3,30,4.445501327514648
3,31,3.3000011444091797
3,32,3.8084747791290283
3,33,3.6016178131103516
3,34,4.156294822692871
3,35,3.8450822830200195
3,36,3.5477962493896484
3,37,3.0602426528930664
3,38,2.9990270137786865
3,39,4.472237586975098
3,40,3.737851619720459
3,41,3.4248948097229004
3,42,3.7437663078308105
3,43,3.717542886734009
3,44,3.689927339553833
3,45,3.7760300636291504
3,46,3.3398547172546387
3,47,4.024879455566406
3,48,3.724379539489746
3,49,3.9049594402313232
3,50,3.0997350215911865
3,51,3.7170708179473877
3,52,3.9101953506469727
3,53,3.503511905670166
3,54,3.8169820308685303
3,55,3.6932146549224854
3,56,3.940251111984253
3,57,3.9869906902313232
3,58,3.6742420196533203
3,59,4.072376728057861
3,60,3.3084280490875244
3,61,3.2929978370666504
3,62,3.884979009628296
3,63,4.171062469482422
3,64,3.190199375152588
3,65,3.6491503715515137
3,66,3.710052251815796
3,67,3.671011447906494
3,68,3.2703893184661865
3,69,3.5791053771972656
3,70,3.5413904190063477
3,71,4.039567947387695
3,72,3.708333969116211
3,73,3.4931130409240723
3,74,3.336223602294922
3,75,3.8636233806610107
3,76,3.9312708377838135
3,77,4.333315849304199
3,78,3.690863609313965
3,79,3.0549838542938232
3,80,3.175316333770752
3,81,4.05440092086792
3,82,4.10496711730957
3,83,3.9759650230407715
3,84,3.0689878463745117
3,85,3.98655104637146
3,86,4.025718688964844
3,87,3.3914101123809814
3,88,4.011073589324951
3,89,3.6893696784973145
3,90,3.333538293838501
3,91,3.7644028663635254
3,92,3.5012590885162354
3,93,3.9493563175201416
3,94,3.8268725872039795
3,95,3.6855528354644775
3,96,3.926006555557251
3,97,3.2966256141662598
3,98,3.7295632362365723
3,99,3.1397528648376465
3,100,3.521832227706909
3,101,3.3374807834625244
3,102,3.4224915504455566
3,103,3.71806263923645
3,104,3.2133495807647705
3,105,3.9309844970703125
3,106,3.352344036102295
3,107,3.4347403049468994
3,108,4.198777675628662
3,109,2.851388692855835
3,110,4.283814430236816
3,111,3.2949724197387695
3,112,3.755570411682129
3,113,3.7315468788146973
3,114,3.702671527862549
3,115,3.704415798187256
3,116,3.7056238651275635
3,117,3.833081007003784
3,118,3.7983968257904053
3,119,3.7122533321380615
3,120,3.2738289833068848
3,121,3.986905336380005
3,122,4.160430908203125
3,123,3.1081247329711914
3,124,3.620229959487915
3,125,3.4774601459503174
3,126,3.9630703926086426
3,127,4.037208557128906
3,128,3.451653242111206
3,129,3.749051094055176
3,130,4.4196953773498535
3,131,3.7971887588500977
3,132,3.8468995094299316
3,133,3.424989700317383
3,134,3.872922897338867
3,135,3.992269515991211
3,136,3.2101011276245117
3,137,3.4908413887023926
3,138,3.4566922187805176
3,139,3.62713885307312
3,140,3.3040859699249268
3,141,4.633419513702393
3,142,4.239422798156738
3,143,3.384920597076416
3,144,3.8011457920074463
3,145,2.9456310272216797
3,146,3.8538389205932617
3,147,3.645648956298828
3,148,3.449551582336426
3,149,3.65234637260437
3,150,3.5729281902313232
3,151,3.4425063133239746
3,152,3.307741165161133
3,153,3.7259793281555176
3,154,3.6059579849243164
3,155,3.0533056259155273
3,156,4.101635456085205
3,157,4.5888471603393555
3,158,3.419200897216797
3,159,4.134505748748779
3,160,3.2117085456848145
3,161,2.8860762119293213
3,162,2.6910948753356934
3,163,3.684831142425537
3,164,2.818477153778076
3,165,3.934490203857422
3,166,3.3235666751861572
3,167,3.376391649246216
3,168,2.9151649475097656
3,169,3.655153751373291
3,170,4.035463333129883
3,171,3.452678680419922
3,172,3.6998238563537598
3,173,3.380760669708252
3,174,3.1373023986816406
3,175,3.5927767753601074
3,176,3.1311697959899902
3,177,4.122213363647461
3,178,3.160881519317627
3,179,3.615184783935547
3,180,3.218735456466675
3,181,2.7649388313293457
3,182,3.22721791267395
3,183,3.101512908935547
3,184,3.7744007110595703
3,185,3.7940433025360107
3,186,3.4102280139923096
3,187,4.011901378631592
3,188,3.1325409412384033
3,189,3.440622329711914
3,190,3.8585309982299805
3,191,3.435472249984741
3,192,3.518233299255371
3,193,4.63783073425293
3,194,3.552882432937622
3,195,4.206071376800537
3,196,3.6346073150634766
3,197,3.544022560119629
3,198,3.383894681930542
3,199,3.6532206535339355
3,200,3.341045618057251
3,201,3.0483343601226807
3,202,2.856545925140381
3,203,3.2362475395202637
3,204,3.7613022327423096
3,205,3.4007203578948975
3,206,3.722607135772705
3,207,3.5161654949188232
3,208,3.5892319679260254
3,209,3.287008285522461
3,210,3.601361036300659
3,211,2.927917003631592
3,212,3.8140792846679688
3,213,3.7715933322906494
3,214,3.24241304397583
3,215,3.781310558319092
3,216,3.222560405731201
3,217,3.223818302154541
3,218,3.2926418781280518
3,219,3.545583486557007
3,220,4.406552314758301
3,221,3.6347851753234863
3,222,3.471714496612549
3,223,3.0768074989318848
3,224,2.86407208442688
3,225,3.0352935791015625
3,226,3.7612152099609375
3,227,3.342188596725464
3,228,2.9434356689453125
3,229,3.2563652992248535
3,230,2.6479058265686035
3,231,3.5484676361083984
3,232,2.8785009384155273
3,233,3.429290294647217
3,234,3.043862819671631
3,235,3.48449969291687
3,236,3.5853257179260254
3,237,3.5433735847473145
3,238,3.434159994125366
3,239,2.904632568359375
3,240,2.892314910888672
3,241,3.5474963188171387
3,242,4.050382614135742
3,243,3.586958169937134
3,244,3.4678454399108887
3,245,3.623459815979004
3,246,3.265864133834839
3,247,3.382688522338867
3,248,3.10135555267334
3,249,3.989575147628784
3,250,2.963313579559326
3,251,2.770442485809326
3,252,3.1196556091308594
3,253,3.4261960983276367
3,254,4.211734771728516
3,255,3.5428266525268555
3,256,3.698803186416626
3,257,3.3953118324279785
3,258,3.3589839935302734
3,259,3.2589030265808105
3,260,3.02571439743042
3,261,3.1330161094665527
3,262,3.788767099380493
3,263,2.8800008296966553
3,264,3.0934360027313232
3,265,3.5882956981658936
3,266,3.698218584060669
3,267,3.061161994934082
3,268,3.542078971862793
3,269,3.3558106422424316
3,270,3.157611846923828
3,271,3.61617112159729
3,272,3.1124753952026367
3,273,3.751857280731201
3,274,3.2380073070526123
3,275,3.345306873321533
3,276,3.0617666244506836
3,277,4.216559410095215
3,278,2.5026838779449463
3,279,3.1194190979003906
3,280,3.2937254905700684
3,281,2.515784740447998
3,282,2.4310061931610107
3,283,3.1757376194000244
3,284,2.860844850540161
3,285,2.9388861656188965
3,286,2.9255447387695312
3,287,3.626349687576294
3,288,2.6135454177856445
3,289,3.71675443649292
3,290,2.6271047592163086
3,291,3.113471031188965
3,292,2.8780386447906494
3,293,2.83622407913208
3,294,2.9029059410095215
3,295,2.93354868888855
3,296,3.6309688091278076
3,297,3.657884120941162
3,298,3.1122207641601562
3,299,4.392450332641602
3,300,3.438399314880371
3,301,3.6760125160217285
3,302,2.577440023422241
3,303,4.113244533538818
3,304,2.770045280456543
3,305,3.3525867462158203
3,306,3.3443355560302734
3,307,3.1712825298309326
3,308,3.1621103286743164
3,309,3.554903745651245
3,310,3.4282007217407227
3,311,3.85703706741333
3,312,3.6822257041931152
3,313,3.896367073059082
3,314,2.9052295684814453
3,315,3.5776453018188477
3,316,3.5633435249328613
3,317,3.6015286445617676
3,318,3.968724489212036
3,319,3.196730852127075
3,320,3.356924533843994
3,321,2.993718147277832
3,322,3.7031850814819336
3,323,2.9818570613861084
3,324,2.659013271331787
3,325,3.3087310791015625
3,326,3.120070457458496
3,327,3.301448345184326
3,328,3.1564362049102783
3,329,3.5638535022735596
3,330,3.200005531311035
3,331,3.565707206726074
3,332,3.313626289367676
3,333,3.1484737396240234
3,334,3.13134765625
3,335,3.8950045108795166
3,336,3.6116108894348145
3,337,3.5414822101593018
3,338,3.519169569015503
3,339,3.2561471462249756
3,340,3.1277055740356445
3,341,2.576521873474121
3,342,2.94977068901062
3,343,2.9597020149230957
3,344,3.2236480712890625
3,345,3.479379892349243
3,346,4.158384799957275
3,347,3.786106824874878
3,348,2.8751208782196045
3,349,3.0368266105651855
3,350,3.3917293548583984
3,351,2.8757853507995605
3,352,3.6423890590667725
3,353,3.304226875305176
3,354,3.734074115753174
3,355,2.7531561851501465
3,356,3.372340202331543
3,357,4.117211818695068
3,358,3.870283603668213
3,359,2.7782464027404785
3,360,3.3489089012145996
3,361,3.1522655487060547
3,362,3.7615878582000732
3,363,3.063603401184082
3,364,3.4876487255096436
3,365,3.3053979873657227
3,366,2.8936381340026855
3,367,3.2549591064453125
3,368,3.383251428604126
3,369,3.9598388671875
3,370,2.7518279552459717
3,371,2.6470820903778076
3,372,3.326841354370117
3,373,4.03880500793457
3,374,3.4292194843292236
3,375,3.1554269790649414
3,376,3.4322047233581543
3,377,2.9887022972106934
3,378,3.051358222961426
3,379,3.112941265106201
3,380,3.316432476043701
3,381,3.136059522628784
3,382,2.85247540473938
3,383,3.1684954166412354
3,384,2.703700065612793
3,385,3.327958345413208
3,386,3.097245216369629
3,387,3.2168707847595215
3,388,3.454592704772949
3,389,3.2089836597442627
3,390,2.7574191093444824
3,391,2.596039056777954
3,392,3.6595804691314697
3,393,2.9990906715393066
3,394,4.05271053314209
3,395,2.9349734783172607
3,396,3.4298043251037598
3,397,3.2458064556121826
3,398,3.0531435012817383
3,399,3.508683204650879
3,400,2.9798660278320312
3,401,3.0476274490356445
3,402,3.8108553886413574
3,403,3.6058287620544434
3,404,2.6958580017089844
3,405,3.097425699234009
3,406,3.4988296031951904
3,407,3.086491107940674
3,408,3.1415724754333496
3,409,3.8681674003601074
3,410,3.1652884483337402
3,411,2.933316707611084
3,412,3.2629165649414062
3,413,2.9546291828155518
3,414,2.8676493167877197
3,415,3.333468437194824
3,416,3.3762757778167725
3,417,3.1066434383392334
3,418,3.2260901927948
3,419,3.2801499366760254
3,420,3.319408893585205
3,421,3.435298442840576
3,422,2.7869138717651367
3,423,3.1680972576141357
3,424,2.973986864089966
3,425,2.6532042026519775
3,426,3.769066333770752
3,427,3.2482433319091797
3,428,3.3357386589050293
3,429,3.3733959197998047
3,430,3.2777328491210938
3,431,3.72294282913208
3,432,3.3231887817382812
3,433,3.9679830074310303
3,434,3.528207540512085
3,435,3.556536912918091
3,436,3.3117728233337402
3,437,3.3706181049346924
3,438,3.223642349243164
3,439,3.417665958404541
3,440,3.680880546569824
3,441,3.051640033721924
3,442,2.577382802963257
3,443,2.8257899284362793
3,444,2.873227596282959
3,445,2.674560308456421
3,446,3.0027453899383545
3,447,3.1095807552337646
3,448,3.4940035343170166
3,449,3.0959413051605225
3,450,3.208007335662842
3,451,4.615179061889648
3,452,3.041843891143799
3,453,2.9428696632385254
3,454,2.8347630500793457
3,455,3.1255533695220947
3,456,2.7831857204437256
3,457,3.5163865089416504
3,458,3.0957305431365967
3,459,3.049468994140625
3,460,2.9245405197143555
3,461,3.2162039279937744
3,462,3.3173484802246094
3,463,3.7523834705352783
3,464,3.5114874839782715
3,465,2.3691043853759766
3,466,2.7177913188934326
3,467,3.0446581840515137
3,468,3.9716789722442627
3,469,3.0769002437591553
3,470,3.4601857662200928
3,471,2.598076820373535
3,472,3.031219720840454
3,473,3.26436448097229
3,474,3.4962754249572754
3,475,2.7698206901550293
3,476,2.425687074661255
3,477,4.008286476135254
3,478,3.5937955379486084
3,479,2.7940826416015625
3,480,3.321049690246582
3,481,3.44321346282959
3,482,3.124415636062622
3,483,3.358011245727539
3,484,3.1736302375793457
3,485,2.949104070663452
3,486,3.232731580734253
3,487,2.4469592571258545
3,488,2.572277545928955
3,489,3.2578001022338867
3,490,2.8950207233428955
3,491,2.9272091388702393
3,492,4.038269519805908
3,493,2.6667752265930176
3,494,2.8344149589538574
3,495,2.7618424892425537
3,496,3.3797245025634766
3,497,2.7867839336395264
3,498,3.2719309329986572
4,0,2.7943553924560547
4,1,2.918287992477417
4,2,3.4048397541046143
4,3,3.580036163330078
4,4,2.682224750518799
4,5,2.6197574138641357
4,6,3.0032429695129395
4,7,3.204833984375
4,8,2.4561901092529297
4,9,3.1356024742126465
4,10,3.0658421516418457
4,11,2.805251121520996
4,12,2.50673770904541
4,13,2.3667848110198975
4,14,3.605337619781494
4,15,2.8419015407562256
4,16,3.3471851348876953
4,17,3.4302237033843994
4,18,3.7381093502044678
4,19,2.9643912315368652
4,20,2.7374606132507324
4,21,2.811861991882324
4,22,2.745846748352051
4,23,3.16072416305542
4,24,3.418217658996582
4,25,3.0819733142852783
4,26,3.525420904159546
4,27,2.844956159591675
4,28,2.868349313735962
4,29,3.279697895050049
4,30,2.9286248683929443
4,31,2.7947425842285156
4,32,2.864285945892334
4,33,2.537686824798584
4,34,3.6978230476379395
4,35,2.8361048698425293
4,36,2.962740421295166
4,37,3.121795892715454
4,38,3.2932417392730713
4,39,2.8491334915161133
4,40,3.2123944759368896
4,41,3.246232509613037
4,42,3.4032559394836426
4,43,2.379852771759033
4,44,2.73305082321167
4,45,2.882614850997925
4,46,2.771348714828491
4,47,3.0313615798950195
4,48,2.7262961864471436
4,49,3.0226356983184814
4,50,2.759239673614502
4,51,3.2643394470214844
4,52,3.25382661819458
4,53,2.7349345684051514
4,54,2.962663173675537
4,55,3.2285025119781494
4,56,2.884718894958496
4,57,2.7667362689971924
4,58,2.766716480255127
4,59,3.3249475955963135
4,60,3.0057926177978516
4,61,2.7774453163146973
4,62,2.4376769065856934
4,63,3.1661629676818848
4,64,2.5611209869384766
4,65,4.289772987365723
4,66,2.626140832901001
4,67,2.7440905570983887
4,68,2.3853628635406494
4,69,3.6583900451660156
4,70,2.742042303085327
4,71,3.5680322647094727
4,72,4.000336647033691
4,73,3.118684768676758
4,74,3.5638034343719482
4,75,3.2582271099090576
4,76,3.30599308013916
4,77,2.837256669998169
4,78,2.9875059127807617
4,79,3.197364091873169
4,80,2.717184543609619
4,81,3.1088507175445557
4,82,3.249706268310547
4,83,3.9088425636291504
4,84,3.011760711669922
4,85,3.0881574153900146
4,86,3.193354606628418
4,87,2.7361111640930176
4,88,3.1676812171936035
4,89,2.9920809268951416
4,90,2.4941999912261963
4,91,2.6768665313720703
4,92,2.9871346950531006
4,93,2.6219406127929688
4,94,3.510122776031494
4,95,3.045841693878174
4,96,2.835625648498535
4,97,3.1864328384399414
4,98,2.8540232181549072
4,99,3.25565767288208
4,100,3.604524612426758
4,101,3.2721729278564453
4,102,2.658051013946533
4,103,3.500136375427246
4,104,3.116518974304199
4,105,3.031937837600708
4,106,2.9300522804260254
4,107,2.904344081878662
4,108,3.7984743118286133
4,109,3.4244675636291504
4,110,2.773381233215332
4,111,3.642571449279785
4,112,2.794647455215454
4,113,3.3291497230529785
4,114,3.009728193283081
4,115,3.750718832015991
4,116,3.1992335319519043
4,117,3.1694953441619873
4,118,3.537429094314575
4,119,2.7295265197753906
4,120,2.8170907497406006
4,121,3.4749324321746826
4,122,2.9277455806732178
4,123,2.540898084640503
4,124,2.5205764770507812
4,125,3.2738330364227295
4,126,3.4790804386138916
4,127,3.2250688076019287
4,128,3.3640296459198
4,129,2.6276488304138184
4,130,3.201422691345215
4,131,2.67655348777771
4,132,2.929919481277466
4,133,3.5702366828918457
4,134,2.9931344985961914
4,135,2.551919937133789
4,136,2.7154741287231445
4,137,2.8936402797698975
4,138,2.76515793800354
4,139,2.831815004348755
4,140,2.7655749320983887
4,141,3.4454689025878906
4,142,3.8288955688476562
4,143,3.1437134742736816
4,144,3.1715030670166016
4,145,2.519878387451172
4,146,3.007355213165283
4,147,3.1445271968841553
4,148,3.348062038421631
4,149,3.455840826034546
4,150,3.43239164352417
4,151,3.5474185943603516
4,152,3.2335915565490723
4,153,2.7565720081329346
4,154,3.3178813457489014
4,155,3.174121856689453
4,156,3.514465570449829
4,157,2.5197534561157227
4,158,2.807389736175537
4,159,3.6703031063079834
4,160,3.750443696975708
4,161,3.1664562225341797
4,162,3.856375217437744
4,163,2.8600733280181885
4,164,3.087643623352051
4,165,2.855577230453491
4,166,3.709125518798828
4,167,2.940591812133789
4,168,3.035278797149658
4,169,3.3065810203552246
4,170,2.9647152423858643
4,171,2.961808681488037
4,172,3.60439133644104
4,173,3.295991897583008
4,174,3.3867392539978027
4,175,3.538752555847168
4,176,2.8776614665985107
4,177,3.1034345626831055
4,178,2.2628684043884277
4,179,2.8473665714263916
4,180,2.658245801925659
4,181,3.5913140773773193
4,182,2.626801013946533
4,183,3.1644818782806396
4,184,3.3974881172180176
4,185,3.2385635375976562
4,186,3.4123005867004395
4,187,2.783376932144165
4,188,3.550830125808716
4,189,3.052480697631836
4,190,3.0299015045166016
4,191,4.312763214111328
4,192,2.8730859756469727
4,193,2.8454785346984863
4,194,2.945833206176758
4,195,3.6179065704345703
4,196,3.1456727981567383
4,197,2.76170015335083
4,198,3.6587228775024414
4,199,2.9088022708892822
4,200,2.798774480819702
4,201,3.1374669075012207
4,202,3.571690797805786
4,203,3.3882601261138916
4,204,2.894367218017578
4,205,2.5982351303100586
4,206,2.8266472816467285
4,207,2.7881555557250977
4,208,2.646104335784912
4,209,2.9894795417785645
4,210,2.075441360473633
4,211,3.205860137939453
4,212,3.034162998199463
4,213,2.744856357574463
4,214,2.980663776397705
4,215,2.918030261993408
4,216,3.119039535522461
4,217,3.3165268898010254
4,218,2.759046792984009
4,219,3.1676902770996094
4,220,3.096771240234375
4,221,3.644723892211914
4,222,2.9568819999694824
4,223,3.5059189796447754
4,224,2.8279547691345215
4,225,3.048410177230835
4,226,2.7517693042755127
4,227,2.4828710556030273
4,228,3.0180156230926514
4,229,2.905823230743408
4,230,2.874027729034424
4,231,2.9239773750305176
4,232,3.411616563796997
4,233,3.3224785327911377
4,234,3.596994400024414
4,235,2.8491721153259277
4,236,3.247962236404419
4,237,3.0219972133636475
4,238,2.935025691986084
4,239,3.8380744457244873
4,240,3.101128578186035
4,241,3.550471305847168
4,242,2.438570022583008
4,243,2.8964004516601562
4,244,3.2075090408325195
4,245,2.5889668464660645
4,246,2.933539628982544
4,247,2.7311935424804688
4,248,3.424748182296753
4,249,2.830065965652466
4,250,3.592883825302124
4,251,2.2587850093841553
4,252,2.948503017425537
4,253,3.629028081893921
4,254,3.26119327545166
4,255,3.0772998332977295
4,256,2.860727310180664
4,257,3.1197378635406494
4,258,3.2554001808166504
4,259,3.3650431632995605
4,260,3.12328839302063
4,261,2.8189854621887207
4,262,3.204789638519287
4,263,2.910193920135498
4,264,3.160829782485962
4,265,2.879462242126465
4,266,2.6956021785736084
4,267,2.4056529998779297
4,268,2.5929484367370605
4,269,4.007182598114014
4,270,2.86484432220459
4,271,3.346254825592041
4,272,3.2460765838623047
4,273,2.814220428466797
4,274,2.533507823944092
4,275,2.8599202632904053
4,276,2.8099894523620605
4,277,2.6776905059814453
4,278,2.6129841804504395
4,279,2.4938812255859375
4,280,2.195399284362793
4,281,2.7519354820251465
4,282,2.4215550422668457
4,283,3.062256336212158
4,284,2.856612205505371
4,285,3.385664939880371
4,286,3.4197726249694824
4,287,3.2864937782287598
4,288,3.2725815773010254
4,289,2.3951199054718018
4,290,2.8453140258789062
4,291,3.547314167022705
4,292,3.562948703765869
4,293,3.2191414833068848
4,294,2.7422266006469727
4,295,2.701061248779297
4,296,2.5466580390930176
4,297,3.1966400146484375
4,298,2.552992343902588
4,299,2.221601963043213
4,300,3.7435505390167236
4,301,2.7286713123321533
4,302,3.7560155391693115
4,303,3.1160147190093994
4,304,2.5244383811950684
4,305,3.0447492599487305
4,306,3.2841787338256836
4,307,2.0530142784118652
4,308,3.179335117340088
4,309,2.6670165061950684
4,310,3.1296017169952393
4,311,2.6001858711242676
4,312,2.763432264328003
4,313,3.3477375507354736
4,314,2.5275866985321045
4,315,2.2947912216186523
4,316,3.063544750213623
4,317,2.857327461242676
4,318,2.5879976749420166
4,319,3.176962375640869
4,320,2.788149833679199
4,321,3.398871421813965
4,322,3.5057425498962402
4,323,2.9292216300964355
4,324,2.987940788269043
4,325,3.0465524196624756
4,326,3.5431084632873535
4,327,2.5464038848876953
4,328,2.7223494052886963
4,329,2.277954578399658
4,330,3.0819058418273926
4,331,2.7087438106536865
4,332,2.42885684967041
4,333,2.9004688262939453
4,334,3.122617244720459
4,335,3.3608453273773193
4,336,3.0194196701049805
4,337,2.653712034225464
4,338,2.7517707347869873
4,339,2.8584444522857666
4,340,3.275494337081909
4,341,2.6353626251220703
4,342,3.474351406097412
4,343,2.4892730712890625
4,344,3.42935848236084
4,345,3.428960084915161
4,346,3.043506145477295
4,347,3.327218770980835
4,348,3.451792001724243
4,349,3.8415184020996094
4,350,3.478010654449463
4,351,3.037208318710327
4,352,2.8779356479644775
4,353,2.803208351135254
4,354,2.3226685523986816
4,355,3.208988666534424
4,356,2.8847615718841553
4,357,2.710465431213379
4,358,3.5362331867218018
4,359,2.8683927059173584
4,360,2.9184024333953857
4,361,2.723085641860962
4,362,3.0804548263549805
4,363,2.626654624938965
4,364,2.2516281604766846
4,365,3.0195891857147217
4,366,3.1448581218719482
4,367,2.5351529121398926
4,368,3.211745500564575
4,369,2.633023500442505
4,370,2.7850356101989746
4,371,3.4470574855804443
4,372,3.2223258018493652
4,373,3.226227283477783
4,374,2.738661289215088
4,375,1.9410481452941895
4,376,2.965510368347168
4,377,2.274402141571045
4,378,3.3954524993896484
4,379,3.326519727706909
4,380,3.357428550720215
4,381,2.585690975189209
4,382,2.982363224029541
4,383,2.391202211380005
4,384,2.8059096336364746
4,385,2.9690003395080566
4,386,2.846992015838623
4,387,2.694108009338379
4,388,2.9991750717163086
4,389,2.4584145545959473
4,390,2.7112221717834473
4,391,2.7561962604522705
4,392,3.0024807453155518
4,393,3.042821168899536
4,394,2.918389320373535
4,395,2.8613860607147217
4,396,2.324685573577881
4,397,3.019000768661499
4,398,3.1767759323120117
4,399,2.7950174808502197
4,400,2.2480034828186035
4,401,2.9478302001953125
4,402,2.5462563037872314
4,403,2.9887518882751465
4,404,2.8089003562927246
4,405,3.437230348587036
4,406,3.4061155319213867
4,407,2.8587770462036133
4,408,3.1366209983825684
4,409,2.314047336578369
4,410,2.4826276302337646
4,411,3.0487403869628906
4,412,2.9491515159606934
4,413,3.4135043621063232
4,414,3.1233768463134766
4,415,2.842848777770996
4,416,2.7774276733398438
4,417,3.0875282287597656
4,418,3.213085651397705
4,419,2.7062039375305176
4,420,2.445751667022705
4,421,3.084056854248047
4,422,2.9921345710754395
4,423,2.8471343517303467
4,424,2.819483757019043
4,425,3.803236484527588
4,426,3.290430784225464
4,427,2.9499800205230713
4,428,2.647279739379883
4,429,3.2493159770965576
4,430,3.126749038696289
4,431,2.4552793502807617
4,432,3.7017273902893066
4,433,2.3704047203063965
4,434,3.1371543407440186
4,435,2.809177875518799
4,436,3.7051901817321777
4,437,2.763274908065796
4,438,2.967853307723999
4,439,3.0961127281188965
4,440,2.914875030517578
4,441,3.0476911067962646
4,442,2.6319801807403564
4,443,2.648082733154297
4,444,2.717705249786377
4,445,3.2920613288879395
4,446,2.392381191253662
4,447,2.9376938343048096
4,448,2.77201509475708
4,449,2.5265488624572754
4,450,3.1095104217529297
4,451,2.8152360916137695
4,452,3.441044569015503
4,453,2.4643404483795166
4,454,2.364345073699951
4,455,2.3011136054992676
4,456,2.591456174850464
4,457,2.4410152435302734
4,458,2.5394060611724854
4,459,3.0328614711761475
4,460,3.207949161529541
4,461,3.1811602115631104
4,462,2.278529167175293
4,463,2.8629069328308105
4,464,2.3307952880859375
4,465,3.588097333908081
4,466,2.6511402130126953
4,467,3.453340530395508
4,468,3.0680413246154785
4,469,2.530947685241699
4,470,3.0774097442626953
4,471,2.4197726249694824
4,472,2.414621114730835
4,473,2.337712049484253
4,474,2.727782964706421
4,475,2.7758266925811768
4,476,3.3049440383911133
4,477,3.486339569091797
4,478,2.5333914756774902
4,479,3.2814457416534424
4,480,2.344773530960083
4,481,3.2590527534484863
4,482,2.7455053329467773
4,483,3.82979679107666
4,484,3.3551337718963623
4,485,2.868919849395752
4,486,3.7789254188537598
4,487,2.8024730682373047
4,488,2.881192207336426
4,489,2.2333102226257324
4,490,3.31909441947937
4,491,2.3836607933044434
4,492,3.4042983055114746
4,493,2.6529154777526855
4,494,2.7979087829589844
4,495,2.5716536045074463
4,496,2.7495107650756836
4,497,3.447604179382324
4,498,2.9309535026550293
5,0,2.642353057861328
5,1,2.927333116531372
5,2,2.6120405197143555
5,3,3.02484393119812
5,4,2.547441244125366
5,5,2.803196668624878
5,6,2.505458116531372
5,7,2.53812313079834
5,8,2.8363113403320312
5,9,3.1384191513061523
5,10,2.8498291969299316
5,11,2.723149538040161
5,12,2.599153518676758
5,13,2.710824728012085
5,14,2.761807441711426
5,15,2.5118608474731445
5,16,2.5442020893096924
5,17,3.178239583969116
5,18,2.3583037853240967
5,19,2.8237226009368896
5,20,2.985617160797119
5,21,2.8744349479675293
5,22,2.790086269378662
5,23,3.1590144634246826
5,24,2.6186561584472656
5,25,3.1558516025543213
5,26,2.630612373352051
5,27,3.7464399337768555
5,28,2.887472152709961
5,29,2.2656726837158203
5,30,2.538999319076538
5,31,2.707566261291504
5,32,2.8238565921783447
5,33,2.8727200031280518
5,34,2.172133445739746
5,35,2.69753098487854
5,36,3.253880500793457
5,37,2.7097220420837402
5,38,2.436392307281494
5,39,4.0309624671936035
5,40,2.3100426197052
5,41,3.7181596755981445
5,42,3.068714141845703
5,43,2.5516631603240967
5,44,3.328000545501709
5,45,2.8122458457946777
5,46,2.7294304370880127
5,47,2.526458740234375
5,48,3.1265597343444824
5,49,2.7760841846466064
5,50,3.0232598781585693
5,51,3.432190179824829
5,52,2.5831034183502197
5,53,3.011679172515869
5,54,1.9838392734527588
5,55,2.265864849090576
5,56,2.5646910667419434
5,57,2.7956161499023438
5,58,3.0698351860046387
5,59,2.824404239654541
5,60,3.7406303882598877
5,61,2.719416379928589
5,62,2.6897430419921875
5,63,2.9630630016326904
5,64,2.5489025115966797
5,65,2.5976130962371826
5,66,2.9439196586608887
5,67,3.3170855045318604
5,68,2.6040244102478027
5,69,2.7347874641418457
5,70,2.630065441131592
5,71,2.8871874809265137
5,72,2.5563313961029053
5,73,3.2730417251586914
5,74,3.005824327468872
5,75,2.988419532775879
5,76,3.1567318439483643
5,77,2.7850253582000732
5,78,2.4995498657226562
5,79,2.8328704833984375
5,80,2.384371519088745
5,81,2.4421441555023193
5,82,2.9452481269836426
5,83,3.017493963241577
5,84,3.0841727256774902
5,85,3.0366392135620117
5,86,2.3691000938415527
5,87,3.1839399337768555
5,88,2.757554054260254
5,89,2.5356245040893555
5,90,2.6966660022735596
5,91,3.1249148845672607
5,92,2.361107587814331
5,93,2.9369277954101562
5,94,3.0828359127044678
5,95,3.680710792541504
5,96,2.800137758255005
5,97,2.2506673336029053
5,98,2.1678504943847656
5,99,3.004798412322998
5,100,2.204003095626831
5,101,2.3784074783325195
5,102,2.827653646469116
5,103,3.1751086711883545
5,104,3.3982510566711426
5,105,3.3131418228149414
5,106,3.0468695163726807
5,107,2.8331432342529297
5,108,3.568619728088379
5,109,2.770192861557007
5,110,2.824007987976074
5,111,3.1900405883789062
5,112,2.5317978858947754
5,113,2.6595897674560547
5,114,2.9816951751708984
5,115,2.4914779663085938
5,116,2.0854010581970215
5,117,3.0569539070129395
5,118,2.5204200744628906
5,119,2.5911426544189453
5,120,3.1382250785827637
5,121,2.709473133087158
5,122,2.6295182704925537
5,123,3.388770580291748
5,124,3.3306353092193604
5,125,2.4147915840148926
5,126,2.7400238513946533
5,127,2.5474610328674316
5,128,3.5528321266174316
5,129,2.9442076683044434
5,130,3.3445286750793457
5,131,3.0723507404327393
5,132,3.111820936203003
5,133,2.609447479248047
5,134,3.1060075759887695
5,135,2.506328821182251
5,136,3.482694149017334
5,137,2.7090349197387695
5,138,2.4115633964538574
5,139,2.1982905864715576
5,140,2.3021974563598633
5,141,2.9195573329925537
5,142,3.1210360527038574
5,143,2.945352077484131
5,144,2.678140640258789
5,145,3.345266342163086
5,146,3.600569725036621
5,147,2.8942742347717285
5,148,3.707364082336426
5,149,3.0347442626953125
5,150,2.2168397903442383
5,151,2.312363386154175
5,152,3.185396432876587
5,153,2.671813726425171
5,154,2.9868674278259277
5,155,2.9872260093688965
5,156,2.367109775543213
5,157,3.14054536819458
5,158,3.407000780105591
5,159,4.234718322753906
5,160,3.0840003490448
5,161,2.8169667720794678
5,162,3.1182546615600586
5,163,3.193193197250366
5,164,2.6159868240356445
5,165,2.413055419921875
5,166,2.8093619346618652
5,167,3.001316785812378
5,168,2.5090596675872803
5,169,2.514207363128662
5,170,2.895190477371216
5,171,3.107332229614258
5,172,3.250234365463257
5,173,3.233492374420166
5,174,2.718597650527954
5,175,3.085073709487915
5,176,2.731903553009033
5,177,2.4140398502349854
5,178,3.183685302734375
5,179,3.3544321060180664
5,180,3.3870339393615723
5,181,2.549983501434326
5,182,2.9639618396759033
5,183,2.569493293762207
5,184,3.32196307182312
5,185,2.7004401683807373
5,186,2.7883198261260986
5,187,2.4675955772399902
5,188,3.2361414432525635
5,189,2.4399352073669434
5,190,2.8615615367889404
5,191,2.9105119705200195
5,192,2.392016887664795
5,193,2.9070117473602295
5,194,2.8946402072906494
5,195,3.22597074508667
5,196,2.5411458015441895
5,197,3.237727165222168
5,198,3.0564773082733154
5,199,2.3691725730895996
5,200,2.609710931777954
5,201,2.771967887878418
5,202,2.576932907104492
5,203,2.383629322052002
5,204,2.4415557384490967
5,205,3.1420645713806152
5,206,2.450953245162964
5,207,2.7873728275299072
5,208,2.759634494781494
5,209,3.0303874015808105
5,210,2.5862174034118652
5,211,3.02827787399292
5,212,2.439889907836914
5,213,2.894137382507324
5,214,3.9265551567077637
5,215,3.4268689155578613
5,216,3.312102794647217
5,217,2.5822536945343018
5,218,2.821030616760254
5,219,2.8623063564300537
5,220,2.445842742919922
5,221,3.676517963409424
5,222,2.2390315532684326
5,223,2.7054853439331055
5,224,3.083890199661255
5,225,2.5293684005737305
5,226,2.6239328384399414
5,227,2.6338868141174316
5,228,2.6618361473083496
5,229,2.8002071380615234
5,230,3.0198140144348145
5,231,2.592578887939453
5,232,2.293231964111328
5,233,3.3717870712280273
5,234,2.4018356800079346
5,235,2.0877580642700195
5,236,3.6431095600128174
5,237,2.7979235649108887
5,238,2.368655204772949
5,239,2.459228038787842
5,240,2.523374557495117
5,241,3.3202269077301025
5,242,2.907188892364502
5,243,3.4971365928649902
5,244,2.795476198196411
5,245,2.8786771297454834
5,246,2.3838610649108887
5,247,3.7631378173828125
5,248,2.74079966545105
5,249,2.5845465660095215
5,250,2.8441195487976074
5,251,2.1750786304473877
5,252,2.498987913131714
5,253,2.7655906677246094
5,254,2.4187517166137695
5,255,2.7233495712280273
5,256,3.431990146636963
5,257,2.305433511734009
5,258,3.1328396797180176
5,259,2.8724796772003174
5,260,2.6245174407958984
5,261,2.9979655742645264
5,262,2.909573793411255
5,263,2.065647602081299
5,264,2.5605974197387695
5,265,2.7710394859313965
5,266,2.253495693206787
5,267,2.3678066730499268
5,268,2.6701114177703857
5,269,2.4621293544769287
5,270,2.454207181930542
5,271,3.3953235149383545
5,272,2.5869851112365723
5,273,2.4192054271698
5,274,2.9529731273651123
5,275,2.547821521759033
5,276,2.8934707641601562
5,277,2.5580105781555176
5,278,2.6633379459381104
5,279,2.815000295639038
5,280,3.719339370727539
5,281,2.5967278480529785
5,282,2.6080126762390137
5,283,3.045081615447998
5,284,3.3657822608947754
5,285,3.3010056018829346
5,286,2.4570202827453613
5,287,3.076604127883911
5,288,2.1990387439727783
5,289,3.6133761405944824
5,290,3.1188278198242188
5,291,2.2003307342529297
5,292,2.743650436401367
5,293,2.4202537536621094
5,294,2.4112207889556885
5,295,2.683807134628296
5,296,2.302663564682007
5,297,2.5675711631774902
5,298,2.8094558715820312
5,299,2.919203281402588
5,300,3.1580312252044678
5,301,2.5215883255004883
5,302,2.535322666168213
5,303,2.7818870544433594
5,304,2.88997220993042
5,305,2.600022315979004
5,306,2.7277579307556152
5,307,3.3643946647644043
5,308,2.795905351638794
5,309,2.6428165435791016
5,310,3.1607065200805664
5,311,2.9294259548187256
5,312,2.4975955486297607
5,313,2.9831936359405518
5,314,3.132336378097534
5,315,2.4296135902404785
5,316,2.4536571502685547
5,317,2.7653892040252686
5,318,2.6402735710144043
5,319,3.083526849746704
5,320,3.328770399093628
5,321,2.5218734741210938
5,322,2.6817479133605957
5,323,2.377469062805176
5,324,2.7153124809265137
5,325,2.626429557800293
5,326,3.5166258811950684
5,327,2.6671059131622314
5,328,2.3525543212890625
5,329,3.2650203704833984
5,330,2.5866899490356445
5,331,2.7938265800476074
5,332,2.538848400115967
5,333,2.8667125701904297
5,334,2.5250260829925537
5,335,3.7917566299438477
5,336,2.961905002593994
5,337,2.8835628032684326
5,338,3.221651554107666
5,339,2.852292060852051
5,340,3.096445322036743
5,341,2.589824676513672
5,342,2.804253101348877
5,343,3.4312915802001953
5,344,2.629478693008423
5,345,2.2887282371520996
5,346,3.119464874267578
5,347,2.448146343231201
5,348,2.3367857933044434
5,349,2.4481770992279053
5,350,2.706679344177246
5,351,2.8489630222320557
5,352,3.168935775756836
5,353,3.165510654449463
5,354,2.7957777976989746
5,355,3.140676498413086
5,356,4.112604141235352
5,357,2.61830735206604
5,358,2.587772846221924
5,359,2.7037436962127686
5,360,3.1365177631378174
5,361,2.1871097087860107
5,362,2.439061164855957
5,363,2.33535099029541
5,364,2.4916038513183594
5,365,2.600205421447754
5,366,2.850480079650879
5,367,2.701815128326416
5,368,2.9229817390441895
5,369,2.3340210914611816
5,370,2.680673360824585
5,371,2.536677122116089
5,372,3.4007956981658936
5,373,2.4985439777374268
5,374,2.5363974571228027
5,375,3.1056454181671143
5,376,2.7617239952087402
5,377,2.9898314476013184
5,378,3.0554280281066895
5,379,3.528263568878174
5,380,2.736666202545166
5,381,2.8033952713012695
5,382,2.2977259159088135
5,383,2.5174102783203125
5,384,2.9941866397857666
5,385,3.983837604522705
5,386,3.1209025382995605
5,387,2.3674252033233643
5,388,3.0509226322174072
5,389,2.7287049293518066
5,390,2.668823480606079
5,391,2.919160842895508
5,392,2.3497416973114014
5,393,2.1738672256469727
5,394,2.3832359313964844
5,395,2.529083251953125
5,396,2.610304355621338
5,397,2.391617774963379
5,398,2.6274306774139404
5,399,3.296548366546631
5,400,2.4195165634155273
5,401,2.383162498474121
5,402,2.798333168029785
5,403,2.8956961631774902
5,404,2.915469169616699
5,405,3.229332447052002
5,406,3.413607597351074
5,407,2.511712074279785
5,408,2.490349292755127
5,409,2.5247950553894043
5,410,2.7920165061950684
5,411,2.5054478645324707
5,412,2.673614501953125
5,413,2.584529399871826
5,414,2.8889050483703613
5,415,2.664346218109131
5,416,2.7682151794433594
5,417,2.4981818199157715
5,418,2.8782663345336914
5,419,2.5621461868286133
5,420,2.3620946407318115
5,421,2.404791831970215
5,422,2.9193105697631836
5,423,3.0347588062286377
5,424,3.308462142944336
5,425,2.9688920974731445
5,426,3.73506498336792
5,427,2.856671094894409
5,428,3.3547616004943848
5,429,2.642845392227173
5,430,2.1771373748779297
5,431,2.1591858863830566
5,432,2.2003018856048584
5,433,3.205008029937744
5,434,2.8549718856811523
5,435,3.29536771774292
5,436,3.3199405670166016
5,437,2.915178060531616
5,438,2.457921266555786
5,439,2.911668539047241
5,440,2.7195005416870117
5,441,2.1222169399261475
5,442,2.4755587577819824
5,443,2.1805403232574463
5,444,3.2018227577209473
5,445,2.423262596130371
5,446,2.4376282691955566
5,447,2.599324941635132
5,448,2.9954159259796143
5,449,2.3414254188537598
5,450,2.4827561378479004
5,451,2.709024667739868
5,452,3.3167717456817627
5,453,2.4049315452575684
5,454,2.4318716526031494
5,455,2.5448358058929443
5,456,2.8059606552124023
5,457,3.155470371246338
5,458,3.112018346786499
5,459,3.2830913066864014
5,460,2.5154871940612793
5,461,2.869419574737549
5,462,2.8371450901031494
5,463,3.2421369552612305
5,464,2.5960135459899902
5,465,3.0852878093719482
5,466,2.900958299636841
5,467,2.7477023601531982
5,468,2.9784722328186035
5,469,3.249472141265869
5,470,2.8452725410461426
5,471,2.8242015838623047
5,472,2.7203402519226074
5,473,2.671915292739868
5,474,2.417990207672119
5,475,2.5614442825317383
5,476,2.0519731044769287
5,477,2.524393320083618
5,478,2.8939781188964844
5,479,2.736067771911621
5,480,2.0934886932373047
5,481,2.433480739593506
5,482,2.113063097000122
5,483,2.464726448059082
5,484,3.248917818069458
5,485,2.5289466381073
5,486,2.5803091526031494
5,487,2.8240208625793457
5,488,2.6520566940307617
5,489,2.714587450027466
5,490,2.0971622467041016
5,491,3.400333881378174
5,492,2.0377776622772217
5,493,2.635469913482666
5,494,2.718198299407959
5,495,2.2395737171173096
5,496,2.511312246322632
5,497,3.055288791656494
5,498,2.037604331970215
6,0,2.2308051586151123
6,1,2.411855936050415
6,2,2.612729549407959
6,3,2.019097328186035
6,4,2.4940381050109863
6,5,2.3626208305358887
6,6,3.245483875274658
6,7,3.4961047172546387
6,8,2.7072319984436035
6,9,2.330329656600952
6,10,2.7202279567718506
6,11,2.514404296875
6,12,2.093487024307251
6,13,2.428727388381958
6,14,2.842092275619507
6,15,3.262284278869629
6,16,2.6882758140563965
6,17,2.8618292808532715
6,18,2.1595029830932617
6,19,2.268038749694824
6,20,2.632143020629883
6,21,2.3708410263061523
6,22,3.097815752029419
6,23,3.244581460952759
6,24,2.5231595039367676
6,25,2.1501736640930176
6,26,2.4723215103149414
6,27,2.8982319831848145
6,28,2.513411045074463
6,29,2.8012919425964355
6,30,3.011354446411133
6,31,2.486584186553955
6,32,2.0583338737487793
6,33,2.735250234603882
6,34,2.944406270980835
6,35,2.1143620014190674
6,36,2.630840301513672
6,37,2.529287815093994
6,38,2.813152313232422
6,39,2.753063917160034
6,40,2.819079875946045
6,41,2.960284471511841
6,42,3.00152587890625
6,43,2.8999485969543457
6,44,2.6802895069122314
6,45,2.8035073280334473
6,46,2.670977830886841
6,47,2.733834981918335
6,48,2.804777145385742
6,49,2.6684410572052
6,50,2.6095314025878906
6,51,3.9443509578704834
6,52,3.070782423019409
6,53,2.794614553451538
6,54,2.2564585208892822
6,55,3.065246343612671
6,56,2.138378858566284
6,57,2.6306958198547363
6,58,3.291834831237793
6,59,2.7502479553222656
6,60,2.386392116546631
6,61,2.4622862339019775
6,62,2.296262741088867
6,63,2.5109026432037354
6,64,2.0894875526428223
6,65,2.5582900047302246
6,66,3.078988552093506
6,67,2.94862699508667
6,68,2.2571494579315186
6,69,2.4993481636047363
6,70,2.7352139949798584
6,71,3.4422483444213867
6,72,2.2882802486419678
6,73,2.579531669616699
6,74,2.468986749649048
6,75,2.8969855308532715
6,76,3.1081814765930176
6,77,2.3940231800079346
6,78,2.9611949920654297
6,79,2.9090445041656494
6,80,2.706047534942627
6,81,2.3666322231292725
6,82,2.5421910285949707
6,83,2.613337516784668
6,84,2.870962142944336
6,85,2.859462022781372
6,86,2.2183475494384766
6,87,2.827573776245117
6,88,2.538630962371826
6,89,2.672011613845825
6,90,2.0049545764923096
6,91,2.680251359939575
6,92,3.1351120471954346
6,93,3.179821014404297
6,94,2.580975294113159
6,95,2.689391613006592
6,96,2.8138375282287598
6,97,2.398394823074341
6,98,2.587545394897461
6,99,2.4291796684265137
6,100,2.429668426513672
6,101,2.650298833847046
6,102,2.3136816024780273
6,103,3.0880815982818604
6,104,2.932403802871704
6,105,2.771831512451172
6,106,2.5566115379333496
6,107,2.4693291187286377
6,108,2.4680440425872803
6,109,2.225069522857666
6,110,3.128983974456787
6,111,2.4154529571533203
6,112,2.556389331817627
6,113,3.0925302505493164
6,114,3.304431676864624
6,115,2.757906198501587
6,116,2.8212027549743652
6,117,2.464326858520508
6,118,2.3900394439697266
6,119,2.0257391929626465
6,120,3.442344903945923
6,121,2.857423782348633
6,122,2.718008518218994
6,123,3.05139422416687
6,124,2.3460731506347656
6,125,2.264747142791748
6,126,2.49232816696167
6,127,3.206460952758789
6,128,2.4060544967651367
6,129,2.6747868061065674
6,130,2.349628448486328
6,131,2.7112326622009277
6,132,3.064892053604126
6,133,3.2494277954101562
6,134,2.523563861846924
6,135,2.944200038909912
6,136,2.221153497695923
6,137,2.958277702331543
6,138,3.5732359886169434
6,139,2.7087626457214355
6,140,2.4984922409057617
6,141,2.5998294353485107
6,142,1.9544057846069336
6,143,2.5049571990966797
6,144,2.3341479301452637
6,145,2.5660619735717773
6,146,2.5933194160461426
6,147,2.4109153747558594
6,148,2.7697598934173584
6,149,3.3125123977661133
6,150,2.7792251110076904
6,151,3.287414789199829
6,152,3.0178043842315674
6,153,2.6547274589538574
6,154,4.035195350646973
6,155,1.999889612197876
6,156,2.4548370838165283
6,157,2.5415618419647217
6,158,2.589263439178467
6,159,2.6710548400878906
6,160,3.2911527156829834
6,161,2.0670149326324463
6,162,2.7170767784118652
6,163,2.751608371734619
6,164,2.476162910461426
6,165,2.480149507522583
6,166,2.290099620819092
6,167,2.3819968700408936
6,168,2.197882652282715
6,169,2.947277545928955
6,170,2.7550668716430664
6,171,3.374046564102173
6,172,2.5337705612182617
6,173,2.352898597717285
6,174,2.427198886871338
6,175,2.7262845039367676
6,176,2.6387414932250977
6,177,2.623725175857544
6,178,2.5183444023132324
6,179,3.397035598754883
6,180,2.586150646209717
6,181,2.6132259368896484
6,182,2.6519954204559326
6,183,2.762728214263916
6,184,2.467390775680542
6,185,1.989743709564209
6,186,2.6642980575561523
6,187,2.4618067741394043
6,188,2.431920051574707
6,189,2.580716133117676
6,190,2.7742390632629395
6,191,2.3694052696228027
6,192,2.9759349822998047
6,193,2.5646846294403076
6,194,2.872382402420044
6,195,2.830967903137207
6,196,3.142202138900757
6,197,2.769178867340088
6,198,1.9931528568267822
6,199,2.1917662620544434
6,200,2.182220697402954
6,201,3.5414702892303467
6,202,2.96379017829895
6,203,2.9321558475494385
6,204,3.100327968597412
6,205,2.140204906463623
6,206,2.374082326889038
6,207,2.60109806060791
6,208,2.161126136779785
6,209,2.5637435913085938
6,210,2.7313733100891113
6,211,2.56437087059021
6,212,2.6755573749542236
6,213,3.378025770187378
6,214,3.3576009273529053
6,215,2.6471588611602783
6,216,2.657902717590332
6,217,2.7435874938964844
6,218,2.459988594055176
6,219,2.4618606567382812
6,220,2.477499485015869
6,221,2.9297308921813965
6,222,3.307326316833496
6,223,2.4409120082855225
6,224,3.385287284851074
6,225,2.8153297901153564
6,226,3.019134759902954
6,227,2.845752716064453
6,228,2.582453727722168
6,229,2.6937835216522217
6,230,2.8026809692382812
6,231,2.5852456092834473
6,232,2.7693023681640625
6,233,3.1520321369171143
6,234,2.496109962463379
6,235,2.54423451423645
6,236,2.864748477935791
6,237,2.6283750534057617
6,238,3.272484302520752
6,239,2.6558547019958496
6,240,2.6681041717529297
6,241,2.6111714839935303
6,242,2.9173834323883057
6,243,2.304840087890625
6,244,2.4482240676879883
6,245,2.488955497741699
6,246,3.2806215286254883
6,247,2.7461905479431152
6,248,3.660926342010498
6,249,3.0944924354553223
6,250,2.479982614517212
6,251,2.3006961345672607
6,252,2.4030563831329346
6,253,2.367591381072998
6,254,2.4140753746032715
6,255,2.0648317337036133
6,256,2.0829386711120605
6,257,2.398421287536621
6,258,2.8717856407165527
6,259,3.010550022125244
6,260,2.685443878173828
6,261,2.5767862796783447
6,262,2.1837210655212402
6,263,2.835308074951172
6,264,2.7785043716430664
6,265,2.5798182487487793
6,266,2.7418994903564453
6,267,3.061908006668091
6,268,2.6423263549804688
6,269,2.76228666305542
6,270,2.328395366668701
6,271,3.1123008728027344
6,272,2.754655599594116
6,273,2.773939609527588
6,274,3.106227397918701
6,275,2.6626105308532715
6,276,2.529094696044922
6,277,2.6478633880615234
6,278,3.103405475616455
6,279,2.7369580268859863
6,280,2.8490309715270996
6,281,2.860995292663574
6,282,2.3757762908935547
6,283,2.6067726612091064
6,284,2.9664082527160645
6,285,2.773324489593506
6,286,2.5149269104003906
6,287,2.3551857471466064
6,288,2.926506996154785
6,289,2.9029414653778076
6,290,2.806014060974121
6,291,2.7919979095458984
6,292,2.230410099029541
6,293,2.8587307929992676
6,294,2.5609073638916016
6,295,2.3409409523010254
6,296,1.984294056892395
6,297,2.765092134475708
6,298,2.400054454803467
6,299,2.5644514560699463
6,300,3.0047426223754883
6,301,3.195131301879883
6,302,2.3061342239379883
6,303,3.13334584236145
6,304,2.850815773010254
6,305,2.764721632003784
6,306,2.5247716903686523
6,307,2.9208426475524902
6,308,2.614753484725952
6,309,2.467742919921875
6,310,2.1702523231506348
6,311,2.138241767883301
6,312,2.636115074157715
6,313,2.562089443206787
6,314,2.4543704986572266
6,315,2.5837807655334473
6,316,2.2469258308410645
6,317,2.417853832244873
6,318,3.015049934387207
6,319,2.6433897018432617
6,320,3.1591577529907227
6,321,1.8525699377059937
6,322,2.743809461593628
6,323,2.9517242908477783
6,324,2.381035566329956
6,325,2.2998313903808594
6,326,2.914428949356079
6,327,2.52885103225708
6,328,2.599802017211914
6,329,2.3858022689819336
6,330,2.2517905235290527
6,331,2.39150333404541
6,332,2.00295352935791
6,333,2.5531673431396484
6,334,2.695815324783325
6,335,2.038939952850342
6,336,2.375920295715332
6,337,2.0098724365234375
6,338,2.742035150527954
6,339,3.362884521484375
6,340,2.14294171333313
6,341,2.112542152404785
6,342,2.5623531341552734
6,343,3.2711377143859863
6,344,2.251317024230957
6,345,2.680643081665039
6,346,2.3887088298797607
6,347,2.6256160736083984
6,348,2.6755125522613525
6,349,2.935250759124756
6,350,1.9053189754486084
6,351,2.9728779792785645
6,352,2.710505962371826
6,353,3.90582275390625
6,354,3.002051830291748
6,355,2.2534780502319336
6,356,2.620281219482422
6,357,2.3518974781036377
6,358,2.2682604789733887
6,359,2.3641648292541504
6,360,3.0412943363189697
6,361,2.967958450317383
6,362,3.2176263332366943
6,363,2.174807548522949
6,364,2.76731014251709
6,365,2.504420280456543
6,366,2.7349884510040283
6,367,2.8353214263916016
6,368,2.522261142730713
6,369,2.855762481689453
6,370,2.51715087890625
6,371,2.290374517440796
6,372,2.390798568725586
6,373,2.4158787727355957
6,374,2.221980571746826
6,375,2.2399489879608154
6,376,2.259800910949707
6,377,2.8821449279785156
6,378,2.527235984802246
6,379,3.161231517791748
6,380,2.761812210083008
6,381,2.2356455326080322
6,382,2.4063143730163574
6,383,1.9005792140960693
6,384,2.7892653942108154
6,385,3.440105676651001
6,386,3.0365846157073975
6,387,2.6852805614471436
6,388,2.876373767852783
6,389,2.1820411682128906
6,390,2.7496418952941895
6,391,2.550952196121216
6,392,2.726907730102539
6,393,2.9179940223693848
6,394,3.0260941982269287
6,395,2.5902061462402344
6,396,2.838592767715454
6,397,2.9321370124816895
6,398,3.0158369541168213
6,399,2.3899106979370117
6,400,2.812718152999878
6,401,3.6734232902526855
6,402,2.4163174629211426
6,403,2.829183578491211
6,404,2.4698734283447266
6,405,2.634608030319214
6,406,2.691633939743042
6,407,2.3838653564453125
6,408,3.1476192474365234
6,409,2.402031421661377
6,410,3.5416786670684814
6,411,2.630582571029663
6,412,3.0008432865142822
6,413,2.663914442062378
6,414,2.52978515625
6,415,2.38737416267395
6,416,2.898634195327759
6,417,2.1126954555511475
6,418,2.764383316040039
6,419,2.5722262859344482
6,420,2.6705589294433594
6,421,2.2688498497009277
6,422,2.530524492263794
6,423,2.440241575241089
6,424,3.117361545562744
6,425,2.125413656234741
6,426,3.011235237121582
6,427,2.212895393371582
6,428,2.3858776092529297
6,429,1.8542227745056152
6,430,2.4702906608581543
6,431,2.606069803237915
6,432,2.2675228118896484
6,433,2.9787049293518066
6,434,2.329519748687744
6,435,3.231071949005127
6,436,2.3052940368652344
6,437,2.245152235031128
6,438,2.684260845184326
6,439,3.003925085067749
6,440,2.1039414405822754
6,441,2.341533660888672
6,442,2.7862823009490967
6,443,2.847399950027466
6,444,2.5216283798217773
6,445,2.2557785511016846
6,446,2.331169843673706
6,447,2.543100595474243
6,448,2.1700916290283203
6,449,2.6999101638793945
6,450,2.401151180267334
6,451,3.133756399154663
6,452,2.4977869987487793
6,453,3.0208396911621094
6,454,2.296529769897461
6,455,2.5839970111846924
6,456,2.453768253326416
6,457,2.5126214027404785
6,458,2.1198291778564453
6,459,2.9074578285217285
6,460,2.455735683441162
6,461,2.927227020263672
6,462,2.5630123615264893
6,463,2.133725166320801
6,464,2.1464366912841797
6,465,2.800266742706299
6,466,2.8770229816436768
6,467,2.6170883178710938
6,468,3.7734341621398926
6,469,2.221391201019287
6,470,2.511583089828491
6,471,2.7365031242370605
6,472,1.8169218301773071
6,473,2.3844056129455566
6,474,2.6614696979522705
6,475,2.4148359298706055
6,476,3.321765184402466
6,477,2.2970495223999023
6,478,3.0162551403045654
6,479,2.3237833976745605
6,480,2.761302947998047
6,481,3.6330928802490234
6,482,2.752535820007324
6,483,2.2484426498413086
6,484,2.7107253074645996
6,485,2.525392770767212
6,486,2.4262382984161377
6,487,2.8164479732513428
6,488,2.869335651397705
6,489,2.872319221496582
6,490,2.7235589027404785
6,491,2.84780216217041
6,492,2.2781982421875
6,493,3.1169097423553467
6,494,2.5525903701782227
6,495,3.2158560752868652
6,496,2.7924225330352783
6,497,3.0722434520721436
6,498,2.3903684616088867
7,0,2.577272891998291
7,1,2.6437487602233887
7,2,2.7913081645965576
7,3,2.640944004058838
7,4,2.5678365230560303
7,5,2.911656141281128
7,6,2.439228057861328
7,7,2.3737897872924805
7,8,2.1103782653808594
7,9,2.214586019515991
7,10,2.2174553871154785
7,11,1.941820502281189
7,12,2.8603477478027344
7,13,2.2002663612365723
7,14,3.0044126510620117
7,15,2.1397016048431396
7,16,2.187884569168091
7,17,3.186455011367798
7,18,2.263143301010132
7,19,2.699134349822998
7,20,2.3068666458129883
7,21,2.0495951175689697
7,22,2.7148923873901367
7,23,2.6227834224700928
7,24,2.065427780151367
7,25,2.685784101486206
7,26,2.407041549682617
7,27,2.494551181793213
7,28,2.5746145248413086
7,29,2.284909248352051
7,30,2.5832653045654297
7,31,2.4930944442749023
7,32,2.676119804382324
7,33,2.643078565597534
7,34,2.3429336547851562
7,35,2.1444334983825684
7,36,2.425750494003296
7,37,2.830381393432617
7,38,3.111227035522461
7,39,2.5863075256347656
7,40,2.553006887435913
7,41,2.6299490928649902
7,42,2.5789859294891357
7,43,2.6937928199768066
7,44,3.1226773262023926
7,45,2.902712345123291
7,46,2.7786121368408203
7,47,1.9806501865386963
7,48,2.3540267944335938
7,49,2.90859055519104
7,50,2.2486019134521484
7,51,2.0970497131347656
7,52,3.0179200172424316
7,53,2.7429020404815674
7,54,2.2896652221679688
7,55,3.1698994636535645
7,56,2.670768976211548
7,57,2.4516184329986572
7,58,1.9946717023849487
7,59,2.5014047622680664
7,60,2.553936004638672
7,61,2.979597568511963
7,62,2.7812962532043457
7,63,2.47340726852417
7,64,2.493950843811035
7,65,1.927531123161316
7,66,2.529404640197754
7,67,3.0523383617401123
7,68,2.347304582595825
7,69,2.317570686340332
7,70,2.2663979530334473
7,71,2.866370916366577
7,72,2.4020187854766846
7,73,2.859151601791382
7,74,2.7298238277435303
7,75,2.577427387237549
7,76,2.6842637062072754
7,77,2.4094371795654297
7,78,2.943192481994629
7,79,2.883991003036499
7,80,2.369065761566162
7,81,2.5152556896209717
7,82,1.8632292747497559
7,83,3.6440539360046387
7,84,2.160382032394409
7,85,2.5443508625030518
7,86,2.6964950561523438
7,87,3.1410841941833496
7,88,2.3671863079071045
7,89,2.6065027713775635
7,90,2.220031261444092
7,91,3.249692916870117
7,92,2.3523519039154053
7,93,2.5600674152374268
7,94,2.7369351387023926
7,95,2.312465190887451
7,96,2.374828338623047
7,97,3.1037797927856445
7,98,2.9853150844573975
7,99,2.55234432220459
7,100,2.2368457317352295
7,101,2.5598254203796387
7,102,2.6772332191467285
7,103,2.9579904079437256
7,104,2.499643087387085
7,105,2.971837043762207
7,106,2.462348699569702
7,107,2.287038564682007
7,108,2.1516382694244385
7,109,2.6326191425323486
7,110,3.1128578186035156
7,111,2.6485700607299805
7,112,2.2727866172790527
7,113,2.223884344100952
7,114,2.5244312286376953
7,115,2.7741732597351074
7,116,3.0764949321746826
7,117,2.9287025928497314
7,118,3.2768633365631104
7,119,3.3061976432800293
7,120,2.924683094024658
7,121,2.7416372299194336
7,122,2.8884975910186768
7,123,2.1070761680603027
7,124,2.9859366416931152
7,125,2.947692632675171
7,126,2.1033992767333984
7,127,3.0144739151000977
7,128,2.608248710632324
7,129,2.3513944149017334
7,130,2.982656955718994
7,131,2.7562079429626465
7,132,2.630873203277588
7,133,2.3445346355438232
7,134,2.674905776977539
7,135,2.106102466583252
7,136,2.4683637619018555
7,137,2.170933246612549
7,138,2.1643319129943848
7,139,3.2325549125671387
7,140,2.037356376647949
7,141,2.599687337875366
7,142,2.1681785583496094
7,143,2.74430775642395
7,144,2.6205527782440186
7,145,2.3123273849487305
7,146,2.256542682647705
7,147,2.466888666152954
7,148,2.746267795562744
7,149,2.489668846130371
7,150,2.666635274887085
7,151,2.991197109222412
7,152,2.417663097381592
7,153,2.398138999938965
7,154,3.2069029808044434
7,155,2.417485237121582
7,156,2.562525749206543
7,157,2.98311185836792
7,158,2.7135777473449707
7,159,1.8317937850952148
7,160,2.3430323600769043
7,161,2.5035524368286133
7,162,2.4767518043518066
7,163,2.550286293029785
7,164,2.485921859741211
7,165,4.121337413787842
7,166,2.072984457015991
7,167,2.8758015632629395
7,168,2.297689199447632
7,169,2.2404251098632812
7,170,2.5928359031677246
7,171,2.371108055114746
7,172,2.369882106781006
7,173,2.398468494415283
7,174,2.6958906650543213
7,175,2.928050994873047
7,176,2.779799699783325
7,177,2.276724338531494
7,178,2.1030354499816895
7,179,2.4957025051116943
7,180,2.893266201019287
7,181,2.266911506652832
7,182,2.2097063064575195
7,183,2.972083330154419
7,184,3.0292868614196777
7,185,2.6789159774780273
7,186,2.3011627197265625
7,187,2.787950038909912
7,188,2.257157325744629
7,189,2.932645797729492
7,190,3.2248311042785645
7,191,2.5066637992858887
7,192,2.764291763305664
7,193,2.6234962940216064
7,194,1.9982388019561768
7,195,2.1453258991241455
7,196,2.8352737426757812
7,197,2.318843364715576
7,198,2.0738296508789062
7,199,2.4222068786621094
7,200,2.475304365158081
7,201,2.457797050476074
7,202,2.3061037063598633
7,203,2.3347835540771484
7,204,2.4986448287963867
7,205,2.5936472415924072
7,206,2.282848358154297
7,207,2.6432175636291504
7,208,2.300690174102783
7,209,2.444186210632324
7,210,2.4345366954803467
7,211,3.2414584159851074
7,212,3.021634817123413
7,213,2.182260036468506
7,214,2.418760299682617
7,215,2.838205575942993
7,216,2.9889273643493652
7,217,3.53377628326416
7,218,2.6359400749206543
7,219,2.389252185821533
7,220,2.3754312992095947
7,221,2.2825911045074463
7,222,2.326500177383423
7,223,3.389636993408203
7,224,2.737938404083252
7,225,2.110530138015747
7,226,2.3472931385040283
7,227,2.257235050201416
7,228,2.010287284851074
7,229,2.2581887245178223
7,230,2.1520111560821533
7,231,2.634089469909668
7,232,2.2820334434509277
7,233,2.080097198486328
7,234,2.7125778198242188
7,235,2.5817556381225586
7,236,2.2882096767425537
7,237,2.7072954177856445
7,238,2.5333640575408936
7,239,2.2448296546936035
7,240,2.640479564666748
7,241,2.4759016036987305
7,242,2.959608793258667
7,243,2.4297099113464355
7,244,2.1573476791381836
7,245,3.1202030181884766
7,246,2.0995423793792725
7,247,2.8209407329559326
7,248,2.5292186737060547
7,249,2.610142230987549
7,250,3.4377992153167725
7,251,2.2789576053619385
7,252,2.1628122329711914
7,253,2.6679773330688477
7,254,2.4424901008605957
7,255,1.6704483032226562
7,256,3.278665542602539
7,257,3.0143723487854004
7,258,2.244994640350342
7,259,2.3864850997924805
7,260,2.9913229942321777
7,261,3.0094008445739746
7,262,1.909600019454956
7,263,2.6366608142852783
7,264,1.879425287246704
7,265,2.679642677307129
7,266,1.8285651206970215
7,267,2.6378414630889893
7,268,2.301239490509033
7,269,2.2885842323303223
7,270,1.846631646156311
7,271,2.6162924766540527
7,272,2.0796122550964355
7,273,2.4176039695739746
7,274,2.295961380004883
7,275,2.6479544639587402
7,276,2.4003219604492188
7,277,2.5521457195281982
7,278,2.6763813495635986
7,279,2.4425430297851562
7,280,2.5280585289001465
7,281,3.761483907699585
7,282,2.5662412643432617
7,283,2.4224045276641846
7,284,2.1106882095336914
7,285,1.8904731273651123
7,286,2.698603630065918
7,287,2.5370497703552246
7,288,2.455951690673828
7,289,2.6726512908935547
7,290,2.468130588531494
7,291,2.7920265197753906
7,292,3.016155958175659
7,293,1.847038984298706
7,294,2.928433418273926
7,295,1.9047954082489014
7,296,2.697476625442505
7,297,2.663088798522949
7,298,2.0639023780822754
7,299,2.574408531188965
7,300,2.4486351013183594
7,301,3.104396104812622
7,302,2.6100940704345703
7,303,2.5372684001922607
7,304,2.2672512531280518
7,305,2.592879295349121
7,306,3.0802557468414307
7,307,2.118835926055908
7,308,2.2409467697143555
7,309,2.4412994384765625
7,310,2.5332388877868652
7,311,2.5373737812042236
7,312,2.4412131309509277
7,313,3.5910604000091553
7,314,2.272444725036621
7,315,2.6352665424346924
7,316,2.237241268157959
7,317,2.0109546184539795
7,318,2.4227454662323
7,319,2.0334644317626953
7,320,2.328097105026245
7,321,2.881110429763794
7,322,3.008755683898926
7,323,2.804103374481201
7,324,2.4604530334472656
7,325,2.543900966644287
7,326,2.340397834777832
7,327,2.446896553039551
7,328,2.71463680267334
7,329,2.4225263595581055
7,330,2.8828017711639404
7,331,1.7929563522338867
7,332,1.7766954898834229
7,333,2.625575065612793
7,334,2.5352911949157715
7,335,2.2923989295959473
7,336,2.4533379077911377
7,337,2.601550579071045
7,338,2.372560739517212
7,339,2.009509801864624
7,340,2.5103917121887207
7,341,2.822183609008789
7,342,2.2936928272247314
7,343,2.6165719032287598
7,344,2.8933749198913574
7,345,2.693392276763916
7,346,2.323380470275879
7,347,2.9483678340911865
7,348,2.9260518550872803
7,349,2.2945356369018555
7,350,2.9145665168762207
7,351,2.6400511264801025
7,352,2.509019374847412
7,353,3.4069314002990723
7,354,2.452453374862671
7,355,3.1655988693237305
7,356,2.174605369567871
7,357,2.7256405353546143
7,358,2.333682060241699
7,359,3.48113751411438
7,360,2.107053518295288
7,361,2.4327807426452637
7,362,2.160478353500366
7,363,2.304405450820923
7,364,2.5607428550720215
7,365,3.5928831100463867
7,366,2.5744123458862305
7,367,2.713716983795166
7,368,2.28332257270813
7,369,1.8181345462799072
7,370,2.4626975059509277
7,371,2.483217716217041
7,372,2.4960007667541504
7,373,3.052417755126953
7,374,2.3631463050842285
7,375,2.3828914165496826
7,376,2.4520201683044434
7,377,2.447704553604126
7,378,3.3774521350860596
7,379,2.3055739402770996
7,380,2.3708064556121826
7,381,2.2178943157196045
7,382,2.480525016784668
7,383,2.77074933052063
7,384,2.5890603065490723
7,385,2.935361385345459
7,386,2.680926561355591
7,387,2.884307622909546
7,388,2.356412649154663
7,389,2.5157384872436523
7,390,2.723459482192993
7,391,2.6509461402893066
7,392,2.6608588695526123
7,393,2.280078411102295
7,394,2.2688708305358887
7,395,3.5853512287139893
7,396,2.6998021602630615
7,397,2.7809722423553467
7,398,2.7703301906585693
7,399,2.4064388275146484
7,400,3.4586474895477295
7,401,3.1380560398101807
7,402,2.8052849769592285
7,403,2.868382453918457
7,404,2.561041831970215
7,405,2.8222644329071045
7,406,3.4147849082946777
7,407,2.4626107215881348
7,408,2.2485060691833496
7,409,2.8444337844848633
7,410,2.1131181716918945
7,411,2.413038492202759
7,412,3.257408618927002
7,413,2.621384620666504
7,414,2.1944336891174316
7,415,2.7593801021575928
7,416,2.588111162185669
7,417,2.244250774383545
7,418,2.464540481567383
7,419,2.6977643966674805
7,420,2.1996917724609375
7,421,2.931248188018799
7,422,2.2768025398254395
7,423,2.3708019256591797
7,424,2.5485575199127197
7,425,2.6141879558563232
7,426,2.1567957401275635
7,427,2.9139790534973145
7,428,2.6046266555786133
7,429,2.861704111099243
7,430,3.1612818241119385
7,431,2.186638832092285
7,432,2.2129998207092285
7,433,2.1758270263671875
7,434,2.912384510040283
7,435,2.7454640865325928
7,436,2.3145289421081543
7,437,2.0229873657226562
7,438,2.337371587753296
7,439,2.4086685180664062
7,440,2.1464250087738037
7,441,2.749871253967285
7,442,3.064236640930176
7,443,2.1611735820770264
7,444,2.6835732460021973
7,445,2.415872097015381
7,446,2.4015166759490967
7,447,2.8278355598449707
7,448,2.2447926998138428
7,449,2.163888931274414
7,450,2.5871429443359375
7,451,2.745488166809082
7,452,2.3578763008117676
7,453,2.341118335723877
7,454,3.031717300415039
7,455,2.572450637817383
7,456,3.0750911235809326
7,457,2.670400619506836
7,458,2.482182025909424
7,459,2.2674107551574707
7,460,2.3129830360412598
7,461,2.1590185165405273
7,462,2.6847164630889893
7,463,2.1165080070495605
7,464,2.127312421798706
7,465,2.858325719833374
7,466,2.311292886734009
7,467,2.980485439300537
7,468,2.237002372741699
7,469,2.215987205505371
7,470,1.971062421798706
7,471,2.212100028991699
7,472,2.1798925399780273
7,473,2.779386520385742
7,474,2.631423234939575
7,475,2.2316408157348633
7,476,2.919809341430664
7,477,2.578383445739746
7,478,3.262894630432129
7,479,2.5738730430603027
7,480,2.3946540355682373
7,481,2.23378324508667
7,482,2.22175669670105
7,483,2.280287981033325
7,484,2.4739060401916504
7,485,2.2870752811431885
7,486,2.718416213989258
7,487,2.6140871047973633
7,488,2.410814046859741
7,489,2.613832950592041
7,490,2.243077516555786
7,491,2.2788867950439453
7,492,3.0311686992645264
7,493,2.956632375717163
7,494,2.102138042449951
7,495,2.128408432006836
7,496,2.7654829025268555
7,497,2.3264834880828857
7,498,2.078596353530884
8,0,3.2440593242645264
8,1,1.9102180004119873
8,2,3.431112051010132
8,3,1.905823826789856
8,4,1.9613749980926514
8,5,3.021354913711548
8,6,2.016263008117676
8,7,2.6217129230499268
8,8,2.968818426132202
8,9,2.2437522411346436
8,10,2.6670942306518555
8,11,2.260390281677246
8,12,2.262866497039795
8,13,2.2712926864624023
8,14,1.9969316720962524
8,15,1.9671106338500977
8,16,1.9049198627471924
8,17,2.159417152404785
8,18,2.8508901596069336
8,19,3.450997829437256
8,20,2.2558674812316895
8,21,2.504866123199463
8,22,2.209561824798584
8,23,2.389657497406006
8,24,2.149627447128296
8,25,2.19370698928833
8,26,2.884035110473633
8,27,2.0573794841766357
8,28,2.7749457359313965
8,29,2.286940336227417
8,30,2.0408248901367188
8,31,2.379793167114258
8,32,2.434849500656128
8,33,2.404878854751587
8,34,2.4187448024749756
8,35,2.46812105178833
8,36,2.6031296253204346
8,37,2.450254440307617
8,38,2.5869812965393066
8,39,3.0770511627197266
8,40,2.64993953704834
8,41,2.3839049339294434
8,42,2.5163345336914062
8,43,2.689764976501465
8,44,2.5121078491210938
8,45,2.623666524887085
8,46,3.139108657836914
8,47,2.711876392364502
8,48,3.079469680786133
8,49,2.7390658855438232
8,50,2.7911181449890137
8,51,2.2276597023010254
8,52,2.5082874298095703
8,53,2.1276206970214844
8,54,2.7129225730895996
8,55,2.6296186447143555
8,56,2.3146796226501465
8,57,2.7421374320983887
8,58,2.2631301879882812
8,59,2.706270694732666
8,60,2.1241936683654785
8,61,2.569281578063965
8,62,2.3374247550964355
8,63,2.0651755332946777
8,64,2.2300026416778564
8,65,2.0798096656799316
8,66,2.172980785369873
8,67,2.6580522060394287
8,68,2.1526145935058594
8,69,2.145630121231079
8,70,2.3310134410858154
8,71,2.398360252380371
8,72,2.74080753326416
8,73,2.4355380535125732
8,74,2.1164493560791016
8,75,2.63653564453125
8,76,2.4337849617004395
8,77,2.256007194519043
8,78,2.379605293273926
8,79,2.4832775592803955
8,80,1.9338159561157227
8,81,2.8478078842163086
8,82,2.6895060539245605
8,83,2.291517734527588
8,84,3.8474621772766113
8,85,2.538220167160034
8,86,2.3375329971313477
8,87,2.6214795112609863
8,88,2.354583263397217
8,89,2.5021450519561768
8,90,2.142195701599121
8,91,2.1401467323303223
8,92,2.051934003829956
8,93,2.1803643703460693
8,94,2.440073251724243
8,95,2.184739589691162
8,96,2.5551211833953857
8,97,2.968846321105957
8,98,2.3867177963256836
8,99,2.644779682159424
8,100,2.1818156242370605
8,101,2.7809245586395264
8,102,2.269296646118164
8,103,1.9938030242919922
8,104,2.5528404712677
8,105,1.990243673324585
8,106,2.788501501083374
8,107,2.59212064743042
8,108,2.60817289352417
8,109,2.256682872772217
8,110,1.6522886753082275
8,111,2.3532538414001465
8,112,2.722017765045166
8,113,2.047498941421509
8,114,2.3453361988067627
8,115,2.1435532569885254
8,116,2.0961644649505615
8,117,2.6650867462158203
8,118,2.851719617843628
8,119,2.8109171390533447
8,120,2.5786049365997314
8,121,2.134599208831787
8,122,2.7324750423431396
8,123,3.1256895065307617
8,124,3.1217575073242188
8,125,1.9864414930343628
8,126,2.4398744106292725
8,127,2.5831656455993652
8,128,2.3417422771453857
8,129,3.3056843280792236
8,130,2.4379758834838867
8,131,2.3881468772888184
8,132,2.184067487716675
8,133,2.605578899383545
8,134,2.68546462059021
8,135,2.276728630065918
8,136,2.7282040119171143
8,137,2.178889751434326
8,138,2.550971508026123
8,139,3.1936745643615723
8,140,2.041146993637085
8,141,2.470600128173828
8,142,2.297180414199829
8,143,2.4690678119659424
8,144,2.7575480937957764
8,145,2.724734306335449
8,146,2.2051148414611816
8,147,1.9438766241073608
8,148,2.4884374141693115
8,149,3.120089054107666
8,150,2.1395554542541504
8,151,2.4445645809173584
8,152,2.432128429412842
8,153,2.7289562225341797
8,154,2.6043829917907715
8,155,2.9009485244750977
8,156,3.4422080516815186
8,157,2.723238706588745
8,158,2.272153377532959
8,159,2.404350996017456
8,160,2.5536022186279297
8,161,2.1356143951416016
8,162,2.6187312602996826
8,163,1.998562216758728
8,164,2.359410285949707
8,165,2.4511256217956543
8,166,2.080150604248047
8,167,2.337841033935547
8,168,2.6266322135925293
8,169,2.7134861946105957
8,170,2.7344489097595215
8,171,2.4362034797668457
8,172,2.9776787757873535
8,173,2.337362051010132
8,174,2.2769832611083984
8,175,1.9483023881912231
8,176,2.4638214111328125
8,177,2.2690117359161377
8,178,2.692779779434204
8,179,2.3208513259887695
8,180,2.4281044006347656
8,181,2.594958543777466
8,182,2.7470579147338867
8,183,3.3474996089935303
8,184,3.0625627040863037
8,185,2.1115996837615967
8,186,1.9373242855072021
8,187,1.9805039167404175
8,188,2.1646978855133057
8,189,2.438047170639038
8,190,2.2636783123016357
8,191,2.756716012954712
8,192,2.269545316696167
8,193,2.768331527709961
8,194,2.6753196716308594
8,195,2.482666254043579
8,196,2.585737466812134
8,197,3.228976011276245
8,198,2.658798933029175
8,199,2.451085329055786
8,200,2.32942533493042
8,201,2.337418556213379
8,202,2.0702970027923584
8,203,2.073038101196289
8,204,3.350978136062622
8,205,2.166015148162842
8,206,2.619063377380371
8,207,2.4772143363952637
8,208,2.544774293899536
8,209,2.247581958770752
8,210,2.0899600982666016
8,211,2.2215428352355957
8,212,3.0286953449249268
8,213,2.139561414718628
8,214,2.5831246376037598
8,215,2.7930071353912354
8,216,2.555091142654419
8,217,2.8467671871185303
8,218,2.8001952171325684
8,219,2.1313536167144775
8,220,2.495677947998047
8,221,1.8061002492904663
8,222,2.8111112117767334
8,223,2.6425812244415283
8,224,2.2013320922851562
8,225,2.2075085639953613
8,226,2.4593706130981445
8,227,2.2111284732818604
8,228,2.740851402282715
8,229,2.3999886512756348
8,230,2.1373186111450195
8,231,2.5488600730895996
8,232,2.329564094543457
8,233,2.7200348377227783
8,234,2.8956594467163086
8,235,2.03411865234375
8,236,2.7144932746887207
8,237,2.262065887451172
8,238,2.710510730743408
8,239,2.116309404373169
8,240,2.08606219291687
8,241,2.471937417984009
8,242,2.300065755844116
8,243,2.1172714233398438
8,244,2.2774384021759033
8,245,2.5369491577148438
8,246,2.6387078762054443
8,247,2.688324213027954
8,248,2.4276397228240967
8,249,2.8366682529449463
8,250,2.258159637451172
8,251,2.3972246646881104
8,252,2.0213918685913086
8,253,2.599788188934326
8,254,2.9306554794311523
8,255,2.3207950592041016
8,256,2.183760643005371
8,257,3.2646358013153076
8,258,2.639181613922119
8,259,1.9148335456848145
8,260,1.9973725080490112
8,261,2.135359525680542
8,262,1.6483961343765259
8,263,2.705639362335205
8,264,2.9494893550872803
8,265,2.609198570251465
8,266,1.9241974353790283
8,267,2.730180501937866
8,268,2.0836405754089355
8,269,3.072040557861328
8,270,2.6141653060913086
8,271,2.9305500984191895
8,272,3.1150612831115723
8,273,2.2693772315979004
8,274,2.8099708557128906
8,275,2.1862103939056396
8,276,2.107578754425049
8,277,2.3667800426483154
8,278,2.3119521141052246
8,279,2.014857292175293
8,280,2.949183225631714
8,281,2.5649218559265137
8,282,2.8230180740356445
8,283,3.300814628601074
8,284,2.457249164581299
8,285,2.3726258277893066
8,286,2.737673759460449
8,287,2.4685308933258057
8,288,2.790925979614258
8,289,2.7490832805633545
8,290,2.637399673461914
8,291,1.9988596439361572
8,292,1.9998899698257446
8,293,2.333388090133667
8,294,3.0125508308410645
8,295,2.4875307083129883
8,296,2.4788753986358643
8,297,2.3213002681732178
8,298,1.897013783454895
8,299,2.631840944290161
8,300,2.0379860401153564
8,301,2.302194595336914
8,302,2.1959426403045654
8,303,2.6290111541748047
8,304,2.2051589488983154
8,305,2.156660795211792
8,306,2.20755672454834
8,307,3.2616472244262695
8,308,2.010094165802002
8,309,2.4214088916778564
8,310,2.1840765476226807
8,311,2.47200608253479
8,312,1.902236819267273
8,313,2.116243362426758
8,314,2.3055367469787598
8,315,2.389225482940674
8,316,2.3697409629821777
8,317,1.8473570346832275
8,318,2.0224850177764893
8,319,3.047116994857788
8,320,2.746595621109009
8,321,2.1356842517852783
8,322,2.2425198554992676
8,323,2.271036148071289
8,324,2.122577428817749
8,325,2.238858699798584
8,326,2.7129292488098145
8,327,2.9555106163024902
8,328,2.3441858291625977
8,329,2.5703821182250977
8,330,3.160125970840454
8,331,2.4160213470458984
8,332,2.233941078186035
8,333,2.6451847553253174
8,334,2.9460055828094482
8,335,2.9494099617004395
8,336,2.4067654609680176
8,337,2.136331558227539
8,338,2.9624810218811035
8,339,2.619101047515869
8,340,3.000755786895752
8,341,2.379117250442505
8,342,2.273933172225952
8,343,2.231074810028076
8,344,2.628319263458252
8,345,2.054781913757324
8,346,2.9864120483398438
8,347,2.4550821781158447
8,348,2.999943256378174
8,349,3.381169080734253
8,350,2.526958465576172
8,351,2.542916774749756
8,352,2.487926959991455
8,353,2.696929931640625
8,354,2.1997687816619873
8,355,2.4782066345214844
8,356,2.146456241607666
8,357,2.2886300086975098
8,358,2.410388946533203
8,359,2.405221462249756
8,360,2.632394552230835
8,361,2.3120107650756836
8,362,2.477656364440918
8,363,2.1656312942504883
8,364,2.2401678562164307
8,365,2.7938427925109863
8,366,2.5561134815216064
8,367,2.2829196453094482
8,368,2.3108458518981934
8,369,2.2280995845794678
8,370,2.1790995597839355
8,371,2.3973536491394043
8,372,2.702281951904297
8,373,2.5252296924591064
8,374,2.3700873851776123
8,375,2.5899410247802734
8,376,2.5332226753234863
8,377,2.6937131881713867
8,378,2.076768398284912
8,379,2.6051154136657715
8,380,2.4888553619384766
8,381,2.886493682861328
8,382,2.6657631397247314
8,383,2.6016225814819336
8,384,2.3482882976531982
8,385,2.332317590713501
8,386,2.1600253582000732
8,387,2.5151734352111816
8,388,2.335212230682373
8,389,2.280209541320801
8,390,2.0783965587615967
8,391,2.211634397506714
8,392,2.5336806774139404
8,393,2.186685562133789
8,394,2.113584518432617
8,395,2.004469394683838
8,396,2.4464101791381836
8,397,3.312027931213379
8,398,1.7613413333892822
8,399,1.9746644496917725
8,400,2.090135097503662
8,401,2.8237743377685547
8,402,1.8586504459381104
8,403,2.539454460144043
8,404,2.658047676086426
8,405,2.019282817840576
8,406,2.207193613052368
8,407,2.299783229827881
8,408,2.925612211227417
8,409,2.1444873809814453
8,410,2.747744560241699
8,411,2.943129062652588
8,412,2.1116888523101807
8,413,1.9495930671691895
8,414,1.846887230873108
8,415,2.5498876571655273
8,416,2.848395347595215
8,417,2.0591838359832764
8,418,2.1681694984436035
8,419,2.1431169509887695
8,420,2.292426109313965
8,421,2.542509078979492
8,422,2.057811975479126
8,423,2.6192703247070312
8,424,2.344095230102539
8,425,3.206742763519287
8,426,2.753051996231079
8,427,2.1414215564727783
8,428,2.138826370239258
8,429,2.5498530864715576
8,430,2.0226337909698486
8,431,2.4419913291931152
8,432,2.2375576496124268
8,433,2.237612247467041
8,434,2.2974019050598145
8,435,2.649188995361328
8,436,2.940713405609131
8,437,3.4543838500976562
8,438,2.1697683334350586
8,439,1.6107838153839111
8,440,2.5813655853271484
8,441,2.8176462650299072
8,442,2.681609630584717
8,443,2.282989263534546
8,444,2.6964192390441895
8,445,1.9489619731903076
8,446,2.236823081970215
8,447,2.333735466003418
8,448,3.058222770690918
8,449,2.257193088531494
8,450,2.4129157066345215
8,451,2.2892351150512695
8,452,2.270862102508545
8,453,2.1326560974121094
8,454,2.611288070678711
8,455,2.91029691696167
8,456,2.0615508556365967
8,457,2.2558774948120117
8,458,2.6201186180114746
8,459,2.748377799987793
8,460,2.109670639038086
8,461,2.515432119369507
8,462,3.004601240158081
8,463,2.1280744075775146
8,464,2.390484571456909
8,465,2.9878950119018555
8,466,2.603858232498169
8,467,2.2172012329101562
8,468,2.487149238586426
8,469,2.513875961303711
8,470,2.4925551414489746
8,471,2.4135971069335938
8,472,2.5116806030273438
8,473,2.0226621627807617
8,474,2.3527393341064453
8,475,2.549359083175659
8,476,2.288738250732422
8,477,2.3749265670776367
8,478,2.656191110610962
8,479,1.859549641609192
8,480,2.226360559463501
8,481,2.0818839073181152
8,482,2.4427075386047363
8,483,2.991145610809326
8,484,2.432161808013916
8,485,2.9480323791503906
8,486,2.5629844665527344
8,487,2.4504895210266113
8,488,2.827989339828491
8,489,2.286850690841675
8,490,2.4089677333831787
8,491,2.2878472805023193
8,492,2.435593605041504
8,493,2.409259080886841
8,494,2.1069626808166504
8,495,2.683748722076416
8,496,2.0984561443328857
8,497,2.579127311706543
8,498,1.9596421718597412
9,0,2.403881311416626
9,1,2.464512348175049
9,2,2.459970474243164
9,3,2.5020222663879395
9,4,2.4975268840789795
9,5,2.438011884689331
9,6,2.2880821228027344
9,7,2.2224278450012207
9,8,2.740401268005371
9,9,2.367098808288574
9,10,2.468895673751831
9,11,2.421175479888916
9,12,2.0490283966064453
9,13,3.350132465362549
9,14,2.386465072631836
9,15,2.7151105403900146
9,16,2.6508779525756836
9,17,2.3193650245666504
9,18,2.4006028175354004
9,19,2.1287989616394043
9,20,2.1566402912139893
9,21,2.452826499938965
9,22,1.7329888343811035
9,23,2.0508534908294678
9,24,2.3021090030670166
9,25,2.288830041885376
9,26,1.8744289875030518
9,27,2.720863103866577
9,28,2.163302421569824
9,29,2.0408122539520264
9,30,2.21321177482605
9,31,2.3691587448120117
9,32,2.643589973449707
9,33,2.274994373321533
9,34,2.869489908218384
9,35,2.5734424591064453
9,36,2.2830705642700195
9,37,2.800220251083374
9,38,2.500488519668579
9,39,2.764958620071411
9,40,2.4885568618774414
9,41,2.1347484588623047
9,42,2.201958179473877
9,43,1.9651864767074585
9,44,2.252135753631592
9,45,1.7542057037353516
9,46,2.321000814437866
9,47,2.3065543174743652
9,48,2.3728740215301514
9,49,2.8246634006500244
9,50,1.799339771270752
9,51,1.9067968130111694
9,52,2.624376058578491
9,53,2.3675742149353027
9,54,3.8735766410827637
9,55,2.791297197341919
9,56,2.198322296142578
9,57,2.085404396057129
9,58,2.7385754585266113
9,59,2.4970340728759766
9,60,2.9643986225128174
9,61,3.0423760414123535
9,62,2.1313235759735107
9,63,2.2765469551086426
9,64,2.4657132625579834
9,65,2.226285457611084
9,66,1.9773311614990234
9,67,2.5388951301574707
9,68,2.3615989685058594
9,69,2.2757630348205566
9,70,2.3536741733551025
9,71,2.58567214012146
9,72,2.6343140602111816
9,73,1.8361752033233643
9,74,3.0067028999328613
9,75,2.8870022296905518
9,76,2.0927939414978027
9,77,1.9243308305740356
9,78,2.3539326190948486
9,79,3.011296510696411
9,80,2.380161762237549
9,81,3.050234317779541
9,82,2.6274971961975098
9,83,2.519489288330078
9,84,2.5935451984405518
9,85,2.9876790046691895
9,86,2.660696506500244
9,87,2.624030113220215
9,88,2.243133544921875
9,89,2.41633939743042
9,90,2.839460849761963
9,91,1.7513281106948853
9,92,3.0185768604278564
9,93,2.6633691787719727
9,94,2.152454376220703
9,95,2.723764419555664
9,96,2.070322036743164
9,97,1.9612889289855957
9,98,2.3360941410064697
9,99,2.36563777923584
9,100,2.647890090942383
9,101,2.4637513160705566
9,102,2.2613964080810547
9,103,3.0181262493133545
9,104,2.8315532207489014
9,105,2.453322410583496
9,106,2.657747268676758
9,107,2.4807169437408447
9,108,2.6451241970062256
9,109,2.4190211296081543
9,110,2.8355722427368164
9,111,1.8537170886993408
9,112,2.5366969108581543
9,113,2.13014554977417
9,114,2.265465497970581
9,115,2.5423338413238525
9,116,2.1422677040100098
9,117,2.072530746459961
9,118,2.5682339668273926
9,119,2.3692691326141357
9,120,2.0005040168762207
9,121,2.4969992637634277
9,122,2.1759417057037354
9,123,2.6129109859466553
9,124,2.3966145515441895
9,125,2.7162423133850098
9,126,2.2314515113830566
9,127,2.2497692108154297
9,128,2.412196159362793
9,129,2.317089796066284
9,130,3.0020737648010254
9,131,2.635206937789917
9,132,2.0378201007843018
9,133,2.799661159515381
9,134,2.7084062099456787
9,135,2.5691490173339844
9,136,2.893151044845581
9,137,2.112222671508789
9,138,2.421855926513672
9,139,2.014181137084961
9,140,2.2077481746673584
9,141,2.112302780151367
9,142,2.321012496948242
9,143,2.307157039642334
9,144,2.247653007507324
9,145,2.567110061645508
9,146,2.9918718338012695
9,147,3.4184682369232178
9,148,2.07075834274292
9,149,2.339111804962158
9,150,2.7085049152374268
9,151,2.8299238681793213
9,152,3.2271389961242676
9,153,1.9109371900558472
9,154,2.388093948364258
9,155,2.0531952381134033
9,156,1.8924314975738525
9,157,2.5160250663757324
9,158,2.225430488586426
9,159,2.0918641090393066
9,160,2.1111390590667725
9,161,2.6144630908966064
9,162,2.757821798324585
9,163,2.348630905151367
9,164,2.0849361419677734
9,165,2.6483283042907715
9,166,1.8268673419952393
9,167,2.857581615447998
9,168,2.652564764022827
9,169,2.233187675476074
9,170,2.512824058532715
9,171,2.8098769187927246
9,172,2.769681215286255
9,173,2.3178634643554688
9,174,2.750307083129883
9,175,2.2753326892852783
9,176,2.723231077194214
9,177,2.0244462490081787
9,178,3.1487679481506348
9,179,1.9256258010864258
9,180,2.1451876163482666
9,181,2.530277729034424
9,182,2.936892032623291
9,183,1.8105888366699219
9,184,1.8742084503173828
9,185,2.389737129211426
9,186,2.547806739807129
9,187,2.280651569366455
9,188,2.421339511871338
9,189,2.094296455383301
9,190,2.137930393218994
9,191,2.558488130569458
9,192,3.015864849090576
9,193,2.684823989868164
9,194,3.092130661010742
9,195,2.300201654434204
9,196,2.078217029571533
9,197,2.566382884979248
9,198,1.810051679611206
9,199,2.3123574256896973
9,200,2.709315776824951
9,201,2.5884852409362793
9,202,2.7334046363830566
9,203,3.144784688949585
9,204,2.2645251750946045
9,205,2.2757973670959473
9,206,2.3689310550689697
9,207,2.4366626739501953
9,208,2.8137013912200928
9,209,1.8851182460784912
9,210,2.3464608192443848
9,211,2.2831778526306152
9,212,2.4184036254882812
9,213,2.4793787002563477
9,214,2.0398483276367188
9,215,2.1404004096984863
9,216,2.3208541870117188
9,217,1.9139971733093262
9,218,2.2516045570373535
9,219,2.196042060852051
9,220,1.7146284580230713
9,221,2.4652698040008545
9,222,2.5095062255859375
9,223,2.9244251251220703
9,224,2.471564769744873
9,225,2.747387409210205
9,226,2.251291275024414
9,227,1.8470383882522583
9,228,2.033172607421875
9,229,4.1864824295043945
9,230,2.328062057495117
9,231,2.6143195629119873
9,232,2.6255407333374023
9,233,2.630410671234131
9,234,2.629972219467163
9,235,2.127903461456299
9,236,2.7290730476379395
9,237,2.7375454902648926
9,238,2.1652255058288574
9,239,2.641975164413452
9,240,2.2684764862060547
9,241,2.9996957778930664
9,242,2.2084107398986816
9,243,2.140536308288574
9,244,2.3645856380462646
9,245,2.2843031883239746
9,246,3.054776906967163
9,247,1.7716354131698608
9,248,2.0448484420776367
9,249,2.4886999130249023
9,250,2.070131778717041
9,251,2.4754245281219482
9,252,2.7329483032226562
9,253,2.0511531829833984
9,254,2.238508462905884
9,255,2.328113079071045
9,256,2.006892681121826
9,257,2.3234288692474365
9,258,2.33370304107666
9,259,2.9319729804992676
9,260,1.7076882123947144
9,261,2.380687713623047
9,262,2.1546449661254883
9,263,2.372231960296631
9,264,2.1204171180725098
9,265,2.7124345302581787
9,266,1.9906952381134033
9,267,2.466938018798828
9,268,2.6275439262390137
9,269,2.7768101692199707
9,270,3.266479969024658
9,271,2.9106056690216064
9,272,2.6329736709594727
9,273,2.057217597961426
9,274,3.221940279006958
9,275,2.303661823272705
9,276,2.350264549255371
9,277,2.104360580444336
9,278,1.901712417602539
9,279,2.2746899127960205
9,280,2.2283408641815186
9,281,2.0741357803344727
9,282,1.9043035507202148
9,283,2.313265085220337
9,284,1.959050178527832
9,285,1.9134180545806885
9,286,2.1898937225341797
9,287,2.2295658588409424
9,288,1.8098937273025513
9,289,2.763683795928955
9,290,2.644719123840332
9,291,1.9908950328826904
9,292,2.8057847023010254
9,293,2.5100395679473877
9,294,2.3314919471740723
9,295,2.3480403423309326
9,296,3.1291728019714355
9,297,2.1147348880767822
9,298,2.5115644931793213
9,299,2.44547963142395
9,300,2.0866637229919434
9,301,2.5132527351379395
9,302,2.2783379554748535
9,303,2.494086742401123
9,304,2.524278163909912
9,305,2.6200432777404785
9,306,2.3062729835510254
9,307,2.303823471069336
9,308,2.1414074897766113
9,309,1.7533164024353027
9,310,2.643144369125366
9,311,2.776153087615967
9,312,1.9480897188186646
9,313,2.720033645629883
9,314,2.9859209060668945
9,315,2.9699459075927734
9,316,2.3009421825408936
9,317,2.4385886192321777
9,318,2.612260341644287
9,319,2.3894457817077637
9,320,2.607384443283081
9,321,2.029325246810913
9,322,2.797022819519043
9,323,2.2089974880218506
9,324,2.6614983081817627
9,325,2.2023773193359375
9,326,2.617913246154785
9,327,2.43241024017334
9,328,2.4249942302703857
9,329,2.389209032058716
9,330,1.8391151428222656
9,331,2.731377601623535
9,332,2.836379289627075
9,333,2.0556812286376953
9,334,2.2618181705474854
9,335,1.8158235549926758
9,336,2.305595636367798
9,337,2.817263603210449
9,338,3.328507900238037
9,339,3.0020339488983154
9,340,2.5751380920410156
9,341,1.8309288024902344
9,342,2.1012001037597656
9,343,2.208298683166504
9,344,2.2076892852783203
9,345,2.2080740928649902
9,346,2.1814260482788086
9,347,2.241353988647461
9,348,2.0147600173950195
9,349,2.431314468383789
9,350,2.3877415657043457
9,351,2.5817923545837402
9,352,2.0892982482910156
9,353,2.6677520275115967
9,354,2.270352363586426
9,355,2.1235716342926025
9,356,2.5777688026428223
9,357,3.1559460163116455
9,358,2.555814266204834
9,359,2.0983047485351562
9,360,3.440767526626587
9,361,2.1880059242248535
9,362,2.030142307281494
9,363,2.709218978881836
9,364,2.519843101501465
9,365,2.157848358154297
9,366,2.382263660430908
9,367,2.933436393737793
9,368,2.4237260818481445
9,369,2.19511079788208
9,370,2.1559953689575195
9,371,2.4758248329162598
9,372,2.138185501098633
9,373,2.0649986267089844
9,374,2.5012903213500977
9,375,2.493122100830078
9,376,2.488179922103882
9,377,1.9462701082229614
9,378,2.3562746047973633
9,379,2.0492045879364014
9,380,2.1789517402648926
9,381,2.685495376586914
9,382,2.4421350955963135
9,383,2.460330009460449
9,384,2.19643497467041
9,385,2.2345058917999268
9,386,2.0323092937469482
9,387,1.9888203144073486
9,388,2.8665595054626465
9,389,2.5916430950164795
9,390,1.7564632892608643
9,391,1.9651833772659302
9,392,2.6597397327423096
9,393,1.9874603748321533
9,394,2.5153720378875732
9,395,2.1108741760253906
9,396,2.427126884460449
9,397,2.638458251953125
9,398,2.4863789081573486
9,399,1.9460457563400269
9,400,2.369086265563965
9,401,2.7457661628723145
9,402,2.6652677059173584
9,403,2.9321799278259277
9,404,2.2951085567474365
9,405,2.185257911682129
9,406,2.1160831451416016
9,407,2.049990177154541
9,408,2.098602294921875
9,409,1.9674901962280273
9,410,2.1621432304382324
9,411,2.303114652633667
9,412,2.397446632385254
9,413,2.8260936737060547
9,414,2.2971389293670654
9,415,2.386436700820923
9,416,2.699337959289551
9,417,2.1495330333709717
9,418,2.2039794921875
9,419,1.882582187652588
9,420,1.8927712440490723
9,421,2.1781551837921143
9,422,2.215186357498169
9,423,2.900620222091675
9,424,1.9757716655731201
9,425,2.3186707496643066
9,426,2.152256965637207
9,427,3.1083786487579346
9,428,2.2877721786499023
9,429,2.397876262664795
9,430,1.8254497051239014
9,431,2.1912293434143066
9,432,2.4661924839019775
9,433,2.496682643890381
9,434,2.0847530364990234
9,435,2.763671636581421
9,436,2.197112798690796
9,437,2.187025308609009
9,438,3.002523183822632
9,439,2.2922301292419434
9,440,2.499760150909424
9,441,2.9328453540802
9,442,2.873565912246704
9,443,2.7547550201416016
9,444,1.8059940338134766
9,445,2.1923904418945312
9,446,2.1552278995513916
9,447,2.0054819583892822
9,448,2.189474105834961
9,449,2.4345932006835938
9,450,2.400599241256714
9,451,2.0975825786590576
9,452,2.1141533851623535
9,453,1.9574031829833984
9,454,2.581206798553467
9,455,2.382214069366455
9,456,2.1872518062591553
9,457,2.432262420654297
9,458,2.368771553039551
9,459,2.681077718734741
9,460,2.3340001106262207
9,461,2.536226511001587
9,462,2.0614562034606934
9,463,2.0758514404296875
9,464,1.9794282913208008
9,465,2.698052167892456
9,466,2.15761399269104
9,467,2.198169708251953
9,468,2.3584840297698975
9,469,2.31217885017395
9,470,2.53670597076416
9,471,2.413461685180664
9,472,1.9139037132263184
9,473,2.3711934089660645
9,474,2.4254093170166016
9,475,2.031778335571289
9,476,2.350797653198242
9,477,2.4822816848754883
9,478,2.1692094802856445
9,479,2.414280652999878
9,480,2.292513132095337
9,481,2.9457125663757324
9,482,2.545626163482666
9,483,2.1183767318725586
9,484,2.593256711959839
9,485,2.8847789764404297
9,486,2.7522315979003906
9,487,2.747248649597168
9,488,2.593897581100464
9,489,2.3768417835235596
9,490,2.036831855773926
9,491,1.963958978652954
9,492,1.8268173933029175
9,493,3.1963300704956055
9,494,2.73203706741333
9,495,2.025165557861328
9,496,2.0385851860046387
9,497,2.090343952178955
9,498,2.5903635025024414
10,0,1.8998442888259888
10,1,2.0589215755462646
10,2,2.488220691680908
10,3,2.3973569869995117
10,4,3.3449792861938477
10,5,2.1130189895629883
10,6,2.0050559043884277
10,7,2.4953415393829346
10,8,2.3748230934143066
10,9,2.0546188354492188
10,10,2.519885301589966
10,11,1.8317699432373047
10,12,2.5507001876831055
10,13,2.5206968784332275
10,14,2.514646530151367
10,15,2.0374019145965576
10,16,2.0028200149536133
10,17,2.0970096588134766
10,18,2.5029211044311523
10,19,2.1954782009124756
10,20,2.000959634780884
10,21,2.1867661476135254
10,22,3.032475709915161
10,23,2.3227672576904297
10,24,2.313936233520508
10,25,2.6474788188934326
10,26,2.0921778678894043
10,27,2.463258743286133
10,28,1.903057336807251
10,29,2.039994239807129
10,30,2.6016194820404053
10,31,2.3364195823669434
10,32,1.7639546394348145
10,33,2.1933064460754395
10,34,1.8690770864486694
10,35,2.1520743370056152
10,36,2.580738067626953
10,37,2.1109766960144043
10,38,1.6790869235992432
10,39,1.7823872566223145
10,40,2.514937400817871
10,41,2.6884853839874268
10,42,2.067781925201416
10,43,2.056914806365967
10,44,2.345137596130371
10,45,2.1138038635253906
10,46,2.2663424015045166
10,47,2.105135440826416
10,48,2.8516855239868164
10,49,2.7171223163604736
10,50,1.891422986984253
10,51,2.5392508506774902
10,52,2.8019487857818604
10,53,2.5095081329345703
10,54,2.9441566467285156
10,55,2.091479539871216
10,56,2.35912823677063
10,57,2.366077184677124
10,58,2.137291669845581
10,59,3.0759377479553223
10,60,2.0202255249023438
10,61,1.7187494039535522
10,62,3.1877341270446777
10,63,2.0241851806640625
10,64,2.270825147628784
10,65,2.771317958831787
10,66,2.307957172393799
10,67,2.166102409362793
10,68,2.301574230194092
10,69,2.6356735229492188
10,70,2.2716403007507324
10,71,1.862247109413147
10,72,2.5432004928588867
10,73,2.194540500640869
10,74,1.9269850254058838
10,75,2.158344268798828
10,76,2.3319058418273926
10,77,2.531123638153076
10,78,2.5158584117889404
10,79,2.41743540763855
10,80,2.210413932800293
10,81,2.2169103622436523
10,82,3.495471239089966
10,83,2.2320480346679688
10,84,2.3668949604034424
10,85,2.7819738388061523
10,86,2.2315635681152344
10,87,1.954353928565979
10,88,2.1142988204956055
10,89,1.8069267272949219
10,90,2.508667469024658
10,91,2.345573663711548
10,92,2.386432647705078
10,93,2.529287815093994
10,94,1.8282960653305054
10,95,2.1565351486206055
10,96,2.409086227416992
10,97,2.4016034603118896
10,98,2.8614625930786133
10,99,2.3500709533691406
10,100,1.9490034580230713
10,101,2.2906899452209473
10,102,1.9626882076263428
10,103,2.288228988647461
10,104,1.84452486038208
10,105,2.086912155151367
10,106,2.151500701904297
10,107,2.3440825939178467
10,108,1.9627125263214111
10,109,2.116356372833252
10,110,2.1973023414611816
10,111,2.217963457107544
10,112,2.029514789581299
10,113,2.3417677879333496
10,114,2.294464588165283
10,115,2.375225782394409
10,116,2.980100631713867
10,117,2.4441399574279785
10,118,1.927829384803772
10,119,2.2454581260681152
10,120,2.7535579204559326
10,121,2.111595392227173
10,122,1.722869873046875
10,123,1.5677522420883179
10,124,2.125356674194336
10,125,2.241412401199341
10,126,2.8177976608276367
10,127,2.1247897148132324
10,128,2.2982876300811768
10,129,2.5380678176879883
10,130,3.059659242630005
10,131,2.524136781692505
10,132,2.528533458709717
10,133,2.3581933975219727
10,134,2.00895619392395
10,135,1.9086273908615112
10,136,2.2682957649230957
10,137,2.608262538909912
10,138,2.037160634994507
10,139,3.000793933868408
10,140,2.4562642574310303
10,141,1.8673956394195557
10,142,2.512941837310791
10,143,2.0475454330444336
10,144,2.2880284786224365
10,145,2.0686421394348145
10,146,2.15104079246521
10,147,2.989659070968628
10,148,2.4563708305358887
10,149,2.157466411590576
10,150,2.154505491256714
10,151,1.923265814781189
10,152,2.150160551071167
10,153,2.319096326828003
10,154,2.4819416999816895
10,155,2.8834304809570312
10,156,2.142273426055908
10,157,2.1661808490753174
10,158,2.3946337699890137
10,159,3.2539258003234863
10,160,2.5981192588806152
10,161,3.224846839904785
10,162,2.347309112548828
10,163,2.0916519165039062
10,164,2.805628776550293
10,165,2.540797233581543
10,166,2.439204692840576
10,167,3.0833113193511963
10,168,2.6023666858673096
10,169,2.4877803325653076
10,170,2.478386163711548
10,171,1.9785553216934204
10,172,3.4724292755126953
10,173,2.2550547122955322
10,174,2.4021501541137695
10,175,2.4051592350006104
10,176,2.218207359313965
10,177,3.0537109375
10,178,2.530299663543701
10,179,2.378114700317383
10,180,2.239223003387451
10,181,2.350513458251953
10,182,3.017929792404175
10,183,1.9279415607452393
10,184,2.2666733264923096
10,185,2.1460397243499756
10,186,2.479186534881592
10,187,2.7671220302581787
10,188,2.114668369293213
10,189,2.448185443878174
10,190,2.4115636348724365
10,191,2.2150135040283203
10,192,1.5482162237167358
10,193,2.246492862701416
10,194,2.504260778427124
10,195,2.6118836402893066
10,196,2.335651397705078
10,197,2.740935802459717
10,198,2.8890252113342285
10,199,1.7984099388122559
10,200,1.9082627296447754
10,201,2.1548423767089844
10,202,2.304858684539795
10,203,2.068444013595581
10,204,2.6002163887023926
10,205,2.378981351852417
10,206,2.5096347332000732
10,207,2.1923604011535645
10,208,1.9954501390457153
10,209,2.6972622871398926
10,210,2.9912753105163574
10,211,2.3891282081604004
10,212,2.159132957458496
10,213,1.8547465801239014
10,214,2.3995602130889893
10,215,2.104586601257324
10,216,2.4688658714294434
10,217,2.4918689727783203
10,218,2.669520616531372
10,219,2.2913730144500732
10,220,2.1470069885253906
10,221,2.48305606842041
10,222,2.017961263656616
10,223,2.757230281829834
10,224,2.1198325157165527
10,225,2.482487440109253
10,226,2.607738494873047
10,227,2.5531232357025146
10,228,2.743016242980957
10,229,2.5499000549316406
10,230,2.297420024871826
10,231,2.107422113418579
10,232,2.4250521659851074
10,233,2.2323522567749023
10,234,2.6828064918518066
10,235,2.556485652923584
10,236,2.4551963806152344
10,237,2.5274319648742676
10,238,2.6353659629821777
10,239,2.107215642929077
10,240,3.4007091522216797
10,241,2.193650960922241
10,242,1.9394237995147705
10,243,2.584920883178711
10,244,1.9482033252716064
10,245,2.349118232727051
10,246,2.5177197456359863
10,247,2.902520179748535
10,248,2.540499448776245
10,249,2.5699923038482666
10,250,2.435863494873047
10,251,2.1260159015655518
10,252,2.2241475582122803
10,253,2.7009520530700684
10,254,2.3608765602111816
10,255,3.1787519454956055
10,256,2.1460914611816406
10,257,2.9974982738494873
10,258,2.0831432342529297
10,259,1.9066225290298462
10,260,2.03762149810791
10,261,2.1113297939300537
10,262,1.890166997909546
10,263,2.546010971069336
10,264,2.5873048305511475
10,265,1.7511305809020996
10,266,2.1684632301330566
10,267,2.289280414581299
10,268,2.730698347091675
10,269,2.3081817626953125
10,270,2.2821221351623535
10,271,2.2665975093841553
10,272,2.8872053623199463
10,273,2.1842050552368164
10,274,2.2610790729522705
10,275,2.210113763809204
10,276,2.785712242126465
10,277,2.678863525390625
10,278,2.5805649757385254
10,279,2.5280861854553223
10,280,2.652118682861328
10,281,2.5368974208831787
10,282,2.0253241062164307
10,283,2.4063754081726074
10,284,2.995448350906372
10,285,2.113555431365967
10,286,2.001140594482422
10,287,1.9565067291259766
10,288,2.1515910625457764
10,289,2.2824645042419434
10,290,2.3580145835876465
10,291,2.641094923019409
10,292,1.9547219276428223
10,293,2.093012809753418
10,294,1.9314610958099365
10,295,2.512988567352295
10,296,2.185087203979492
10,297,2.358550786972046
10,298,2.411562204360962
10,299,2.539846897125244
10,300,2.4134044647216797
10,301,2.6445953845977783
10,302,1.973299503326416
10,303,2.773345470428467
10,304,2.308387279510498
10,305,2.283646583557129
10,306,2.09694766998291
10,307,2.022460699081421
10,308,2.3887343406677246
10,309,2.882216453552246
10,310,1.9305493831634521
10,311,2.4368391036987305
10,312,1.9916034936904907
10,313,2.072671413421631
10,314,2.070436954498291
10,315,2.298586845397949
10,316,2.080030679702759
10,317,2.54303240776062
10,318,1.956477403640747
10,319,2.4858527183532715
10,320,1.9316377639770508
10,321,2.3347718715667725
10,322,2.039799451828003
10,323,1.9606724977493286
10,324,2.184596538543701
10,325,2.444898843765259
10,326,3.07414174079895
10,327,2.1510658264160156
10,328,2.0987281799316406
10,329,1.897067666053772
10,330,2.730997323989868
10,331,2.6036877632141113
10,332,2.6520724296569824
10,333,2.0113892555236816
10,334,2.169985771179199
10,335,1.8275485038757324
10,336,2.5963234901428223
10,337,2.5896520614624023
10,338,1.922760009765625
10,339,1.8691240549087524
10,340,3.014611005783081
10,341,2.1968212127685547
10,342,2.6957507133483887
10,343,2.529970645904541
10,344,2.162316083908081
10,345,2.3283138275146484
10,346,2.131328821182251
10,347,2.2039709091186523
10,348,2.727982521057129
10,349,2.116119384765625
10,350,2.9130449295043945
10,351,2.6042544841766357
10,352,2.796811580657959
10,353,2.4227194786071777
10,354,2.2064199447631836
10,355,2.293182373046875
10,356,2.1557700634002686
10,357,2.7281346321105957
10,358,2.693129777908325
10,359,2.193148136138916
10,360,2.97004771232605
10,361,2.7065229415893555
10,362,2.3762786388397217
10,363,2.319802761077881
10,364,2.036787748336792
10,365,2.394009590148926
10,366,2.2921700477600098
10,367,2.7310242652893066
10,368,2.465374708175659
10,369,2.2663910388946533
10,370,3.203892707824707
10,371,2.6768639087677
10,372,1.9571917057037354
10,373,2.202059268951416
10,374,2.2629129886627197
10,375,2.2520036697387695
10,376,2.3539724349975586
10,377,2.202770709991455
10,378,3.0192065238952637
10,379,2.784757614135742
10,380,2.232994556427002
10,381,3.0172410011291504
10,382,1.9094493389129639
10,383,3.0722851753234863
10,384,2.44636869430542
10,385,2.915651798248291
10,386,2.8522653579711914
10,387,2.511169910430908
10,388,2.034670829772949
10,389,2.0137457847595215
10,390,2.7010345458984375
10,391,2.394293785095215
10,392,2.0647201538085938
10,393,2.144739866256714
10,394,2.341028928756714
10,395,1.921958327293396
10,396,1.941608190536499
10,397,2.5295801162719727
10,398,2.204296827316284
10,399,2.1271588802337646
10,400,2.1864569187164307
10,401,2.263714551925659
10,402,2.3994836807250977
10,403,1.7490777969360352
10,404,2.260965347290039
10,405,2.275142192840576
10,406,1.88631010055542
10,407,2.5843801498413086
10,408,2.3600566387176514
10,409,2.6808180809020996
10,410,2.2687716484069824
10,411,1.9728381633758545
10,412,1.9886366128921509
10,413,2.6371331214904785
10,414,2.6007771492004395
10,415,2.4233741760253906
10,416,1.9057821035385132
10,417,2.7877111434936523
10,418,2.4253482818603516
10,419,2.2502617835998535
10,420,2.548039436340332
10,421,1.6999911069869995
10,422,2.488311290740967
10,423,2.1740128993988037
10,424,2.4465131759643555
10,425,2.048854112625122
10,426,3.0177712440490723
10,427,2.448838472366333
10,428,2.556419849395752
10,429,2.221324920654297
10,430,2.645078420639038
10,431,1.818719506263733
10,432,2.857541084289551
10,433,1.9270939826965332
10,434,2.4714298248291016
10,435,2.5182621479034424
10,436,1.8910820484161377
10,437,2.1597988605499268
10,438,2.6417129039764404
10,439,2.502755880355835
10,440,2.074592113494873
10,441,2.845057725906372
10,442,2.6561977863311768
10,443,2.2235755920410156
10,444,2.2923216819763184
10,445,1.7712665796279907
10,446,2.293039083480835
10,447,2.1881608963012695
10,448,3.400111198425293
10,449,2.1898727416992188
10,450,2.0910611152648926
10,451,2.238783836364746
10,452,2.26165771484375
10,453,2.47550368309021
10,454,2.5562267303466797
10,455,2.300044059753418
10,456,2.909571647644043
10,457,2.3117754459381104
10,458,2.305645227432251
10,459,2.144456386566162
10,460,2.342465400695801
10,461,2.393218994140625
10,462,2.7765791416168213
10,463,2.147273063659668
10,464,1.9662960767745972
10,465,2.490421772003174
10,466,2.585015058517456
10,467,2.3797028064727783
10,468,2.481539487838745
10,469,2.4014320373535156
10,470,1.875307559967041
10,471,1.93022882938385
10,472,2.800830125808716
10,473,2.309011936187744
10,474,2.7553648948669434
10,475,1.733173131942749
10,476,1.8235762119293213
10,477,2.2603511810302734
10,478,2.160922050476074
10,479,2.091728687286377
10,480,2.058842658996582
10,481,2.2976114749908447
10,482,1.5604530572891235
10,483,2.339488983154297
10,484,2.174053192138672
10,485,1.6420141458511353
10,486,2.3447787761688232
10,487,2.0297610759735107
10,488,2.1981098651885986
10,489,2.1805076599121094
10,490,2.0308871269226074
10,491,2.1079890727996826
10,492,2.6576461791992188
10,493,1.9220023155212402
10,494,2.326843738555908
10,495,1.7235794067382812
10,496,1.8517043590545654
10,497,2.175346851348877
10,498,1.7094141244888306
11,0,2.515979290008545
11,1,2.2211999893188477
11,2,2.1818432807922363
11,3,2.4154164791107178
11,4,2.266723155975342
11,5,2.791983127593994
11,6,2.303149461746216
11,7,1.817209005355835
11,8,2.5915181636810303
11,9,2.497188091278076
11,10,2.0343494415283203
11,11,2.5720670223236084
11,12,1.6570751667022705
11,13,2.3615942001342773
11,14,2.0989115238189697
11,15,2.3527767658233643
11,16,2.23095703125
11,17,1.768240213394165
11,18,2.5353264808654785
11,19,1.9277629852294922
11,20,1.7830660343170166
11,21,2.016873836517334
11,22,2.1771926879882812
11,23,2.0615251064300537
11,24,1.9463446140289307
11,25,3.4064812660217285
11,26,2.0067100524902344
11,27,1.9058774709701538
11,28,2.608330726623535
11,29,2.6355419158935547
11,30,1.9853174686431885
11,31,2.5703814029693604
11,32,1.716202735900879
11,33,1.9070671796798706
11,34,2.272928237915039
11,35,2.4351208209991455
11,36,1.8944218158721924
11,37,2.1996641159057617
11,38,2.8474607467651367
11,39,2.110478162765503
11,40,2.5743281841278076
11,41,2.268009662628174
11,42,2.204108476638794
11,43,2.1661009788513184
11,44,2.214585542678833
11,45,2.6863462924957275
11,46,2.0815482139587402
11,47,3.2421929836273193
11,48,2.427670955657959
11,49,2.8055713176727295
11,50,2.448213815689087
11,51,2.2109529972076416
11,52,1.5408010482788086
11,53,2.389194965362549
11,54,2.082712411880493
11,55,1.8733439445495605
11,56,2.0439860820770264
11,57,2.336638927459717
11,58,2.5111141204833984
11,59,2.427900791168213
11,60,2.059347152709961
11,61,2.104605197906494
11,62,2.5260891914367676
11,63,2.1116154193878174
11,64,2.1784584522247314
11,65,2.625870943069458
11,66,1.9122021198272705
11,67,1.944103479385376
11,68,2.409907817840576
11,69,2.3783440589904785
11,70,2.1030843257904053
11,71,2.0557827949523926
11,72,2.797896385192871
11,73,2.652352809906006
11,74,2.646172046661377
11,75,2.00594425201416
11,76,2.909968137741089
11,77,2.1613221168518066
11,78,2.3624706268310547
11,79,2.432201385498047
11,80,2.5798745155334473
11,81,2.068856716156006
11,82,2.278531074523926
11,83,1.8602790832519531
11,84,2.208435297012329
11,85,2.7283833026885986
11,86,2.3890066146850586
11,87,2.520805835723877
11,88,2.498782157897949
11,89,2.0954980850219727
11,90,2.3607165813446045
11,91,2.4813151359558105
11,92,2.136065721511841
11,93,2.709095001220703
11,94,2.3142921924591064
11,95,2.395545482635498
11,96,1.9943883419036865
11,97,2.089648485183716
11,98,2.045278787612915
11,99,2.699553966522217
11,100,2.5099310874938965
11,101,2.5812489986419678
11,102,2.1206138134002686
11,103,2.346270799636841
11,104,1.8769190311431885
11,105,2.2351036071777344
11,106,1.9023634195327759
11,107,2.6713743209838867
11,108,2.342892646789551
11,109,2.1215014457702637
11,110,2.2785768508911133
11,111,2.5583481788635254
11,112,2.0166385173797607
11,113,2.2559282779693604
11,114,1.8450696468353271
11,115,2.3330373764038086
11,116,1.7617722749710083
11,117,2.2104783058166504
11,118,1.6805903911590576
11,119,2.3934836387634277
11,120,1.9886302947998047
11,121,1.6491899490356445
11,122,2.1705451011657715
11,123,3.663093328475952
11,124,2.1359267234802246
11,125,2.6751019954681396
11,126,2.246582269668579
11,127,2.3720386028289795
11,128,2.2161548137664795
11,129,1.9384112358093262
11,130,1.980512261390686
11,131,2.264822006225586
11,132,2.201251983642578
11,133,2.4559435844421387
11,134,2.111353874206543
11,135,2.0041353702545166
11,136,2.0782830715179443
11,137,2.061979055404663
11,138,2.2039389610290527
11,139,2.6254782676696777
11,140,2.3963985443115234
11,141,2.5672008991241455
11,142,2.0981228351593018
11,143,1.9139127731323242
11,144,1.8923513889312744
11,145,2.1033992767333984
11,146,2.3578877449035645
11,147,1.7242348194122314
11,148,1.9138017892837524
11,149,1.7413995265960693
11,150,2.4295706748962402
11,151,2.311209201812744
11,152,2.0902326107025146
11,153,2.3075613975524902
11,154,2.1595876216888428
11,155,2.360218048095703
11,156,2.078902244567871
11,157,2.4374752044677734
11,158,2.1061742305755615
11,159,2.049527645111084
11,160,2.3357431888580322
11,161,1.964087724685669
11,162,2.5848217010498047
11,163,2.417388677597046
11,164,2.0896849632263184
11,165,2.0714025497436523
11,166,1.666410207748413
11,167,2.6637141704559326
11,168,2.190774440765381
11,169,2.390735149383545
11,170,1.935032844543457
11,171,3.1329398155212402
11,172,2.236530065536499
11,173,2.812013626098633
11,174,2.5287861824035645
11,175,2.3557605743408203
11,176,2.2672109603881836
11,177,1.995273232460022
11,178,1.8689216375350952
11,179,2.002532958984375
11,180,2.3736331462860107
11,181,2.760937452316284
11,182,2.0149409770965576
11,183,2.158064365386963
11,184,2.1538748741149902
11,185,2.098161220550537
11,186,2.551670789718628
11,187,2.166055202484131
11,188,2.44388484954834
11,189,1.9953919649124146
11,190,2.2603092193603516
11,191,2.112372398376465
11,192,2.5501670837402344
11,193,2.5969929695129395
11,194,2.232818126678467
11,195,2.2100253105163574
11,196,2.0225114822387695
11,197,2.0165343284606934
11,198,2.0841078758239746
11,199,2.696161985397339
11,200,2.004023313522339
11,201,2.144925117492676
11,202,2.2465343475341797
11,203,2.0487546920776367
11,204,2.044968605041504
11,205,2.463526725769043
11,206,2.648991823196411
11,207,2.1869029998779297
11,208,2.651651620864868
11,209,2.3033294677734375
11,210,2.0544540882110596
11,211,2.2728304862976074
11,212,2.0935428142547607
11,213,2.54093074798584
11,214,2.1722426414489746
11,215,2.4390740394592285
11,216,2.348318576812744
11,217,2.2556440830230713
11,218,2.8711705207824707
11,219,2.2288906574249268
11,220,2.166161060333252
11,221,2.6731207370758057
11,222,2.512497901916504
11,223,2.2575602531433105
11,224,2.486097574234009
11,225,2.488525867462158
11,226,2.30051326751709
11,227,1.9046673774719238
11,228,2.283175468444824
11,229,2.1450228691101074
11,230,2.0926294326782227
11,231,2.5593090057373047
11,232,2.1170473098754883
11,233,2.5577118396759033
11,234,2.0941405296325684
11,235,2.3356642723083496
11,236,1.7495477199554443
11,237,2.3505496978759766
11,238,1.888405680656433
11,239,2.058938980102539
11,240,2.4781179428100586
11,241,2.43798828125
11,242,2.434372663497925
11,243,2.0531511306762695
11,244,1.8947365283966064
11,245,2.5443358421325684
11,246,1.8663315773010254
11,247,2.1731109619140625
11,248,2.58376145362854
11,249,2.258730888366699
11,250,1.6145739555358887
11,251,2.4500508308410645
11,252,2.690390110015869
11,253,2.1698832511901855
11,254,2.5699515342712402
11,255,2.1149349212646484
11,256,2.204301595687866
11,257,2.4247143268585205
11,258,2.53728985786438
11,259,2.1108920574188232
11,260,2.156911849975586
11,261,2.7465615272521973
11,262,2.201841354370117
11,263,2.4379124641418457
11,264,2.49946665763855
11,265,2.193635940551758
11,266,1.928916573524475
11,267,1.958139181137085
11,268,2.1750423908233643
11,269,2.180426836013794
11,270,2.4734654426574707
11,271,2.5054609775543213
11,272,2.7447075843811035
11,273,2.290073871612549
11,274,2.3355865478515625
11,275,2.0417678356170654
11,276,2.2606871128082275
11,277,2.047386646270752
11,278,1.9535152912139893
11,279,1.920148491859436
11,280,2.8513472080230713
11,281,2.1273021697998047
11,282,2.524080991744995
11,283,2.4889755249023438
11,284,2.282910108566284
11,285,2.2568695545196533
11,286,2.4066262245178223
11,287,1.92671799659729
11,288,2.0999317169189453
11,289,2.6641159057617188
11,290,1.9920613765716553
11,291,2.080023765563965
11,292,2.343823194503784
11,293,1.976802110671997
11,294,2.028383731842041
11,295,1.9738073348999023
11,296,2.510326862335205
11,297,2.0813586711883545
11,298,2.1194825172424316
11,299,2.662879228591919
11,300,3.398646593093872
11,301,2.363163471221924
11,302,1.789109706878662
11,303,1.9381103515625
11,304,2.327080249786377
11,305,2.3652100563049316
11,306,2.553701877593994
11,307,2.757751941680908
11,308,2.069424629211426
11,309,2.517038106918335
11,310,2.316086769104004
11,311,2.1556336879730225
11,312,2.2089502811431885
11,313,2.1466317176818848
11,314,2.288581609725952
11,315,2.149261951446533
11,316,2.1143546104431152
11,317,1.8418253660202026
11,318,2.153831958770752
11,319,2.4104762077331543
11,320,1.8675203323364258
11,321,2.188528537750244
11,322,2.0484259128570557
11,323,2.0788755416870117
11,324,2.3806228637695312
11,325,2.256917953491211
11,326,3.716254472732544
11,327,2.7875711917877197
11,328,3.0412349700927734
11,329,2.3937740325927734
11,330,1.8747317790985107
11,331,2.1473560333251953
11,332,2.41593861579895
11,333,1.8407742977142334
11,334,2.7930941581726074
11,335,2.166426420211792
11,336,2.1398563385009766
11,337,2.036931037902832
11,338,2.2112464904785156
11,339,2.3384053707122803
11,340,2.262442111968994
11,341,2.306840181350708
11,342,2.615288019180298
11,343,2.2442984580993652
11,344,2.5049514770507812
11,345,2.1220345497131348
11,346,1.814408302307129
11,347,2.504890203475952
11,348,1.7891662120819092
11,349,2.562718152999878
11,350,1.7806670665740967
11,351,2.5472702980041504
11,352,2.3472213745117188
11,353,2.485337734222412
11,354,1.95807945728302
11,355,2.091925859451294
11,356,2.0175411701202393
11,357,2.5951151847839355
11,358,2.1385908126831055
11,359,2.071712017059326
11,360,2.2493929862976074
11,361,2.153510570526123
11,362,2.2253379821777344
11,363,3.1154513359069824
11,364,3.154881000518799
11,365,2.298229217529297
11,366,2.5359251499176025
11,367,2.4182627201080322
11,368,1.5983600616455078
11,369,2.056044340133667
11,370,2.060837745666504
11,371,2.2862870693206787
11,372,1.744870901107788
11,373,1.8542144298553467
11,374,2.0499420166015625
11,375,2.685396432876587
11,376,1.9279801845550537
11,377,2.5289976596832275
11,378,1.992544174194336
11,379,2.7366394996643066
11,380,2.3698151111602783
11,381,2.33164644241333
11,382,2.6093926429748535
11,383,1.5675363540649414
11,384,1.9710286855697632
11,385,1.9974327087402344
11,386,2.9734363555908203
11,387,2.183790922164917
11,388,1.9503628015518188
11,389,2.16668438911438
11,390,2.0743114948272705
11,391,2.1485984325408936
11,392,2.3433618545532227
11,393,2.334712505340576
11,394,2.03191876411438
11,395,2.206865072250366
11,396,2.193486213684082
11,397,2.234220027923584
11,398,3.031809091567993
11,399,2.6370689868927
11,400,1.8404159545898438
11,401,2.739992380142212
11,402,2.207711935043335
11,403,2.2131214141845703
11,404,2.4109604358673096
11,405,2.1815502643585205
11,406,2.378541946411133
11,407,2.026726007461548
11,408,2.386479616165161
11,409,2.274395704269409
11,410,2.4880075454711914
11,411,2.2853128910064697
11,412,2.2706491947174072
11,413,2.8084163665771484
11,414,2.4864742755889893
11,415,2.029491662979126
11,416,2.0308215618133545
11,417,2.236888885498047
11,418,2.136274814605713
11,419,2.6647605895996094
11,420,2.693621873855591
11,421,2.1461243629455566
11,422,2.8107481002807617
11,423,2.4226176738739014
11,424,2.2161777019500732
11,425,2.1903889179229736
11,426,2.122154951095581
11,427,2.687635898590088
11,428,2.1787633895874023
11,429,1.9345221519470215
11,430,2.333803653717041
11,431,2.3618175983428955
11,432,2.326768159866333
11,433,2.10664701461792
11,434,2.416811943054199
11,435,2.4063868522644043
11,436,2.322021722793579
11,437,2.2206177711486816
11,438,1.928417682647705
11,439,2.4381096363067627
11,440,2.2717397212982178
11,441,1.9595603942871094
11,442,2.3571088314056396
11,443,2.4145021438598633
11,444,2.298844575881958
11,445,2.487100124359131
11,446,1.9434598684310913
11,447,2.510235548019409
11,448,2.098393440246582
11,449,1.9631468057632446
11,450,2.5829567909240723
11,451,2.383601665496826
11,452,2.5132222175598145
11,453,2.6473939418792725
11,454,2.3363001346588135
11,455,2.1433768272399902
11,456,2.3467862606048584
11,457,2.5510387420654297
11,458,2.8610100746154785
11,459,2.257215738296509
11,460,2.385735034942627
11,461,1.838815689086914
11,462,2.0412843227386475
11,463,1.8796509504318237
11,464,2.408114194869995
11,465,2.3593506813049316
11,466,1.9865385293960571
11,467,2.234541416168213
11,468,2.297865390777588
11,469,2.5126047134399414
11,470,2.1510467529296875
11,471,2.0151069164276123
11,472,1.5584418773651123
11,473,2.1213202476501465
11,474,2.646167755126953
11,475,2.7389659881591797
11,476,1.9807071685791016
11,477,1.819242000579834
11,478,2.0017428398132324
11,479,1.8546142578125
11,480,2.4433183670043945
11,481,2.237964630126953
11,482,2.8520963191986084
11,483,2.5159435272216797
11,484,2.2916202545166016
11,485,2.2587318420410156
11,486,2.432384967803955
11,487,2.462353467941284
11,488,2.637576103210449
11,489,2.0682995319366455
11,490,1.6717417240142822
11,491,2.000673294067383
11,492,2.005131483078003
11,493,1.9850597381591797
11,494,2.128549098968506
11,495,2.3330326080322266
11,496,2.217125177383423
11,497,2.8883323669433594
11,498,2.792172908782959
12,0,2.0236475467681885
12,1,2.9540820121765137
12,2,2.825141429901123
12,3,2.3591628074645996
12,4,1.9589755535125732
12,5,1.5112955570220947
12,6,2.4432663917541504
12,7,1.9581844806671143
12,8,2.329313039779663
12,9,2.317258596420288
12,10,2.724182367324829
12,11,2.5594449043273926
12,12,2.0194292068481445
12,13,2.671935558319092
12,14,2.3624672889709473
12,15,2.2880067825317383
12,16,2.31413197517395
12,17,2.7287323474884033
12,18,2.1563286781311035
12,19,1.9249258041381836
12,20,1.9957654476165771
12,21,1.5283575057983398
12,22,2.5585086345672607
12,23,2.0303854942321777
12,24,2.2208518981933594
12,25,3.2673144340515137
12,26,1.663178563117981
12,27,2.3031537532806396
12,28,1.8164219856262207
12,29,1.6980266571044922
12,30,2.262289047241211
12,31,3.7202115058898926
12,32,2.019246816635132
12,33,2.0773165225982666
12,34,1.8562216758728027
12,35,1.9374030828475952
12,36,2.2901597023010254
12,37,2.3250789642333984
12,38,2.551420211791992
12,39,2.2386655807495117
12,40,2.1725926399230957
12,41,2.166670799255371
12,42,2.2234091758728027
12,43,2.0461227893829346
12,44,2.349203586578369
12,45,2.488319158554077
12,46,1.819653034210205
12,47,2.292588710784912
12,48,1.7965244054794312
12,49,3.252227544784546
12,50,2.147233247756958
12,51,2.218629837036133
12,52,2.2994890213012695
12,53,2.434542417526245
12,54,2.2235188484191895
12,55,2.2391507625579834
12,56,2.700465202331543
12,57,2.2371280193328857
12,58,2.235840320587158
12,59,2.348491907119751
12,60,2.7194485664367676
12,61,1.7723894119262695
12,62,2.004849910736084
12,63,2.3584048748016357
12,64,2.3680202960968018
12,65,1.9873467683792114
12,66,2.408489942550659
12,67,2.5607869625091553
12,68,2.694298505783081
12,69,2.11208176612854
12,70,2.1163415908813477
12,71,1.76082444190979
12,72,2.0897722244262695
12,73,2.1859607696533203
12,74,1.8974125385284424
12,75,2.1492409706115723
12,76,2.339247226715088
12,77,1.7841429710388184
12,78,2.2201414108276367
12,79,2.1119890213012695
12,80,1.933680772781372
12,81,2.3093152046203613
12,82,1.8225783109664917
12,83,1.8377203941345215
12,84,2.728367805480957
12,85,2.69065260887146
12,86,2.218651294708252
12,87,2.6296379566192627
12,88,2.2718253135681152
12,89,2.431579828262329
12,90,1.9559082984924316
12,91,2.8660168647766113
12,92,2.550673484802246
12,93,1.8614802360534668
12,94,2.432039260864258
12,95,2.1717209815979004
12,96,1.9431986808776855
12,97,2.4578750133514404
12,98,2.339202880859375
12,99,1.5987391471862793
12,100,2.0426671504974365
12,101,2.612990379333496
12,102,2.298438549041748
12,103,3.0484023094177246
12,104,2.195045232772827
12,105,2.4208426475524902
12,106,2.14770245552063
12,107,2.2755298614501953
12,108,2.2421319484710693
12,109,2.1996054649353027
12,110,2.1499111652374268
12,111,3.23895525932312
12,112,2.370389938354492
12,113,1.8329330682754517
12,114,1.917381763458252
12,115,2.018026351928711
12,116,2.0710582733154297
12,117,1.9807026386260986
12,118,2.7857377529144287
12,119,1.8268829584121704
12,120,1.9340137243270874
12,121,2.5705177783966064
12,122,2.7522940635681152
12,123,2.1802773475646973
12,124,2.3701486587524414
12,125,2.511720895767212
12,126,2.513505458831787
12,127,2.21445894241333
12,128,1.5964951515197754
12,129,2.5927352905273438
12,130,2.1409411430358887
12,131,2.539987564086914
12,132,1.8796765804290771
12,133,1.7244430780410767
12,134,2.444416046142578
12,135,2.3591904640197754
12,136,1.528046727180481
12,137,2.343794107437134
12,138,2.1794145107269287
12,139,2.031691312789917
12,140,2.0117838382720947
12,141,2.2590644359588623
12,142,1.999643087387085
12,143,3.088149309158325
12,144,2.631951093673706
12,145,1.8440680503845215
12,146,2.083742618560791
12,147,2.1319847106933594
12,148,2.169102668762207
12,149,2.1540510654449463
12,150,2.1607112884521484
12,151,1.748016357421875
12,152,2.0159623622894287
12,153,2.726487874984741
12,154,2.382422924041748
12,155,3.0187432765960693
12,156,2.835158348083496
12,157,2.3752198219299316
12,158,2.553401470184326
12,159,2.071992874145508
12,160,2.0699856281280518
12,161,2.8768532276153564
12,162,2.257765054702759
12,163,1.8266043663024902
12,164,2.0728650093078613
12,165,2.5563623905181885
12,166,1.9459888935089111
12,167,3.023756265640259
12,168,2.2091453075408936
12,169,2.374138832092285
12,170,1.967162847518921
12,171,2.166031837463379
12,172,2.5525431632995605
12,173,2.0777816772460938
12,174,2.1282410621643066
12,175,2.411287546157837
12,176,1.9267752170562744
12,177,2.513953685760498
12,178,2.3843345642089844
12,179,2.8558433055877686
12,180,2.3807122707366943
12,181,1.6883211135864258
12,182,2.34110689163208
12,183,2.0145606994628906
12,184,1.9985524415969849
12,185,2.4957923889160156
12,186,2.334232807159424
12,187,3.1200056076049805
12,188,1.993438720703125
12,189,2.0561983585357666
12,190,1.7714025974273682
12,191,2.3477907180786133
12,192,2.425234794616699
12,193,2.5324511528015137
12,194,2.617623805999756
12,195,2.091339349746704
12,196,2.518265962600708
12,197,2.3744654655456543
12,198,2.0360851287841797
12,199,1.8083300590515137
12,200,1.9503653049468994
12,201,2.2953600883483887
12,202,2.1073343753814697
12,203,1.8873960971832275
12,204,2.5589470863342285
12,205,2.294278860092163
12,206,2.401276111602783
12,207,3.125258445739746
12,208,1.6997554302215576
12,209,1.8716320991516113
12,210,2.104306221008301
12,211,2.137378454208374
12,212,2.7415194511413574
12,213,1.944148063659668
12,214,2.788574695587158
12,215,2.3255770206451416
12,216,1.9085924625396729
12,217,1.9673243761062622
12,218,1.9328386783599854
12,219,2.0449905395507812
12,220,2.0376038551330566
12,221,2.5243701934814453
12,222,2.289660692214966
12,223,1.9364230632781982
12,224,2.114513874053955
12,225,2.5806121826171875
12,226,2.4941372871398926
12,227,2.4422812461853027
12,228,1.9719343185424805
12,229,2.231321334838867
12,230,2.332975387573242
12,231,2.030282974243164
12,232,2.0615291595458984
12,233,2.2528328895568848
12,234,1.4786345958709717
12,235,2.4291651248931885
12,236,1.9485211372375488
12,237,1.9889386892318726
12,238,2.4034194946289062
12,239,1.9737954139709473
12,240,2.026837110519409
12,241,1.8472259044647217
12,242,1.9585740566253662
12,243,2.497490167617798
12,244,2.335667610168457
12,245,2.191657304763794
12,246,2.2950990200042725
12,247,2.533600330352783
12,248,2.447206974029541
12,249,2.767630100250244
12,250,2.5807442665100098
12,251,1.9660115242004395
12,252,2.0078628063201904
12,253,1.9288276433944702
12,254,2.5551931858062744
12,255,1.8584825992584229
12,256,2.346430778503418
12,257,2.775973320007324
12,258,2.2628591060638428
12,259,2.0606300830841064
12,260,2.3663971424102783
12,261,3.2328875064849854
12,262,2.164560556411743
12,263,2.1688411235809326
12,264,2.8223042488098145
12,265,2.480590581893921
12,266,2.184905529022217
12,267,1.97147536277771
12,268,2.1368231773376465
12,269,2.719014883041382
12,270,2.2665061950683594
12,271,2.072854518890381
12,272,1.9237971305847168
12,273,1.8614940643310547
12,274,1.7383569478988647
12,275,2.4259462356567383
12,276,1.882695198059082
12,277,1.9830076694488525
12,278,2.157881259918213
12,279,2.083583354949951
12,280,2.796754837036133
12,281,2.391514539718628
12,282,1.8625760078430176
12,283,2.1362931728363037
12,284,2.1804630756378174
12,285,2.0993199348449707
12,286,2.025665760040283
12,287,2.604884147644043
12,288,1.702225685119629
12,289,2.18795108795166
12,290,2.2531497478485107
12,291,1.8108201026916504
12,292,2.543560266494751
12,293,2.38034987449646
12,294,2.268376350402832
12,295,2.0533809661865234
12,296,1.8740651607513428
12,297,1.4703197479248047
12,298,2.027740001678467
12,299,2.2327136993408203
12,300,2.224000930786133
12,301,2.3481521606445312
12,302,1.8543117046356201
12,303,2.288048505783081
12,304,2.3730719089508057
12,305,1.7492477893829346
12,306,2.5571274757385254
12,307,2.1927995681762695
12,308,2.2783546447753906
12,309,2.2435178756713867
12,310,2.128122329711914
12,311,2.274256467819214
12,312,2.07070255279541
12,313,2.1951119899749756
12,314,2.8602004051208496
12,315,2.336343288421631
12,316,2.0897841453552246
12,317,1.7815499305725098
12,318,2.138185977935791
12,319,2.046543836593628
12,320,1.6582074165344238
12,321,3.2145252227783203
12,322,2.4329872131347656
12,323,2.5161423683166504
12,324,2.292292356491089
12,325,2.6260247230529785
12,326,2.014214515686035
12,327,2.1058058738708496
12,328,1.7140004634857178
12,329,2.7440948486328125
12,330,2.424130916595459
12,331,1.7604520320892334
12,332,2.254703998565674
12,333,2.405924081802368
12,334,2.163616418838501
12,335,2.1608009338378906
12,336,1.7395949363708496
12,337,2.1334633827209473
12,338,1.8569369316101074
12,339,1.9601414203643799
12,340,1.620705008506775
12,341,2.2926619052886963
12,342,3.1376450061798096
12,343,2.1267592906951904
12,344,2.293804883956909
12,345,1.9720442295074463
12,346,2.084163188934326
12,347,2.7896008491516113
12,348,2.0305118560791016
12,349,1.6546233892440796
12,350,2.9382009506225586
12,351,1.9083187580108643
12,352,2.0954837799072266
12,353,2.119551658630371
12,354,2.052126407623291
12,355,2.317739248275757
12,356,2.1555213928222656
12,357,2.3366894721984863
12,358,2.271097183227539
12,359,1.9230248928070068
12,360,2.8874783515930176
12,361,1.6948249340057373
12,362,2.038752555847168
12,363,2.4845926761627197
12,364,2.3967437744140625
12,365,2.09218692779541
12,366,2.0751211643218994
12,367,2.3511292934417725
12,368,1.9343451261520386
12,369,2.810476779937744
12,370,2.1190185546875
12,371,2.1161484718322754
12,372,2.2896738052368164
12,373,1.8851702213287354
12,374,1.5420422554016113
12,375,2.6680455207824707
12,376,2.3210184574127197
12,377,2.3571617603302
12,378,2.107738971710205
12,379,2.253934383392334
12,380,2.1524839401245117
12,381,2.7927353382110596
12,382,1.8773033618927002
12,383,2.219688892364502
12,384,3.586918592453003
12,385,2.306859016418457
12,386,1.6849662065505981
12,387,2.222470760345459
12,388,2.6679201126098633
12,389,1.7236894369125366
12,390,2.4406638145446777
12,391,2.3733437061309814
12,392,2.366311550140381
12,393,2.280714750289917
12,394,2.7862279415130615
12,395,1.690030813217163
12,396,2.3740975856781006
12,397,2.146043539047241
12,398,1.7462365627288818
12,399,2.26676869392395
12,400,2.3086113929748535
12,401,2.3885719776153564
12,402,2.238783836364746
12,403,2.094589948654175
12,404,2.6772449016571045
12,405,2.213574171066284
12,406,2.9947361946105957
12,407,2.521409749984741
12,408,1.9824974536895752
12,409,2.111534833908081
12,410,2.089165210723877
12,411,2.3496227264404297
12,412,2.472916603088379
12,413,2.7006568908691406
12,414,1.9965976476669312
12,415,1.972482681274414
12,416,2.0235884189605713
12,417,2.3140621185302734
12,418,2.2027931213378906
12,419,2.2645039558410645
12,420,2.1474595069885254
12,421,2.1163859367370605
12,422,1.7482168674468994
12,423,2.021151304244995
12,424,2.0334644317626953
12,425,1.8126959800720215
12,426,2.066159248352051
12,427,1.7578120231628418
12,428,2.206231117248535
12,429,1.9367867708206177
12,430,1.797736406326294
12,431,2.875767707824707
12,432,2.0905613899230957
12,433,1.845102310180664
12,434,1.8820037841796875
12,435,2.60337495803833
12,436,2.041677474975586
12,437,2.29441499710083
12,438,2.0249414443969727
12,439,2.2575573921203613
12,440,2.028223752975464
12,441,2.033409595489502
12,442,1.8477890491485596
12,443,2.0000767707824707
12,444,2.2590744495391846
12,445,2.5230069160461426
12,446,1.900566577911377
12,447,1.9772579669952393
12,448,2.3672397136688232
12,449,2.0335800647735596
12,450,2.451791763305664
12,451,2.1213512420654297
12,452,1.9665806293487549
12,453,2.6532135009765625
12,454,2.77712082862854
12,455,2.4419777393341064
12,456,2.3937158584594727
12,457,1.9639085531234741
12,458,2.1746304035186768
12,459,2.465040922164917
12,460,2.1760220527648926
12,461,2.258101224899292
12,462,2.0182220935821533
12,463,1.9042710065841675
12,464,2.109546661376953
12,465,2.6964569091796875
12,466,2.1556057929992676
12,467,2.073761224746704
12,468,2.1611390113830566
12,469,2.491647958755493
12,470,2.8690404891967773
12,471,3.3590383529663086
12,472,2.2724480628967285
12,473,1.9496315717697144
12,474,1.9406664371490479
12,475,1.9450876712799072
12,476,2.0553324222564697
12,477,2.2023215293884277
12,478,2.583787441253662
12,479,2.101938009262085
12,480,2.1848978996276855
12,481,2.4869027137756348
12,482,2.4547276496887207
12,483,2.0533528327941895
12,484,2.872361421585083
12,485,2.0011796951293945
12,486,2.5355513095855713
12,487,1.9900002479553223
12,488,2.8366570472717285
12,489,2.324246406555176
12,490,1.714187502861023
12,491,1.876220703125
12,492,2.4848015308380127
12,493,1.992068886756897
12,494,2.2056212425231934
12,495,2.3288943767547607
12,496,2.143871545791626
12,497,2.4768269062042236
12,498,1.9973151683807373
13,0,1.9297184944152832
13,1,2.4468331336975098
13,2,2.2180051803588867
13,3,3.2499425411224365
13,4,1.915392518043518
13,5,2.0502517223358154
13,6,1.5424593687057495
13,7,1.8971692323684692
13,8,2.01676082611084
13,9,2.1123056411743164
13,10,1.5748531818389893
13,11,2.04329252243042
13,12,1.8591151237487793
13,13,2.2795205116271973
13,14,2.048459768295288
13,15,2.585103988647461
13,16,2.4811596870422363
13,17,1.8129057884216309
13,18,2.2017946243286133
13,19,1.9235416650772095
13,20,2.031005382537842
13,21,2.457367420196533
13,22,1.6189894676208496
13,23,2.0870766639709473
13,24,2.341923236846924
13,25,1.8212519884109497
13,26,2.159092426300049
13,27,2.157526969909668
13,28,2.2033801078796387
13,29,2.2624595165252686
13,30,1.6765344142913818
13,31,2.1184353828430176
13,32,2.332014560699463
13,33,2.2968649864196777
13,34,2.539907455444336
13,35,2.0565781593322754
13,36,1.9129310846328735
13,37,2.009216070175171
13,38,1.8457775115966797
13,39,2.276561737060547
13,40,2.121819257736206
13,41,1.9183727502822876
13,42,2.0233712196350098
13,43,1.9084322452545166
13,44,1.8838850259780884
13,45,2.107985496520996
13,46,3.1661787033081055
13,47,1.944266438484192
13,48,2.264223575592041
13,49,2.130920886993408
13,50,2.240104913711548
13,51,2.250532388687134
13,52,2.57468318939209
13,53,2.2323732376098633
13,54,1.9143775701522827
13,55,2.312574863433838
13,56,1.8871679306030273
13,57,1.9757829904556274
13,58,1.9349634647369385
13,59,2.2081336975097656
13,60,2.120821952819824
13,61,2.3053348064422607
13,62,2.356513023376465
13,63,2.1871910095214844
13,64,2.6159861087799072
13,65,1.7283086776733398
13,66,2.119394302368164
13,67,2.381843090057373
13,68,2.5146448612213135
13,69,2.1623497009277344
13,70,2.2364306449890137
13,71,2.0462393760681152
13,72,2.115985631942749
13,73,2.201369047164917
13,74,1.9063923358917236
13,75,1.8032727241516113
13,76,2.3105170726776123
13,77,2.2161271572113037
13,78,2.52351450920105
13,79,1.8405547142028809
13,80,2.2963409423828125
13,81,3.388411283493042
13,82,2.201356887817383
13,83,2.852144241333008
13,84,1.5289627313613892
13,85,1.7806322574615479
13,86,2.2966549396514893
13,87,2.3206489086151123
13,88,2.1669507026672363
13,89,1.7803987264633179
13,90,2.34979248046875
13,91,2.0418198108673096
13,92,1.8188872337341309
13,93,2.2716057300567627
13,94,2.5371413230895996
13,95,2.129741907119751
13,96,2.2401552200317383
13,97,2.2520968914031982
13,98,2.5924782752990723
13,99,2.557392120361328
13,100,2.0631062984466553
13,101,2.3110156059265137
13,102,2.170525550842285
13,103,2.449594497680664
13,104,2.4777779579162598
13,105,1.5902693271636963
13,106,2.146961212158203
13,107,3.148916244506836
13,108,1.9207055568695068
13,109,2.6029536724090576
13,110,2.211221694946289
13,111,1.5972259044647217
13,112,1.8812052011489868
13,113,2.2229692935943604
13,114,2.030515670776367
13,115,2.1840481758117676
13,116,2.000227928161621
13,117,2.1072568893432617
13,118,2.6394264698028564
13,119,2.079343795776367
13,120,1.9657039642333984
13,121,1.9955260753631592
13,122,2.1019327640533447
13,123,1.6058120727539062
13,124,1.8359376192092896
13,125,2.4915671348571777
13,126,2.7675864696502686
13,127,2.053696632385254
13,128,2.11820125579834
13,129,2.1951165199279785
13,130,3.1351478099823
13,131,2.4570538997650146
13,132,3.056427001953125
13,133,1.83262300491333
13,134,1.8479385375976562
13,135,1.8246335983276367
13,136,2.597602367401123
13,137,2.594681978225708
13,138,2.006518840789795
13,139,2.3351457118988037
13,140,2.397887706756592
13,141,1.9589459896087646
13,142,1.890294075012207
13,143,2.1420211791992188
13,144,2.3618791103363037
13,145,2.062039375305176
13,146,1.8889179229736328
13,147,2.520089626312256
13,148,2.1745810508728027
13,149,1.9303600788116455
13,150,2.04581356048584
13,151,2.1260950565338135
13,152,2.2064430713653564
13,153,1.8592357635498047
13,154,1.5530513525009155
13,155,1.8388910293579102
13,156,1.8660590648651123
13,157,2.3830134868621826
13,158,2.4737257957458496
13,159,2.0946850776672363
13,160,2.0468997955322266
13,161,1.9993689060211182
13,162,1.5633958578109741
13,163,1.8015806674957275
13,164,2.195465564727783
13,165,2.3523662090301514
13,166,1.925581455230713
13,167,2.2780373096466064
13,168,2.1747994422912598
13,169,2.2801599502563477
13,170,2.140491008758545
13,171,2.394944906234741
13,172,1.7987251281738281
13,173,2.130463123321533
13,174,1.7474710941314697
13,175,1.7197784185409546
13,176,1.8197805881500244
13,177,2.2278525829315186
13,178,1.920823097229004
13,179,2.3619260787963867
13,180,1.674747109413147
13,181,2.388233184814453
13,182,2.1214118003845215
13,183,2.449693441390991
13,184,1.8932400941848755
13,185,2.3520936965942383
13,186,2.1083931922912598
13,187,2.039177894592285
13,188,2.504570722579956
13,189,2.4269537925720215
13,190,1.9953117370605469
13,191,2.550732135772705
13,192,1.8446507453918457
13,193,2.219130039215088
13,194,2.5902767181396484
13,195,1.5250663757324219
13,196,2.4322166442871094
13,197,2.21022891998291
13,198,2.118809223175049
13,199,2.0724759101867676
13,200,2.0378568172454834
13,201,3.180851936340332
13,202,1.973442554473877
13,203,1.9778751134872437
13,204,2.093881130218506
13,205,2.113816022872925
13,206,1.9404489994049072
13,207,1.6569772958755493
13,208,1.7099391222000122
13,209,2.6806111335754395
13,210,2.0449728965759277
13,211,2.576216220855713
13,212,1.9444142580032349
13,213,2.4735007286071777
13,214,2.3611159324645996
13,215,1.9432358741760254
13,216,2.356645107269287
13,217,2.235701084136963
13,218,1.646493911743164
13,219,2.098771095275879
13,220,2.4134528636932373
13,221,2.426377773284912
13,222,2.434749126434326
13,223,2.594668388366699
13,224,2.5446996688842773
13,225,2.4001495838165283
13,226,2.246659278869629
13,227,2.3240904808044434
13,228,2.375417947769165
13,229,1.9037375450134277
13,230,2.699397087097168
13,231,2.3501832485198975
13,232,2.092214584350586
13,233,2.1190590858459473
13,234,2.157370090484619
13,235,2.0402157306671143
13,236,1.9034888744354248
13,237,2.206665515899658
13,238,2.584472417831421
13,239,2.861624240875244
13,240,2.249929904937744
13,241,1.7591965198516846
13,242,2.445573568344116
13,243,2.162046432495117
13,244,2.3053009510040283
13,245,1.959797978401184
13,246,1.8914178609848022
13,247,2.271838426589966
13,248,2.138655662536621
13,249,2.0386834144592285
13,250,2.3768038749694824
13,251,2.211538076400757
13,252,2.6357359886169434
13,253,2.2307324409484863
13,254,2.1792478561401367
13,255,1.9203314781188965
13,256,2.4738264083862305
13,257,1.765489101409912
13,258,2.018909215927124
13,259,2.550550937652588
13,260,2.4811294078826904
13,261,2.1969213485717773
13,262,2.574312686920166
13,263,2.0521938800811768
13,264,2.254141092300415
13,265,2.4501848220825195
13,266,2.0940279960632324
13,267,2.2246510982513428
13,268,1.8846509456634521
13,269,2.0978965759277344
13,270,1.8895297050476074
13,271,2.21468448638916
13,272,1.9813467264175415
13,273,2.4838783740997314
13,274,2.4814705848693848
13,275,2.164935350418091
13,276,1.6788365840911865
13,277,2.541594982147217
13,278,2.1323423385620117
13,279,1.9092748165130615
13,280,2.181887626647949
13,281,1.9633076190948486
13,282,2.8415236473083496
13,283,2.1408092975616455
13,284,2.4915554523468018
13,285,2.8251781463623047
13,286,2.2712132930755615
13,287,2.226773262023926
13,288,1.9484868049621582
13,289,2.764421224594116
13,290,1.7789357900619507
13,291,2.2005088329315186
13,292,2.177029609680176
13,293,1.8871241807937622
13,294,2.0907747745513916
13,295,2.035226821899414
13,296,1.9649064540863037
13,297,2.3745386600494385
13,298,1.7149876356124878
13,299,2.1254069805145264
13,300,2.0082931518554688
13,301,2.154372453689575
13,302,1.8168596029281616
13,303,1.9669201374053955
13,304,2.1340184211730957
13,305,1.665626049041748
13,306,2.311483144760132
13,307,1.8672242164611816
13,308,2.2877416610717773
13,309,1.7920749187469482
13,310,1.7626824378967285
13,311,2.207274913787842
13,312,2.015843391418457
13,313,2.347576141357422
13,314,2.824571132659912
13,315,2.0149006843566895
13,316,2.0062255859375
13,317,2.29132080078125
13,318,1.9404374361038208
13,319,2.0515310764312744
13,320,2.617319107055664
13,321,1.7711048126220703
13,322,2.4402170181274414
13,323,2.1776633262634277
13,324,1.8357781171798706
13,325,2.5380618572235107
13,326,2.161940336227417
13,327,2.2042157649993896
13,328,1.7529525756835938
13,329,1.8592383861541748
13,330,2.337509870529175
13,331,2.191761016845703
13,332,1.8620970249176025
13,333,2.3958921432495117
13,334,2.3624420166015625
13,335,1.9700273275375366
13,336,2.303640365600586
13,337,2.0223636627197266
13,338,2.121027946472168
13,339,1.7912516593933105
13,340,2.259730339050293
13,341,1.8381237983703613
13,342,2.0007174015045166
13,343,1.806067705154419
13,344,1.8864271640777588
13,345,2.126488208770752
13,346,1.8374581336975098
13,347,2.0162391662597656
13,348,1.8018732070922852
13,349,1.6002041101455688
13,350,1.802379846572876
13,351,2.2170090675354004
13,352,2.1297316551208496
13,353,2.56484055519104
13,354,2.0467612743377686
13,355,1.9030053615570068
13,356,1.8680288791656494
13,357,2.8961284160614014
13,358,2.39146089553833
13,359,1.990866780281067
13,360,1.7568508386611938
13,361,2.4924397468566895
13,362,2.1510977745056152
13,363,2.1194820404052734
13,364,2.4529836177825928
13,365,2.078202247619629
13,366,2.0653228759765625
13,367,2.2076966762542725
13,368,2.235527515411377
13,369,2.301886558532715
13,370,1.9946041107177734
13,371,2.5328497886657715
13,372,2.394845485687256
13,373,1.9341909885406494
13,374,2.17620849609375
13,375,2.2682154178619385
13,376,3.034543514251709
13,377,2.2056922912597656
13,378,2.255357027053833
13,379,2.209578037261963
13,380,2.123088836669922
13,381,2.3238344192504883
13,382,2.275784969329834
13,383,2.043426990509033
13,384,2.1798722743988037
13,385,1.7347429990768433
13,386,2.272888422012329
13,387,2.407191753387451
13,388,1.7131820917129517
13,389,2.331228733062744
13,390,2.141221523284912
13,391,2.395174026489258
13,392,2.2467706203460693
13,393,1.8447438478469849
13,394,1.7128982543945312
13,395,2.6288039684295654
13,396,1.7891767024993896
13,397,2.0805745124816895
13,398,2.5949244499206543
13,399,1.9691073894500732
13,400,2.029201030731201
13,401,1.9098581075668335
13,402,2.019385576248169
13,403,2.1574971675872803
13,404,2.337616205215454
13,405,2.6831469535827637
13,406,2.5279288291931152
13,407,2.4762964248657227
13,408,2.4025397300720215
13,409,2.2263219356536865
13,410,2.634044647216797
13,411,1.980229377746582
13,412,2.6688084602355957
13,413,2.1761507987976074
13,414,2.229395627975464
13,415,2.2757210731506348
13,416,2.1198043823242188
13,417,2.414364814758301
13,418,2.223987102508545
13,419,1.9843709468841553
13,420,2.1761274337768555
13,421,3.1909265518188477
13,422,1.9743224382400513
13,423,2.061647653579712
13,424,1.796996831893921
13,425,1.9862725734710693
13,426,2.119825601577759
13,427,2.270193099975586
13,428,1.711586356163025
13,429,2.1181039810180664
13,430,2.048006534576416
13,431,2.717942714691162
13,432,2.2449653148651123
13,433,2.0897293090820312
13,434,1.810603141784668
13,435,2.4976446628570557
13,436,2.1715245246887207
13,437,2.007288932800293
13,438,2.2497291564941406
13,439,1.9664756059646606
13,440,2.5868968963623047
13,441,1.6022619009017944
13,442,1.8584868907928467
13,443,2.180983066558838
13,444,2.360733985900879
13,445,2.1534738540649414
13,446,2.546454429626465
13,447,2.2932846546173096
13,448,1.8154973983764648
13,449,1.8246533870697021
13,450,2.3891165256500244
13,451,2.008394956588745
13,452,2.3906607627868652
13,453,1.8852308988571167
13,454,2.327962875366211
13,455,2.3170299530029297
13,456,2.72517991065979
13,457,1.9505126476287842
13,458,2.012282609939575
13,459,2.11934757232666
13,460,1.9864243268966675
13,461,1.8746258020401
13,462,1.7676036357879639
13,463,2.434479236602783
13,464,2.296475410461426
13,465,2.2870357036590576
13,466,2.2208995819091797
13,467,2.2231786251068115
13,468,2.400339126586914
13,469,1.9532668590545654
13,470,2.1719892024993896
13,471,2.027919054031372
13,472,2.336040496826172
13,473,2.091569423675537
13,474,2.2385342121124268
13,475,2.2108395099639893
13,476,2.223935604095459
13,477,1.8797733783721924
13,478,2.0157718658447266
13,479,2.149454116821289
13,480,1.9586853981018066
13,481,2.461355209350586
13,482,2.1379776000976562
13,483,1.8405473232269287
13,484,2.2778866291046143
13,485,2.6081671714782715
13,486,2.206984758377075
13,487,1.852703332901001
13,488,2.2178640365600586
13,489,1.9716413021087646
13,490,2.010307788848877
13,491,2.114849090576172
13,492,2.8125
13,493,2.5464866161346436
13,494,2.075734853744507
13,495,2.0203866958618164
13,496,2.127016305923462
13,497,2.0711441040039062
13,498,5.58605432510376
14,0,2.6139564514160156
14,1,2.1977670192718506
14,2,1.9134811162948608
14,3,1.655409812927246
14,4,2.3398923873901367
14,5,2.2931060791015625
14,6,2.212736129760742
14,7,2.0391669273376465
14,8,2.1046900749206543
14,9,2.4162042140960693
14,10,2.128817558288574
14,11,1.9440115690231323
14,12,1.8785080909729004
14,13,2.517864942550659
14,14,2.473020553588867
14,15,2.7145915031433105
14,16,2.005242109298706
14,17,1.9902247190475464
14,18,1.7592500448226929
14,19,2.5191259384155273
14,20,2.2495226860046387
14,21,2.20007586479187
14,22,2.1173532009124756
14,23,2.4218058586120605
14,24,2.080200672149658
14,25,1.9853025674819946
14,26,1.7632029056549072
14,27,2.3532087802886963
14,28,2.0384104251861572
14,29,2.9936113357543945
14,30,2.3359901905059814
14,31,2.455716609954834
14,32,2.5942485332489014
14,33,2.1941184997558594
14,34,2.2191479206085205
14,35,1.8914940357208252
14,36,2.2512001991271973
14,37,2.4711403846740723
14,38,2.126443386077881
14,39,1.6663539409637451
14,40,1.8176524639129639
14,41,1.7626173496246338
14,42,2.1430282592773438
14,43,2.2640421390533447
14,44,2.255645513534546
14,45,1.9930096864700317
14,46,2.5633771419525146
14,47,2.361051559448242
14,48,2.1688690185546875
14,49,2.6556711196899414
14,50,2.7022111415863037
14,51,2.2284460067749023
14,52,2.1309266090393066
14,53,1.9382243156433105
14,54,2.088146209716797
14,55,2.378843307495117
14,56,2.267855167388916
14,57,2.585960865020752
14,58,2.464566469192505
14,59,1.908812165260315
14,60,2.2815046310424805
14,61,2.1231210231781006
14,62,1.625351905822754
14,63,2.412014961242676
14,64,2.2953836917877197
14,65,1.9672493934631348
14,66,2.4451825618743896
14,67,2.509610652923584
14,68,2.2111997604370117
14,69,2.1796255111694336
14,70,1.778442621231079
14,71,2.1352710723876953
14,72,2.492178440093994
14,73,2.1847424507141113
14,74,2.397578716278076
14,75,1.9721896648406982
14,76,2.497739791870117
14,77,2.326775074005127
14,78,1.8089492321014404
14,79,2.031398296356201
14,80,2.1565730571746826
14,81,1.981040358543396
14,82,1.998984456062317
14,83,2.15606427192688
14,84,2.0524606704711914
14,85,2.1534504890441895
14,86,2.8029656410217285
14,87,1.6467626094818115
14,88,1.8631864786148071
14,89,2.2498245239257812
14,90,1.8850632905960083
14,91,1.826908826828003
14,92,2.1300816535949707
14,93,2.693868398666382
14,94,2.1736581325531006
14,95,1.9917495250701904
14,96,2.0824832916259766
14,97,2.073551893234253
14,98,2.0610458850860596
14,99,1.7667938470840454
14,100,2.0255489349365234
14,101,2.337271213531494
14,102,1.9656062126159668
14,103,1.8822734355926514
14,104,2.1044864654541016
14,105,1.938979148864746
14,106,1.7537968158721924
14,107,2.448991298675537
14,108,2.0126852989196777
14,109,1.8578194379806519
14,110,2.023284912109375
14,111,1.9329785108566284
14,112,2.2709851264953613
14,113,1.8813523054122925
14,114,2.1648340225219727
14,115,1.7581664323806763
14,116,2.1015686988830566
14,117,2.3481054306030273
14,118,2.1693098545074463
14,119,2.2879741191864014
14,120,1.9309083223342896
14,121,1.990673303604126
14,122,2.523338556289673
14,123,2.2682528495788574
14,124,2.0549707412719727
14,125,2.070117950439453
14,126,1.729004144668579
14,127,2.278599977493286
14,128,1.8885746002197266
14,129,1.957108736038208
14,130,2.4313113689422607
14,131,1.961639642715454
14,132,2.0492210388183594
14,133,2.118375778198242
14,134,2.1717491149902344
14,135,1.9175891876220703
14,136,2.323937177658081
14,137,2.263833999633789
14,138,1.7491366863250732
14,139,2.234459400177002
14,140,1.6584291458129883
14,141,1.7859992980957031
14,142,1.5998618602752686
14,143,1.8822996616363525
14,144,2.3837831020355225
14,145,2.535562753677368
14,146,1.7629612684249878
14,147,3.071774482727051
14,148,2.284029483795166
14,149,2.2746119499206543
14,150,2.7236626148223877
14,151,1.908477783203125
14,152,2.218471050262451
14,153,1.949214220046997
14,154,2.215210437774658
14,155,2.2078986167907715
14,156,2.0856969356536865
14,157,2.407680034637451
14,158,1.9818639755249023
14,159,2.409114360809326
14,160,2.2851712703704834
14,161,2.538851737976074
14,162,2.496753692626953
14,163,2.8161568641662598
14,164,1.9512226581573486
14,165,2.322129726409912
14,166,1.8251099586486816
14,167,2.8163437843322754
14,168,2.074960231781006
14,169,1.705629587173462
14,170,1.8454134464263916
14,171,2.328526496887207
14,172,2.28119158744812
14,173,2.1048192977905273
14,174,2.0091891288757324
14,175,1.9609880447387695
14,176,1.640140175819397
14,177,1.8944920301437378
14,178,1.7445876598358154
14,179,2.162579298019409
14,180,1.7971467971801758
14,181,1.953657865524292
14,182,2.6144676208496094
14,183,2.195962905883789
14,184,1.742866039276123
14,185,2.0619797706604004
14,186,2.2095749378204346
14,187,1.8073792457580566
14,188,1.618178367614746
14,189,2.3419411182403564
14,190,2.254927635192871
14,191,2.529749870300293
14,192,2.211759567260742
14,193,2.2369680404663086
14,194,2.6091434955596924
14,195,2.113703489303589
14,196,2.371584415435791
14,197,1.7445337772369385
14,198,1.8583320379257202
14,199,2.4551925659179688
14,200,1.976481556892395
14,201,2.1122591495513916
14,202,2.0688955783843994
14,203,1.7210979461669922
14,204,2.3761465549468994
14,205,1.9559178352355957
14,206,2.0634231567382812
14,207,2.0944910049438477
14,208,2.178743600845337
14,209,2.345172882080078
14,210,2.3029375076293945
14,211,2.068495750427246
14,212,1.9580583572387695
14,213,2.1746277809143066
14,214,2.093975067138672
14,215,1.8176547288894653
14,216,1.9714218378067017
14,217,1.8432260751724243
14,218,1.7732404470443726
14,219,2.377180814743042
14,220,1.8985322713851929
14,221,2.0413169860839844
14,222,2.1546568870544434
14,223,2.710726737976074
14,224,2.332151412963867
14,225,2.097364664077759
14,226,2.325188398361206
14,227,2.3126983642578125
14,228,2.2864561080932617
14,229,2.008098602294922
14,230,1.8359198570251465
14,231,2.1558032035827637
14,232,2.3590292930603027
14,233,2.3240294456481934
14,234,2.425539016723633
14,235,1.7543731927871704
14,236,2.642956018447876
14,237,2.355973482131958
14,238,1.7012454271316528
14,239,2.310135841369629
14,240,1.7639795541763306
14,241,2.5673673152923584
14,242,3.0026443004608154
14,243,1.6061497926712036
14,244,1.916703462600708
14,245,2.369785785675049
14,246,1.7986488342285156
14,247,1.879591703414917
14,248,2.0628318786621094
14,249,2.291961669921875
14,250,2.0367698669433594
14,251,2.090894937515259
14,252,1.6482913494110107
14,253,2.413651466369629
14,254,2.125096082687378
14,255,1.8604520559310913
14,256,2.7288665771484375
14,257,2.6780741214752197
14,258,2.0139715671539307
14,259,1.9197322130203247
14,260,2.580777645111084
14,261,1.8374522924423218
14,262,2.5213937759399414
14,263,2.0781383514404297
14,264,1.8664809465408325
14,265,2.0440151691436768
14,266,2.022691011428833
14,267,2.6260805130004883
14,268,1.9330291748046875
14,269,2.4818506240844727
14,270,2.6476151943206787
14,271,1.902982234954834
14,272,2.0638890266418457
14,273,1.7451677322387695
14,274,2.3984665870666504
14,275,2.475235939025879
14,276,2.3346266746520996
14,277,1.8234184980392456
14,278,2.08803653717041
14,279,2.070551872253418
14,280,2.0855894088745117
14,281,3.312952756881714
14,282,1.6650986671447754
14,283,2.0603549480438232
14,284,2.6083450317382812
14,285,1.8586559295654297
14,286,2.7255663871765137
14,287,2.039395332336426
14,288,1.8589118719100952
14,289,2.5447802543640137
14,290,1.4908616542816162
14,291,2.1422719955444336
14,292,2.415303945541382
14,293,2.011291027069092
14,294,2.009188175201416
14,295,2.7757725715637207
14,296,2.42354679107666
14,297,2.4373679161071777
14,298,2.2514443397521973
14,299,2.646503448486328
14,300,2.4830994606018066
14,301,2.299466609954834
14,302,2.43227219581604
14,303,2.047248363494873
14,304,2.828091859817505
14,305,2.385558605194092
14,306,1.856034517288208
14,307,1.841573715209961
14,308,2.159013509750366
14,309,1.8594789505004883
14,310,2.5355868339538574
14,311,2.4153969287872314
14,312,2.3184401988983154
14,313,2.162637233734131
14,314,2.038506269454956
14,315,1.5567693710327148
14,316,2.3165194988250732
14,317,2.849308490753174
14,318,1.900588035583496
14,319,2.840280771255493
14,320,2.0594959259033203
14,321,1.7728300094604492
14,322,1.9080253839492798
14,323,2.100013494491577
14,324,2.3698413372039795
14,325,2.286555051803589
14,326,1.801661491394043
14,327,1.9146432876586914
14,328,1.8087587356567383
14,329,1.6714892387390137
14,330,1.7022864818572998
14,331,2.0617635250091553
14,332,2.911669969558716
14,333,2.210956573486328
14,334,1.782531976699829
14,335,2.5833303928375244
14,336,2.163583517074585
14,337,2.141509532928467
14,338,2.0878920555114746
14,339,2.0875420570373535
14,340,2.0144872665405273
14,341,2.102705240249634
14,342,2.1755826473236084
14,343,1.8813859224319458
14,344,1.74837327003479
14,345,2.2774596214294434
14,346,2.0119845867156982
14,347,2.0475873947143555
14,348,2.1366682052612305
14,349,2.40508770942688
14,350,1.8463127613067627
14,351,2.3085055351257324
14,352,2.534214973449707
14,353,1.764611005783081
14,354,2.5612354278564453
14,355,2.3030059337615967
14,356,2.6712000370025635
14,357,2.207324981689453
14,358,2.041954755783081
14,359,1.5386135578155518
14,360,2.2283334732055664
14,361,1.7632352113723755
14,362,2.111328601837158
14,363,2.2115297317504883
14,364,1.8129265308380127
14,365,1.9350671768188477
14,366,1.4079465866088867
14,367,2.090461254119873
14,368,1.9154256582260132
14,369,2.207778215408325
14,370,2.2956717014312744
14,371,2.3911962509155273
14,372,1.8722134828567505
14,373,2.7021098136901855
14,374,2.3229353427886963
14,375,2.306644916534424
14,376,2.010777711868286
14,377,2.4657139778137207
14,378,1.8263273239135742
14,379,2.3835885524749756
14,380,2.2030935287475586
14,381,1.8901478052139282
14,382,1.835955023765564
14,383,2.0835790634155273
14,384,2.1002025604248047
14,385,2.539154291152954
14,386,1.8632789850234985
14,387,2.225785970687866
14,388,2.866621971130371
14,389,2.4930789470672607
14,390,2.188508987426758
14,391,2.1254682540893555
14,392,2.0812392234802246
14,393,2.051133155822754
14,394,2.35629940032959
14,395,1.9097375869750977
14,396,1.8753695487976074
14,397,1.742222547531128
14,398,2.0527772903442383
14,399,1.8155766725540161
14,400,2.1251931190490723
14,401,1.9609410762786865
14,402,2.3492462635040283
14,403,2.2274465560913086
14,404,1.9005671739578247
14,405,2.2187554836273193
14,406,2.022378921508789
14,407,2.4457006454467773
14,408,2.4271044731140137
14,409,2.134974956512451
14,410,2.5534772872924805
14,411,2.443323850631714
14,412,2.157684803009033
14,413,2.1312055587768555
14,414,1.8670904636383057
14,415,2.1493186950683594
14,416,2.154402732849121
14,417,1.9988350868225098
14,418,1.958815097808838
14,419,2.413022518157959
14,420,1.745276927947998
14,421,2.3669025897979736
14,422,2.384650707244873
14,423,2.6312308311462402
14,424,2.4113974571228027
14,425,2.1567702293395996
14,426,2.5457425117492676
14,427,1.969773530960083
14,428,2.0350723266601562
14,429,2.493417263031006
14,430,1.9121084213256836
14,431,2.589276075363159
14,432,2.57475209236145
14,433,2.503208875656128
14,434,1.8926433324813843
14,435,2.3174197673797607
14,436,2.359541893005371
14,437,1.855811357498169
14,438,2.2498056888580322
14,439,1.7102911472320557
14,440,2.0956923961639404
14,441,2.496208429336548
14,442,2.060659408569336
14,443,2.0012521743774414
14,444,2.2725436687469482
14,445,2.2476730346679688
14,446,1.7431203126907349
14,447,2.1774182319641113
14,448,2.3204052448272705
14,449,1.916691541671753
14,450,2.355726718902588
14,451,2.356161594390869
14,452,2.2117578983306885
14,453,2.1346263885498047
14,454,2.640275239944458
14,455,2.2708399295806885
14,456,2.650097370147705
14,457,2.3194823265075684
14,458,2.020441770553589
14,459,2.089026927947998
14,460,2.1942453384399414
14,461,3.0631771087646484
14,462,2.046647071838379
14,463,2.1838650703430176
14,464,2.1135594844818115
14,465,2.332925319671631
14,466,1.9064133167266846
14,467,2.3841891288757324
14,468,2.055492639541626
14,469,1.7542469501495361
14,470,2.2357306480407715
14,471,1.6343069076538086
14,472,2.627376079559326
14,473,2.5166707038879395
14,474,1.9304866790771484
14,475,2.5610740184783936
14,476,2.023188352584839
14,477,1.9061787128448486
14,478,2.5252461433410645
14,479,2.6505331993103027
14,480,1.8712469339370728
14,481,1.9311046600341797
14,482,2.07918119430542
14,483,2.1018340587615967
14,484,1.758931040763855
14,485,1.8476791381835938
14,486,2.4658188819885254
14,487,2.5842435359954834
14,488,3.0865566730499268
14,489,2.25620698928833
14,490,2.3533663749694824
14,491,2.0346574783325195
14,492,2.4006714820861816
14,493,2.331853151321411
14,494,2.076042413711548
14,495,2.3554089069366455
14,496,2.490555763244629
14,497,2.318718910217285
14,498,3.0501341819763184
15,0,2.415053367614746
15,1,2.2621848583221436
15,2,2.161909580230713
15,3,2.0848281383514404
15,4,2.130706310272217
15,5,1.879272699356079
15,6,2.0635998249053955
15,7,2.610995292663574
15,8,2.0677857398986816
15,9,2.114161729812622
15,10,2.66892147064209
15,11,2.36024808883667
15,12,1.965505838394165
15,13,1.6040616035461426
15,14,2.2699623107910156
15,15,2.5365092754364014
15,16,2.1001534461975098
15,17,1.8460266590118408
15,18,2.1418204307556152
15,19,1.9946396350860596
15,20,2.5444371700286865
15,21,1.8129487037658691
15,22,2.102219343185425
15,23,2.1171560287475586
15,24,2.2631378173828125
15,25,1.7315356731414795
15,26,2.8933448791503906
15,27,1.9965167045593262
15,28,1.787170648574829
15,29,2.0096259117126465
15,30,2.3123466968536377
15,31,2.093763828277588
15,32,2.1772217750549316
15,33,2.233328342437744
15,34,1.9117164611816406
15,35,1.8305444717407227
15,36,1.94429349899292
15,37,2.082319736480713
15,38,1.7837916612625122
15,39,2.6420633792877197
15,40,1.6093018054962158
15,41,2.173260450363159
15,42,1.938434362411499
15,43,1.9674983024597168
15,44,2.230342149734497
15,45,2.191126585006714
15,46,1.8133312463760376
15,47,2.2347779273986816
15,48,2.3253698348999023
15,49,2.1453709602355957
15,50,2.02569842338562
15,51,1.972219705581665
15,52,2.02026104927063
15,53,2.132582426071167
15,54,1.9105949401855469
15,55,2.0174427032470703
15,56,2.5340638160705566
15,57,2.40966796875
15,58,1.7927014827728271
15,59,2.0977163314819336
15,60,2.152271270751953
15,61,2.2702529430389404
15,62,2.4108242988586426
15,63,2.4885902404785156
15,64,2.035813808441162
15,65,1.9126204252243042
15,66,1.5321967601776123
15,67,2.120151996612549
15,68,2.3605494499206543
15,69,2.1260929107666016
15,70,1.7850782871246338
15,71,2.0199570655822754
15,72,1.9890844821929932
15,73,2.176638126373291
15,74,2.0540924072265625
15,75,1.8609610795974731
15,76,2.4819934368133545
15,77,2.508042812347412
15,78,2.0219154357910156
15,79,2.0988543033599854
15,80,2.0913679599761963
15,81,1.7422657012939453
15,82,1.823212742805481
15,83,2.2806591987609863
15,84,1.5425775051116943
15,85,1.98142409324646
15,86,2.5585439205169678
15,87,2.3006608486175537
15,88,1.9913394451141357
15,89,1.7158344984054565
15,90,2.958664894104004
15,91,1.9779915809631348
15,92,2.1250553131103516
15,93,2.3849291801452637
15,94,2.4199953079223633
15,95,2.2782692909240723
15,96,2.421027660369873
15,97,2.8414359092712402
15,98,2.0260517597198486
15,99,1.9841644763946533
15,100,1.8964769840240479
15,101,2.1984314918518066
15,102,2.0729293823242188
15,103,1.7736797332763672
15,104,2.134459972381592
15,105,2.3903584480285645
15,106,1.5595035552978516
15,107,1.581948161125183
15,108,1.9104663133621216
15,109,2.5061392784118652
15,110,1.8839519023895264
15,111,2.4735262393951416
15,112,1.944076657295227
15,113,1.6366045475006104
15,114,1.879732608795166
15,115,2.227806568145752
15,116,1.871463656425476
15,117,1.74253249168396
15,118,2.363062858581543
15,119,2.0000693798065186
15,120,2.1021759510040283
15,121,1.7298011779785156
15,122,1.949368953704834
15,123,1.812760591506958
15,124,2.956210136413574
15,125,2.6568403244018555
15,126,2.570377826690674
15,127,1.9366894960403442
15,128,1.8750271797180176
15,129,2.662489891052246
15,130,2.145371913909912
15,131,1.5832780599594116
15,132,2.106745481491089
15,133,1.7283356189727783
15,134,2.230985641479492
15,135,2.6451635360717773
15,136,1.8129876852035522
15,137,2.090277910232544
15,138,2.2268104553222656
15,139,2.1836764812469482
15,140,2.317047357559204
15,141,2.059422492980957
15,142,2.270775318145752
15,143,1.7671575546264648
15,144,2.2756011486053467
15,145,1.9606010913848877
15,146,2.315711736679077
15,147,2.343158721923828
15,148,2.048079013824463
15,149,2.7083425521850586
15,150,2.0774426460266113
15,151,2.905362606048584
15,152,2.231241226196289
15,153,1.8870089054107666
15,154,1.9020642042160034
15,155,2.250758409500122
15,156,2.3782262802124023
15,157,1.687860369682312
15,158,2.208874225616455
15,159,1.9952733516693115
15,160,1.8531829118728638
15,161,2.3876757621765137
15,162,1.5990269184112549
15,163,2.452652931213379
15,164,2.2106010913848877
15,165,2.5050389766693115
15,166,2.2021074295043945
15,167,2.098165988922119
15,168,2.0609989166259766
15,169,1.9859108924865723
15,170,2.525057315826416
15,171,2.495756149291992
15,172,1.6559200286865234
15,173,2.0570554733276367
15,174,2.3546533584594727
15,175,2.0490458011627197
15,176,1.8761448860168457
15,177,2.3922007083892822
15,178,1.794145107269287
15,179,1.9804166555404663
15,180,1.630462408065796
15,181,2.429030179977417
15,182,1.9796857833862305
15,183,2.2022440433502197
15,184,1.8690004348754883
15,185,2.4643123149871826
15,186,1.9930152893066406
15,187,2.621471643447876
15,188,2.2766287326812744
15,189,2.0511224269866943
15,190,2.6609461307525635
15,191,1.864781141281128
15,192,2.286879777908325
15,193,1.9820609092712402
15,194,1.858154535293579
15,195,2.3532323837280273
15,196,1.9540936946868896
15,197,2.4307267665863037
15,198,3.117702007293701
15,199,2.015699863433838
15,200,1.588573694229126
15,201,1.736846685409546
15,202,1.8378256559371948
15,203,2.223436117172241
15,204,1.760300874710083
15,205,1.8251533508300781
15,206,2.601872444152832
15,207,2.0461063385009766
15,208,2.4771318435668945
15,209,2.0961267948150635
15,210,2.021977663040161
15,211,2.1714537143707275
15,212,1.8758375644683838
15,213,2.17379093170166
15,214,1.9382622241973877
15,215,1.6373252868652344
15,216,2.2994847297668457
15,217,1.6066868305206299
15,218,1.8522725105285645
15,219,2.0407462120056152
15,220,2.027543783187866
15,221,2.4930899143218994
15,222,2.4893929958343506
15,223,1.886272668838501
15,224,1.8965235948562622
15,225,1.7985281944274902
15,226,2.142505645751953
15,227,2.1727254390716553
15,228,2.2030673027038574
15,229,2.5415589809417725
15,230,2.5289478302001953
15,231,2.123539686203003
15,232,1.8049921989440918
15,233,2.3158891201019287
15,234,1.7644624710083008
15,235,2.202465057373047
15,236,2.2341814041137695
15,237,2.256071090698242
15,238,1.922727108001709
15,239,2.7471179962158203
15,240,2.129117488861084
15,241,3.148538112640381
15,242,1.6907775402069092
15,243,2.249293565750122
15,244,2.087893486022949
15,245,2.2482991218566895
15,246,1.892957091331482
15,247,2.786749839782715
15,248,2.141420602798462
15,249,1.8470916748046875
15,250,2.125650405883789
15,251,1.713456630706787
15,252,2.3251967430114746
15,253,2.254812717437744
15,254,2.015558958053589
15,255,2.3166956901550293
15,256,1.9237500429153442
15,257,1.5910099744796753
15,258,2.458505630493164
15,259,2.2421462535858154
15,260,2.4659669399261475
15,261,1.798124074935913
15,262,2.031599998474121
15,263,2.4281728267669678
15,264,1.7440159320831299
15,265,1.881064772605896
15,266,2.01781964302063
15,267,1.7044146060943604
15,268,2.150770902633667
15,269,2.0488181114196777
15,270,2.0296201705932617
15,271,2.495232343673706
15,272,2.4330296516418457
15,273,1.9590647220611572
15,274,2.205021381378174
15,275,1.7660757303237915
15,276,2.0732288360595703
15,277,2.6190600395202637
15,278,2.759338140487671
15,279,2.5936174392700195
15,280,2.3450801372528076
15,281,2.007805824279785
15,282,2.0458171367645264
15,283,2.3290047645568848
15,284,2.7060346603393555
15,285,1.8943727016448975
15,286,1.8072845935821533
15,287,2.1662559509277344
15,288,2.234283924102783
15,289,2.0388545989990234
15,290,2.1799376010894775
15,291,2.195983409881592
15,292,2.070283889770508
15,293,1.7750154733657837
15,294,2.0098049640655518
15,295,1.8587509393692017
15,296,2.4367122650146484
15,297,2.292942762374878
15,298,2.53377103805542
15,299,1.795532464981079
15,300,2.1043026447296143
15,301,2.088015556335449
15,302,2.3236727714538574
15,303,2.0217108726501465
15,304,1.9258763790130615
15,305,1.8088905811309814
15,306,1.6613478660583496
15,307,1.6438316106796265
15,308,1.8988704681396484
15,309,1.9617433547973633
15,310,2.2581067085266113
15,311,1.966912031173706
15,312,2.224378824234009
15,313,2.0929718017578125
15,314,1.9389525651931763
15,315,2.6746158599853516
15,316,1.923783779144287
15,317,1.8104450702667236
15,318,1.8059852123260498
15,319,2.103839635848999
15,320,2.0155811309814453
15,321,1.9705417156219482
15,322,1.8911385536193848
15,323,2.2365732192993164
15,324,2.383779525756836
15,325,2.3926382064819336
15,326,2.3027350902557373
15,327,1.8256580829620361
15,328,2.2936887741088867
15,329,2.9825310707092285
15,330,1.9158128499984741
15,331,2.2057082653045654
15,332,2.7404773235321045
15,333,1.735870361328125
15,334,1.8787896633148193
15,335,2.490488290786743
15,336,2.141918897628784
15,337,2.1259963512420654
15,338,2.3151016235351562
15,339,2.198808431625366
15,340,1.9177566766738892
15,341,2.0673327445983887
15,342,1.9848415851593018
15,343,2.172957181930542
15,344,1.663142442703247
15,345,2.638043165206909
15,346,2.15694522857666
15,347,2.4745893478393555
15,348,1.9190497398376465
15,349,2.2863481044769287
15,350,2.1740312576293945
15,351,2.4057846069335938
15,352,2.5035266876220703
15,353,2.2088022232055664
15,354,1.969232439994812
15,355,1.5053927898406982
15,356,2.2190771102905273
15,357,1.9499361515045166
15,358,2.1526966094970703
15,359,2.125579833984375
15,360,2.264207124710083
15,361,2.052429676055908
15,362,2.0532679557800293
15,363,2.1222407817840576
15,364,1.9104721546173096
15,365,1.7084863185882568
15,366,2.917980670928955
15,367,1.979290246963501
15,368,1.8465745449066162
15,369,2.079106330871582
15,370,2.1615524291992188
15,371,2.3644113540649414
15,372,2.4031763076782227
15,373,2.455258369445801
15,374,2.1141748428344727
15,375,2.668064594268799
15,376,2.574751138687134
15,377,2.132600784301758
15,378,2.2887465953826904
15,379,1.9079713821411133
15,380,2.3413543701171875
15,381,2.1006999015808105
15,382,1.9008677005767822
15,383,1.7326717376708984
15,384,1.7865641117095947
15,385,2.868532180786133
15,386,2.4040536880493164
15,387,2.463921546936035
15,388,2.606186866760254
15,389,2.2002837657928467
15,390,2.679365634918213
15,391,1.8442578315734863
15,392,2.2196786403656006
15,393,2.194408893585205
15,394,2.350170850753784
15,395,2.4634366035461426
15,396,2.535654067993164
15,397,2.3841910362243652
15,398,2.2296817302703857
15,399,2.033034324645996
15,400,2.198843002319336
15,401,2.1041886806488037
15,402,1.9899293184280396
15,403,2.2057855129241943
15,404,2.0888242721557617
15,405,2.419405937194824
15,406,2.7268905639648438
15,407,2.2290749549865723
15,408,1.9355175495147705
15,409,2.284242630004883
15,410,1.9443855285644531
15,411,1.9417719841003418
15,412,1.800007939338684
15,413,1.985213279724121
15,414,2.0668158531188965
15,415,2.6075522899627686
15,416,2.286668062210083
15,417,2.2341527938842773
15,418,1.8930773735046387
15,419,2.9501519203186035
15,420,2.257493257522583
15,421,2.71193265914917
15,422,2.3342082500457764
15,423,2.2744338512420654
15,424,2.0740559101104736
15,425,2.444492816925049
15,426,2.462092876434326
15,427,2.952366828918457
15,428,1.7864890098571777
15,429,2.1806678771972656
15,430,2.306959867477417
15,431,2.4121806621551514
15,432,2.574129581451416
15,433,1.7815909385681152
15,434,1.8193557262420654
15,435,2.0203938484191895
15,436,2.2319912910461426
15,437,2.135517120361328
15,438,2.372985601425171
15,439,2.3850059509277344
15,440,2.0693299770355225
15,441,1.8862571716308594
15,442,2.3091535568237305
15,443,2.0152320861816406
15,444,2.0777719020843506
15,445,1.8060030937194824
15,446,1.95017671585083
15,447,1.6624033451080322
15,448,2.5076677799224854
15,449,2.3988475799560547
15,450,2.553755521774292
15,451,2.021408796310425
15,452,2.548248052597046
15,453,2.0596368312835693
15,454,2.0425825119018555
15,455,1.9518711566925049
15,456,2.250706672668457
15,457,2.1713600158691406
15,458,1.9897042512893677
15,459,2.0964109897613525
15,460,2.31890606880188
15,461,1.8259484767913818
15,462,1.987440586090088
15,463,1.777864694595337
15,464,2.1977641582489014
15,465,1.8919697999954224
15,466,2.1504549980163574
15,467,2.4680957794189453
15,468,2.0986289978027344
15,469,2.6181020736694336
15,470,2.022920846939087
15,471,2.0630125999450684
15,472,2.3140928745269775
15,473,1.9779467582702637
15,474,2.17279052734375
15,475,1.9186960458755493
15,476,1.7687325477600098
15,477,2.318861961364746
15,478,2.1777279376983643
15,479,2.515564441680908
15,480,2.76350736618042
15,481,1.9230010509490967
15,482,2.4329657554626465
15,483,2.023037910461426
15,484,2.3734970092773438
15,485,2.29079532623291
15,486,2.0786094665527344
15,487,2.163051128387451
15,488,2.5665154457092285
15,489,2.535693645477295
15,490,2.064042091369629
15,491,1.889061689376831
15,492,2.0662624835968018
15,493,1.8301126956939697
15,494,1.5074186325073242
15,495,2.4201154708862305
15,496,2.3512160778045654
15,497,2.3459198474884033
15,498,2.6779680252075195
16,0,2.188821315765381
16,1,1.8528120517730713
16,2,2.1754443645477295
16,3,2.394822597503662
16,4,2.1313352584838867
16,5,1.9012384414672852
16,6,1.4763944149017334
16,7,1.979907512664795
16,8,2.7328531742095947
16,9,1.5721246004104614
16,10,1.7975311279296875
16,11,1.7343419790267944
16,12,2.0146524906158447
16,13,2.6601171493530273
16,14,1.8349778652191162
16,15,2.349091053009033
16,16,2.054220676422119
16,17,1.9327993392944336
16,18,2.2847492694854736
16,19,1.9880359172821045
16,20,2.079411506652832
16,21,2.0454983711242676
16,22,1.4288450479507446
16,23,2.6841623783111572
16,24,1.8207392692565918
16,25,1.7605822086334229
16,26,2.087892532348633
16,27,1.8523356914520264
16,28,2.260509967803955
16,29,2.0493781566619873
16,30,2.115243673324585
16,31,2.0417323112487793
16,32,2.1208090782165527
16,33,2.1128697395324707
16,34,2.14998722076416
16,35,2.372932195663452
16,36,2.052661418914795
16,37,1.8379265069961548
16,38,2.7316150665283203
16,39,1.8880712985992432
16,40,3.209071636199951
16,41,1.9940812587738037
16,42,2.3735008239746094
16,43,2.441237211227417
16,44,2.0990071296691895
16,45,2.1587600708007812
16,46,2.280296802520752
16,47,1.5908899307250977
16,48,1.9254933595657349
16,49,1.9297456741333008
16,50,1.9271297454833984
16,51,2.3240461349487305
16,52,2.527003526687622
16,53,2.1363749504089355
16,54,2.034214973449707
16,55,1.946508526802063
16,56,1.6833570003509521
16,57,2.2075793743133545
16,58,2.2722086906433105
16,59,2.252047061920166
16,60,2.21380352973938
16,61,1.8442894220352173
16,62,2.497720956802368
16,63,2.2758827209472656
16,64,2.2382733821868896
16,65,2.230809450149536
16,66,1.8285090923309326
16,67,2.467566728591919
16,68,1.982682228088379
16,69,1.9101829528808594
16,70,2.503131628036499
16,71,2.049880027770996
16,72,1.9336214065551758
16,73,2.0979325771331787
16,74,1.8186376094818115
16,75,2.114746570587158
16,76,1.6765350103378296
16,77,2.216733694076538
16,78,2.3789775371551514
16,79,2.0648434162139893
16,80,1.8151358366012573
16,81,1.7947947978973389
16,82,2.015960216522217
16,83,2.070847749710083
16,84,1.4680520296096802
16,85,1.6823713779449463
16,86,2.0546088218688965
16,87,1.8728537559509277
16,88,1.880746603012085
16,89,2.123267650604248
16,90,1.635530948638916
16,91,2.131816864013672
16,92,1.6733918190002441
16,93,2.0880329608917236
16,94,2.1301779747009277
16,95,1.8621182441711426
16,96,1.8137001991271973
16,97,2.1917972564697266
16,98,2.189541816711426
16,99,1.8026540279388428
16,100,2.349679470062256
16,101,1.8462653160095215
16,102,2.112325668334961
16,103,2.606762409210205
16,104,1.833774209022522
16,105,2.4751386642456055
16,106,2.0775303840637207
16,107,1.8627867698669434
16,108,2.1684410572052
16,109,2.0941104888916016
16,110,2.1087148189544678
16,111,2.236760139465332
16,112,2.635415554046631
16,113,1.7575998306274414
16,114,2.5917246341705322
16,115,2.089846611022949
16,116,1.888032078742981
16,117,1.9645392894744873
16,118,1.9629926681518555
16,119,2.3122940063476562
16,120,2.1887266635894775
16,121,2.5310261249542236
16,122,1.9413394927978516
16,123,2.383419990539551
16,124,1.8708809614181519
16,125,2.2051422595977783
16,126,1.9528436660766602
16,127,2.0636038780212402
16,128,1.6210854053497314
16,129,2.2619829177856445
16,130,1.9644348621368408
16,131,2.1350200176239014
16,132,1.7006635665893555
16,133,1.5355980396270752
16,134,1.825791597366333
16,135,2.1481242179870605
16,136,2.5212814807891846
16,137,2.0828323364257812
16,138,2.825946092605591
16,139,1.7192022800445557
16,140,2.1609692573547363
16,141,2.9668047428131104
16,142,2.2103328704833984
16,143,2.4769890308380127
16,144,2.200120210647583
16,145,2.5968263149261475
16,146,2.267194986343384
16,147,1.491729974746704
16,148,1.906444787979126
16,149,1.8828246593475342
16,150,1.7378913164138794
16,151,1.6098302602767944
16,152,2.3387863636016846
16,153,2.384775400161743
16,154,2.069014072418213
16,155,1.8195526599884033
16,156,2.4749867916107178
16,157,1.8686610460281372
16,158,2.038323402404785
16,159,2.1934473514556885
16,160,1.6565265655517578
16,161,1.9918415546417236
16,162,2.877929925918579
16,163,2.095489025115967
16,164,2.3251452445983887
16,165,1.638663649559021
16,166,1.705885410308838
16,167,1.4501304626464844
16,168,2.0497965812683105
16,169,2.2015769481658936
16,170,2.274127244949341
16,171,2.5412397384643555
16,172,2.8986334800720215
16,173,2.1015243530273438
16,174,2.17867112159729
16,175,2.5412912368774414
16,176,2.114531993865967
16,177,1.8406336307525635
16,178,2.1697113513946533
16,179,2.100344181060791
16,180,1.8178303241729736
16,181,1.6763371229171753
16,182,2.021155834197998
16,183,2.0362884998321533
16,184,2.069667339324951
16,185,1.8575353622436523
16,186,2.204683780670166
16,187,2.017059803009033
16,188,2.235882520675659
16,189,1.6373741626739502
16,190,2.4846720695495605
16,191,1.9796788692474365
16,192,1.9750922918319702
16,193,1.8327672481536865
16,194,2.298222064971924
16,195,1.596550464630127
16,196,2.1510117053985596
16,197,2.2076575756073
16,198,3.2771248817443848
16,199,1.9178688526153564
16,200,2.0374865531921387
16,201,2.1555774211883545
16,202,2.585639715194702
16,203,2.066854476928711
16,204,1.9675109386444092
16,205,1.923807978630066
16,206,2.1026434898376465
16,207,1.682530164718628
16,208,2.388676166534424
16,209,1.8930206298828125
16,210,2.3104100227355957
16,211,2.099290370941162
16,212,2.318511486053467
16,213,2.061614990234375
16,214,1.8712334632873535
16,215,2.419080972671509
16,216,2.3976011276245117
16,217,1.6905114650726318
16,218,1.937113881111145
16,219,2.3760581016540527
16,220,1.7561290264129639
16,221,2.0914463996887207
16,222,2.69339919090271
16,223,2.106795072555542
16,224,1.9300684928894043
16,225,2.81927490234375
16,226,1.7848668098449707
16,227,2.3047947883605957
16,228,2.938040018081665
16,229,2.1861023902893066
16,230,2.224935293197632
16,231,2.310760498046875
16,232,2.0427465438842773
16,233,1.87678861618042
16,234,2.1517598628997803
16,235,2.5589160919189453
16,236,2.849339008331299
16,237,1.7194724082946777
16,238,2.017515182495117
16,239,1.643885850906372
16,240,1.9433294534683228
16,241,1.9166207313537598
16,242,2.206540107727051
16,243,2.454271078109741
16,244,2.0074777603149414
16,245,2.3102355003356934
16,246,1.79436457157135
16,247,2.3123598098754883
16,248,1.7241417169570923
16,249,2.2719311714172363
16,250,1.8569400310516357
16,251,1.912722110748291
16,252,2.219228744506836
16,253,2.3663129806518555
16,254,1.7273619174957275
16,255,1.7767138481140137
16,256,1.9089348316192627
16,257,3.2679972648620605
16,258,2.0126614570617676
16,259,2.23285174369812
16,260,2.1697959899902344
16,261,1.8827998638153076
16,262,2.146690845489502
16,263,3.6464121341705322
16,264,1.7674299478530884
16,265,1.9685126543045044
16,266,2.268322706222534
16,267,2.4958510398864746
16,268,1.9485664367675781
16,269,1.673316478729248
16,270,2.7038888931274414
16,271,2.275908946990967
16,272,2.1904356479644775
16,273,1.6825873851776123
16,274,1.7078871726989746
16,275,1.9606705904006958
16,276,1.9902187585830688
16,277,3.229897975921631
16,278,2.5116665363311768
16,279,2.0173189640045166
16,280,1.803436279296875
16,281,2.091005325317383
16,282,2.3556933403015137
16,283,1.9658405780792236
16,284,2.3087210655212402
16,285,2.750670909881592
16,286,1.7954301834106445
16,287,2.0773205757141113
16,288,1.9415267705917358
16,289,2.011496067047119
16,290,1.7384390830993652
16,291,2.1554665565490723
16,292,2.4478373527526855
16,293,1.6632463932037354
16,294,2.425591468811035
16,295,1.7555302381515503
16,296,1.903712511062622
16,297,2.429226875305176
16,298,2.0180068016052246
16,299,2.4795923233032227
16,300,1.9367541074752808
16,301,1.6654117107391357
16,302,1.8680012226104736
16,303,2.250593900680542
16,304,1.9397319555282593
16,305,2.1212472915649414
16,306,2.3067500591278076
16,307,3.0238423347473145
16,308,2.480689764022827
16,309,2.0815553665161133
16,310,2.1851789951324463
16,311,1.839895486831665
16,312,2.2233777046203613
16,313,2.1962850093841553
16,314,2.2300045490264893
16,315,1.8048884868621826
16,316,2.4935193061828613
16,317,2.2406063079833984
16,318,2.122657299041748
16,319,1.8108429908752441
16,320,2.1101412773132324
16,321,1.859882116317749
16,322,2.0305583477020264
16,323,1.838690996170044
16,324,1.6288918256759644
16,325,2.545506477355957
16,326,2.1204655170440674
16,327,1.8528797626495361
16,328,1.8924777507781982
16,329,2.029939651489258
16,330,2.118985891342163
16,331,1.8142809867858887
16,332,1.7947583198547363
16,333,1.9773966073989868
16,334,1.576026439666748
16,335,2.209529399871826
16,336,2.1037442684173584
16,337,1.8531204462051392
16,338,1.8127576112747192
16,339,2.5363097190856934
16,340,1.9026296138763428
16,341,2.4957714080810547
16,342,2.5063788890838623
16,343,2.0249574184417725
16,344,1.7542483806610107
16,345,2.1039950847625732
16,346,1.952300786972046
16,347,2.0292606353759766
16,348,1.8842518329620361
16,349,2.29146671295166
16,350,2.0818839073181152
16,351,1.7928361892700195
16,352,1.8175487518310547
16,353,2.0004730224609375
16,354,1.6497001647949219
16,355,1.722888708114624
16,356,1.9164948463439941
16,357,1.8411896228790283
16,358,1.9233242273330688
16,359,2.557591438293457
16,360,2.534310817718506
16,361,2.044910430908203
16,362,2.2509543895721436
16,363,1.952648639678955
16,364,2.8514657020568848
16,365,2.271331548690796
16,366,1.78037428855896
16,367,1.7626972198486328
16,368,1.9364113807678223
16,369,2.6862149238586426
16,370,1.9414408206939697
16,371,2.115488052368164
16,372,1.8240092992782593
16,373,2.1481950283050537
16,374,2.1622328758239746
16,375,1.6022757291793823
16,376,1.9293420314788818
16,377,2.0023789405822754
16,378,1.5989642143249512
16,379,2.012751817703247
16,380,2.2630808353424072
16,381,2.7769575119018555
16,382,1.7450023889541626
16,383,2.491170883178711
16,384,2.2118396759033203
16,385,2.214643955230713
16,386,2.1374146938323975
16,387,2.274768114089966
16,388,2.197824478149414
16,389,1.614382028579712
16,390,1.901958703994751
16,391,2.6735520362854004
16,392,2.349717140197754
16,393,2.2695882320404053
16,394,1.6947375535964966
16,395,2.18609619140625
16,396,2.084996223449707
16,397,1.8589446544647217
16,398,2.7759649753570557
16,399,1.8318623304367065
16,400,1.8673510551452637
16,401,2.3736772537231445
16,402,2.361417531967163
16,403,2.3874504566192627
16,404,2.3107125759124756
16,405,2.5541515350341797
16,406,2.6992125511169434
16,407,2.4270267486572266
16,408,1.6583001613616943
16,409,1.9088525772094727
16,410,2.1549489498138428
16,411,2.0317301750183105
16,412,2.717622995376587
16,413,1.6712088584899902
16,414,2.21610689163208
16,415,2.2442212104797363
16,416,2.166611909866333
16,417,2.3762094974517822
16,418,2.0763916969299316
16,419,2.1588187217712402
16,420,1.621300458908081
16,421,2.581967830657959
16,422,2.010369300842285
16,423,1.8575503826141357
16,424,1.863332748413086
16,425,2.078395128250122
16,426,2.4236557483673096
16,427,1.9045249223709106
16,428,2.2096848487854004
16,429,1.9823863506317139
16,430,1.7915217876434326
16,431,2.28257417678833
16,432,2.3044121265411377
16,433,1.937349557876587
16,434,1.9537298679351807
16,435,2.0725526809692383
16,436,1.6884796619415283
16,437,2.123380661010742
16,438,1.9763541221618652
16,439,2.00667667388916
16,440,2.336725950241089
16,441,2.3369908332824707
16,442,1.5693423748016357
16,443,2.036748170852661
16,444,2.3578591346740723
16,445,2.5309712886810303
16,446,2.0887398719787598
16,447,1.8247685432434082
16,448,2.4010751247406006
16,449,1.7003557682037354
16,450,2.271790027618408
16,451,2.1465513706207275
16,452,2.378091335296631
16,453,2.4675636291503906
16,454,2.2456939220428467
16,455,2.3740041255950928
16,456,1.8602721691131592
16,457,2.5469555854797363
16,458,1.8295464515686035
16,459,2.438432216644287
16,460,2.4779603481292725
16,461,2.006732940673828
16,462,2.096146821975708
16,463,1.9307608604431152
16,464,2.522045373916626
16,465,1.8561350107192993
16,466,2.5440618991851807
16,467,2.0078887939453125
16,468,1.7433717250823975
16,469,2.2995100021362305
16,470,1.7872960567474365
16,471,1.7228052616119385
16,472,2.013352155685425
16,473,2.7541770935058594
16,474,2.2453794479370117
16,475,2.6342406272888184
16,476,2.246072292327881
16,477,2.410264253616333
16,478,2.7756495475769043
16,479,2.6769492626190186
16,480,2.3606884479522705
16,481,2.201047897338867
16,482,2.051858425140381
16,483,1.8672178983688354
16,484,2.0605568885803223
16,485,1.9932050704956055
16,486,2.6700892448425293
16,487,2.0747721195220947
16,488,2.037879467010498
16,489,2.3119940757751465
16,490,2.123507022857666
16,491,2.137232780456543
16,492,1.8593401908874512
16,493,1.9874470233917236
16,494,2.0499513149261475
16,495,2.1556859016418457
16,496,1.969427466392517
16,497,1.8672603368759155
16,498,2.757044792175293
17,0,2.078850746154785
17,1,1.9491487741470337
17,2,2.81368350982666
17,3,1.9519259929656982
17,4,2.175194263458252
17,5,1.9003424644470215
17,6,2.197453737258911
17,7,1.8162400722503662
17,8,1.9634522199630737
17,9,2.3974380493164062
17,10,2.166351795196533
17,11,1.8488550186157227
17,12,2.0692429542541504
17,13,1.9578956365585327
17,14,2.01192569732666
17,15,2.8268113136291504
17,16,1.9075427055358887
17,17,2.1544835567474365
17,18,1.779628038406372
17,19,1.5890872478485107
17,20,2.6024985313415527
17,21,1.5871917009353638
17,22,1.8221580982208252
17,23,2.035238027572632
17,24,2.489079475402832
17,25,1.8768770694732666
17,26,2.149178981781006
17,27,2.351008653640747
17,28,2.1065547466278076
17,29,1.894806981086731
17,30,2.0261263847351074
17,31,2.075979232788086
17,32,2.3473808765411377
17,33,2.1495742797851562
17,34,2.4887542724609375
17,35,1.999239206314087
17,36,1.9127824306488037
17,37,2.214106798171997
17,38,2.532015562057495
17,39,2.194135904312134
17,40,2.1339733600616455
17,41,1.7957640886306763
17,42,2.014340877532959
17,43,2.7615966796875
17,44,1.9379010200500488
17,45,2.321150541305542
17,46,2.376844882965088
17,47,2.1244001388549805
17,48,2.44738507270813
17,49,2.0059075355529785
17,50,1.8592207431793213
17,51,2.064209461212158
17,52,2.480344772338867
17,53,2.0655643939971924
17,54,2.2037582397460938
17,55,1.5724369287490845
17,56,2.1206583976745605
17,57,1.659938931465149
17,58,1.9347755908966064
17,59,2.438101053237915
17,60,2.426532745361328
17,61,2.4020767211914062
17,62,2.4772582054138184
17,63,1.8972877264022827
17,64,2.5268967151641846
17,65,1.763650894165039
17,66,2.2322518825531006
17,67,2.113675832748413
17,68,2.3895885944366455
17,69,2.3252854347229004
17,70,1.978543758392334
17,71,2.12447452545166
17,72,2.3733925819396973
17,73,1.8911008834838867
17,74,1.9736980199813843
17,75,2.0313916206359863
17,76,1.8235194683074951
17,77,1.8249410390853882
17,78,1.7722797393798828
17,79,2.019543409347534
17,80,2.1432697772979736
17,81,2.4080681800842285
17,82,2.1481051445007324
17,83,1.744208574295044
17,84,2.320352077484131
17,85,1.8848952054977417
17,86,1.905597448348999
17,87,2.33644700050354
17,88,2.042041301727295
17,89,1.8376232385635376
17,90,1.968176007270813
17,91,1.9428287744522095
17,92,1.9889867305755615
17,93,1.9856326580047607
17,94,2.229794502258301
17,95,2.2709786891937256
17,96,1.9086940288543701
17,97,2.346588134765625
17,98,1.869706153869629
17,99,1.9416946172714233
17,100,2.3359861373901367
17,101,2.078280448913574
17,102,1.8832265138626099
17,103,1.6926460266113281
17,104,2.0320706367492676
17,105,2.2296221256256104
17,106,1.6674368381500244
17,107,1.5868160724639893
17,108,2.3144636154174805
17,109,1.626960039138794
17,110,2.0900471210479736
17,111,2.306516408920288
17,112,1.9115699529647827
17,113,1.4805186986923218
17,114,1.7459161281585693
17,115,2.108778476715088
17,116,1.6313269138336182
17,117,2.5778751373291016
17,118,2.343989849090576
17,119,1.8469626903533936
17,120,2.2948601245880127
17,121,1.8523073196411133
17,122,1.5354382991790771
17,123,1.7098915576934814
17,124,2.230884313583374
17,125,1.9181855916976929
17,126,2.320490598678589
17,127,1.7572098970413208
17,128,1.8071823120117188
17,129,2.7979238033294678
17,130,2.015707015991211
17,131,1.9085800647735596
17,132,1.9034581184387207
17,133,2.2742159366607666
17,134,2.3063900470733643
17,135,2.2413487434387207
17,136,2.1284003257751465
17,137,1.7881128787994385
17,138,1.9702705144882202
17,139,2.064354658126831
17,140,2.0364201068878174
17,141,2.137935161590576
17,142,1.6824616193771362
17,143,2.044066905975342
17,144,2.3963818550109863
17,145,2.7289090156555176
17,146,1.8038291931152344
17,147,2.213996410369873
17,148,1.9040049314498901
17,149,1.9985833168029785
17,150,1.722902536392212
17,151,2.6173529624938965
17,152,1.7736223936080933
17,153,2.6728556156158447
17,154,2.0130414962768555
17,155,2.2409863471984863
17,156,1.8804693222045898
17,157,2.0855863094329834
17,158,2.0209908485412598
17,159,2.652601480484009
17,160,2.922194004058838
17,161,2.120128870010376
17,162,1.9326469898223877
17,163,2.094186305999756
17,164,2.55216121673584
17,165,2.7640278339385986
17,166,2.3445630073547363
17,167,2.094696521759033
17,168,2.3185291290283203
17,169,2.241342544555664
17,170,1.8652774095535278
17,171,2.113219738006592
17,172,1.790046215057373
17,173,1.6654069423675537
17,174,1.6668585538864136
17,175,1.8848662376403809
17,176,2.003596544265747
17,177,2.0963711738586426
17,178,2.1355485916137695
17,179,2.451127052307129
17,180,1.7084252834320068
17,181,1.6873250007629395
17,182,1.6230049133300781
17,183,2.1474673748016357
17,184,1.8765015602111816
17,185,2.0475454330444336
17,186,1.794405460357666
17,187,2.2266550064086914
17,188,2.0666141510009766
17,189,1.8424010276794434
17,190,2.79371976852417
17,191,1.845578908920288
17,192,2.214543581008911
17,193,2.2387380599975586
17,194,2.317793607711792
17,195,1.9517797231674194
17,196,2.031700611114502
17,197,2.0816144943237305
17,198,2.0647335052490234
17,199,2.603024482727051
17,200,1.9470516443252563
17,201,1.8071362972259521
17,202,2.478989601135254
17,203,2.0948503017425537
17,204,2.4187753200531006
17,205,2.756918430328369
17,206,1.8962236642837524
17,207,1.7733585834503174
17,208,1.7980263233184814
17,209,1.7042498588562012
17,210,2.506941556930542
17,211,1.8999836444854736
17,212,1.548997402191162
17,213,2.3606903553009033
17,214,1.9278236627578735
17,215,2.3014800548553467
17,216,2.0104928016662598
17,217,1.6081948280334473
17,218,2.085731267929077
17,219,1.851304531097412
17,220,1.8007054328918457
17,221,2.0789976119995117
17,222,1.624496340751648
17,223,2.0793209075927734
17,224,2.449155330657959
17,225,1.9547783136367798
17,226,2.35241436958313
17,227,1.754997968673706
17,228,2.121253728866577
17,229,1.9416213035583496
17,230,2.0831105709075928
17,231,2.046785354614258
17,232,2.1781249046325684
17,233,2.1400842666625977
17,234,1.6836527585983276
17,235,2.3124754428863525
17,236,1.8177690505981445
17,237,1.642220377922058
17,238,1.95782470703125
17,239,1.9966973066329956
17,240,2.8556065559387207
17,241,1.9893642663955688
17,242,2.152252674102783
17,243,2.1903586387634277
17,244,2.2451086044311523
17,245,2.1830434799194336
17,246,2.3206498622894287
17,247,1.6985628604888916
17,248,2.283561944961548
17,249,2.3775687217712402
17,250,2.430396795272827
17,251,2.037736654281616
17,252,2.0575509071350098
17,253,1.645607590675354
17,254,2.3826746940612793
17,255,1.9454115629196167
17,256,2.279536485671997
17,257,2.576119899749756
17,258,2.426276683807373
17,259,2.1075499057769775
17,260,1.6935012340545654
17,261,2.0821428298950195
17,262,1.8115296363830566
17,263,2.462437152862549
17,264,1.779858112335205
17,265,2.5117504596710205
17,266,1.6540203094482422
17,267,1.9100663661956787
17,268,1.9012165069580078
17,269,1.6173052787780762
17,270,1.989892840385437
17,271,2.3657212257385254
17,272,1.876116394996643
17,273,2.202601671218872
17,274,2.1127214431762695
17,275,1.9715619087219238
17,276,2.3154592514038086
17,277,2.0211994647979736
17,278,2.2573513984680176
17,279,1.87482488155365
17,280,1.975436806678772
17,281,2.0742435455322266
17,282,2.1699132919311523
17,283,1.8491787910461426
17,284,2.046602487564087
17,285,2.1612548828125
17,286,2.0685224533081055
17,287,1.7574059963226318
17,288,1.8558628559112549
17,289,1.8306729793548584
17,290,2.390434741973877
17,291,2.161965847015381
17,292,1.4979057312011719
17,293,1.9929755926132202
17,294,2.3587541580200195
17,295,2.93812894821167
17,296,2.6219372749328613
17,297,2.1370344161987305
17,298,1.6230814456939697
17,299,2.5564424991607666
17,300,2.114802360534668
17,301,2.0168228149414062
17,302,1.6040538549423218
17,303,2.6556460857391357
17,304,1.7465330362319946
17,305,1.889277458190918
17,306,2.2131478786468506
17,307,2.1174445152282715
17,308,2.3548965454101562
17,309,2.134413719177246
17,310,2.4684858322143555
17,311,1.9907299280166626
17,312,2.1921582221984863
17,313,1.9108442068099976
17,314,2.261971950531006
17,315,1.9714607000350952
17,316,1.8168666362762451
17,317,2.1005678176879883
17,318,1.8777012825012207
17,319,2.184735059738159
17,320,1.7890331745147705
17,321,2.11855149269104
17,322,2.6626949310302734
17,323,2.136395215988159
17,324,1.8971856832504272
17,325,2.265246868133545
17,326,2.0104544162750244
17,327,2.3183910846710205
17,328,2.6926486492156982
17,329,2.052591323852539
17,330,2.889691114425659
17,331,1.9390926361083984
17,332,2.0864152908325195
17,333,2.1919443607330322
17,334,1.9979645013809204
17,335,2.4820172786712646
17,336,2.1036415100097656
17,337,2.0883097648620605
17,338,2.291086435317993
17,339,1.9743459224700928
17,340,1.8918002843856812
17,341,2.087751626968384
17,342,2.395017623901367
17,343,1.6020179986953735
17,344,2.0037577152252197
17,345,1.9664459228515625
17,346,2.3035292625427246
17,347,2.1529757976531982
17,348,1.78636634349823
17,349,1.9072669744491577
17,350,2.076915740966797
17,351,1.9593913555145264
17,352,1.6441951990127563
17,353,2.6101319789886475
17,354,2.3065638542175293
17,355,1.6745702028274536
17,356,1.817561149597168
17,357,2.0336694717407227
17,358,2.3148763179779053
17,359,1.9560043811798096
17,360,1.7568697929382324
17,361,1.9360345602035522
17,362,3.2801554203033447
17,363,1.7543458938598633
17,364,1.9638779163360596
17,365,1.5467344522476196
17,366,1.9853923320770264
17,367,1.8616828918457031
17,368,2.015209436416626
17,369,2.287308692932129
17,370,2.602043628692627
17,371,2.2675557136535645
17,372,1.64686918258667
17,373,1.9077200889587402
17,374,2.0242507457733154
17,375,2.41017484664917
17,376,2.228696346282959
17,377,2.2883172035217285
17,378,2.511017322540283
17,379,2.0775258541107178
17,380,1.8220176696777344
17,381,2.0202322006225586
17,382,1.9356131553649902
17,383,2.363574981689453
17,384,1.9333243370056152
17,385,2.093754768371582
17,386,2.188117027282715
17,387,1.8314863443374634
17,388,2.195460081100464
17,389,1.922969102859497
17,390,2.1276204586029053
17,391,2.396754264831543
17,392,2.1061153411865234
17,393,2.286482810974121
17,394,2.1603217124938965
17,395,2.290538787841797
17,396,1.8776127099990845
17,397,1.7045564651489258
17,398,2.109689712524414
17,399,2.4927940368652344
17,400,2.0749130249023438
17,401,1.9388881921768188
17,402,2.1387553215026855
17,403,1.892399549484253
17,404,2.2124361991882324
17,405,2.496976613998413
17,406,2.184204578399658
17,407,1.8588095903396606
17,408,1.8348042964935303
17,409,2.249537944793701
17,410,2.0132384300231934
17,411,1.5860085487365723
17,412,1.6847668886184692
17,413,2.2581052780151367
17,414,1.9150394201278687
17,415,2.0596923828125
17,416,1.9649851322174072
17,417,1.8104979991912842
17,418,1.7108523845672607
17,419,2.65558123588562
17,420,2.0797510147094727
17,421,2.5328800678253174
17,422,1.7851794958114624
17,423,1.9002107381820679
17,424,2.0452728271484375
17,425,1.783555507659912
17,426,2.0238871574401855
17,427,2.3014659881591797
17,428,2.141213893890381
17,429,2.087094306945801
17,430,1.53480863571167
17,431,1.5379078388214111
17,432,2.3289504051208496
17,433,2.3103747367858887
17,434,1.7408783435821533
17,435,2.7178547382354736
17,436,1.90968918800354
17,437,2.5976343154907227
17,438,2.4167497158050537
17,439,2.139035940170288
17,440,2.5778377056121826
17,441,2.0005598068237305
17,442,1.8219048976898193
17,443,2.073486804962158
17,444,1.749927043914795
17,445,2.2004003524780273
17,446,1.9959406852722168
17,447,1.650193452835083
17,448,2.2404353618621826
17,449,1.9053614139556885
17,450,1.887850046157837
17,451,2.608309507369995
17,452,2.475158214569092
17,453,2.2951724529266357
17,454,2.4897704124450684
17,455,1.9448127746582031
17,456,2.425588607788086
17,457,1.998907208442688
17,458,1.7884180545806885
17,459,2.1361804008483887
17,460,2.29363751411438
17,461,2.175537586212158
17,462,2.24177885055542
17,463,2.5124502182006836
17,464,2.5208873748779297
17,465,1.8987473249435425
17,466,1.765697956085205
17,467,1.5378823280334473
17,468,2.009996175765991
17,469,2.345663070678711
17,470,2.2947921752929688
17,471,1.8042018413543701
17,472,2.0358474254608154
17,473,1.9370956420898438
17,474,2.7092723846435547
17,475,2.27256441116333
17,476,1.9717085361480713
17,477,1.7879208326339722
17,478,1.7664008140563965
17,479,1.7417936325073242
17,480,2.0509707927703857
17,481,2.294386386871338
17,482,1.83234441280365
17,483,1.8293884992599487
17,484,2.177297592163086
17,485,2.297614574432373
17,486,2.593024253845215
17,487,1.916360855102539
17,488,1.8653571605682373
17,489,1.7382069826126099
17,490,2.0689756870269775
17,491,2.478747844696045
17,492,2.3078651428222656
17,493,1.704986572265625
17,494,1.9028072357177734
17,495,2.2322826385498047
17,496,1.7789556980133057
17,497,1.765648603439331
17,498,1.8712419271469116
18,0,2.381474018096924
18,1,1.787561058998108
18,2,1.6470568180084229
18,3,2.4863080978393555
18,4,1.81809663772583
18,5,2.1556029319763184
18,6,2.1441650390625
18,7,2.2912826538085938
18,8,2.3433799743652344
18,9,2.2023165225982666
18,10,2.2154812812805176
18,11,1.883021593093872
18,12,1.779179573059082
18,13,1.9136271476745605
18,14,2.1171841621398926
18,15,2.287446975708008
18,16,1.8404232263565063
18,17,1.9929933547973633
18,18,2.2555911540985107
18,19,2.125371217727661
18,20,1.7465410232543945
18,21,1.8299109935760498
18,22,2.119244337081909
18,23,2.3059275150299072
18,24,2.170271873474121
18,25,2.00765061378479
18,26,2.168646812438965
18,27,1.8586926460266113
18,28,1.7591010332107544
18,29,2.303457736968994
18,30,1.866424322128296
18,31,2.103046417236328
18,32,2.021489381790161
18,33,1.7648861408233643
18,34,1.8051743507385254
18,35,1.935485601425171
18,36,2.265530586242676
18,37,2.46455979347229
18,38,1.8939385414123535
18,39,1.954859972000122
18,40,1.6483967304229736
18,41,2.37150239944458
18,42,1.924940824508667
18,43,1.9998853206634521
18,44,2.327982187271118
18,45,1.8291469812393188
18,46,1.7090600728988647
18,47,1.9721300601959229
18,48,2.370051860809326
18,49,1.7775719165802002
18,50,1.8508222103118896
18,51,2.339294195175171
18,52,1.972163200378418
18,53,1.6525676250457764
18,54,2.486905574798584
18,55,2.4455344676971436
18,56,1.8823140859603882
18,57,2.0132107734680176
18,58,1.7393138408660889
18,59,2.616532802581787
18,60,1.882697582244873
18,61,1.7485706806182861
18,62,1.6403660774230957
18,63,2.3239612579345703
18,64,2.090899705886841
18,65,2.817831039428711
18,66,1.7631336450576782
18,67,1.9999371767044067
18,68,1.9194254875183105
18,69,1.9833824634552002
18,70,1.822084903717041
18,71,1.847824215888977
18,72,2.1286604404449463
18,73,1.4857137203216553
18,74,2.0676767826080322
18,75,1.8477622270584106
18,76,1.8306748867034912
18,77,2.1307716369628906
18,78,2.3193140029907227
18,79,2.076859474182129
18,80,1.5754568576812744
18,81,2.419118881225586
18,82,1.7559552192687988
18,83,1.7848637104034424
18,84,1.477475643157959
18,85,1.7669217586517334
18,86,2.231707811355591
18,87,1.7721977233886719
18,88,1.8118013143539429
18,89,1.6444019079208374
18,90,2.1649882793426514
18,91,1.9786183834075928
18,92,2.1245555877685547
18,93,1.6750397682189941
18,94,2.5700342655181885
18,95,1.9762749671936035
18,96,1.8516695499420166
18,97,1.9669482707977295
18,98,1.8259410858154297
18,99,2.2646055221557617
18,100,1.6575868129730225
18,101,1.8296937942504883
18,102,1.9701448678970337
18,103,2.150869369506836
18,104,2.1569395065307617
18,105,1.8121788501739502
18,106,1.9571480751037598
18,107,2.0951366424560547
18,108,2.0974085330963135
18,109,1.681858777999878
18,110,1.953099012374878
18,111,2.0189435482025146
18,112,1.8330073356628418
18,113,1.8649768829345703
18,114,1.6110775470733643
18,115,2.0635972023010254
18,116,2.0940840244293213
18,117,1.8620271682739258
18,118,1.626515507698059
18,119,2.0241637229919434
18,120,2.0907058715820312
18,121,2.23476505279541
18,122,1.853353500366211
18,123,2.2052054405212402
18,124,2.6155903339385986
18,125,1.8980090618133545
18,126,1.8181686401367188
18,127,2.208571195602417
18,128,2.0674242973327637
18,129,1.8168739080429077
18,130,2.5642969608306885
18,131,1.7531743049621582
18,132,1.897770643234253
18,133,2.6381988525390625
18,134,1.7493784427642822
18,135,1.891618251800537
18,136,2.3079075813293457
18,137,2.332545518875122
18,138,2.32535982131958
18,139,2.140415906906128
18,140,1.741206407546997
18,141,2.040653705596924
18,142,2.2714810371398926
18,143,2.2350780963897705
18,144,2.2967400550842285
18,145,1.8050771951675415
18,146,1.9072318077087402
18,147,2.1479291915893555
18,148,2.5141615867614746
18,149,2.0837457180023193
18,150,1.9754743576049805
18,151,1.810905933380127
18,152,1.7531983852386475
18,153,2.1480653285980225
18,154,1.7756975889205933
18,155,2.3826100826263428
18,156,1.3902021646499634
18,157,2.3626246452331543
18,158,1.7368676662445068
18,159,2.207240343093872
18,160,1.8309409618377686
18,161,1.949737787246704
18,162,2.173840284347534
18,163,1.6126924753189087
18,164,1.9119459390640259
18,165,2.072754383087158
18,166,2.4575448036193848
18,167,2.2470877170562744
18,168,1.90932035446167
18,169,2.178429126739502
18,170,1.863313913345337
18,171,1.6110680103302002
18,172,1.934070110321045
18,173,1.6393978595733643
18,174,2.1271162033081055
18,175,1.8326654434204102
18,176,2.450000524520874
18,177,2.628732919692993
18,178,2.138761043548584
18,179,1.6355233192443848
18,180,2.319331645965576
18,181,2.458273410797119
18,182,1.97627854347229
18,183,2.058459997177124
18,184,1.8219707012176514
18,185,2.4993982315063477
18,186,2.1959047317504883
18,187,1.8502466678619385
18,188,1.717171549797058
18,189,1.9431626796722412
18,190,2.4898531436920166
18,191,2.271566390991211
18,192,2.116511344909668
18,193,2.1102330684661865
18,194,2.0956320762634277
18,195,2.0405943393707275
18,196,2.002699136734009
18,197,2.2159597873687744
18,198,2.122112512588501
18,199,2.03269100189209
18,200,2.3309693336486816
18,201,1.9580357074737549
18,202,2.4338932037353516
18,203,1.9391167163848877
18,204,2.1347498893737793
18,205,2.1111364364624023
18,206,1.9607348442077637
18,207,2.1891868114471436
18,208,1.946314811706543
18,209,2.0013749599456787
18,210,2.2152304649353027
18,211,1.8446533679962158
18,212,2.1782054901123047
18,213,1.906019926071167
18,214,1.9468986988067627
18,215,1.5350769758224487
18,216,1.6271284818649292
18,217,2.417334794998169
18,218,2.211465358734131
18,219,1.8922438621520996
18,220,1.675766944885254
18,221,2.482361316680908
18,222,2.6123440265655518
18,223,1.8232609033584595
18,224,2.170962333679199
18,225,2.0361826419830322
18,226,1.938170313835144
18,227,2.692026138305664
18,228,1.9132094383239746
18,229,2.7156615257263184
18,230,1.9942686557769775
18,231,1.6865633726119995
18,232,1.6956919431686401
18,233,2.96178936958313
18,234,1.8297297954559326
18,235,2.012044906616211
18,236,2.4551143646240234
18,237,2.3368282318115234
18,238,2.042393445968628
18,239,2.273540496826172
18,240,1.8902536630630493
18,241,2.3867387771606445
18,242,1.9469244480133057
18,243,2.0397167205810547
18,244,1.8193057775497437
18,245,1.723333716392517
18,246,1.75386381149292
18,247,1.711944580078125
18,248,1.8372657299041748
18,249,1.8221771717071533
18,250,1.8130238056182861
18,251,1.9276351928710938
18,252,1.8775088787078857
18,253,1.9500635862350464
18,254,1.8101379871368408
18,255,1.956089735031128
18,256,2.064014196395874
18,257,1.8587756156921387
18,258,3.014146566390991
18,259,1.6718416213989258
18,260,1.7027676105499268
18,261,1.9422354698181152
18,262,2.0309553146362305
18,263,1.9156769514083862
18,264,1.4905753135681152
18,265,1.815168857574463
18,266,2.1185569763183594
18,267,2.163116931915283
18,268,2.0105528831481934
18,269,2.0060908794403076
18,270,1.9374637603759766
18,271,1.953789234161377
18,272,2.5635268688201904
18,273,1.8759675025939941
18,274,1.8677092790603638
18,275,2.1419079303741455
18,276,2.619450092315674
18,277,2.2744343280792236
18,278,1.6987175941467285
18,279,1.7130179405212402
18,280,2.078838586807251
18,281,2.103611946105957
18,282,2.3668947219848633
18,283,1.7996962070465088
18,284,2.130554676055908
18,285,2.0977635383605957
18,286,2.44115948677063
18,287,2.4825029373168945
18,288,1.7798678874969482
18,289,2.612295389175415
18,290,1.8010917901992798
18,291,2.2123093605041504
18,292,2.1986124515533447
18,293,2.1578433513641357
18,294,1.4447362422943115
18,295,2.1377549171447754
18,296,1.7595014572143555
18,297,2.0503089427948
18,298,2.4236035346984863
18,299,2.24393367767334
18,300,2.6819393634796143
18,301,1.8135446310043335
18,302,1.8898310661315918
18,303,1.7981629371643066
18,304,2.142157554626465
18,305,1.7966485023498535
18,306,1.8510315418243408
18,307,1.9828746318817139
18,308,2.6799373626708984
18,309,2.5186893939971924
18,310,1.9628427028656006
18,311,1.6057515144348145
18,312,1.7469524145126343
18,313,1.981194019317627
18,314,2.410468101501465
18,315,2.270785331726074
18,316,2.1318984031677246
18,317,2.5733227729797363
18,318,2.0542969703674316
18,319,2.5397961139678955
18,320,2.169757843017578
18,321,2.276920795440674
18,322,1.6774603128433228
18,323,2.3140742778778076
18,324,1.6470509767532349
18,325,2.3825807571411133
18,326,2.213127851486206
18,327,2.218663454055786
18,328,2.0137641429901123
18,329,2.3910470008850098
18,330,1.815537691116333
18,331,2.3713228702545166
18,332,1.9786338806152344
18,333,2.642519950866699
18,334,2.450840950012207
18,335,2.514258623123169
18,336,1.7182245254516602
18,337,2.8405826091766357
18,338,1.9681154489517212
18,339,1.9811081886291504
18,340,1.6547597646713257
18,341,2.3336920738220215
18,342,1.676166296005249
18,343,1.8916566371917725
18,344,2.1026217937469482
18,345,2.2095284461975098
18,346,2.0582714080810547
18,347,2.0766448974609375
18,348,2.477047920227051
18,349,2.0053067207336426
18,350,2.0332610607147217
18,351,1.9609429836273193
18,352,2.329695463180542
18,353,2.3656058311462402
18,354,2.3645386695861816
18,355,1.6898329257965088
18,356,1.8830063343048096
18,357,2.1243505477905273
18,358,2.0621302127838135
18,359,1.9877939224243164
18,360,2.565528631210327
18,361,1.9244459867477417
18,362,1.9938136339187622
18,363,1.9302968978881836
18,364,1.8507511615753174
18,365,2.134453535079956
18,366,1.9957771301269531
18,367,2.354949474334717
18,368,1.7263007164001465
18,369,1.6777535676956177
18,370,2.367006778717041
18,371,1.696307897567749
18,372,2.254560947418213
18,373,1.8140861988067627
18,374,2.2637882232666016
18,375,1.656294345855713
18,376,2.0459065437316895
18,377,2.052551746368408
18,378,2.179213047027588
18,379,1.900251865386963
18,380,2.614895820617676
18,381,2.0268008708953857
18,382,2.640774726867676
18,383,1.9846909046173096
18,384,2.0697104930877686
18,385,2.3377737998962402
18,386,2.1183998584747314
18,387,2.052061080932617
18,388,1.8921129703521729
18,389,1.9028048515319824
18,390,2.154601573944092
18,391,2.6747939586639404
18,392,1.6761748790740967
18,393,1.9323726892471313
18,394,2.0449635982513428
18,395,2.2836968898773193
18,396,2.5505316257476807
18,397,1.7055761814117432
18,398,2.18196964263916
18,399,2.029327869415283
18,400,2.896468162536621
18,401,2.2613773345947266
18,402,2.1085495948791504
18,403,1.9655568599700928
18,404,1.8362793922424316
18,405,3.088913917541504
18,406,1.7764835357666016
18,407,1.9029123783111572
18,408,2.7903687953948975
18,409,1.8641552925109863
18,410,2.5847153663635254
18,411,1.6392018795013428
18,412,2.375728130340576
18,413,2.4633445739746094
18,414,1.8279545307159424
18,415,1.8751434087753296
18,416,2.0783042907714844
18,417,1.5099960565567017
18,418,2.1163692474365234
18,419,2.161396026611328
18,420,2.062626600265503
18,421,2.3952062129974365
18,422,2.212785243988037
18,423,2.7009637355804443
18,424,1.9445741176605225
18,425,2.246115207672119
18,426,2.3194704055786133
18,427,1.8092230558395386
18,428,2.0691781044006348
18,429,1.777656078338623
18,430,1.9569960832595825
18,431,2.03245210647583
18,432,2.9393303394317627
18,433,2.125791549682617
18,434,1.5496342182159424
18,435,1.9879894256591797
18,436,2.166452169418335
18,437,2.0475172996520996
18,438,1.6446388959884644
18,439,1.8398756980895996
18,440,2.1955318450927734
18,441,2.5762717723846436
18,442,1.8041129112243652
18,443,3.0780487060546875
18,444,2.322374105453491
18,445,1.4439098834991455
18,446,1.7747615575790405
18,447,1.8064682483673096
18,448,1.9982503652572632
18,449,2.1928887367248535
18,450,2.2895708084106445
18,451,2.567995071411133
18,452,2.0542688369750977
18,453,1.9888176918029785
18,454,2.416579484939575
18,455,1.6644593477249146
18,456,1.5721666812896729
18,457,2.5185883045196533
18,458,1.8854173421859741
18,459,2.446063280105591
18,460,2.0070083141326904
18,461,2.3174118995666504
18,462,2.009916305541992
18,463,2.242798328399658
18,464,2.199470281600952
18,465,1.8251962661743164
18,466,1.9098910093307495
18,467,2.714860439300537
18,468,2.0484206676483154
18,469,1.8159985542297363
18,470,2.2252907752990723
18,471,2.02927303314209
18,472,2.1368541717529297
18,473,2.1977458000183105
18,474,1.9307020902633667
18,475,1.7054826021194458
18,476,1.793800950050354
18,477,1.9344384670257568
18,478,1.8730422258377075
18,479,1.6850738525390625
18,480,2.576350212097168
18,481,1.875746250152588
18,482,2.5112171173095703
18,483,2.1812219619750977
18,484,1.872562289237976
18,485,1.8161630630493164
18,486,2.405635356903076
18,487,1.6622949838638306
18,488,1.8133747577667236
18,489,2.7342629432678223
18,490,2.3322043418884277
18,491,2.688314437866211
18,492,2.2810730934143066
18,493,2.915405511856079
18,494,2.038768768310547
18,495,1.6123663187026978
18,496,1.8150696754455566
18,497,1.7549309730529785
18,498,2.007371187210083
19,0,2.1510167121887207
19,1,1.9006178379058838
19,2,2.2307167053222656
19,3,2.111229181289673
19,4,2.1119589805603027
19,5,2.25934100151062
19,6,2.008040189743042
19,7,2.0747179985046387
19,8,2.331345796585083
19,9,1.9514029026031494
19,10,1.7218410968780518
19,11,2.030179500579834
19,12,2.282317638397217
19,13,1.913137435913086
19,14,1.9906724691390991
19,15,1.928703784942627
19,16,2.0935330390930176
19,17,2.292529582977295
19,18,2.0357775688171387
19,19,2.2884154319763184
19,20,2.1495838165283203
19,21,2.025373935699463
19,22,2.269139528274536
19,23,1.7555060386657715
19,24,2.088207960128784
19,25,2.43992280960083
19,26,1.7383651733398438
19,27,1.858272671699524
19,28,1.684218168258667
19,29,2.2526400089263916
19,30,2.0459399223327637
19,31,1.7795199155807495
19,32,2.207333564758301
19,33,1.7133351564407349
19,34,1.699312448501587
19,35,1.9241626262664795
19,36,2.1310367584228516
19,37,2.290693759918213
19,38,1.567392110824585
19,39,1.8590103387832642
19,40,1.7095482349395752
19,41,2.3557240962982178
19,42,2.2555389404296875
19,43,2.62753963470459
19,44,2.335848331451416
19,45,2.254483938217163
19,46,1.91465425491333
19,47,1.7749805450439453
19,48,1.706540822982788
19,49,2.086362600326538
19,50,2.9279274940490723
19,51,1.5638809204101562
19,52,2.010951519012451
19,53,1.8036415576934814
19,54,1.7592203617095947
19,55,2.436006546020508
19,56,2.2171480655670166
19,57,2.3900623321533203
19,58,1.8151555061340332
19,59,1.9894940853118896
19,60,2.0081372261047363
19,61,1.7835476398468018
19,62,2.0574874877929688
19,63,2.140286684036255
19,64,1.8852077722549438
19,65,2.4624898433685303
19,66,2.138483762741089
19,67,2.178992748260498
19,68,2.089017152786255
19,69,2.202655553817749
19,70,2.548734664916992
19,71,1.5491104125976562
19,72,2.016650676727295
19,73,1.8712198734283447
19,74,2.126438617706299
19,75,1.791381597518921
19,76,1.8069015741348267
19,77,1.9548728466033936
19,78,1.778468132019043
19,79,2.6067051887512207
19,80,1.8216853141784668
19,81,2.07731294631958
19,82,2.427374839782715
19,83,1.9805912971496582
19,84,2.2844436168670654
19,85,2.1102919578552246
19,86,1.8475395441055298
19,87,1.9278783798217773
19,88,2.0128605365753174
19,89,1.9157649278640747
19,90,2.0651047229766846
19,91,2.456214427947998
19,92,2.3315815925598145
19,93,2.417362928390503
19,94,1.8463401794433594
19,95,2.32090425491333
19,96,2.2758383750915527
19,97,2.5566086769104004
19,98,2.5942952632904053
19,99,2.164754629135132
19,100,2.206397533416748
19,101,2.046365737915039
19,102,2.5787038803100586
19,103,1.77378249168396
19,104,1.726770043373108
19,105,2.056190013885498
19,106,1.9514634609222412
19,107,2.086822509765625
19,108,2.1337504386901855
19,109,2.193114995956421
19,110,1.8023638725280762
19,111,2.305593967437744
19,112,2.5969979763031006
19,113,2.0301337242126465
19,114,1.511539340019226
19,115,2.4392762184143066
19,116,1.707664966583252
19,117,1.9739316701889038
19,118,2.152205467224121
19,119,2.2058348655700684
19,120,2.543644428253174
19,121,2.1864771842956543
19,122,2.323155403137207
19,123,2.297564744949341
19,124,1.9095604419708252
19,125,1.939159870147705
19,126,1.5947809219360352
19,127,1.8578922748565674
19,128,1.82904052734375
19,129,2.707977294921875
19,130,2.0858569145202637
19,131,2.308526039123535
19,132,2.738426446914673
19,133,1.8514589071273804
19,134,1.9679887294769287
19,135,1.6299290657043457
19,136,2.1027064323425293
19,137,2.0080857276916504
19,138,2.133786916732788
19,139,1.6535601615905762
19,140,1.982629656791687
19,141,1.9018288850784302
19,142,2.0242209434509277
19,143,1.819965124130249
19,144,2.5255377292633057
19,145,1.6609859466552734
19,146,1.770585060119629
19,147,2.0807502269744873
19,148,2.016922950744629
19,149,2.524768114089966
19,150,1.656813621520996
19,151,2.2346043586730957
19,152,1.8800206184387207
19,153,2.2759923934936523
19,154,1.8908483982086182
19,155,2.3615474700927734
19,156,1.7127928733825684
19,157,1.9522182941436768
19,158,2.5251340866088867
19,159,2.3130264282226562
19,160,1.8156559467315674
19,161,2.172178268432617
19,162,2.113891839981079
19,163,2.4590134620666504
19,164,2.0513012409210205
19,165,2.2205240726470947
19,166,1.7064592838287354
19,167,1.707821011543274
19,168,1.5857369899749756
19,169,2.149986743927002
19,170,2.17974853515625
19,171,1.7672725915908813
19,172,2.2508511543273926
19,173,2.1554412841796875
19,174,1.6213291883468628
19,175,2.2892982959747314
19,176,2.4252333641052246
19,177,2.1594724655151367
19,178,2.0042529106140137
19,179,2.0193140506744385
19,180,1.9885083436965942
19,181,2.547135353088379
19,182,2.232595920562744
19,183,1.6682932376861572
19,184,1.9378982782363892
19,185,2.0368728637695312
19,186,1.8788409233093262
19,187,2.3208069801330566
19,188,1.9686558246612549
19,189,1.791149377822876
19,190,2.052680492401123
19,191,2.3443105220794678
19,192,2.0234899520874023
19,193,2.046199083328247
19,194,2.2198431491851807
19,195,2.9082131385803223
19,196,1.6235530376434326
19,197,2.5239810943603516
19,198,2.3917043209075928
19,199,2.0815749168395996
19,200,1.9936753511428833
19,201,2.1088690757751465
19,202,1.7598938941955566
19,203,1.8736920356750488
19,204,2.189620018005371
19,205,2.190070152282715
19,206,1.7254786491394043
19,207,2.010145425796509
19,208,2.148134708404541
19,209,1.931342363357544
19,210,2.0925633907318115
19,211,2.1054017543792725
19,212,2.2364282608032227
19,213,2.103351354598999
19,214,2.5174641609191895
19,215,1.7643404006958008
19,216,2.332509994506836
19,217,2.631577491760254
19,218,1.9049421548843384
19,219,2.5448381900787354
19,220,1.8022592067718506
19,221,1.9164122343063354
19,222,2.593968152999878
19,223,2.3292953968048096
19,224,2.2184996604919434
19,225,1.9108037948608398
19,226,2.2714157104492188
19,227,1.7680141925811768
19,228,2.2421798706054688
19,229,1.8961646556854248
19,230,2.418513298034668
19,231,2.1939053535461426
19,232,2.726713180541992
19,233,1.836626410484314
19,234,2.2711873054504395
19,235,1.9489737749099731
19,236,1.9795985221862793
19,237,2.1838340759277344
19,238,2.106109619140625
19,239,2.0300393104553223
19,240,1.6909773349761963
19,241,1.8417465686798096
19,242,1.6427898406982422
19,243,2.0101590156555176
19,244,1.6611882448196411
19,245,2.3817412853240967
19,246,1.8204630613327026
19,247,1.6540429592132568
19,248,2.487802028656006
19,249,2.2013983726501465
19,250,1.9105671644210815
19,251,1.6177345514297485
19,252,2.9867920875549316
19,253,2.074173927307129
19,254,1.7047553062438965
19,255,2.4327750205993652
19,256,1.7917321920394897
19,257,2.4327549934387207
19,258,2.457437515258789
19,259,1.9314886331558228
19,260,1.5482052564620972
19,261,1.6780378818511963
19,262,2.1219093799591064
19,263,1.9763340950012207
19,264,1.7545409202575684
19,265,1.9379069805145264
19,266,2.167948007583618
19,267,2.2953455448150635
19,268,2.2591586112976074
19,269,2.185096502304077
19,270,1.82407546043396
19,271,2.590751886367798
19,272,1.8260443210601807
19,273,2.2583303451538086
19,274,1.6035752296447754
19,275,2.219296455383301
19,276,2.550405502319336
19,277,1.5431612730026245
19,278,2.223550796508789
19,279,2.1364612579345703
19,280,2.067530393600464
19,281,2.1144931316375732
19,282,2.078866958618164
19,283,1.857701063156128
19,284,2.0250296592712402
19,285,1.9890296459197998
19,286,1.7272472381591797
19,287,2.4142906665802
19,288,1.9779162406921387
19,289,1.6226000785827637
19,290,1.7545143365859985
19,291,2.176410675048828
19,292,1.6976981163024902
19,293,1.911010503768921
19,294,1.700079321861267
19,295,2.0289087295532227
19,296,1.8654906749725342
19,297,1.750802755355835
19,298,1.743175983428955
19,299,2.1425740718841553
19,300,1.8931862115859985
19,301,2.3289785385131836
19,302,2.30233097076416
19,303,1.9683516025543213
19,304,1.7089486122131348
19,305,2.3530116081237793
19,306,1.6085200309753418
19,307,1.8607852458953857
19,308,2.6561551094055176
19,309,2.7414870262145996
19,310,2.027712821960449
19,311,1.960577130317688
19,312,2.601210117340088
19,313,2.2013654708862305
19,314,2.371609926223755
19,315,2.3544623851776123
19,316,2.235339641571045
19,317,1.7975702285766602
19,318,1.8983548879623413
19,319,2.2248587608337402
19,320,2.0085833072662354
19,321,2.7726616859436035
19,322,2.2305288314819336
19,323,2.134040355682373
19,324,2.013141632080078
19,325,2.1460604667663574
19,326,2.1030216217041016
19,327,1.5113966464996338
19,328,1.9690748453140259
19,329,2.0006515979766846
19,330,1.6533534526824951
19,331,2.2098312377929688
19,332,1.6526461839675903
19,333,1.8673416376113892
19,334,2.0309810638427734
19,335,1.9969186782836914
19,336,2.019517421722412
19,337,2.2697787284851074
19,338,2.2391011714935303
19,339,1.8374043703079224
19,340,1.987436056137085
19,341,1.6097376346588135
19,342,2.2543649673461914
19,343,1.71039617061615
19,344,2.519090175628662
19,345,3.418508529663086
19,346,1.8732117414474487
19,347,1.754551649093628
19,348,2.071113348007202
19,349,1.7030309438705444
19,350,2.0829954147338867
19,351,1.8703348636627197
19,352,2.1972813606262207
19,353,2.4023799896240234
19,354,1.9608232975006104
19,355,1.6779835224151611
19,356,1.549825668334961
19,357,2.1599440574645996
19,358,2.052760124206543
19,359,1.7338883876800537
19,360,2.350614070892334
19,361,1.9980418682098389
19,362,2.2188167572021484
19,363,2.2915070056915283
19,364,1.6889445781707764
19,365,1.9033536911010742
19,366,2.4079580307006836
19,367,2.201145648956299
19,368,1.9920430183410645
19,369,2.0552849769592285
19,370,1.8183996677398682
19,371,1.7800724506378174
19,372,1.878415822982788
19,373,2.438955545425415
19,374,1.9019052982330322
19,375,2.043382406234741
19,376,1.9396553039550781
19,377,2.293931245803833
19,378,1.9839682579040527
19,379,1.9765887260437012
19,380,2.107208251953125
19,381,2.2394981384277344
19,382,1.8795428276062012
19,383,1.9980212450027466
19,384,1.7140707969665527
19,385,1.8733718395233154
19,386,2.1501424312591553
19,387,1.7410733699798584
19,388,2.4107213020324707
19,389,1.9148998260498047
19,390,2.9835011959075928
19,391,1.8550570011138916
19,392,2.2547669410705566
19,393,1.872521996498108
19,394,2.220414638519287
19,395,1.9102592468261719
19,396,2.1695141792297363
19,397,2.647413969039917
19,398,1.8178449869155884
19,399,2.328850507736206
19,400,2.2539689540863037
19,401,2.166315793991089
19,402,1.5732038021087646
19,403,1.793069839477539
19,404,1.8730661869049072
19,405,2.028944730758667
19,406,2.182314395904541
19,407,1.8653507232666016
19,408,2.192622661590576
19,409,1.7567212581634521
19,410,1.8876640796661377
19,411,1.9916330575942993
19,412,1.8615705966949463
19,413,1.9953322410583496
19,414,1.9413743019104004
19,415,2.090298891067505
19,416,2.013110637664795
19,417,2.141045093536377
19,418,2.4772462844848633
19,419,1.8427830934524536
19,420,1.6458430290222168
19,421,1.732041835784912
19,422,2.3425467014312744
19,423,1.8064630031585693
19,424,2.1846401691436768
19,425,2.772216558456421
19,426,2.145885467529297
19,427,2.4717161655426025
19,428,1.7607636451721191
19,429,1.9344258308410645
19,430,1.9222636222839355
19,431,2.0191564559936523
19,432,2.1178700923919678
19,433,2.589961051940918
19,434,2.181887149810791
19,435,2.1698265075683594
19,436,2.190063238143921
19,437,1.8413410186767578
19,438,2.0519111156463623
19,439,1.9455138444900513
19,440,1.7312041521072388
19,441,2.0295326709747314
19,442,1.6816836595535278
19,443,2.0112743377685547
19,444,2.205322504043579
19,445,2.174975633621216
19,446,2.3998074531555176
19,447,1.8526721000671387
19,448,2.0404837131500244
19,449,2.0104174613952637
19,450,3.1106643676757812
19,451,1.9468994140625
19,452,2.2245917320251465
19,453,1.7972218990325928
19,454,1.614166498184204
19,455,2.874833583831787
19,456,1.597530722618103
19,457,1.8323428630828857
19,458,1.8291730880737305
19,459,1.8732070922851562
19,460,1.8983454704284668
19,461,2.536259412765503
19,462,2.5362114906311035
19,463,2.2393810749053955
19,464,1.657737135887146
19,465,1.964783787727356
19,466,1.6907002925872803
19,467,1.8862724304199219
19,468,1.879799485206604
19,469,2.093634843826294
19,470,2.3222084045410156
19,471,1.9944860935211182
19,472,1.6846704483032227
19,473,2.1427271366119385
19,474,2.3505749702453613
19,475,2.2656848430633545
19,476,1.8319171667099
19,477,1.7909451723098755
19,478,2.5940613746643066
19,479,2.1406784057617188
19,480,2.2284085750579834
19,481,2.0517027378082275
19,482,1.976206660270691
19,483,1.8205111026763916
19,484,2.032024383544922
19,485,1.981614112854004
19,486,1.7052685022354126
19,487,1.8946952819824219
19,488,2.0920233726501465
19,489,2.314525604248047
19,490,1.9686871767044067
19,491,1.7970848083496094
19,492,2.107426404953003
19,493,1.8667750358581543
19,494,2.2246251106262207
19,495,1.7498130798339844
19,496,2.146500587463379
19,497,1.912480354309082
19,498,2.1621859073638916
20,0,1.7195491790771484
20,1,1.7580747604370117
20,2,1.9474893808364868
20,3,1.858522891998291
20,4,1.4335861206054688
20,5,1.8694840669631958
20,6,2.154916763305664
20,7,2.4841012954711914
20,8,1.6462773084640503
20,9,1.7396621704101562
20,10,2.1983346939086914
20,11,1.3690946102142334
20,12,2.0329933166503906
20,13,2.1709578037261963
20,14,1.9150595664978027
20,15,1.7425041198730469
20,16,2.199286937713623
20,17,1.7870945930480957
20,18,2.0155248641967773
20,19,2.214139223098755
20,20,2.0236434936523438
20,21,1.7470283508300781
20,22,1.9163026809692383
20,23,1.8389930725097656
20,24,1.8457131385803223
20,25,1.709092378616333
20,26,1.617199182510376
20,27,2.069955348968506
20,28,2.0572030544281006
20,29,2.3231334686279297
20,30,2.2495639324188232
20,31,1.7225213050842285
20,32,2.0217106342315674
20,33,1.9001401662826538
20,34,2.306137800216675
20,35,2.576059103012085
20,36,1.806140661239624
20,37,1.9448812007904053
20,38,1.7140461206436157
20,39,2.088775634765625
20,40,2.050482749938965
20,41,2.4379663467407227
20,42,2.0494847297668457
20,43,2.2908010482788086
20,44,2.051227569580078
20,45,2.5221920013427734
20,46,2.059377670288086
20,47,1.9470150470733643
20,48,1.9615323543548584
20,49,2.0446319580078125
20,50,1.5442875623703003
20,51,1.9512243270874023
20,52,1.8109121322631836
20,53,2.2763376235961914
20,54,2.041062831878662
20,55,1.9191721677780151
20,56,2.011242151260376
20,57,2.0850348472595215
20,58,2.3533873558044434
20,59,2.12453031539917
20,60,2.519390344619751
20,61,2.1786675453186035
20,62,1.812819242477417
20,63,1.9156453609466553
20,64,1.815094232559204
20,65,1.8885924816131592
20,66,2.0052666664123535
20,67,1.7579083442687988
20,68,2.588069438934326
20,69,1.601210117340088
20,70,1.9423450231552124
20,71,2.3857030868530273
20,72,2.426943302154541
20,73,1.8442353010177612
20,74,1.6582143306732178
20,75,2.1980533599853516
20,76,2.147911548614502
20,77,2.120840549468994
20,78,2.132026195526123
20,79,1.8349120616912842
20,80,2.0504820346832275
20,81,1.8852529525756836
20,82,1.9840444326400757
20,83,2.2499356269836426
20,84,1.7896215915679932
20,85,2.479811191558838
20,86,1.8925902843475342
20,87,2.385601043701172
20,88,1.839271903038025
20,89,1.740166425704956
20,90,1.8334407806396484
20,91,2.0055017471313477
20,92,1.5365841388702393
20,93,2.3517887592315674
20,94,2.1659772396087646
20,95,2.3294053077697754
20,96,1.813467025756836
20,97,2.2868494987487793
20,98,1.8038439750671387
20,99,2.1449403762817383
20,100,2.073859214782715
20,101,1.8922874927520752
20,102,2.365833282470703
20,103,1.485386848449707
20,104,1.9327478408813477
20,105,1.918799877166748
20,106,3.2268099784851074
20,107,2.0120387077331543
20,108,2.0351200103759766
20,109,2.073108434677124
20,110,2.1492738723754883
20,111,2.1989569664001465
20,112,2.283184051513672
20,113,1.8365986347198486
20,114,1.742998719215393
20,115,1.9517576694488525
20,116,2.1814093589782715
20,117,1.8551459312438965
20,118,2.299558162689209
20,119,2.3089818954467773
20,120,1.9605216979980469
20,121,2.0527329444885254
20,122,1.7965837717056274
20,123,2.028395175933838
20,124,1.9770163297653198
20,125,1.8066468238830566
20,126,1.8968143463134766
20,127,2.107081413269043
20,128,2.186755895614624
20,129,2.840850830078125
20,130,2.0130228996276855
20,131,2.4658336639404297
20,132,1.8378777503967285
20,133,2.0133042335510254
20,134,1.812035322189331
20,135,2.355546474456787
20,136,2.0903820991516113
20,137,1.9252429008483887
20,138,1.7161380052566528
20,139,2.2205419540405273
20,140,2.1995551586151123
20,141,2.9101405143737793
20,142,1.9164097309112549
20,143,2.1468865871429443
20,144,2.359999656677246
20,145,1.8497791290283203
20,146,1.551340103149414
20,147,1.7962205410003662
20,148,1.9675699472427368
20,149,1.904174566268921
20,150,1.911391258239746
20,151,2.1426753997802734
20,152,2.3307769298553467
20,153,2.400346040725708
20,154,2.9297213554382324
20,155,1.9356014728546143
20,156,1.9818035364151
20,157,1.8705377578735352
20,158,1.6874730587005615
20,159,2.3868167400360107
20,160,1.9653520584106445
20,161,2.00412917137146
20,162,2.0999045372009277
20,163,1.706784725189209
20,164,2.1477644443511963
20,165,1.9026161432266235
20,166,2.1528820991516113
20,167,1.6521294116973877
20,168,1.9398763179779053
20,169,1.9967598915100098
20,170,1.832472562789917
20,171,1.7356841564178467
20,172,1.6858086585998535
20,173,2.0574793815612793
20,174,2.0274620056152344
20,175,2.044748067855835
20,176,1.8384063243865967
20,177,1.9037189483642578
20,178,1.7026026248931885
20,179,1.7059075832366943
20,180,1.8886046409606934
20,181,2.0362138748168945
20,182,1.5737080574035645
20,183,2.4642977714538574
20,184,2.059792995452881
20,185,2.408417224884033
20,186,1.850937008857727
20,187,2.28334903717041
20,188,1.747497320175171
20,189,1.6050639152526855
20,190,1.8755491971969604
20,191,1.9873859882354736
20,192,2.441742420196533
20,193,2.501075029373169
20,194,2.116877555847168
20,195,1.8641877174377441
20,196,1.9520184993743896
20,197,2.1628589630126953
20,198,2.0722222328186035
20,199,1.5033591985702515
20,200,1.8158303499221802
20,201,1.5399911403656006
20,202,1.9483076333999634
20,203,2.1662371158599854
20,204,2.3739964962005615
20,205,1.8640618324279785
20,206,1.9556286334991455
20,207,2.09580135345459
20,208,1.78512704372406
20,209,2.182535171508789
20,210,1.940993070602417
20,211,1.9163776636123657
20,212,2.010124683380127
20,213,2.463639736175537
20,214,1.8435237407684326
20,215,2.4925100803375244
20,216,2.046022653579712
20,217,1.9433281421661377
20,218,2.1474859714508057
20,219,2.10317325592041
20,220,1.5834672451019287
20,221,2.1017048358917236
20,222,1.900789737701416
20,223,1.9352476596832275
20,224,2.963911294937134
20,225,2.1261656284332275
20,226,2.2112858295440674
20,227,2.120832681655884
20,228,1.9741456508636475
20,229,1.9595589637756348
20,230,1.7319583892822266
20,231,1.8002220392227173
20,232,2.0785772800445557
20,233,2.376833915710449
20,234,2.3639087677001953
20,235,2.1433181762695312
20,236,2.483902931213379
20,237,1.9316833019256592
20,238,1.7601608037948608
20,239,3.15810227394104
20,240,2.083767890930176
20,241,1.786279559135437
20,242,2.179677724838257
20,243,2.3039164543151855
20,244,1.8253388404846191
20,245,1.9366079568862915
20,246,1.7759356498718262
20,247,2.019117832183838
20,248,1.9943981170654297
20,249,1.95895516872406
20,250,1.789475679397583
20,251,1.7467103004455566
20,252,2.250378370285034
20,253,1.9337677955627441
20,254,2.075024127960205
20,255,2.012176990509033
20,256,1.6964116096496582
20,257,2.1385462284088135
20,258,2.243943929672241
20,259,2.0417468547821045
20,260,2.116626262664795
20,261,2.008971691131592
20,262,2.05362606048584
20,263,2.1775400638580322
20,264,2.1255574226379395
20,265,2.2965035438537598
20,266,1.6988306045532227
20,267,2.1917178630828857
20,268,2.3211569786071777
20,269,2.0482184886932373
20,270,1.6232218742370605
20,271,2.452744483947754
20,272,2.106635570526123
20,273,1.9425690174102783
20,274,1.9008164405822754
20,275,2.390049457550049
20,276,1.6742196083068848
20,277,2.5226569175720215
20,278,1.6095911264419556
20,279,2.2481045722961426
20,280,2.4909775257110596
20,281,2.1445345878601074
20,282,1.5642998218536377
20,283,2.019195318222046
20,284,2.524472713470459
20,285,1.8830416202545166
20,286,1.6782810688018799
20,287,1.690468192100525
20,288,1.8443870544433594
20,289,1.9890878200531006
20,290,2.1582272052764893
20,291,1.914035439491272
20,292,1.7008295059204102
20,293,1.9757192134857178
20,294,1.8945138454437256
20,295,2.152556896209717
20,296,2.1944427490234375
20,297,1.8274569511413574
20,298,1.780687928199768
20,299,1.741027593612671
20,300,1.814330816268921
20,301,1.8333237171173096
20,302,2.3539037704467773
20,303,2.0184898376464844
20,304,1.795915126800537
20,305,2.549278736114502
20,306,2.3304173946380615
20,307,2.467438220977783
20,308,1.9143619537353516
20,309,1.8756499290466309
20,310,2.532175064086914
20,311,1.7082343101501465
20,312,2.0905356407165527
20,313,2.0250847339630127
20,314,1.941900610923767
20,315,2.2112162113189697
20,316,2.6869540214538574
20,317,2.0116312503814697
20,318,2.1071040630340576
20,319,2.4576468467712402
20,320,1.989729404449463
20,321,1.9526982307434082
20,322,2.1409730911254883
20,323,2.0394959449768066
20,324,2.0916037559509277
20,325,2.405203342437744
20,326,1.6106774806976318
20,327,2.365997791290283
20,328,1.8620390892028809
20,329,1.7023078203201294
20,330,1.5530405044555664
20,331,1.8246276378631592
20,332,1.725402593612671
20,333,1.9322187900543213
20,334,2.6802380084991455
20,335,1.9320998191833496
20,336,1.8787474632263184
20,337,1.8291680812835693
20,338,2.1871156692504883
20,339,2.0632317066192627
20,340,1.8953295946121216
20,341,1.8596104383468628
20,342,1.579026699066162
20,343,1.6139585971832275
20,344,2.0280494689941406
20,345,1.6866209506988525
20,346,1.8266668319702148
20,347,1.998035192489624
20,348,2.0544190406799316
20,349,1.9242782592773438
20,350,2.151484966278076
20,351,1.8183834552764893
20,352,1.7493774890899658
20,353,1.611873745918274
20,354,2.4755842685699463
20,355,2.10905122756958
20,356,2.490276336669922
20,357,2.343930244445801
20,358,2.675698757171631
20,359,1.9347914457321167
20,360,1.8780863285064697
20,361,2.1189794540405273
20,362,2.374859094619751
20,363,2.0964555740356445
20,364,2.3303518295288086
20,365,1.8330457210540771
20,366,1.6559149026870728
20,367,1.5451921224594116
20,368,1.6031197309494019
20,369,1.8390833139419556
20,370,2.522822141647339
20,371,2.2968413829803467
20,372,1.9291661977767944
20,373,2.1289620399475098
20,374,2.0220446586608887
20,375,2.4141016006469727
20,376,1.6831073760986328
20,377,1.8080698251724243
20,378,1.8103920221328735
20,379,2.095459222793579
20,380,2.193549156188965
20,381,2.234830141067505
20,382,1.9077422618865967
20,383,2.004769802093506
20,384,1.6536893844604492
20,385,2.4584250450134277
20,386,1.811960220336914
20,387,2.3094305992126465
20,388,2.5568199157714844
20,389,1.7528138160705566
20,390,2.0740551948547363
20,391,2.379514217376709
20,392,1.7678239345550537
20,393,2.3425092697143555
20,394,3.272075653076172
20,395,1.8777967691421509
20,396,1.8184659481048584
20,397,1.8310661315917969
20,398,2.147394895553589
20,399,2.0935187339782715
20,400,1.9683964252471924
20,401,2.5161824226379395
20,402,1.820857048034668
20,403,1.83402681350708
20,404,2.540877103805542
20,405,2.430939197540283
20,406,1.7697339057922363
20,407,2.100212335586548
20,408,2.0208120346069336
20,409,2.0611493587493896
20,410,2.0529439449310303
20,411,1.9802720546722412
20,412,2.114419460296631
20,413,1.7664039134979248
20,414,2.4455981254577637
20,415,1.5706989765167236
20,416,1.8962780237197876
20,417,2.6729609966278076
20,418,2.079012870788574
20,419,1.8777586221694946
20,420,2.412478446960449
20,421,2.0433411598205566
20,422,2.2370502948760986
20,423,1.6687612533569336
20,424,2.8525776863098145
20,425,1.9455336332321167
20,426,2.0539968013763428
20,427,2.0561137199401855
20,428,1.966564416885376
20,429,1.705122709274292
20,430,1.6675856113433838
20,431,1.9927518367767334
20,432,1.4495985507965088
20,433,2.3196282386779785
20,434,1.9548851251602173
20,435,1.7414882183074951
20,436,1.8353180885314941
20,437,1.8743226528167725
20,438,2.2389650344848633
20,439,2.8409881591796875
20,440,1.9679341316223145
20,441,2.686723470687866
20,442,1.8283413648605347
20,443,2.2862741947174072
20,444,2.3319804668426514
20,445,1.9541716575622559
20,446,2.048814058303833
20,447,1.906747817993164
20,448,1.5408655405044556
20,449,1.7013416290283203
20,450,1.7214593887329102
20,451,2.4478371143341064
20,452,2.1798837184906006
20,453,1.9188706874847412
20,454,1.7935932874679565
20,455,1.661221981048584
20,456,2.2541260719299316
20,457,1.638685703277588
20,458,2.1269991397857666
20,459,1.395745873451233
20,460,1.8574373722076416
20,461,2.063197135925293
20,462,2.627809762954712
20,463,1.660699725151062
20,464,1.6032015085220337
20,465,1.8389147520065308
20,466,1.880779504776001
20,467,1.5419676303863525
20,468,2.048004150390625
20,469,1.9785425662994385
20,470,1.834641933441162
20,471,2.269353151321411
20,472,2.1387996673583984
20,473,1.655590295791626
20,474,1.698527216911316
20,475,2.4178943634033203
20,476,2.619476318359375
20,477,2.1175882816314697
20,478,2.607943296432495
20,479,1.5455682277679443
20,480,1.8756482601165771
20,481,1.630149245262146
20,482,2.1346261501312256
20,483,2.803809642791748
20,484,1.8385292291641235
20,485,2.0686140060424805
20,486,2.002134323120117
20,487,2.6194159984588623
20,488,2.54323410987854
20,489,2.0987846851348877
20,490,2.159902334213257
20,491,1.6469612121582031
20,492,2.4334635734558105
20,493,1.917694330215454
20,494,2.128711223602295
20,495,1.6604909896850586
20,496,2.1625304222106934
20,497,1.9890766143798828
20,498,1.9084043502807617
21,0,1.7311269044876099
21,1,1.9546594619750977
21,2,1.6328637599945068
21,3,2.31001615524292
21,4,1.8922678232192993
21,5,1.8096463680267334
21,6,1.8664084672927856
21,7,1.629124641418457
21,8,1.5989365577697754
21,9,2.7013158798217773
21,10,2.408315658569336
21,11,2.471928834915161
21,12,1.7320020198822021
21,13,1.9127111434936523
21,14,2.232480049133301
21,15,1.7707743644714355
21,16,2.1502373218536377
21,17,1.9952332973480225
21,18,1.7238715887069702
21,19,2.0712733268737793
21,20,1.8391457796096802
21,21,1.93170166015625
21,22,1.9206182956695557
21,23,1.6718531847000122
21,24,1.5322468280792236
21,25,2.05938982963562
21,26,1.9746606349945068
21,27,2.3397281169891357
21,28,2.762983560562134
21,29,1.884629249572754
21,30,2.4229564666748047
21,31,1.8437508344650269
21,32,2.1306371688842773
21,33,2.1414783000946045
21,34,2.162177801132202
21,35,1.7938878536224365
21,36,1.5400534868240356
21,37,1.8889942169189453
21,38,2.687009811401367
21,39,2.043395757675171
21,40,2.1084187030792236
21,41,2.2144696712493896
21,42,1.8710076808929443
21,43,2.1228835582733154
21,44,2.0159053802490234
21,45,1.4171154499053955
21,46,2.115145683288574
21,47,2.11916446685791
21,48,2.095363140106201
21,49,1.783599615097046
21,50,2.374505043029785
21,51,2.3663601875305176
21,52,2.473747491836548
21,53,2.2338039875030518
21,54,2.0823123455047607
21,55,2.3016743659973145
21,56,2.006542682647705
21,57,1.6281180381774902
21,58,2.232682704925537
21,59,2.2536165714263916
21,60,1.6456999778747559
21,61,1.8471322059631348
21,62,2.4887750148773193
21,63,1.6846309900283813
21,64,2.63183856010437
21,65,2.160649299621582
21,66,1.9883729219436646
21,67,1.781325101852417
21,68,2.3044333457946777
21,69,2.2521750926971436
21,70,2.725823402404785
21,71,1.7264819145202637
21,72,2.267291784286499
21,73,2.209418773651123
21,74,1.670147180557251
21,75,1.9929959774017334
21,76,2.0874996185302734
21,77,2.019859790802002
21,78,2.0162110328674316
21,79,1.9932844638824463
21,80,2.192476749420166
21,81,1.9155700206756592
21,82,1.803781509399414
21,83,2.1941988468170166
21,84,2.096418619155884
21,85,2.186835765838623
21,86,1.926484227180481
21,87,2.10444712638855
21,88,1.9675235748291016
21,89,2.175081253051758
21,90,2.11928653717041
21,91,2.4619078636169434
21,92,1.8119165897369385
21,93,1.9620282649993896
21,94,1.8254876136779785
21,95,2.0092036724090576
21,96,1.9125605821609497
21,97,2.2479822635650635
21,98,2.3744349479675293
21,99,2.210512638092041
21,100,1.468441128730774
21,101,1.7643271684646606
21,102,2.080296039581299
21,103,2.708970069885254
21,104,1.7887377738952637
21,105,2.134160041809082
21,106,2.2871272563934326
21,107,1.6590416431427002
21,108,2.2416739463806152
21,109,1.8604273796081543
21,110,1.8450031280517578
21,111,1.767878532409668
21,112,2.458662509918213
21,113,2.0803699493408203
21,114,1.7275501489639282
21,115,2.0320730209350586
21,116,1.7292885780334473
21,117,1.8775391578674316
21,118,1.750690221786499
21,119,2.423616409301758
21,120,2.0602164268493652
21,121,2.0186729431152344
21,122,2.0135135650634766
21,123,2.1235570907592773
21,124,2.0195934772491455
21,125,1.7997136116027832
21,126,2.4659247398376465
21,127,2.0650177001953125
21,128,1.9458036422729492
21,129,2.137904167175293
21,130,1.6355701684951782
21,131,1.8113183975219727
21,132,2.3703463077545166
21,133,1.7431330680847168
21,134,1.6648244857788086
21,135,1.6752805709838867
21,136,1.827444314956665
21,137,1.8109060525894165
21,138,2.3342056274414062
21,139,1.7653452157974243
21,140,2.464376926422119
21,141,1.8890515565872192
21,142,2.3896090984344482
21,143,2.2646148204803467
21,144,1.9886385202407837
21,145,2.2422935962677
21,146,2.2141647338867188
21,147,1.861048698425293
21,148,1.6587936878204346
21,149,2.3075497150421143
21,150,2.072967529296875
21,151,2.1233012676239014
21,152,2.156205654144287
21,153,2.1604175567626953
21,154,2.2129178047180176
21,155,1.6629451513290405
21,156,1.7406585216522217
21,157,1.4665186405181885
21,158,2.751525640487671
21,159,2.123786211013794
21,160,2.5901870727539062
21,161,1.8774449825286865
21,162,1.7361958026885986
21,163,2.315946578979492
21,164,1.9958115816116333
21,165,2.043027877807617
21,166,1.7485861778259277
21,167,1.5667202472686768
21,168,1.7287278175354004
21,169,1.6072194576263428
21,170,1.429551362991333
21,171,2.036158561706543
21,172,1.9935970306396484
21,173,2.135512351989746
21,174,2.327512264251709
21,175,1.973801851272583
21,176,1.8360716104507446
21,177,1.699944019317627
21,178,2.180180549621582
21,179,2.1371469497680664
21,180,1.9691174030303955
21,181,1.8638091087341309
21,182,2.2062268257141113
21,183,1.5601897239685059
21,184,1.730642318725586
21,185,1.7487285137176514
21,186,2.195406913757324
21,187,2.4566354751586914
21,188,1.8573625087738037
21,189,1.551558017730713
21,190,2.5399329662323
21,191,2.2612252235412598
21,192,2.318394660949707
21,193,1.876159429550171
21,194,2.2503437995910645
21,195,2.3589694499969482
21,196,2.0797336101531982
21,197,1.8366732597351074
21,198,2.0514779090881348
21,199,1.9436798095703125
21,200,2.3789219856262207
21,201,2.4288578033447266
21,202,1.805890679359436
21,203,1.5609495639801025
21,204,2.0347113609313965
21,205,1.8457611799240112
21,206,1.7025448083877563
21,207,1.664541482925415
21,208,1.8676233291625977
21,209,1.9945847988128662
21,210,2.2709732055664062
21,211,1.9591341018676758
21,212,1.727661371231079
21,213,2.400752305984497
21,214,2.076352119445801
21,215,2.5715367794036865
21,216,1.9048770666122437
21,217,1.7879953384399414
21,218,2.1949031352996826
21,219,1.7471991777420044
21,220,1.9767532348632812
21,221,2.0553083419799805
21,222,1.7769887447357178
21,223,2.1974036693573
21,224,1.7280755043029785
21,225,1.7353978157043457
21,226,1.7454159259796143
21,227,1.9875105619430542
21,228,2.097175121307373
21,229,2.5041284561157227
21,230,2.437427520751953
21,231,2.133944511413574
21,232,1.4743294715881348
21,233,2.218097448348999
21,234,1.988062858581543
21,235,2.0431365966796875
21,236,1.4611402750015259
21,237,1.8170229196548462
21,238,1.808768630027771
21,239,1.5896809101104736
21,240,2.299724578857422
21,241,1.7710225582122803
21,242,1.8009275197982788
21,243,1.7973754405975342
21,244,1.6596587896347046
21,245,1.943145751953125
21,246,2.3572072982788086
21,247,2.0384421348571777
21,248,1.5786619186401367
21,249,2.1958744525909424
21,250,2.0552637577056885
21,251,2.0569329261779785
21,252,2.4923248291015625
21,253,1.7619576454162598
21,254,1.8682739734649658
21,255,2.2869582176208496
21,256,1.8112754821777344
21,257,2.2178640365600586
21,258,2.449152946472168
21,259,1.596926212310791
21,260,2.313899517059326
21,261,1.7689335346221924
21,262,2.5672450065612793
21,263,2.3311314582824707
21,264,1.8752089738845825
21,265,2.183183193206787
21,266,1.8750278949737549
21,267,2.2163631916046143
21,268,1.5395092964172363
21,269,1.4880203008651733
21,270,1.8620491027832031
21,271,2.880974769592285
21,272,2.0830881595611572
21,273,1.7540216445922852
21,274,1.7462525367736816
21,275,2.3788211345672607
21,276,2.0579349994659424
21,277,2.0056416988372803
21,278,2.248225212097168
21,279,2.3466784954071045
21,280,1.9157358407974243
21,281,1.8179086446762085
21,282,1.9190313816070557
21,283,2.025876045227051
21,284,1.9029862880706787
21,285,1.899222731590271
21,286,2.449723243713379
21,287,1.8453869819641113
21,288,1.956318974494934
21,289,1.9527733325958252
21,290,1.5282769203186035
21,291,2.3656482696533203
21,292,1.8236355781555176
21,293,2.302098512649536
21,294,1.9057880640029907
21,295,2.3026175498962402
21,296,1.2958346605300903
21,297,2.307727098464966
21,298,2.4500977993011475
21,299,1.8669259548187256
21,300,1.909147024154663
21,301,2.0992043018341064
21,302,1.8345823287963867
21,303,2.010688066482544
21,304,1.9779813289642334
21,305,1.9667384624481201
21,306,2.115673542022705
21,307,2.2456107139587402
21,308,1.8560905456542969
21,309,2.0478920936584473
21,310,2.1635615825653076
21,311,1.894041657447815
21,312,2.185584306716919
21,313,2.2825727462768555
21,314,1.8403148651123047
21,315,1.88559889793396
21,316,1.9799256324768066
21,317,2.23671817779541
21,318,2.3781003952026367
21,319,1.6359059810638428
21,320,2.439659833908081
21,321,2.232212781906128
21,322,1.9936473369598389
21,323,1.9108552932739258
21,324,1.6992942094802856
21,325,1.8449666500091553
21,326,1.5218784809112549
21,327,1.9273426532745361
21,328,2.06046199798584
21,329,1.8148243427276611
21,330,2.576450824737549
21,331,2.253221035003662
21,332,2.281681537628174
21,333,1.973410725593567
21,334,2.2616798877716064
21,335,2.205925464630127
21,336,1.7484091520309448
21,337,2.2059295177459717
21,338,1.8916130065917969
21,339,1.505380630493164
21,340,1.8985873460769653
21,341,2.0328407287597656
21,342,1.628014326095581
21,343,1.9313721656799316
21,344,2.1415023803710938
21,345,2.1644067764282227
21,346,1.6386654376983643
21,347,2.1362035274505615
21,348,2.1495261192321777
21,349,2.3468451499938965
21,350,2.0734341144561768
21,351,2.300210475921631
21,352,2.223891019821167
21,353,1.920382022857666
21,354,1.9357409477233887
21,355,2.307793617248535
21,356,2.094552755355835
21,357,2.058832883834839
21,358,2.259566307067871
21,359,2.2394371032714844
21,360,1.7338817119598389
21,361,1.7472569942474365
21,362,1.773533821105957
21,363,1.8255438804626465
21,364,2.017657518386841
21,365,2.1787960529327393
21,366,2.3376731872558594
21,367,1.9625836610794067
21,368,1.9884669780731201
21,369,1.7239692211151123
21,370,2.07450532913208
21,371,2.1896567344665527
21,372,1.7536404132843018
21,373,2.1037442684173584
21,374,2.103414535522461
21,375,2.113147258758545
21,376,2.1721832752227783
21,377,2.172811269760132
21,378,1.8745512962341309
21,379,1.7818167209625244
21,380,2.4319634437561035
21,381,1.4669536352157593
21,382,2.213399648666382
21,383,1.8641908168792725
21,384,2.1867852210998535
21,385,1.9504878520965576
21,386,2.194887399673462
21,387,1.7789826393127441
21,388,1.9629864692687988
21,389,2.505159378051758
21,390,1.8219704627990723
21,391,1.6485137939453125
21,392,1.9700157642364502
21,393,2.3060855865478516
21,394,2.1311535835266113
21,395,2.0415585041046143
21,396,1.71376371383667
21,397,2.65144944190979
21,398,1.9201712608337402
21,399,2.079296350479126
21,400,2.054675817489624
21,401,1.789180874824524
21,402,2.1794281005859375
21,403,2.17988920211792
21,404,1.6644313335418701
21,405,1.4038989543914795
21,406,1.7346662282943726
21,407,2.5297553539276123
21,408,2.0311596393585205
21,409,1.5549417734146118
21,410,2.1251540184020996
21,411,2.3051559925079346
21,412,2.1538870334625244
21,413,2.1858763694763184
21,414,1.7125823497772217
21,415,1.8923943042755127
21,416,1.6929957866668701
21,417,1.799544095993042
21,418,2.686798095703125
21,419,2.4214048385620117
21,420,1.816286563873291
21,421,2.4633331298828125
21,422,1.8951871395111084
21,423,2.2273263931274414
21,424,1.8682223558425903
21,425,1.7511792182922363
21,426,1.8951606750488281
21,427,1.6020655632019043
21,428,1.9244890213012695
21,429,1.8744385242462158
21,430,2.2530338764190674
21,431,2.3181746006011963
21,432,2.0303444862365723
21,433,1.9235202074050903
21,434,2.006192207336426
21,435,1.9674574136734009
21,436,2.2625038623809814
21,437,1.789246678352356
21,438,2.154850959777832
21,439,2.327371120452881
21,440,1.5069594383239746
21,441,1.9680078029632568
21,442,2.0737667083740234
21,443,2.3561553955078125
21,444,1.9492006301879883
21,445,1.913987398147583
21,446,1.9203928709030151
21,447,2.1609091758728027
21,448,2.0724055767059326
21,449,2.136383533477783
21,450,1.6630570888519287
21,451,1.6742597818374634
21,452,2.7425246238708496
21,453,1.9718523025512695
21,454,2.648441791534424
21,455,1.5408082008361816
21,456,2.1632297039031982
21,457,1.7822656631469727
21,458,2.3885488510131836
21,459,1.9933844804763794
21,460,1.9686014652252197
21,461,1.9383817911148071
21,462,1.720651388168335
21,463,2.0169544219970703
21,464,2.015956401824951
21,465,2.0366876125335693
21,466,2.0241827964782715
21,467,1.5268995761871338
21,468,2.0072426795959473
21,469,1.9414489269256592
21,470,2.3504531383514404
21,471,1.9536080360412598
21,472,1.6626383066177368
21,473,1.5228662490844727
21,474,1.8285257816314697
21,475,2.7892394065856934
21,476,1.5813096761703491
21,477,2.371511220932007
21,478,1.713247537612915
21,479,1.7068312168121338
21,480,2.0606303215026855
21,481,2.1568117141723633
21,482,1.7773733139038086
21,483,1.4750189781188965
21,484,2.1026172637939453
21,485,2.081827163696289
21,486,2.02081298828125
21,487,1.6388946771621704
21,488,2.088829517364502
21,489,1.924191951751709
21,490,2.2819764614105225
21,491,1.7726256847381592
21,492,2.23165225982666
21,493,2.093980550765991
21,494,1.9404338598251343
21,495,1.7582290172576904
21,496,2.106954574584961
21,497,1.6321039199829102
21,498,2.1144094467163086
22,0,1.9334131479263306
22,1,2.2142961025238037
22,2,2.0628671646118164
22,3,1.89401113986969
22,4,2.0344972610473633
22,5,1.749668836593628
22,6,1.7216215133666992
22,7,2.2009310722351074
22,8,2.2044897079467773
22,9,2.021080255508423
22,10,1.8880527019500732
22,11,2.1414880752563477
22,12,2.2950515747070312
22,13,2.092280864715576
22,14,1.8935154676437378
22,15,1.5943094491958618
22,16,1.6570478677749634
22,17,2.0534002780914307
22,18,2.4488656520843506
22,19,1.6265653371810913
22,20,2.022068977355957
22,21,1.8763304948806763
22,22,2.3727457523345947
22,23,1.8452328443527222
22,24,1.7967959642410278
22,25,2.1006789207458496
22,26,2.359220027923584
22,27,2.54630184173584
22,28,2.115222930908203
22,29,1.6634591817855835
22,30,1.8829262256622314
22,31,1.8135285377502441
22,32,1.8566566705703735
22,33,1.807657241821289
22,34,1.8059160709381104
22,35,1.9704114198684692
22,36,1.7783046960830688
22,37,2.3096981048583984
22,38,1.929941177368164
22,39,1.7222259044647217
22,40,1.9091238975524902
22,41,1.980360984802246
22,42,1.82079017162323
22,43,2.085085391998291
22,44,2.009748935699463
22,45,1.899965763092041
22,46,1.6735503673553467
22,47,1.7545640468597412
22,48,1.6549841165542603
22,49,2.316899538040161
22,50,1.7407140731811523
22,51,2.073653221130371
22,52,1.6425843238830566
22,53,1.551750898361206
22,54,1.8458502292633057
22,55,2.0793490409851074
22,56,2.022921323776245
22,57,2.190303325653076
22,58,1.9288127422332764
22,59,1.4813868999481201
22,60,1.8442001342773438
22,61,2.088583469390869
22,62,2.2889275550842285
22,63,1.6525018215179443
22,64,1.8690966367721558
22,65,2.448239326477051
22,66,2.495959758758545
22,67,1.6725144386291504
22,68,1.895714282989502
22,69,1.5949842929840088
22,70,2.218712329864502
22,71,2.1236698627471924
22,72,2.5501699447631836
22,73,1.68303382396698
22,74,1.878371238708496
22,75,2.098900318145752
22,76,1.6141576766967773
22,77,1.8595359325408936
22,78,1.9328994750976562
22,79,1.7512693405151367
22,80,2.0249435901641846
22,81,2.0244064331054688
22,82,1.7025562524795532
22,83,1.7490482330322266
22,84,2.174558639526367
22,85,1.5648102760314941
22,86,2.228316307067871
22,87,2.1730830669403076
22,88,2.044571876525879
22,89,2.1200594902038574
22,90,2.0348949432373047
22,91,2.0463805198669434
22,92,1.8492567539215088
22,93,2.5346367359161377
22,94,2.11702823638916
22,95,1.9152661561965942
22,96,1.794966697692871
22,97,2.844460964202881
22,98,1.780128002166748
22,99,1.914670705795288
22,100,2.2721219062805176
22,101,1.8592305183410645
22,102,1.8455994129180908
22,103,2.2631356716156006
22,104,1.9945110082626343
22,105,1.8394882678985596
22,106,2.2643492221832275
22,107,2.2688426971435547
22,108,1.8857616186141968
22,109,1.8467803001403809
22,110,1.5074706077575684
22,111,1.840705156326294
22,112,1.9937195777893066
22,113,1.5626447200775146
22,114,1.7460259199142456
22,115,1.6908338069915771
22,116,2.5201668739318848
22,117,1.5089079141616821
22,118,1.7793591022491455
22,119,1.6416478157043457
22,120,1.8716038465499878
22,121,1.883978247642517
22,122,1.821424961090088
22,123,1.911929965019226
22,124,1.9818544387817383
22,125,2.2053678035736084
22,126,2.313762664794922
22,127,1.559668779373169
22,128,1.5959678888320923
22,129,2.0592827796936035
22,130,2.5114431381225586
22,131,2.5226192474365234
22,132,2.1889891624450684
22,133,2.229435920715332
22,134,1.463578701019287
22,135,1.878223180770874
22,136,1.5602482557296753
22,137,2.3499269485473633
22,138,2.342181921005249
22,139,1.8449989557266235
22,140,1.9444421529769897
22,141,2.587402820587158
22,142,2.3337225914001465
22,143,1.5740394592285156
22,144,2.2570385932922363
22,145,1.7711422443389893
22,146,1.8863357305526733
22,147,1.6260745525360107
22,148,1.899848461151123
22,149,2.2297024726867676
22,150,1.4909884929656982
22,151,1.8927953243255615
22,152,2.098546266555786
22,153,2.2575783729553223
22,154,2.2755045890808105
22,155,2.2885992527008057
22,156,1.90890371799469
22,157,2.0277018547058105
22,158,1.9879988431930542
22,159,1.8762187957763672
22,160,2.4953861236572266
22,161,2.3557686805725098
22,162,1.7025396823883057
22,163,2.2111778259277344
22,164,2.031550884246826
22,165,1.7972192764282227
22,166,1.5467910766601562
22,167,2.518322467803955
22,168,2.365211009979248
22,169,2.0210587978363037
22,170,2.203850269317627
22,171,1.4924781322479248
22,172,1.7141391038894653
22,173,2.217329740524292
22,174,1.9126825332641602
22,175,1.7895829677581787
22,176,2.559314727783203
22,177,1.7557660341262817
22,178,1.9717901945114136
22,179,2.4126274585723877
22,180,1.7281317710876465
22,181,1.4199684858322144
22,182,2.0969290733337402
22,183,2.2640345096588135
22,184,1.6477136611938477
22,185,1.8116129636764526
22,186,1.993588924407959
22,187,1.7515798807144165
22,188,2.0211915969848633
22,189,2.187859058380127
22,190,1.513526201248169
22,191,1.4473297595977783
22,192,1.9952731132507324
22,193,2.6281750202178955
22,194,2.18098783493042
22,195,1.8465274572372437
22,196,1.819178819656372
22,197,1.8778069019317627
22,198,1.5264121294021606
22,199,2.2047510147094727
22,200,1.721123456954956
22,201,2.440347194671631
22,202,1.5359323024749756
22,203,1.7902216911315918
22,204,2.4138288497924805
22,205,1.9622204303741455
22,206,1.9568977355957031
22,207,1.6364916563034058
22,208,1.9196170568466187
22,209,1.4522132873535156
22,210,1.827032446861267
22,211,1.5527706146240234
22,212,2.0430469512939453
22,213,2.516406536102295
22,214,2.169694185256958
22,215,2.351555347442627
22,216,2.6513004302978516
22,217,1.5222175121307373
22,218,1.7751656770706177
22,219,2.1077706813812256
22,220,2.2371304035186768
22,221,2.0572404861450195
22,222,2.0637195110321045
22,223,2.0911924839019775
22,224,2.3695688247680664
22,225,2.0630297660827637
22,226,1.9527517557144165
22,227,2.679713010787964
22,228,2.417107343673706
22,229,2.433701515197754
22,230,2.2610368728637695
22,231,1.9987269639968872
22,232,2.0996694564819336
22,233,2.0504205226898193
22,234,2.034679651260376
22,235,2.01831316947937
22,236,2.521895408630371
22,237,2.05815052986145
22,238,1.6337237358093262
22,239,2.1027610301971436
22,240,1.579084873199463
22,241,3.257133960723877
22,242,1.8540594577789307
22,243,1.6703476905822754
22,244,2.3735733032226562
22,245,2.277208089828491
22,246,1.5123052597045898
22,247,1.5512933731079102
22,248,1.994781255722046
22,249,2.363987922668457
22,250,2.0068612098693848
22,251,1.6460410356521606
22,252,2.3456578254699707
22,253,1.6646158695220947
22,254,1.632936954498291
22,255,2.0625312328338623
22,256,1.498582363128662
22,257,2.0109713077545166
22,258,1.726822853088379
22,259,2.1943724155426025
22,260,1.6775493621826172
22,261,2.0107614994049072
22,262,2.3838343620300293
22,263,2.0691609382629395
22,264,1.7326396703720093
22,265,2.69809889793396
22,266,2.44871187210083
22,267,2.3624091148376465
22,268,1.625821828842163
22,269,1.8098149299621582
22,270,1.9064350128173828
22,271,2.0998291969299316
22,272,1.7282681465148926
22,273,1.890197992324829
22,274,2.0033226013183594
22,275,2.0966384410858154
22,276,1.858330488204956
22,277,1.6932005882263184
22,278,1.936200499534607
22,279,1.889967679977417
22,280,1.750305414199829
22,281,2.5917632579803467
22,282,2.6147727966308594
22,283,2.519735813140869
22,284,2.1233901977539062
22,285,1.6568408012390137
22,286,2.6999316215515137
22,287,1.9509849548339844
22,288,1.880241870880127
22,289,2.8752264976501465
22,290,2.106414794921875
22,291,1.8652150630950928
22,292,2.169693946838379
22,293,2.0553088188171387
22,294,2.3491291999816895
22,295,2.392000436782837
22,296,1.903042197227478
22,297,1.8655725717544556
22,298,1.6751940250396729
22,299,2.083312749862671
22,300,2.1558737754821777
22,301,3.0409040451049805
22,302,1.8443193435668945
22,303,2.0787887573242188
22,304,2.7015907764434814
22,305,1.9497566223144531
22,306,1.7136259078979492
22,307,1.9457231760025024
22,308,2.049017906188965
22,309,1.9159314632415771
22,310,1.9672211408615112
22,311,1.8970561027526855
22,312,2.8165931701660156
22,313,1.6772985458374023
22,314,1.6953096389770508
22,315,1.6077874898910522
22,316,1.8997433185577393
22,317,1.7244311571121216
22,318,1.7452681064605713
22,319,2.3185224533081055
22,320,1.5287398099899292
22,321,1.5284912586212158
22,322,2.0360865592956543
22,323,2.1605730056762695
22,324,1.9501365423202515
22,325,1.7815159559249878
22,326,2.1933908462524414
22,327,2.0360982418060303
22,328,2.0430221557617188
22,329,2.0219547748565674
22,330,1.8638269901275635
22,331,2.048065185546875
22,332,2.04443359375
22,333,1.952371597290039
22,334,1.9713613986968994
22,335,1.766347885131836
22,336,2.1499369144439697
22,337,2.9342803955078125
22,338,2.0559816360473633
22,339,2.004143714904785
22,340,1.6403193473815918
22,341,1.8892582654953003
22,342,2.284675359725952
22,343,2.234469413757324
22,344,1.9637867212295532
22,345,1.6784512996673584
22,346,2.0961461067199707
22,347,1.9479256868362427
22,348,2.1594953536987305
22,349,2.290823459625244
22,350,2.1715269088745117
22,351,2.0461578369140625
22,352,1.9521560668945312
22,353,2.6455092430114746
22,354,2.312375545501709
22,355,1.844402551651001
22,356,1.9531471729278564
22,357,1.8544895648956299
22,358,2.0238637924194336
22,359,1.7153193950653076
22,360,1.7678496837615967
22,361,1.865113615989685
22,362,1.871667504310608
22,363,2.0379815101623535
22,364,2.1416709423065186
22,365,1.7014272212982178
22,366,2.683842658996582
22,367,2.277005672454834
22,368,1.9092397689819336
22,369,1.8694552183151245
22,370,2.677513837814331
22,371,1.9328547716140747
22,372,1.785363793373108
22,373,1.6077022552490234
22,374,1.7769590616226196
22,375,1.7714824676513672
22,376,2.0167274475097656
22,377,2.0711419582366943
22,378,2.0553383827209473
22,379,1.339479923248291
22,380,2.4811851978302
22,381,1.9325686693191528
22,382,1.7802362442016602
22,383,2.0202298164367676
22,384,2.1895525455474854
22,385,2.467292070388794
22,386,2.5204899311065674
22,387,1.6834428310394287
22,388,1.9568144083023071
22,389,2.7446508407592773
22,390,1.867464303970337
22,391,2.097322702407837
22,392,2.004755973815918
22,393,1.6358095407485962
22,394,2.13126277923584
22,395,1.8672819137573242
22,396,1.4687700271606445
22,397,2.1555886268615723
22,398,1.634801983833313
22,399,2.13138747215271
22,400,1.8797168731689453
22,401,2.1896164417266846
22,402,2.336744785308838
22,403,1.8797980546951294
22,404,2.0785772800445557
22,405,1.6660261154174805
22,406,2.0420501232147217
22,407,1.8019165992736816
22,408,1.717450737953186
22,409,2.8021960258483887
22,410,2.143921136856079
22,411,1.7839468717575073
22,412,2.6723079681396484
22,413,2.0023233890533447
22,414,1.7470508813858032
22,415,2.426128387451172
22,416,2.0383810997009277
22,417,1.9626232385635376
22,418,2.341857433319092
22,419,2.393852949142456
22,420,2.385887384414673
22,421,1.9107370376586914
22,422,2.1054835319519043
22,423,2.3997395038604736
22,424,2.520886182785034
22,425,1.5796678066253662
22,426,2.334315299987793
22,427,1.789473295211792
22,428,1.8933980464935303
22,429,1.921465516090393
22,430,2.138941764831543
22,431,2.5305240154266357
22,432,1.9307719469070435
22,433,2.2069618701934814
22,434,1.767087459564209
22,435,2.0124735832214355
22,436,2.054332733154297
22,437,1.7983531951904297
22,438,1.8674821853637695
22,439,2.1792662143707275
22,440,1.5998377799987793
22,441,1.7289094924926758
22,442,1.9203310012817383
22,443,1.5988178253173828
22,444,1.6329045295715332
22,445,1.7795133590698242
22,446,2.0013949871063232
22,447,1.6671581268310547
22,448,1.8919585943222046
22,449,2.320655345916748
22,450,1.995079517364502
22,451,2.1592719554901123
22,452,1.7442997694015503
22,453,1.9404630661010742
22,454,2.244161605834961
22,455,1.7365894317626953
22,456,2.1789040565490723
22,457,1.9590097665786743
22,458,1.7285175323486328
22,459,1.9671590328216553
22,460,2.0838027000427246
22,461,2.345343589782715
22,462,2.1508209705352783
22,463,1.7054283618927002
22,464,1.8712329864501953
22,465,1.7326041460037231
22,466,1.8785991668701172
22,467,1.815079927444458
22,468,1.8401739597320557
22,469,2.142850399017334
22,470,2.2180004119873047
22,471,2.005699634552002
22,472,2.4377574920654297
22,473,2.3480567932128906
22,474,1.5808978080749512
22,475,1.8657331466674805
22,476,2.023867130279541
22,477,2.1302804946899414
22,478,2.4450759887695312
22,479,2.0147206783294678
22,480,2.1177916526794434
22,481,2.054046630859375
22,482,1.8481684923171997
22,483,2.0479660034179688
22,484,1.6244373321533203
22,485,1.8643395900726318
22,486,1.6175063848495483
22,487,2.6225433349609375
22,488,2.4157299995422363
22,489,1.8680222034454346
22,490,2.620800495147705
22,491,2.006664276123047
22,492,1.9012460708618164
22,493,1.9164434671401978
22,494,1.9706670045852661
22,495,1.5393606424331665
22,496,1.4708669185638428
22,497,1.9015145301818848
22,498,1.974344253540039
23,0,2.6358938217163086
23,1,1.9336745738983154
23,2,2.2757067680358887
23,3,1.8332631587982178
23,4,2.173823356628418
23,5,2.270984649658203
23,6,2.3324592113494873
23,7,1.8127503395080566
23,8,2.1838088035583496
23,9,2.205780267715454
23,10,2.238264322280884
23,11,2.0368852615356445
23,12,1.9075186252593994
23,13,1.8380546569824219
23,14,1.9566290378570557
23,15,2.3234715461730957
23,16,2.0410947799682617
23,17,1.6943795680999756
23,18,1.9197299480438232
23,19,1.9426636695861816
23,20,2.471919059753418
23,21,1.8763082027435303
23,22,1.799379825592041
23,23,1.7400739192962646
23,24,1.9818891286849976
23,25,2.2473368644714355
23,26,2.0736637115478516
23,27,1.942427635192871
23,28,2.253054618835449
23,29,1.9398784637451172
23,30,2.2796976566314697
23,31,2.164623260498047
23,32,1.5947067737579346
23,33,2.1067471504211426
23,34,2.0814456939697266
23,35,2.5925521850585938
23,36,1.9810422658920288
23,37,2.1227803230285645
23,38,2.3904106616973877
23,39,1.8026111125946045
23,40,1.7486042976379395
23,41,1.607679843902588
23,42,1.8487517833709717
23,43,1.7504483461380005
23,44,2.1964759826660156
23,45,1.9548084735870361
23,46,2.4867517948150635
23,47,2.09596586227417
23,48,2.4449656009674072
23,49,1.4164690971374512
23,50,1.798169493675232
23,51,1.6771695613861084
23,52,2.4443271160125732
23,53,1.5002365112304688
23,54,1.4691678285598755
23,55,1.74423348903656
23,56,1.8375827074050903
23,57,1.8715664148330688
23,58,1.693102240562439
23,59,2.332550287246704
23,60,2.0576231479644775
23,61,2.269911050796509
23,62,1.932285189628601
23,63,1.8983935117721558
23,64,2.049849510192871
23,65,1.6874675750732422
23,66,2.3439154624938965
23,67,1.6356775760650635
23,68,1.8996697664260864
23,69,1.6525626182556152
23,70,2.230684280395508
23,71,2.2587103843688965
23,72,1.802962303161621
23,73,1.5752744674682617
23,74,2.819347858428955
23,75,2.274961233139038
23,76,1.5763486623764038
23,77,1.726169228553772
23,78,2.157010316848755
23,79,1.7753111124038696
23,80,1.4905123710632324
23,81,2.053762197494507
23,82,1.9319086074829102
23,83,2.3993372917175293
23,84,1.5608640909194946
23,85,1.9229015111923218
23,86,1.587772250175476
23,87,2.3770432472229004
23,88,2.1337790489196777
23,89,1.7986915111541748
23,90,2.0039048194885254
23,91,1.3764451742172241
23,92,1.8915468454360962
23,93,1.9286706447601318
23,94,2.0733585357666016
23,95,1.807802677154541
23,96,2.203213691711426
23,97,2.0420799255371094
23,98,1.9131258726119995
23,99,1.7677416801452637
23,100,1.9787651300430298
23,101,1.9665124416351318
23,102,1.8603886365890503
23,103,2.8892531394958496
23,104,2.332404136657715
23,105,2.324950695037842
23,106,1.8050798177719116
23,107,1.7087883949279785
23,108,1.608278751373291
23,109,2.03878116607666
23,110,2.283658981323242
23,111,1.8504087924957275
23,112,1.950185775756836
23,113,1.6879955530166626
23,114,2.0066380500793457
23,115,2.1060075759887695
23,116,2.0239248275756836
23,117,1.4415584802627563
23,118,1.8835265636444092
23,119,1.7513688802719116
23,120,1.8643944263458252
23,121,2.1382710933685303
23,122,2.083353281021118
23,123,2.1417644023895264
23,124,1.7723562717437744
23,125,2.374497175216675
23,126,2.1156601905822754
23,127,1.898564100265503
23,128,1.8244762420654297
23,129,1.8711484670639038
23,130,1.826969861984253
23,131,2.0894224643707275
23,132,1.7507076263427734
23,133,2.0037412643432617
23,134,1.9264072179794312
23,135,1.6020421981811523
23,136,1.9249293804168701
23,137,1.9216938018798828
23,138,1.6866631507873535
23,139,1.9334648847579956
23,140,1.7277309894561768
23,141,2.0579464435577393
23,142,2.0819029808044434
23,143,1.9866487979888916
23,144,2.350700616836548
23,145,2.1254987716674805
23,146,1.5673307180404663
23,147,1.7995190620422363
23,148,1.7961056232452393
23,149,1.9174754619598389
23,150,2.666821002960205
23,151,2.1328935623168945
23,152,2.1708145141601562
23,153,2.7199926376342773
23,154,2.272684097290039
23,155,1.9751646518707275
23,156,1.6528648138046265
23,157,2.1428205966949463
23,158,2.0975255966186523
23,159,2.075073003768921
23,160,2.1066527366638184
23,161,1.8345297574996948
23,162,1.7136591672897339
23,163,2.1837425231933594
23,164,2.1181857585906982
23,165,1.646289348602295
23,166,2.680591344833374
23,167,2.2302775382995605
23,168,1.5892497301101685
23,169,1.9568884372711182
23,170,1.6604620218276978
23,171,1.4804704189300537
23,172,2.2006235122680664
23,173,2.3765625953674316
23,174,2.13999342918396
23,175,1.8136224746704102
23,176,1.9777026176452637
23,177,1.823322057723999
23,178,2.487602472305298
23,179,2.0758213996887207
23,180,1.9242266416549683
23,181,1.6232295036315918
23,182,1.7895872592926025
23,183,1.9338431358337402
23,184,2.7333357334136963
23,185,1.9157038927078247
23,186,2.008880853652954
23,187,1.9450398683547974
23,188,2.701139450073242
23,189,2.19633150100708
23,190,2.2907145023345947
23,191,1.6252667903900146
23,192,2.247187852859497
23,193,1.7656311988830566
23,194,1.8868536949157715
23,195,1.9181158542633057
23,196,1.8929070234298706
23,197,2.738774538040161
23,198,1.6531134843826294
23,199,2.0685975551605225
23,200,1.7618725299835205
23,201,1.670880675315857
23,202,2.0125584602355957
23,203,1.935643196105957
23,204,1.839700698852539
23,205,1.9641218185424805
23,206,2.265310049057007
23,207,1.7278690338134766
23,208,1.5518794059753418
23,209,1.8319523334503174
23,210,1.9558945894241333
23,211,2.0962448120117188
23,212,2.061295509338379
23,213,1.9526187181472778
23,214,1.8130860328674316
23,215,1.9867098331451416
23,216,2.031223773956299
23,217,1.7755216360092163
23,218,2.070051670074463
23,219,1.6462178230285645
23,220,2.1614792346954346
23,221,1.630652666091919
23,222,1.8737282752990723
23,223,1.8654139041900635
23,224,2.329977512359619
23,225,1.9718210697174072
23,226,1.614772915840149
23,227,2.242837905883789
23,228,1.8050246238708496
23,229,1.9269262552261353
23,230,1.8091490268707275
23,231,1.729422926902771
23,232,1.7519747018814087
23,233,1.674466848373413
23,234,1.8352603912353516
23,235,1.783384084701538
23,236,1.9000945091247559
23,237,1.976921796798706
23,238,2.2298710346221924
23,239,1.8011373281478882
23,240,2.3100738525390625
23,241,1.3694456815719604
23,242,2.159067153930664
23,243,1.9355357885360718
23,244,1.566343069076538
23,245,1.9254631996154785
23,246,2.327188491821289
23,247,1.9565504789352417
23,248,1.9929251670837402
23,249,2.3924994468688965
23,250,2.2743852138519287
23,251,1.618414044380188
23,252,1.9293067455291748
23,253,1.8509676456451416
23,254,1.9304707050323486
23,255,2.1683616638183594
23,256,2.5983924865722656
23,257,2.302867889404297
23,258,1.8667083978652954
23,259,1.8248529434204102
23,260,2.2224209308624268
23,261,1.7985166311264038
23,262,1.9016366004943848
23,263,2.082026481628418
23,264,2.504143238067627
23,265,1.7793073654174805
23,266,2.004035472869873
23,267,1.6649715900421143
23,268,2.018763542175293
23,269,1.760333776473999
23,270,2.1809582710266113
23,271,2.124952793121338
23,272,1.808100938796997
23,273,1.793326735496521
23,274,1.9113383293151855
23,275,1.874589443206787
23,276,1.4447951316833496
23,277,2.1302013397216797
23,278,1.3812651634216309
23,279,1.6483652591705322
23,280,1.9185575246810913
23,281,1.5489840507507324
23,282,2.649099349975586
23,283,1.7481584548950195
23,284,1.7379074096679688
23,285,1.7172777652740479
23,286,2.32428240776062
23,287,2.2647528648376465
23,288,1.7442405223846436
23,289,1.9878278970718384
23,290,2.249633550643921
23,291,1.5640113353729248
23,292,2.0302276611328125
23,293,2.1855623722076416
23,294,2.120990753173828
23,295,1.8343840837478638
23,296,1.8447904586791992
23,297,2.160527229309082
23,298,2.0539464950561523
23,299,2.1694953441619873
23,300,1.5025452375411987
23,301,2.702775478363037
23,302,3.101501941680908
23,303,1.9905543327331543
23,304,1.9064724445343018
23,305,1.7038943767547607
23,306,1.8107588291168213
23,307,2.030526638031006
23,308,2.0174293518066406
23,309,1.8823379278182983
23,310,2.069632053375244
23,311,1.907531499862671
23,312,2.3805313110351562
23,313,2.321284770965576
23,314,2.165587902069092
23,315,2.2568211555480957
23,316,1.9753146171569824
23,317,2.0003552436828613
23,318,1.8974336385726929
23,319,1.9841313362121582
23,320,1.7548983097076416
23,321,2.2014575004577637
23,322,2.214076519012451
23,323,1.7494308948516846
23,324,1.8737893104553223
23,325,1.5918936729431152
23,326,2.039515495300293
23,327,1.8146357536315918
23,328,1.866790533065796
23,329,1.7916853427886963
23,330,1.7364072799682617
23,331,1.7896108627319336
23,332,1.399038314819336
23,333,1.8102331161499023
23,334,1.7618184089660645
23,335,1.5594046115875244
23,336,2.1246581077575684
23,337,1.776633858680725
23,338,2.871131181716919
23,339,2.251760482788086
23,340,2.1514759063720703
23,341,1.918059229850769
23,342,1.4745268821716309
23,343,1.6205722093582153
23,344,2.2864608764648438
23,345,2.0975964069366455
23,346,1.8280038833618164
23,347,1.9669770002365112
23,348,1.643113374710083
23,349,1.4239606857299805
23,350,1.807868480682373
23,351,1.8933087587356567
23,352,1.950441837310791
23,353,1.5990753173828125
23,354,2.5499560832977295
23,355,1.9036086797714233
23,356,1.8024667501449585
23,357,2.0994226932525635
23,358,2.236954689025879
23,359,1.549044132232666
23,360,2.0798792839050293
23,361,1.7337672710418701
23,362,2.077061653137207
23,363,1.5536917448043823
23,364,1.9052760601043701
23,365,2.303548812866211
23,366,1.7887732982635498
23,367,1.9312632083892822
23,368,1.5654058456420898
23,369,1.459665060043335
23,370,1.6684608459472656
23,371,2.2427663803100586
23,372,2.004204750061035
23,373,2.0345568656921387
23,374,2.0259623527526855
23,375,1.8515150547027588
23,376,2.3147711753845215
23,377,2.135650873184204
23,378,1.812142252922058
23,379,2.196173667907715
23,380,1.6651220321655273
23,381,1.9553372859954834
23,382,1.9707697629928589
23,383,2.465233564376831
23,384,2.28242826461792
23,385,1.8578081130981445
23,386,2.0630311965942383
23,387,1.8299753665924072
23,388,2.343890905380249
23,389,2.1184511184692383
23,390,1.752282977104187
23,391,2.573914051055908
23,392,2.2177059650421143
23,393,2.8955013751983643
23,394,2.166320323944092
23,395,2.0075621604919434
23,396,1.8486649990081787
23,397,1.767587423324585
23,398,1.860241174697876
23,399,2.1923837661743164
23,400,2.2979094982147217
23,401,2.091771125793457
23,402,1.7905970811843872
23,403,1.8363380432128906
23,404,1.711257815361023
23,405,2.13437819480896
23,406,2.493746042251587
23,407,1.995633840560913
23,408,2.2611193656921387
23,409,2.43776273727417
23,410,2.4710097312927246
23,411,1.6566991806030273
23,412,2.0072460174560547
23,413,2.2346999645233154
23,414,2.2015180587768555
23,415,1.9571176767349243
23,416,2.4635915756225586
23,417,2.163757085800171
23,418,1.6996922492980957
23,419,2.0721919536590576
23,420,1.8239400386810303
23,421,1.9855539798736572
23,422,1.7140597105026245
23,423,1.7949457168579102
23,424,1.8634692430496216
23,425,1.944277048110962
23,426,2.521282196044922
23,427,1.9768810272216797
23,428,2.023690700531006
23,429,1.694270372390747
23,430,1.7819507122039795
23,431,2.310171127319336
23,432,2.068617343902588
23,433,2.1740589141845703
23,434,2.0931272506713867
23,435,1.6422019004821777
23,436,2.021324634552002
23,437,2.3743417263031006
23,438,2.0324995517730713
23,439,1.995528221130371
23,440,2.1962990760803223
23,441,2.3807711601257324
23,442,1.9371192455291748
23,443,2.315682888031006
23,444,1.8779969215393066
23,445,2.018465042114258
23,446,2.073969602584839
23,447,1.5555644035339355
23,448,2.2156591415405273
23,449,2.126882791519165
23,450,1.9959628582000732
23,451,1.7743399143218994
23,452,1.699321985244751
23,453,2.470182418823242
23,454,2.553924083709717
23,455,1.7059366703033447
23,456,1.961191177368164
23,457,1.6826527118682861
23,458,1.9623279571533203
23,459,1.4293090105056763
23,460,1.4819109439849854
23,461,2.38411808013916
23,462,2.354212760925293
23,463,2.125092029571533
23,464,2.127742290496826
23,465,1.6984072923660278
23,466,2.1613402366638184
23,467,2.039185047149658
23,468,2.213811159133911
23,469,2.0527994632720947
23,470,2.065612316131592
23,471,2.270683765411377
23,472,2.537294387817383
23,473,1.55991792678833
23,474,2.206054449081421
23,475,1.842972755432129
23,476,1.7347564697265625
23,477,1.8031206130981445
23,478,1.9736753702163696
23,479,1.960880994796753
23,480,2.0828590393066406
23,481,1.9710166454315186
23,482,2.0212526321411133
23,483,2.360990524291992
23,484,1.655970811843872
23,485,1.9208043813705444
23,486,1.9754023551940918
23,487,1.9395661354064941
23,488,2.384960651397705
23,489,1.910815954208374
23,490,1.615887999534607
23,491,1.6299352645874023
23,492,1.7069844007492065
23,493,1.9316325187683105
23,494,1.6520668268203735
23,495,1.761012077331543
23,496,2.031198024749756
23,497,2.5657219886779785
23,498,3.224830150604248
24,0,1.9721965789794922
24,1,2.0137152671813965
24,2,1.9086756706237793
24,3,1.89048433303833
24,4,1.750035047531128
24,5,1.9158812761306763
24,6,1.9233773946762085
24,7,1.6057653427124023
24,8,1.7511484622955322
24,9,2.1910276412963867
24,10,1.908414363861084
24,11,1.6952040195465088
24,12,1.8766887187957764
24,13,1.835306167602539
24,14,1.9008088111877441
24,15,2.0840461254119873
24,16,1.5860214233398438
24,17,1.9389042854309082
24,18,2.2602052688598633
24,19,2.0930330753326416
24,20,2.001296281814575
24,21,1.8858253955841064
24,22,1.6145565509796143
24,23,2.039997100830078
24,24,1.9883365631103516
24,25,1.7351080179214478
24,26,2.176955461502075
24,27,1.8168997764587402
24,28,2.3413870334625244
24,29,2.355289936065674
24,30,1.565716028213501
24,31,1.6863089799880981
24,32,1.6538037061691284
24,33,1.8204584121704102
24,34,2.080373525619507
24,35,2.089435577392578
24,36,1.881121277809143
24,37,2.575537919998169
24,38,1.9337811470031738
24,39,1.6345325708389282
24,40,1.7950012683868408
24,41,1.8024073839187622
24,42,1.9058027267456055
24,43,1.9001473188400269
24,44,2.1225943565368652
24,45,1.4803143739700317
24,46,1.928402066230774
24,47,2.1856913566589355
24,48,1.5889637470245361
24,49,2.0130112171173096
24,50,1.876082420349121
24,51,1.6908290386199951
24,52,1.9834028482437134
24,53,2.293424606323242
24,54,1.9859535694122314
24,55,1.4342029094696045
24,56,1.6894924640655518
24,57,1.7465052604675293
24,58,1.9129239320755005
24,59,2.0865225791931152
24,60,1.4696407318115234
24,61,1.514084815979004
24,62,2.0745224952697754
24,63,2.351919174194336
24,64,1.9917341470718384
24,65,2.118255138397217
24,66,2.0155367851257324
24,67,1.832702875137329
24,68,1.8693937063217163
24,69,1.918260097503662
24,70,1.9765664339065552
24,71,1.6930694580078125
24,72,2.1341187953948975
24,73,1.504434585571289
24,74,1.5468988418579102
24,75,2.237025499343872
24,76,2.1101038455963135
24,77,2.037358522415161
24,78,1.9182395935058594
24,79,2.281482696533203
24,80,1.827923059463501
24,81,1.9218076467514038
24,82,2.1669983863830566
24,83,1.9408020973205566
24,84,1.9215118885040283
24,85,1.6509186029434204
24,86,1.6606566905975342
24,87,1.566025733947754
24,88,1.8581758737564087
24,89,2.00958251953125
24,90,1.6859041452407837
24,91,2.052265167236328
24,92,1.6030128002166748
24,93,1.9516160488128662
24,94,1.6391026973724365
24,95,2.033440351486206
24,96,1.6304324865341187
24,97,1.8970311880111694
24,98,1.986591100692749
24,99,1.9680829048156738
24,100,1.7765846252441406
24,101,1.6653865575790405
24,102,1.6807684898376465
24,103,1.5457268953323364
24,104,1.7967286109924316
24,105,1.6101516485214233
24,106,2.4658522605895996
24,107,2.7263712882995605
24,108,2.129457473754883
24,109,1.6133075952529907
24,110,1.9562082290649414
24,111,2.2810990810394287
24,112,1.805880069732666
24,113,1.9556405544281006
24,114,2.320160150527954
24,115,1.8984994888305664
24,116,2.06831955909729
24,117,2.089470386505127
24,118,1.613872766494751
24,119,2.200700521469116
24,120,2.2297539710998535
24,121,1.7800978422164917
24,122,2.133833885192871
24,123,2.260986804962158
24,124,1.4550776481628418
24,125,1.5893995761871338
24,126,2.366931438446045
24,127,2.251277446746826
24,128,2.1723289489746094
24,129,2.0165724754333496
24,130,1.9705840349197388
24,131,1.8282909393310547
24,132,1.7050412893295288
24,133,1.7154674530029297
24,134,1.8148574829101562
24,135,1.7199201583862305
24,136,2.1927759647369385
24,137,1.7648253440856934
24,138,1.9468293190002441
24,139,1.5881470441818237
24,140,2.068814992904663
24,141,2.190495014190674
24,142,1.952963948249817
24,143,1.969482183456421
24,144,1.718567132949829
24,145,2.0551962852478027
24,146,1.9098773002624512
24,147,2.1027462482452393
24,148,1.8770792484283447
24,149,1.815948486328125
24,150,1.6762051582336426
24,151,3.021982192993164
24,152,2.1819119453430176
24,153,1.5778886079788208
24,154,1.9795398712158203
24,155,1.7923904657363892
24,156,1.7370760440826416
24,157,1.663651704788208
24,158,1.9125494956970215
24,159,2.407228946685791
24,160,1.9911153316497803
24,161,1.9277902841567993
24,162,1.9608683586120605
24,163,1.9596915245056152
24,164,1.824541687965393
24,165,1.8927607536315918
24,166,1.8111767768859863
24,167,1.7918497323989868
24,168,1.7186598777770996
24,169,1.9634275436401367
24,170,2.112643003463745
24,171,2.065074920654297
24,172,1.547525405883789
24,173,1.9261424541473389
24,174,1.4795911312103271
24,175,1.8264634609222412
24,176,1.5567240715026855
24,177,1.3568775653839111
24,178,1.7607624530792236
24,179,1.827939748764038
24,180,2.0099639892578125
24,181,1.3306323289871216
24,182,2.394963264465332
24,183,1.7716894149780273
24,184,2.2805747985839844
24,185,1.7167483568191528
24,186,2.7631819248199463
24,187,1.472886085510254
24,188,1.709536075592041
24,189,2.085918426513672
24,190,2.2744765281677246
24,191,2.3781793117523193
24,192,2.0414700508117676
24,193,2.0245161056518555
24,194,2.1695327758789062
24,195,1.93392014503479
24,196,1.5742769241333008
24,197,1.8800766468048096
24,198,1.8552329540252686
24,199,1.8998676538467407
24,200,1.9378515481948853
24,201,1.7226077318191528
24,202,2.2240188121795654
24,203,1.9774596691131592
24,204,2.2670743465423584
24,205,2.6715095043182373
24,206,1.6129963397979736
24,207,2.043530225753784
24,208,2.0799248218536377
24,209,1.958369493484497
24,210,1.7511959075927734
24,211,1.8476613759994507
24,212,1.8387770652770996
24,213,2.0904552936553955
24,214,1.7032244205474854
24,215,1.9743157625198364
24,216,1.9390679597854614
24,217,1.866773247718811
24,218,2.318422317504883
24,219,1.5778288841247559
24,220,1.5969505310058594
24,221,1.9323928356170654
24,222,1.9650722742080688
24,223,1.962614893913269
24,224,2.147393226623535
24,225,1.7203608751296997
24,226,1.5252293348312378
24,227,2.1161913871765137
24,228,1.7241750955581665
24,229,1.4311373233795166
24,230,2.259129047393799
24,231,2.1299571990966797
24,232,1.954764485359192
24,233,1.7955255508422852
24,234,1.8800160884857178
24,235,1.652726173400879
24,236,1.5311250686645508
24,237,2.1558189392089844
24,238,1.9013621807098389
24,239,1.612142562866211
24,240,2.1511762142181396
24,241,2.0077245235443115
24,242,1.9073445796966553
24,243,1.698763370513916
24,244,2.557643175125122
24,245,1.88689386844635
24,246,2.0533504486083984
24,247,1.894313931465149
24,248,1.5527236461639404
24,249,1.9295567274093628
24,250,1.7644596099853516
24,251,2.319232940673828
24,252,1.8027539253234863
24,253,1.8065160512924194
24,254,1.575181484222412
24,255,2.114315986633301
24,256,1.9802911281585693
24,257,2.0604772567749023
24,258,1.693021297454834
24,259,1.8060002326965332
24,260,2.1489949226379395
24,261,2.1603527069091797
24,262,1.7324450016021729
24,263,2.094129800796509
24,264,2.177922010421753
24,265,1.6983294486999512
24,266,1.5449955463409424
24,267,1.8657150268554688
24,268,1.9125897884368896
24,269,1.7145214080810547
24,270,1.5510826110839844
24,271,1.803959608078003
24,272,1.9538187980651855
24,273,1.9219379425048828
24,274,1.6993980407714844
24,275,1.9330464601516724
24,276,1.513329267501831
24,277,2.2496492862701416
24,278,1.917957067489624
24,279,2.1365480422973633
24,280,1.556246280670166
24,281,1.7911465167999268
24,282,1.472664475440979
24,283,2.0000007152557373
24,284,2.2774672508239746
24,285,1.5001417398452759
24,286,2.8297946453094482
24,287,1.4575655460357666
24,288,1.7620010375976562
24,289,2.3271255493164062
24,290,1.9714877605438232
24,291,1.6662406921386719
24,292,1.7522401809692383
24,293,1.4539308547973633
24,294,1.4178187847137451
24,295,2.5143046379089355
24,296,1.8924801349639893
24,297,1.9729387760162354
24,298,2.2708349227905273
24,299,1.8940391540527344
24,300,2.1846656799316406
24,301,2.224982976913452
24,302,2.0714619159698486
24,303,1.608370304107666
24,304,1.9220457077026367
24,305,1.7703373432159424
24,306,2.0777530670166016
24,307,2.165994644165039
24,308,1.8169898986816406
24,309,3.4300053119659424
24,310,2.4297661781311035
24,311,1.5659751892089844
24,312,2.165836811065674
24,313,1.8242580890655518
24,314,2.1761178970336914
24,315,1.6806907653808594
24,316,1.734706163406372
24,317,1.8184274435043335
24,318,1.5481891632080078
24,319,1.8633878231048584
24,320,2.5712738037109375
24,321,2.1485607624053955
24,322,1.7537260055541992
24,323,1.8189775943756104
24,324,2.0879921913146973
24,325,1.8622817993164062
24,326,1.7359340190887451
24,327,2.043879747390747
24,328,2.256357192993164
24,329,2.1636674404144287
24,330,1.5321030616760254
24,331,1.712731957435608
24,332,1.9681117534637451
24,333,1.9359674453735352
24,334,1.9069252014160156
24,335,1.8421025276184082
24,336,2.146584987640381
24,337,2.1225695610046387
24,338,1.8089656829833984
24,339,2.179135322570801
24,340,1.9210000038146973
24,341,2.113939046859741
24,342,1.755697250366211
24,343,2.215010404586792
24,344,1.4863919019699097
24,345,2.752101421356201
24,346,2.1310770511627197
24,347,1.4234583377838135
24,348,1.9708342552185059
24,349,1.999692440032959
24,350,2.4230432510375977
24,351,2.028433322906494
24,352,2.166229248046875
24,353,2.310702085494995
24,354,1.8382313251495361
24,355,1.6396394968032837
24,356,2.017747402191162
24,357,1.5212985277175903
24,358,1.9626773595809937
24,359,2.000516176223755
24,360,2.2077724933624268
24,361,1.6643295288085938
24,362,2.155156135559082
24,363,2.2900495529174805
24,364,2.5106210708618164
24,365,2.7968273162841797
24,366,1.6494178771972656
24,367,1.9470571279525757
24,368,1.913769006729126
24,369,1.8723533153533936
24,370,1.7327649593353271
24,371,1.9862391948699951
24,372,1.6952192783355713
24,373,1.674178123474121
24,374,1.5860636234283447
24,375,1.7896692752838135
24,376,1.942837119102478
24,377,1.7527949810028076
24,378,1.7572498321533203
24,379,1.9522149562835693
24,380,1.6744983196258545
24,381,1.5848596096038818
24,382,1.916832447052002
24,383,1.666742205619812
24,384,1.9566452503204346
24,385,2.476858139038086
24,386,1.9079983234405518
24,387,1.633164882659912
24,388,1.6555843353271484
24,389,2.036198616027832
24,390,1.87019944190979
24,391,1.8857471942901611
24,392,2.2507243156433105
24,393,1.6946086883544922
24,394,1.9656476974487305
24,395,2.0566694736480713
24,396,2.216442823410034
24,397,2.1448395252227783
24,398,2.232974052429199
24,399,1.7633873224258423
24,400,1.8851865530014038
24,401,1.8807231187820435
24,402,1.8066439628601074
24,403,1.7834665775299072
24,404,1.8868277072906494
24,405,2.0905914306640625
24,406,1.9475607872009277
24,407,2.0657460689544678
24,408,1.9634301662445068
24,409,2.364194869995117
24,410,2.309873104095459
24,411,1.5843766927719116
24,412,2.0958800315856934
24,413,1.7055671215057373
24,414,2.2735157012939453
24,415,2.2955617904663086
24,416,1.846001148223877
24,417,1.7474243640899658
24,418,2.030304431915283
24,419,2.464372158050537
24,420,2.551818609237671
24,421,1.9634902477264404
24,422,1.8054594993591309
24,423,2.2026023864746094
24,424,1.9369354248046875
24,425,1.890500545501709
24,426,2.1563286781311035
24,427,1.8620507717132568
24,428,1.9184257984161377
24,429,1.9751783609390259
24,430,1.8516645431518555
24,431,1.9591622352600098
24,432,2.176029920578003
24,433,1.8997490406036377
24,434,1.7188153266906738
24,435,2.0950019359588623
24,436,1.6919801235198975
24,437,1.8717659711837769
24,438,2.0094501972198486
24,439,1.6372063159942627
24,440,2.1281399726867676
24,441,2.0472517013549805
24,442,2.9023125171661377
24,443,2.014617443084717
24,444,1.9515793323516846
24,445,2.3023738861083984
24,446,2.1567935943603516
24,447,1.9862040281295776
24,448,2.3127074241638184
24,449,2.004051685333252
24,450,1.7618159055709839
24,451,1.652686357498169
24,452,2.1214869022369385
24,453,2.422281503677368
24,454,2.1799123287200928
24,455,2.5753707885742188
24,456,2.276855945587158
24,457,1.6251001358032227
24,458,2.642265796661377
24,459,1.9881038665771484
24,460,1.5031185150146484
24,461,1.8217368125915527
24,462,1.7382535934448242
24,463,1.879493236541748
24,464,2.1524224281311035
24,465,1.8656656742095947
24,466,2.373419761657715
24,467,1.7336044311523438
24,468,2.4342591762542725
24,469,1.4686238765716553
24,470,1.6666922569274902
24,471,2.629218816757202
24,472,2.32120943069458
24,473,1.9243354797363281
24,474,1.9197924137115479
24,475,2.373782157897949
24,476,2.2286081314086914
24,477,1.902016520500183
24,478,1.938697338104248
24,479,1.7811607122421265
24,480,2.0885744094848633
24,481,2.2178444862365723
24,482,2.663280725479126
24,483,1.7773715257644653
24,484,1.8631407022476196
24,485,1.8954497575759888
24,486,2.245281934738159
24,487,2.172044277191162
24,488,2.0967304706573486
24,489,2.051251173019409
24,490,1.9549825191497803
24,491,1.9239873886108398
24,492,2.0217697620391846
24,493,2.073317766189575
24,494,1.7551499605178833
24,495,1.9432740211486816
24,496,1.575188398361206
24,497,1.7461369037628174
24,498,1.6558637619018555
25,0,1.6199148893356323
25,1,1.564957857131958
25,2,1.720624566078186
25,3,1.7966814041137695
25,4,1.7192524671554565
25,5,1.8789381980895996
25,6,1.5244851112365723
25,7,1.9613333940505981
25,8,1.8012292385101318
25,9,1.729085922241211
25,10,2.397803783416748
25,11,1.7486696243286133
25,12,1.9842681884765625
25,13,2.5581932067871094
25,14,1.8168530464172363
25,15,1.6380646228790283
25,16,1.5415133237838745
25,17,2.2241153717041016
25,18,2.0505781173706055
25,19,2.025110960006714
25,20,2.0625298023223877
25,21,1.5092487335205078
25,22,2.3521318435668945
25,23,2.251044750213623
25,24,1.8092479705810547
25,25,2.084710121154785
25,26,1.596666932106018
25,27,1.947532296180725
25,28,1.610932469367981
25,29,1.3627827167510986
25,30,1.9984841346740723
25,31,1.8278452157974243
25,32,1.7178088426589966
25,33,2.0501911640167236
25,34,1.6154077053070068
25,35,1.8323897123336792
25,36,2.235149621963501
25,37,2.745340347290039
25,38,2.0136513710021973
25,39,2.380483388900757
25,40,1.648932695388794
25,41,1.574304461479187
25,42,1.6590003967285156
25,43,1.8529534339904785
25,44,2.073545455932617
25,45,2.2867913246154785
25,46,1.706831932067871
25,47,2.5555684566497803
25,48,1.7309215068817139
25,49,1.9407148361206055
25,50,1.4947717189788818
25,51,2.0597376823425293
25,52,2.347534656524658
25,53,1.9163565635681152
25,54,2.2291476726531982
25,55,2.120424270629883
25,56,1.841907262802124
25,57,2.0248780250549316
25,58,1.5027332305908203
25,59,1.7767369747161865
25,60,1.5798918008804321
25,61,1.9288928508758545
25,62,1.652379035949707
25,63,2.160980224609375
25,64,2.4249022006988525
25,65,2.0147857666015625
25,66,1.9386005401611328
25,67,2.1492960453033447
25,68,1.5649042129516602
25,69,2.0688185691833496
25,70,2.0127925872802734
25,71,2.090104818344116
25,72,2.653046131134033
25,73,2.2762961387634277
25,74,2.101546287536621
25,75,1.7497882843017578
25,76,1.533234715461731
25,77,2.208805799484253
25,78,2.4994425773620605
25,79,2.0343360900878906
25,80,1.6215108633041382
25,81,2.165358543395996
25,82,1.4336408376693726
25,83,2.493746042251587
25,84,1.949279546737671
25,85,1.8478600978851318
25,86,2.3624305725097656
25,87,1.8463513851165771
25,88,1.8742128610610962
25,89,1.8730651140213013
25,90,2.028512716293335
25,91,1.9102146625518799
25,92,2.0399060249328613
25,93,1.9103388786315918
25,94,1.8147863149642944
25,95,1.6625776290893555
25,96,1.6863718032836914
25,97,2.419020652770996
25,98,1.875339388847351
25,99,2.0002622604370117
25,100,1.578474521636963
25,101,1.811631202697754
25,102,1.429142951965332
25,103,1.6217936277389526
25,104,1.9457169771194458
25,105,2.205272674560547
25,106,1.815213918685913
25,107,1.7153878211975098
25,108,1.7482483386993408
25,109,1.8367810249328613
25,110,2.364302635192871
25,111,1.679194450378418
25,112,1.8502265214920044
25,113,1.4857122898101807
25,114,1.7898935079574585
25,115,1.8619349002838135
25,116,1.9085156917572021
25,117,2.143681287765503
25,118,2.0045435428619385
25,119,1.9077694416046143
25,120,1.607229232788086
25,121,1.8016409873962402
25,122,1.8712387084960938
25,123,2.051619052886963
25,124,2.513151168823242
25,125,1.6588706970214844
25,126,2.4344968795776367
25,127,2.342210292816162
25,128,2.1855697631835938
25,129,2.111461639404297
25,130,2.038228988647461
25,131,3.0878334045410156
25,132,2.1038501262664795
25,133,2.2236287593841553
25,134,1.719555377960205
25,135,2.4443278312683105
25,136,1.7952901124954224
25,137,1.7066950798034668
25,138,1.6860884428024292
25,139,1.6631203889846802
25,140,1.8689850568771362
25,141,2.2593793869018555
25,142,2.094639778137207
25,143,1.4962310791015625
25,144,1.8527376651763916
25,145,2.5263969898223877
25,146,1.6090208292007446
25,147,2.1936302185058594
25,148,1.7304296493530273
25,149,2.4548544883728027
25,150,1.7630027532577515
25,151,2.4247255325317383
25,152,1.792020559310913
25,153,2.1732711791992188
25,154,2.180044651031494
25,155,1.7981213331222534
25,156,2.1094374656677246
25,157,1.8531734943389893
25,158,1.395688533782959
25,159,2.0728094577789307
25,160,2.154885768890381
25,161,1.9382174015045166
25,162,1.536945104598999
25,163,1.9599733352661133
25,164,1.896065592765808
25,165,2.0146985054016113
25,166,1.6720458269119263
25,167,2.009300470352173
25,168,2.2172927856445312
25,169,1.6903914213180542
25,170,1.6934337615966797
25,171,2.1053411960601807
25,172,1.8544635772705078
25,173,1.8592121601104736
25,174,1.739001989364624
25,175,2.083266258239746
25,176,2.0170798301696777
25,177,1.8803694248199463
25,178,1.8475298881530762
25,179,2.103956699371338
25,180,1.9789533615112305
25,181,1.9146486520767212
25,182,1.8710417747497559
25,183,1.6228387355804443
25,184,1.5656235218048096
25,185,2.313420295715332
25,186,2.045711040496826
25,187,1.7608705759048462
25,188,2.4626026153564453
25,189,1.8329046964645386
25,190,1.9868946075439453
25,191,1.7759419679641724
25,192,1.782907247543335
25,193,1.7142325639724731
25,194,1.445149540901184
25,195,1.8677277565002441
25,196,2.2720274925231934
25,197,1.7902525663375854
25,198,2.3896424770355225
25,199,1.8210995197296143
25,200,2.008509874343872
25,201,2.064004421234131
25,202,2.315423011779785
25,203,1.7161035537719727
25,204,1.770189881324768
25,205,1.6743056774139404
25,206,1.710218071937561
25,207,2.100313186645508
25,208,1.8714935779571533
25,209,2.3593077659606934
25,210,1.825347661972046
25,211,2.093621253967285
25,212,2.1480603218078613
25,213,1.7536901235580444
25,214,1.562652349472046
25,215,1.977247953414917
25,216,1.8790850639343262
25,217,1.700493335723877
25,218,1.8827629089355469
25,219,2.0004396438598633
25,220,1.866234302520752
25,221,2.1977102756500244
25,222,1.948742389678955
25,223,2.22778582572937
25,224,1.811140775680542
25,225,2.069474697113037
25,226,1.9202520847320557
25,227,1.6260170936584473
25,228,1.8216557502746582
25,229,1.8104441165924072
25,230,1.9892370700836182
25,231,1.5919713973999023
25,232,1.875284194946289
25,233,1.536801815032959
25,234,2.431509494781494
25,235,2.104620933532715
25,236,2.740248203277588
25,237,1.9383360147476196
25,238,1.79325532913208
25,239,1.828986406326294
25,240,2.0156731605529785
25,241,1.580361008644104
25,242,1.9666800498962402
25,243,2.154360294342041
25,244,2.043463945388794
25,245,1.726402997970581
25,246,1.406494140625
25,247,2.114008903503418
25,248,1.776358962059021
25,249,2.124235153198242
25,250,1.73980712890625
25,251,1.7450929880142212
25,252,2.521371841430664
25,253,1.889082908630371
25,254,1.5994539260864258
25,255,1.8870632648468018
25,256,2.1904640197753906
25,257,1.8976409435272217
25,258,1.6589674949645996
25,259,2.2441043853759766
25,260,2.322335720062256
25,261,1.985512614250183
25,262,2.0790517330169678
25,263,1.8118547201156616
25,264,2.1542487144470215
25,265,1.8054136037826538
25,266,1.729902744293213
25,267,2.2203140258789062
25,268,2.406217575073242
25,269,2.8156521320343018
25,270,1.9370336532592773
25,271,1.9659113883972168
25,272,1.8162295818328857
25,273,1.5479602813720703
25,274,2.3292505741119385
25,275,1.8304061889648438
25,276,2.3200883865356445
25,277,1.6897571086883545
25,278,1.8462934494018555
25,279,2.1583003997802734
25,280,1.9084069728851318
25,281,1.7464488744735718
25,282,2.0689761638641357
25,283,2.1977217197418213
25,284,1.78840172290802
25,285,1.5387277603149414
25,286,2.042637348175049
25,287,1.7657266855239868
25,288,2.294402837753296
25,289,2.436530351638794
25,290,2.1044414043426514
25,291,2.170539140701294
25,292,1.7288522720336914
25,293,1.6498615741729736
25,294,2.203301429748535
25,295,1.6899330615997314
25,296,1.990940809249878
25,297,1.897172451019287
25,298,1.8165165185928345
25,299,2.286149024963379
25,300,1.7067193984985352
25,301,2.2410380840301514
25,302,2.214611530303955
25,303,1.914189338684082
25,304,1.5570796728134155
25,305,1.6195728778839111
25,306,2.390411376953125
25,307,2.3415353298187256
25,308,2.3992156982421875
25,309,1.6057565212249756
25,310,2.1074180603027344
25,311,1.7117018699645996
25,312,1.5813488960266113
25,313,1.8858017921447754
25,314,1.777759075164795
25,315,1.870741605758667
25,316,1.9059420824050903
25,317,2.410766124725342
25,318,1.9367375373840332
25,319,1.6329597234725952
25,320,1.5823192596435547
25,321,1.981147289276123
25,322,1.925764799118042
25,323,2.2283973693847656
25,324,1.776835322380066
25,325,1.8896095752716064
25,326,1.9796056747436523
25,327,2.340043783187866
25,328,1.6934975385665894
25,329,2.2850940227508545
25,330,2.3694589138031006
25,331,2.3598475456237793
25,332,1.6987484693527222
25,333,1.9232854843139648
25,334,1.6506524085998535
25,335,1.5769377946853638
25,336,1.8208906650543213
25,337,2.0701234340667725
25,338,2.075631856918335
25,339,2.0635998249053955
25,340,2.0416622161865234
25,341,1.8103902339935303
25,342,1.7147321701049805
25,343,1.8646306991577148
25,344,1.937045931816101
25,345,2.3896055221557617
25,346,1.7833425998687744
25,347,1.9824546575546265
25,348,1.5679476261138916
25,349,2.711852788925171
25,350,1.6086387634277344
25,351,1.6930298805236816
25,352,1.8148534297943115
25,353,2.1247425079345703
25,354,2.6035377979278564
25,355,1.6486132144927979
25,356,1.8566943407058716
25,357,1.6155898571014404
25,358,2.3193559646606445
25,359,2.0659804344177246
25,360,1.6084192991256714
25,361,1.7474277019500732
25,362,1.878197431564331
25,363,1.7782156467437744
25,364,2.2018895149230957
25,365,2.107597589492798
25,366,1.975957989692688
25,367,1.6666253805160522
25,368,1.688902497291565
25,369,2.1307456493377686
25,370,1.941280484199524
25,371,2.0971312522888184
25,372,2.2194995880126953
25,373,1.7326191663742065
25,374,1.7576301097869873
25,375,1.9507827758789062
25,376,1.8062498569488525
25,377,2.119828224182129
25,378,1.8513202667236328
25,379,2.365662097930908
25,380,2.0387701988220215
25,381,1.918534278869629
25,382,1.7029359340667725
25,383,1.8377444744110107
25,384,1.684866189956665
25,385,1.988203525543213
25,386,2.392407178878784
25,387,2.012531280517578
25,388,1.7617788314819336
25,389,2.2336654663085938
25,390,1.9707095623016357
25,391,2.412219762802124
25,392,1.993008017539978
25,393,1.8432724475860596
25,394,1.6719274520874023
25,395,1.9951844215393066
25,396,1.9604482650756836
25,397,1.9530231952667236
25,398,1.8428611755371094
25,399,1.7300996780395508
25,400,2.1549320220947266
25,401,1.5649161338806152
25,402,2.0576558113098145
25,403,1.5623313188552856
25,404,2.248368740081787
25,405,2.092045545578003
25,406,1.4931186437606812
25,407,2.0728611946105957
25,408,2.762852430343628
25,409,1.8700627088546753
25,410,1.6546342372894287
25,411,1.823119044303894
25,412,2.4080452919006348
25,413,1.8039319515228271
25,414,2.607001543045044
25,415,1.7524268627166748
25,416,1.5527918338775635
25,417,2.154698133468628
25,418,1.6725482940673828
25,419,1.8237534761428833
25,420,1.6400606632232666
25,421,2.117802143096924
25,422,1.790391445159912
25,423,2.0188140869140625
25,424,1.7505016326904297
25,425,1.6141752004623413
25,426,2.202037811279297
25,427,1.8163092136383057
25,428,2.0651354789733887
25,429,1.8428077697753906
25,430,1.861966609954834
25,431,2.712155342102051
25,432,3.0988776683807373
25,433,2.264659881591797
25,434,1.9257349967956543
25,435,2.1673195362091064
25,436,1.8655856847763062
25,437,1.8262598514556885
25,438,1.6711770296096802
25,439,2.721221446990967
25,440,2.1705644130706787
25,441,1.8603408336639404
25,442,1.6847054958343506
25,443,1.5273972749710083
25,444,2.0586752891540527
25,445,2.181027889251709
25,446,1.7290303707122803
25,447,1.728187084197998
25,448,1.9888560771942139
25,449,1.5859357118606567
25,450,2.091604232788086
25,451,1.955895185470581
25,452,1.6958788633346558
25,453,2.093031167984009
25,454,2.5377261638641357
25,455,2.0227184295654297
25,456,1.861718773841858
25,457,1.991907000541687
25,458,2.481226682662964
25,459,1.4847733974456787
25,460,2.011894702911377
25,461,1.871385931968689
25,462,1.8872332572937012
25,463,1.6915969848632812
25,464,1.5842468738555908
25,465,1.9209599494934082
25,466,2.0120346546173096
25,467,2.2534677982330322
25,468,1.90519380569458
25,469,1.916985273361206
25,470,1.6193792819976807
25,471,2.1187171936035156
25,472,2.5102171897888184
25,473,2.1724188327789307
25,474,1.5872358083724976
25,475,1.5616052150726318
25,476,2.1572394371032715
25,477,2.4221913814544678
25,478,1.5543229579925537
25,479,2.1446685791015625
25,480,2.1269237995147705
25,481,2.6652870178222656
25,482,2.534492015838623
25,483,1.896087408065796
25,484,2.17490816116333
25,485,1.6561987400054932
25,486,1.9163252115249634
25,487,1.7819476127624512
25,488,1.4281548261642456
25,489,1.611009120941162
25,490,2.0094964504241943
25,491,1.8314590454101562
25,492,1.6678078174591064
25,493,1.592189073562622
25,494,1.8713133335113525
25,495,2.2416763305664062
25,496,1.9061474800109863
25,497,2.3262228965759277
25,498,1.6972904205322266
26,0,2.219024896621704
26,1,1.5767292976379395
26,2,2.07558012008667
26,3,1.703690528869629
26,4,1.8809658288955688
26,5,1.849081039428711
26,6,1.8167624473571777
26,7,2.211374282836914
26,8,2.280968189239502
26,9,2.218132734298706
26,10,2.0234262943267822
26,11,1.5174130201339722
26,12,2.224885940551758
26,13,2.4860377311706543
26,14,1.5205016136169434
26,15,1.6507976055145264
26,16,1.420942783355713
26,17,1.9232412576675415
26,18,1.5456898212432861
26,19,1.625838279724121
26,20,2.4530885219573975
26,21,1.755951166152954
26,22,1.739335536956787
26,23,2.0502331256866455
26,24,1.7821886539459229
26,25,1.6912968158721924
26,26,1.9180643558502197
26,27,1.7374155521392822
26,28,1.6776902675628662
26,29,1.779333472251892
26,30,2.1933376789093018
26,31,1.6526927947998047
26,32,1.9462218284606934
26,33,1.9137548208236694
26,34,1.8693792819976807
26,35,2.046952724456787
26,36,2.369896173477173
26,37,1.6457101106643677
26,38,1.8328826427459717
26,39,1.8938006162643433
26,40,2.012040615081787
26,41,1.9433798789978027
26,42,1.9363584518432617
26,43,1.6621148586273193
26,44,2.3106024265289307
26,45,2.2918992042541504
26,46,1.8734040260314941
26,47,2.3709394931793213
26,48,1.9877698421478271
26,49,1.4898765087127686
26,50,2.0994622707366943
26,51,1.6774365901947021
26,52,2.138617992401123
26,53,1.8313260078430176
26,54,1.8002164363861084
26,55,2.3224596977233887
26,56,2.367630958557129
26,57,1.8921234607696533
26,58,1.9115281105041504
26,59,2.3096494674682617
26,60,1.618037462234497
26,61,2.098601818084717
26,62,1.6619884967803955
26,63,1.9266505241394043
26,64,1.6696196794509888
26,65,1.5917787551879883
26,66,2.017200231552124
26,67,1.8141376972198486
26,68,1.7287051677703857
26,69,1.8416540622711182
26,70,1.8486199378967285
26,71,2.230543613433838
26,72,2.148848295211792
26,73,2.0168886184692383
26,74,2.003544330596924
26,75,1.8050310611724854
26,76,1.9244036674499512
26,77,2.1967344284057617
26,78,1.903233528137207
26,79,1.5495442152023315
26,80,1.8725322484970093
26,81,1.749917984008789
26,82,2.1552863121032715
26,83,1.5198403596878052
26,84,1.3361318111419678
26,85,1.8137199878692627
26,86,1.5614122152328491
26,87,1.5379600524902344
26,88,1.7875367403030396
26,89,1.839247465133667
26,90,2.3145596981048584
26,91,2.3633105754852295
26,92,1.9515489339828491
26,93,1.48677396774292
26,94,1.758391261100769
26,95,1.4938048124313354
26,96,1.7741315364837646
26,97,1.996432900428772
26,98,1.7064698934555054
26,99,1.8715225458145142
26,100,2.120088577270508
26,101,1.6087605953216553
26,102,1.7778804302215576
26,103,2.23226261138916
26,104,2.073368549346924
26,105,1.911829948425293
26,106,1.9875366687774658
26,107,1.9459155797958374
26,108,1.8904577493667603
26,109,2.0541396141052246
26,110,2.039360523223877
26,111,1.7642979621887207
26,112,1.9003154039382935
26,113,1.97291100025177
26,114,1.9138742685317993
26,115,1.8235710859298706
26,116,1.6477643251419067
26,117,1.5050609111785889
26,118,1.5881242752075195
26,119,1.711928367614746
26,120,1.7230865955352783
26,121,1.7072923183441162
26,122,1.7086001634597778
26,123,1.5896844863891602
26,124,1.6569180488586426
26,125,2.0322954654693604
26,126,1.5967497825622559
26,127,1.8569542169570923
26,128,2.062504529953003
26,129,1.505557656288147
26,130,1.7723164558410645
26,131,2.1010379791259766
26,132,1.4241154193878174
26,133,1.4594131708145142
26,134,1.7878611087799072
26,135,2.028090476989746
26,136,2.157567262649536
26,137,2.1959617137908936
26,138,1.93231999874115
26,139,1.954408049583435
26,140,1.8547077178955078
26,141,2.075798273086548
26,142,1.8836792707443237
26,143,1.6332584619522095
26,144,1.7493524551391602
26,145,1.5538071393966675
26,146,2.374741554260254
26,147,1.7441452741622925
26,148,1.9419729709625244
26,149,1.9574863910675049
26,150,1.5196199417114258
26,151,1.4738377332687378
26,152,1.8456017971038818
26,153,2.331671953201294
26,154,1.9758408069610596
26,155,1.5861170291900635
26,156,1.377760887145996
26,157,1.9283643960952759
26,158,2.176203727722168
26,159,1.3242601156234741
26,160,1.481704831123352
26,161,1.635121464729309
26,162,2.012476921081543
26,163,2.2902283668518066
26,164,1.7640410661697388
26,165,1.8363703489303589
26,166,1.5799498558044434
26,167,1.5977065563201904
26,168,1.7424709796905518
26,169,1.8047676086425781
26,170,2.76739501953125
26,171,2.0711517333984375
26,172,1.8319430351257324
26,173,1.8017547130584717
26,174,1.8824957609176636
26,175,1.823089361190796
26,176,1.6367754936218262
26,177,2.2792887687683105
26,178,1.6725925207138062
26,179,1.957624912261963
26,180,1.911124587059021
26,181,1.7668144702911377
26,182,1.9246582984924316
26,183,2.038562297821045
26,184,1.970508337020874
26,185,2.4889426231384277
26,186,1.9135589599609375
26,187,1.5316851139068604
26,188,1.9585039615631104
26,189,2.121894598007202
26,190,2.248605251312256
26,191,1.8601620197296143
26,192,2.34789776802063
26,193,2.0591769218444824
26,194,1.7001291513442993
26,195,1.6956232786178589
26,196,1.5858278274536133
26,197,1.556466817855835
26,198,2.628838300704956
26,199,2.1721243858337402
26,200,2.271623134613037
26,201,2.1176302433013916
26,202,2.2595529556274414
26,203,1.6611180305480957
26,204,1.6029167175292969
26,205,2.659663200378418
26,206,2.1079330444335938
26,207,2.4276506900787354
26,208,1.6469805240631104
26,209,1.8200373649597168
26,210,1.9556996822357178
26,211,1.830413818359375
26,212,1.7467279434204102
26,213,1.8659875392913818
26,214,2.5998663902282715
26,215,1.8530263900756836
26,216,1.6066298484802246
26,217,1.6201775074005127
26,218,2.279470443725586
26,219,1.468274474143982
26,220,1.617917537689209
26,221,1.9562262296676636
26,222,1.9597355127334595
26,223,1.6867034435272217
26,224,2.1381399631500244
26,225,2.207714080810547
26,226,1.9969191551208496
26,227,1.8356953859329224
26,228,2.0402543544769287
26,229,1.730652093887329
26,230,1.9799615144729614
26,231,1.9710595607757568
26,232,2.538239002227783
26,233,2.1263325214385986
26,234,2.1520962715148926
26,235,1.7786834239959717
26,236,2.3923306465148926
26,237,1.7519842386245728
26,238,2.0355234146118164
26,239,1.8891825675964355
26,240,1.5202524662017822
26,241,1.7608082294464111
26,242,1.7490198612213135
26,243,1.9789221286773682
26,244,2.0240602493286133
26,245,1.4559353590011597
26,246,1.4372479915618896
26,247,1.3295698165893555
26,248,1.6724172830581665
26,249,1.6431500911712646
26,250,1.7580009698867798
26,251,1.714672327041626
26,252,2.064606189727783
26,253,1.7662012577056885
26,254,2.3433239459991455
26,255,2.0542190074920654
26,256,1.7642812728881836
26,257,1.726201057434082
26,258,1.8086662292480469
26,259,1.6093389987945557
26,260,1.7355788946151733
26,261,1.7624741792678833
26,262,1.4080369472503662
26,263,2.1190905570983887
26,264,1.8873107433319092
26,265,2.0960805416107178
26,266,1.5146327018737793
26,267,1.606170654296875
26,268,1.6324212551116943
26,269,2.054689884185791
26,270,1.871882677078247
26,271,2.2175323963165283
26,272,1.5694514513015747
26,273,1.7605111598968506
26,274,1.57547128200531
26,275,2.3922200202941895
26,276,2.673379898071289
26,277,2.4334113597869873
26,278,2.1159110069274902
26,279,1.7324330806732178
26,280,2.083488941192627
26,281,2.1389033794403076
26,282,1.4881017208099365
26,283,1.8065129518508911
26,284,2.263030529022217
26,285,2.3868045806884766
26,286,2.3726651668548584
26,287,2.004018545150757
26,288,1.8289744853973389
26,289,1.729445219039917
26,290,2.1584627628326416
26,291,1.7265686988830566
26,292,1.5768775939941406
26,293,1.9835184812545776
26,294,2.0359950065612793
26,295,2.814065456390381
26,296,2.122387647628784
26,297,1.781653881072998
26,298,2.0191829204559326
26,299,1.7779145240783691
26,300,1.985599160194397
26,301,1.7887625694274902
26,302,1.646733045578003
26,303,1.7407289743423462
26,304,2.142972469329834
26,305,1.961739182472229
26,306,1.5367374420166016
26,307,2.5106184482574463
26,308,2.6055686473846436
26,309,2.4357261657714844
26,310,2.357658624649048
26,311,1.9605109691619873
26,312,2.0974998474121094
26,313,1.5935921669006348
26,314,2.034113883972168
26,315,1.538364291191101
26,316,2.0193748474121094
26,317,2.234818696975708
26,318,2.247429847717285
26,319,1.5809050798416138
26,320,1.5444262027740479
26,321,1.6804466247558594
26,322,1.759899616241455
26,323,1.523472547531128
26,324,1.6217330694198608
26,325,2.346036195755005
26,326,2.3417789936065674
26,327,1.8319634199142456
26,328,1.8837857246398926
26,329,2.28144907951355
26,330,1.8100993633270264
26,331,2.1468443870544434
26,332,2.179471015930176
26,333,2.342033863067627
26,334,2.225761890411377
26,335,2.081162691116333
26,336,1.860929250717163
26,337,1.746694564819336
26,338,1.57069730758667
26,339,1.8588197231292725
26,340,1.7456855773925781
26,341,1.8229424953460693
26,342,1.7786909341812134
26,343,2.0424530506134033
26,344,1.8424043655395508
26,345,1.9280381202697754
26,346,1.8458985090255737
26,347,1.9720056056976318
26,348,2.3797264099121094
26,349,1.9589730501174927
26,350,2.028434991836548
26,351,1.8219835758209229
26,352,1.9660941362380981
26,353,1.6230772733688354
26,354,1.7780201435089111
26,355,1.697749376296997
26,356,1.7997770309448242
26,357,2.367720603942871
26,358,2.4063100814819336
26,359,1.9384186267852783
26,360,1.621097445487976
26,361,2.182096481323242
26,362,1.4181337356567383
26,363,2.697549819946289
26,364,2.3029096126556396
26,365,1.9128849506378174
26,366,2.2527847290039062
26,367,2.333721399307251
26,368,1.81403386592865
26,369,1.7514337301254272
26,370,1.915878415107727
26,371,2.6063599586486816
26,372,1.7217211723327637
26,373,1.6903389692306519
26,374,2.221850633621216
26,375,2.226527214050293
26,376,1.9144203662872314
26,377,2.0416905879974365
26,378,1.7620576620101929
26,379,1.8893485069274902
26,380,1.5595184564590454
26,381,2.1788361072540283
26,382,1.9902218580245972
26,383,2.0217342376708984
26,384,1.774274468421936
26,385,1.8336100578308105
26,386,1.5735080242156982
26,387,2.059903144836426
26,388,2.298351526260376
26,389,1.9961234331130981
26,390,2.0497517585754395
26,391,1.8798736333847046
26,392,1.937788486480713
26,393,1.9455687999725342
26,394,1.855614185333252
26,395,1.9969818592071533
26,396,1.7767982482910156
26,397,1.9031622409820557
26,398,1.750411033630371
26,399,1.771425485610962
26,400,2.116293430328369
26,401,2.006021022796631
26,402,2.333730459213257
26,403,1.8066670894622803
26,404,1.822359561920166
26,405,2.1280388832092285
26,406,2.168015956878662
26,407,1.8436434268951416
26,408,2.163411855697632
26,409,1.813596487045288
26,410,1.979670763015747
26,411,1.8907842636108398
26,412,1.8160619735717773
26,413,1.5792763233184814
26,414,1.927579402923584
26,415,1.6722121238708496
26,416,1.8779655694961548
26,417,1.9196419715881348
26,418,1.574735403060913
26,419,2.4681785106658936
26,420,1.7887524366378784
26,421,2.168652296066284
26,422,1.9884437322616577
26,423,1.5596346855163574
26,424,1.9728052616119385
26,425,1.8262081146240234
26,426,1.8595640659332275
26,427,2.582029104232788
26,428,1.8752002716064453
26,429,1.8736283779144287
26,430,2.253262519836426
26,431,1.7797287702560425
26,432,2.0592761039733887
26,433,2.2230818271636963
26,434,2.3444676399230957
26,435,2.0380361080169678
26,436,1.4783978462219238
26,437,2.171254873275757
26,438,1.5631858110427856
26,439,1.7458302974700928
26,440,1.7907333374023438
26,441,1.5884904861450195
26,442,1.599851131439209
26,443,1.6706796884536743
26,444,1.5195097923278809
26,445,1.4369317293167114
26,446,2.24493670463562
26,447,1.5464131832122803
26,448,1.6133136749267578
26,449,1.8553956747055054
26,450,1.7198173999786377
26,451,2.0657711029052734
26,452,1.6355903148651123
26,453,1.4680407047271729
26,454,2.0625991821289062
26,455,2.1050000190734863
26,456,2.1149802207946777
26,457,1.7591891288757324
26,458,1.8950135707855225
26,459,2.371220588684082
26,460,1.9850573539733887
26,461,2.0745952129364014
26,462,1.634267807006836
26,463,1.8664870262145996
26,464,1.8910391330718994
26,465,2.0989491939544678
26,466,1.7604961395263672
26,467,1.766416072845459
26,468,1.5302753448486328
26,469,2.1975595951080322
26,470,2.0877861976623535
26,471,1.6539493799209595
26,472,1.7111730575561523
26,473,1.858270525932312
26,474,2.141146421432495
26,475,2.041520595550537
26,476,1.894956350326538
26,477,1.6623961925506592
26,478,1.825727939605713
26,479,2.0224039554595947
26,480,2.388145923614502
26,481,1.7530665397644043
26,482,1.8219348192214966
26,483,1.9122560024261475
26,484,2.073845624923706
26,485,2.1202893257141113
26,486,2.1139585971832275
26,487,2.071472644805908
26,488,1.637791395187378
26,489,1.858093023300171
26,490,1.7930326461791992
26,491,1.78273344039917
26,492,1.628524661064148
26,493,1.8772329092025757
26,494,2.1884818077087402
26,495,2.220839500427246
26,496,1.8987191915512085
26,497,2.075394630432129
26,498,2.0615601539611816
27,0,2.342336654663086
27,1,2.8766369819641113
27,2,2.3371074199676514
27,3,1.594963788986206
27,4,1.7011548280715942
27,5,1.7259573936462402
27,6,2.28464937210083
27,7,1.5930856466293335
27,8,1.4815874099731445
27,9,1.714116096496582
27,10,2.125627040863037
27,11,2.1001811027526855
27,12,1.6057714223861694
27,13,2.0558464527130127
27,14,1.7809237241744995
27,15,2.484800338745117
27,16,1.6862595081329346
27,17,2.067242383956909
27,18,1.9828931093215942
27,19,1.566754698753357
27,20,1.8529250621795654
27,21,1.4428019523620605
27,22,1.4510928392410278
27,23,2.192563056945801
27,24,1.6971395015716553
27,25,1.6451913118362427
27,26,1.7341411113739014
27,27,2.1744327545166016
27,28,1.7044734954833984
27,29,2.1208958625793457
27,30,1.786161184310913
27,31,2.033951759338379
27,32,2.169368028640747
27,33,1.5343480110168457
27,34,1.7311501502990723
27,35,1.5840548276901245
27,36,1.536328911781311
27,37,1.873826265335083
27,38,1.9416437149047852
27,39,1.6291909217834473
27,40,1.633054494857788
27,41,1.7137207984924316
27,42,2.323219060897827
27,43,1.8188531398773193
27,44,1.9166861772537231
27,45,1.9677371978759766
27,46,2.107029676437378
27,47,1.415142297744751
27,48,2.3807342052459717
27,49,1.9974706172943115
27,50,1.8448402881622314
27,51,1.779083251953125
27,52,2.428342819213867
27,53,1.945707082748413
27,54,2.5166854858398438
27,55,1.83304762840271
27,56,1.6788480281829834
27,57,2.060685634613037
27,58,1.6499485969543457
27,59,2.2809154987335205
27,60,1.6213147640228271
27,61,1.4397603273391724
27,62,1.8725519180297852
27,63,1.734206199645996
27,64,1.861938238143921
27,65,1.981791377067566
27,66,2.3658318519592285
27,67,1.6270952224731445
27,68,2.0899579524993896
27,69,1.971405029296875
27,70,1.5618534088134766
27,71,2.4623544216156006
27,72,2.1047582626342773
27,73,1.5892624855041504
27,74,2.3279500007629395
27,75,1.5761487483978271
27,76,2.416674852371216
27,77,2.197786331176758
27,78,1.786337971687317
27,79,1.56521475315094
27,80,2.065657138824463
27,81,1.874816656112671
27,82,1.6338844299316406
27,83,1.7913923263549805
27,84,1.576162576675415
27,85,1.8563121557235718
27,86,2.5473594665527344
27,87,2.020235061645508
27,88,1.6693775653839111
27,89,1.8991079330444336
27,90,1.711213231086731
27,91,1.818757176399231
27,92,1.6083004474639893
27,93,2.0386765003204346
27,94,1.7475030422210693
27,95,1.6355655193328857
27,96,1.8017125129699707
27,97,1.8071157932281494
27,98,1.5791826248168945
27,99,1.724713683128357
27,100,2.008396625518799
27,101,1.7239391803741455
27,102,2.1281943321228027
27,103,2.1695141792297363
27,104,1.6933088302612305
27,105,1.8401885032653809
27,106,1.8692083358764648
27,107,1.6729094982147217
27,108,1.7338063716888428
27,109,1.9825663566589355
27,110,2.0641820430755615
27,111,1.9105499982833862
27,112,1.6973695755004883
27,113,1.979209542274475
27,114,1.8045520782470703
27,115,1.8991361856460571
27,116,1.9602036476135254
27,117,1.726684331893921
27,118,1.946560263633728
27,119,1.9391919374465942
27,120,1.9145817756652832
27,121,2.046511173248291
27,122,2.2715353965759277
27,123,1.9536190032958984
27,124,2.2014009952545166
27,125,2.1793274879455566
27,126,1.9320311546325684
27,127,1.4018744230270386
27,128,2.212275505065918
27,129,1.8289755582809448
27,130,1.9969046115875244
27,131,1.895459771156311
27,132,1.657008171081543
27,133,1.8349729776382446
27,134,2.5359582901000977
27,135,1.5779271125793457
27,136,1.572982907295227
27,137,1.9155163764953613
27,138,1.899021863937378
27,139,2.002345561981201
27,140,1.6998376846313477
27,141,2.579465389251709
27,142,1.8570293188095093
27,143,1.8292286396026611
27,144,1.9003398418426514
27,145,1.9393426179885864
27,146,2.043619155883789
27,147,1.6843571662902832
27,148,1.6465554237365723
27,149,2.0445570945739746
27,150,2.171933889389038
27,151,1.867375135421753
27,152,1.6262073516845703
27,153,2.0447564125061035
27,154,1.9003551006317139
27,155,1.5401643514633179
27,156,1.7761679887771606
27,157,1.723860502243042
27,158,1.9789960384368896
27,159,1.6020750999450684
27,160,1.8281890153884888
27,161,1.8294439315795898
27,162,1.622642993927002
27,163,1.5759423971176147
27,164,2.0910286903381348
27,165,2.037412643432617
27,166,1.6868685483932495
27,167,1.7686964273452759
27,168,1.7585114240646362
27,169,1.5663318634033203
27,170,2.1547183990478516
27,171,1.7229795455932617
27,172,1.8198528289794922
27,173,1.7169573307037354
27,174,1.8496856689453125
27,175,1.7342671155929565
27,176,1.7968944311141968
27,177,1.6490058898925781
27,178,1.8193551301956177
27,179,1.6186654567718506
27,180,1.8253238201141357
27,181,1.9590457677841187
27,182,1.6333067417144775
27,183,1.732395887374878
27,184,2.0734810829162598
27,185,2.2457361221313477
27,186,2.6382946968078613
27,187,2.1929378509521484
27,188,1.8257285356521606
27,189,2.110369920730591
27,190,1.9519890546798706
27,191,1.6282451152801514
27,192,1.8347266912460327
27,193,1.7861424684524536
27,194,1.702427864074707
27,195,1.6804537773132324
27,196,1.6338404417037964
27,197,1.8500558137893677
27,198,1.6193617582321167
27,199,2.0197091102600098
27,200,1.9215409755706787
27,201,1.4371569156646729
27,202,2.110689640045166
27,203,1.6844085454940796
27,204,1.7397805452346802
27,205,1.9325368404388428
27,206,1.98081374168396
27,207,1.9369267225265503
27,208,2.597090482711792
27,209,2.265791654586792
27,210,1.8365236520767212
27,211,1.9876329898834229
27,212,1.9216554164886475
27,213,2.0123298168182373
27,214,1.9875140190124512
27,215,1.9490337371826172
27,216,1.3265550136566162
27,217,2.0080060958862305
27,218,1.4526431560516357
27,219,2.0100560188293457
27,220,1.6844282150268555
27,221,1.6163177490234375
27,222,1.774354100227356
27,223,1.8071553707122803
27,224,1.890758752822876
27,225,1.7465004920959473
27,226,1.6999890804290771
27,227,2.2760977745056152
27,228,2.1390538215637207
27,229,2.656209945678711
27,230,2.2211623191833496
27,231,1.6328234672546387
27,232,1.6829257011413574
27,233,1.7026114463806152
27,234,1.961639165878296
27,235,2.032228469848633
27,236,1.8670966625213623
27,237,1.9797618389129639
27,238,1.9034042358398438
27,239,1.7402586936950684
27,240,1.918891191482544
27,241,2.1078243255615234
27,242,2.327840805053711
27,243,1.636049509048462
27,244,1.6247761249542236
27,245,1.5523383617401123
27,246,1.6203665733337402
27,247,1.8064258098602295
27,248,1.4906539916992188
27,249,1.816162347793579
27,250,1.7363224029541016
27,251,1.9860602617263794
27,252,1.492260456085205
27,253,1.936265468597412
27,254,1.9944446086883545
27,255,1.6149507761001587
27,256,2.545927047729492
27,257,1.894446611404419
27,258,1.919704556465149
27,259,1.4616529941558838
27,260,2.294990301132202
27,261,1.8698716163635254
27,262,1.9518733024597168
27,263,1.786851167678833
27,264,1.8596560955047607
27,265,1.8118555545806885
27,266,1.7851371765136719
27,267,1.992042899131775
27,268,1.8079543113708496
27,269,1.8876113891601562
27,270,1.9884288311004639
27,271,2.6967854499816895
27,272,1.8486740589141846
27,273,1.7852764129638672
27,274,1.7047537565231323
27,275,2.120234489440918
27,276,2.144059658050537
27,277,1.7452105283737183
27,278,2.1407833099365234
27,279,2.3634517192840576
27,280,2.908350944519043
27,281,2.175302505493164
27,282,2.21635103225708
27,283,1.803415298461914
27,284,1.8330509662628174
27,285,1.562707543373108
27,286,1.8121707439422607
27,287,2.409208059310913
27,288,1.90960693359375
27,289,1.5674822330474854
27,290,1.7517964839935303
27,291,1.8013958930969238
27,292,2.2180662155151367
27,293,1.7276642322540283
27,294,2.2794814109802246
27,295,2.4550037384033203
27,296,2.278359889984131
27,297,1.7830634117126465
27,298,2.0741488933563232
27,299,2.005183219909668
27,300,1.5458171367645264
27,301,1.653505563735962
27,302,1.7826014757156372
27,303,1.78868567943573
27,304,1.8360083103179932
27,305,1.5600833892822266
27,306,2.7666215896606445
27,307,2.890775203704834
27,308,1.4548962116241455
27,309,2.2890965938568115
27,310,1.7004778385162354
27,311,1.8512837886810303
27,312,2.036703586578369
27,313,1.5264339447021484
27,314,1.5760910511016846
27,315,2.0893425941467285
27,316,1.8513047695159912
27,317,1.8225784301757812
27,318,2.2527151107788086
27,319,1.9491535425186157
27,320,2.1058332920074463
27,321,2.343050479888916
27,322,2.6761345863342285
27,323,1.9645315408706665
27,324,1.77042555809021
27,325,1.8533978462219238
27,326,1.7206075191497803
27,327,1.6614933013916016
27,328,1.5467016696929932
27,329,2.037175178527832
27,330,2.1097917556762695
27,331,2.1899359226226807
27,332,2.0536603927612305
27,333,3.007444381713867
27,334,1.3579671382904053
27,335,1.9082010984420776
27,336,1.688107967376709
27,337,1.7426462173461914
27,338,1.91276216506958
27,339,1.5725256204605103
27,340,1.7612192630767822
27,341,2.2422046661376953
27,342,1.7365479469299316
27,343,1.9831254482269287
27,344,1.589465618133545
27,345,1.576935052871704
27,346,1.7967994213104248
27,347,1.7697255611419678
27,348,1.6203670501708984
27,349,2.0095486640930176
27,350,1.890551209449768
27,351,1.7015241384506226
27,352,2.034605026245117
27,353,1.7250992059707642
27,354,1.5167030096054077
27,355,2.1361114978790283
27,356,1.4759745597839355
27,357,1.908713936805725
27,358,1.6241517066955566
27,359,1.9249546527862549
27,360,2.3199453353881836
27,361,1.672984004020691
27,362,1.6593539714813232
27,363,1.919649600982666
27,364,1.8111169338226318
27,365,1.853151559829712
27,366,1.6048319339752197
27,367,1.8816275596618652
27,368,1.2959380149841309
27,369,1.7481539249420166
27,370,1.5453808307647705
27,371,1.5218346118927002
27,372,2.148524761199951
27,373,1.9054862260818481
27,374,2.1464810371398926
27,375,2.55972957611084
27,376,1.8642396926879883
27,377,1.7390257120132446
27,378,2.174060106277466
27,379,1.672109842300415
27,380,1.8342218399047852
27,381,1.930300235748291
27,382,1.643500566482544
27,383,2.0744855403900146
27,384,1.5851595401763916
27,385,2.088334321975708
27,386,2.258913516998291
27,387,1.4304611682891846
27,388,1.796548843383789
27,389,1.7975363731384277
27,390,1.6833722591400146
27,391,1.593973159790039
27,392,1.986069679260254
27,393,1.797450065612793
27,394,1.9983220100402832
27,395,1.947120189666748
27,396,2.6672093868255615
27,397,1.7244285345077515
27,398,1.4823992252349854
27,399,1.8060953617095947
27,400,1.7833912372589111
27,401,1.6621813774108887
27,402,1.415224313735962
27,403,2.057058095932007
27,404,1.659999966621399
27,405,1.865452766418457
27,406,1.9114394187927246
27,407,1.9350686073303223
27,408,1.542726755142212
27,409,1.547476053237915
27,410,1.5961476564407349
27,411,2.1154251098632812
27,412,1.9290516376495361
27,413,2.269540786743164
27,414,1.7766647338867188
27,415,1.6878520250320435
27,416,1.9983552694320679
27,417,1.7934317588806152
27,418,1.6077499389648438
27,419,2.17720103263855
27,420,1.9858994483947754
27,421,1.9390690326690674
27,422,2.1025733947753906
27,423,2.374816417694092
27,424,2.1462650299072266
27,425,2.1509437561035156
27,426,1.4986273050308228
27,427,1.869288682937622
27,428,1.4435484409332275
27,429,1.4985311031341553
27,430,1.7567476034164429
27,431,1.8113892078399658
27,432,1.6467721462249756
27,433,1.8533846139907837
27,434,1.8280259370803833
27,435,1.8001667261123657
27,436,2.3266663551330566
27,437,1.760573387145996
27,438,1.9031829833984375
27,439,1.8407294750213623
27,440,1.9612505435943604
27,441,1.9130280017852783
27,442,2.0919384956359863
27,443,2.607053279876709
27,444,1.9671812057495117
27,445,1.8970239162445068
27,446,2.010955572128296
27,447,1.843934416770935
27,448,1.7185828685760498
27,449,1.602741003036499
27,450,1.8324956893920898
27,451,2.066612958908081
27,452,2.0492985248565674
27,453,1.8766268491744995
27,454,1.7210612297058105
27,455,1.8102065324783325
27,456,1.697617769241333
27,457,1.9794857501983643
27,458,1.9447346925735474
27,459,1.8681304454803467
27,460,2.136409044265747
27,461,1.6282501220703125
27,462,1.9271609783172607
27,463,2.5777904987335205
27,464,2.060535430908203
27,465,1.834172248840332
27,466,2.2841198444366455
27,467,1.565431833267212
27,468,1.7016204595565796
27,469,2.311488389968872
27,470,2.0646417140960693
27,471,2.128782272338867
27,472,2.078706979751587
27,473,1.7254054546356201
27,474,2.0106029510498047
27,475,1.9958405494689941
27,476,2.4975786209106445
27,477,1.8932100534439087
27,478,1.6078248023986816
27,479,1.874556303024292
27,480,1.8719627857208252
27,481,1.8051077127456665
27,482,1.6836645603179932
27,483,1.6462013721466064
27,484,1.5837411880493164
27,485,1.7726908922195435
27,486,1.7472221851348877
27,487,1.697094440460205
27,488,1.6693075895309448
27,489,1.5194809436798096
27,490,1.830228328704834
27,491,1.8587998151779175
27,492,1.8014960289001465
27,493,2.005931854248047
27,494,1.6565499305725098
27,495,1.7310854196548462
27,496,2.028970241546631
27,497,1.9648114442825317
27,498,1.8749396800994873
28,0,2.4424304962158203
28,1,1.5657650232315063
28,2,1.7013578414916992
28,3,1.9217826128005981
28,4,2.196367025375366
28,5,1.8410234451293945
28,6,2.1478028297424316
28,7,2.150977849960327
28,8,2.0498080253601074
28,9,1.6662273406982422
28,10,1.5574997663497925
28,11,2.388828754425049
28,12,1.8135051727294922
28,13,2.0535688400268555
28,14,1.693005084991455
28,15,2.1247761249542236
28,16,1.5870006084442139
28,17,2.214168071746826
28,18,1.7372736930847168
28,19,1.8991217613220215
28,20,2.0321731567382812
28,21,1.876943826675415
28,22,1.6266604661941528
28,23,1.980093240737915
28,24,1.5341469049453735
28,25,2.195030927658081
28,26,1.7196812629699707
28,27,2.1058247089385986
28,28,2.005239248275757
28,29,1.717753291130066
28,30,2.3433823585510254
28,31,1.8875203132629395
28,32,1.799518346786499
28,33,1.7136287689208984
28,34,1.8014557361602783
28,35,1.648590087890625
28,36,1.7871372699737549
28,37,1.7971583604812622
28,38,1.6227757930755615
28,39,1.7509007453918457
28,40,1.5467910766601562
28,41,1.7871474027633667
28,42,1.7603353261947632
28,43,2.5427281856536865
28,44,1.9518773555755615
28,45,2.108147144317627
28,46,2.283216953277588
28,47,1.8558781147003174
28,48,2.2986912727355957
28,49,1.6953494548797607
28,50,2.3182902336120605
28,51,2.0796189308166504
28,52,1.9907197952270508
28,53,1.8484668731689453
28,54,1.633204460144043
28,55,1.6156492233276367
28,56,2.192274808883667
28,57,2.378803253173828
28,58,1.3120815753936768
28,59,1.5571712255477905
28,60,1.7392593622207642
28,61,2.049224376678467
28,62,2.0176265239715576
28,63,1.725393295288086
28,64,1.6011333465576172
28,65,1.3904167413711548
28,66,1.67578125
28,67,2.4201455116271973
28,68,2.015721321105957
28,69,1.8305070400238037
28,70,1.6654001474380493
28,71,1.9608126878738403
28,72,2.4592156410217285
28,73,1.912487506866455
28,74,1.8815761804580688
28,75,2.007086992263794
28,76,2.2471349239349365
28,77,1.5190351009368896
28,78,1.7341716289520264
28,79,1.6641499996185303
28,80,1.9063172340393066
28,81,2.109083414077759
28,82,2.0175769329071045
28,83,1.6918845176696777
28,84,2.280129909515381
28,85,1.3956081867218018
28,86,1.7846380472183228
28,87,2.110922336578369
28,88,1.4892621040344238
28,89,2.101142406463623
28,90,1.8378500938415527
28,91,2.1470417976379395
28,92,2.131570339202881
28,93,1.7406554222106934
28,94,1.6400394439697266
28,95,1.8254481554031372
28,96,2.708301067352295
28,97,1.450721263885498
28,98,1.8045098781585693
28,99,2.109882116317749
28,100,1.9504220485687256
28,101,1.8397128582000732
28,102,2.092104434967041
28,103,2.0463309288024902
28,104,1.6963062286376953
28,105,1.7654610872268677
28,106,1.6005136966705322
28,107,2.4147160053253174
28,108,1.8023502826690674
28,109,1.5363937616348267
28,110,1.8772666454315186
28,111,1.6688754558563232
28,112,1.612945318222046
28,113,1.9183063507080078
28,114,1.849966287612915
28,115,1.8870432376861572
28,116,1.9643789529800415
28,117,1.7954154014587402
28,118,1.9066097736358643
28,119,2.037358283996582
28,120,1.8987823724746704
28,121,1.547023892402649
28,122,1.625758171081543
28,123,2.7502222061157227
28,124,2.64644718170166
28,125,1.5854897499084473
28,126,1.5306322574615479
28,127,1.5098066329956055
28,128,2.1003425121307373
28,129,1.8447526693344116
28,130,1.5947074890136719
28,131,1.5219509601593018
28,132,2.08882212638855
28,133,1.728264570236206
28,134,1.931548833847046
28,135,2.3080196380615234
28,136,1.7081644535064697
28,137,1.8918958902359009
28,138,1.8852581977844238
28,139,1.7793958187103271
28,140,2.0993096828460693
28,141,1.5918028354644775
28,142,1.8762009143829346
28,143,1.8092190027236938
28,144,1.5850574970245361
28,145,2.1712729930877686
28,146,1.7660976648330688
28,147,1.8085013628005981
28,148,1.7435357570648193
28,149,1.8262643814086914
28,150,1.9782884120941162
28,151,2.0662524700164795
28,152,2.2100670337677
28,153,1.8770976066589355
28,154,2.1236612796783447
28,155,2.0237669944763184
28,156,1.6247215270996094
28,157,1.8472299575805664
28,158,2.016913890838623
28,159,1.5411734580993652
28,160,1.7338759899139404
28,161,1.812546968460083
28,162,1.8684015274047852
28,163,1.7816954851150513
28,164,2.1696224212646484
28,165,1.3607605695724487
28,166,1.8636150360107422
28,167,1.8354413509368896
28,168,1.9463977813720703
28,169,1.8661437034606934
28,170,1.6171005964279175
28,171,2.168539524078369
28,172,1.9181474447250366
28,173,1.715395212173462
28,174,2.3080689907073975
28,175,2.0730392932891846
28,176,1.8584328889846802
28,177,1.6332814693450928
28,178,2.262887954711914
28,179,2.104797124862671
28,180,1.9777188301086426
28,181,1.819734811782837
28,182,1.9152294397354126
28,183,2.0450263023376465
28,184,2.1389670372009277
28,185,1.369291067123413
28,186,2.02468204498291
28,187,1.6461162567138672
28,188,1.7594435214996338
28,189,1.7252542972564697
28,190,2.355579376220703
28,191,1.3760263919830322
28,192,1.6715328693389893
28,193,1.6533485651016235
28,194,1.9420117139816284
28,195,1.614022970199585
28,196,1.6941041946411133
28,197,1.6940689086914062
28,198,1.9940052032470703
28,199,1.8181040287017822
28,200,2.2086777687072754
28,201,1.840632677078247
28,202,1.6042046546936035
28,203,1.8607934713363647
28,204,1.9411003589630127
28,205,2.558523654937744
28,206,1.5079452991485596
28,207,1.8547472953796387
28,208,1.9584025144577026
28,209,1.6884613037109375
28,210,1.5270724296569824
28,211,1.7162408828735352
28,212,1.750234842300415
28,213,2.0932586193084717
28,214,1.7278861999511719
28,215,2.131896495819092
28,216,1.8671075105667114
28,217,1.8562955856323242
28,218,1.5516722202301025
28,219,2.006453037261963
28,220,1.9354274272918701
28,221,1.9879734516143799
28,222,1.8032766580581665
28,223,1.6610300540924072
28,224,1.7874089479446411
28,225,2.141348361968994
28,226,1.6476752758026123
28,227,1.9652942419052124
28,228,1.7167010307312012
28,229,1.9380098581314087
28,230,1.8163912296295166
28,231,1.9121513366699219
28,232,1.946617603302002
28,233,2.379218101501465
28,234,1.6966743469238281
28,235,1.7329914569854736
28,236,2.183924674987793
28,237,1.822636604309082
28,238,1.868342399597168
28,239,1.896397352218628
28,240,2.2264161109924316
28,241,2.3354597091674805
28,242,2.236617088317871
28,243,1.52079439163208
28,244,1.8728117942810059
28,245,1.6496686935424805
28,246,1.5741294622421265
28,247,2.3103137016296387
28,248,2.3047616481781006
28,249,1.6924383640289307
28,250,1.7633461952209473
28,251,2.021667957305908
28,252,1.4925463199615479
28,253,1.5149085521697998
28,254,2.0873641967773438
28,255,1.6332625150680542
28,256,2.417440414428711
28,257,1.7620595693588257
28,258,1.877433180809021
28,259,1.8251912593841553
28,260,1.6276636123657227
28,261,1.7299479246139526
28,262,1.6442749500274658
28,263,2.171353816986084
28,264,2.160166025161743
28,265,1.8055933713912964
28,266,1.5947679281234741
28,267,2.1397576332092285
28,268,1.638899564743042
28,269,1.967827558517456
28,270,1.844878911972046
28,271,1.8615286350250244
28,272,1.8487951755523682
28,273,2.0997378826141357
28,274,2.089445114135742
28,275,1.6296637058258057
28,276,1.7963409423828125
28,277,2.0275964736938477
28,278,1.785884141921997
28,279,2.42777156829834
28,280,2.329521417617798
28,281,1.6187821626663208
28,282,2.05111026763916
28,283,1.4447169303894043
28,284,1.7395505905151367
28,285,1.5514798164367676
28,286,1.9184129238128662
28,287,1.3987360000610352
28,288,1.7513128519058228
28,289,1.9219365119934082
28,290,2.0572047233581543
28,291,1.8623026609420776
28,292,1.5985465049743652
28,293,1.8409687280654907
28,294,1.7897104024887085
28,295,1.699882984161377
28,296,2.3382632732391357
28,297,1.9403047561645508
28,298,2.0138111114501953
28,299,1.9363031387329102
28,300,2.12857723236084
28,301,1.7811493873596191
28,302,1.604496717453003
28,303,1.782768964767456
28,304,1.5163898468017578
28,305,1.8302853107452393
28,306,2.1434106826782227
28,307,1.9424612522125244
28,308,2.000875473022461
28,309,1.8523998260498047
28,310,2.191014051437378
28,311,2.0161266326904297
28,312,1.828094482421875
28,313,1.8644649982452393
28,314,1.644153118133545
28,315,1.8723758459091187
28,316,1.900890588760376
28,317,1.8067188262939453
28,318,1.830447793006897
28,319,2.638859272003174
28,320,2.1256299018859863
28,321,1.4896318912506104
28,322,1.9643728733062744
28,323,1.9961719512939453
28,324,1.9829356670379639
28,325,1.6097825765609741
28,326,2.4514853954315186
28,327,1.6176801919937134
28,328,2.2076337337493896
28,329,2.0108642578125
28,330,2.3637213706970215
28,331,1.7997548580169678
28,332,1.840024709701538
28,333,2.059375524520874
28,334,1.8845844268798828
28,335,1.692409634590149
28,336,2.030276298522949
28,337,1.9847748279571533
28,338,1.8279602527618408
28,339,1.7154498100280762
28,340,2.1033875942230225
28,341,2.001833438873291
28,342,1.585550308227539
28,343,1.8951189517974854
28,344,1.7273789644241333
28,345,2.6866278648376465
28,346,1.707580327987671
28,347,1.9683786630630493
28,348,1.3642581701278687
28,349,2.0649702548980713
28,350,1.5062768459320068
28,351,2.2332892417907715
28,352,1.4084644317626953
28,353,2.013007402420044
28,354,1.7861555814743042
28,355,1.787386178970337
28,356,2.2186336517333984
28,357,1.6933140754699707
28,358,1.553314208984375
28,359,1.6200470924377441
28,360,1.9831669330596924
28,361,1.7983556985855103
28,362,1.7652881145477295
28,363,2.5205769538879395
28,364,1.785487413406372
28,365,1.4614965915679932
28,366,1.6543771028518677
28,367,1.4632229804992676
28,368,2.6917901039123535
28,369,1.4365880489349365
28,370,1.8058342933654785
28,371,1.6364707946777344
28,372,2.149696111679077
28,373,2.1929972171783447
28,374,2.0056912899017334
28,375,1.9139509201049805
28,376,1.935798168182373
28,377,1.9929252862930298
28,378,1.8038712739944458
28,379,1.9658747911453247
28,380,1.8236379623413086
28,381,1.7196769714355469
28,382,1.561469316482544
28,383,1.8356881141662598
28,384,1.884937047958374
28,385,2.038012981414795
28,386,1.9873981475830078
28,387,2.0580413341522217
28,388,1.940035104751587
28,389,1.6953719854354858
28,390,1.6351933479309082
28,391,2.420031785964966
28,392,1.5622104406356812
28,393,1.9426591396331787
28,394,1.8014709949493408
28,395,1.6148463487625122
28,396,1.6250264644622803
28,397,1.9349528551101685
28,398,1.5592150688171387
28,399,1.7594082355499268
28,400,1.840022325515747
28,401,1.648171067237854
28,402,1.9227397441864014
28,403,2.147099733352661
28,404,1.616484522819519
28,405,2.425959587097168
28,406,2.132073163986206
28,407,1.2004598379135132
28,408,1.999801516532898
28,409,2.080929756164551
28,410,2.4364078044891357
28,411,2.052434206008911
28,412,2.045630693435669
28,413,1.6843464374542236
28,414,1.6838220357894897
28,415,1.5542033910751343
28,416,1.870371699333191
28,417,2.6462395191192627
28,418,2.270145893096924
28,419,2.4385414123535156
28,420,1.6179022789001465
28,421,2.4405980110168457
28,422,1.5858181715011597
28,423,1.5043153762817383
28,424,1.9354006052017212
28,425,1.7934150695800781
28,426,1.719163179397583
28,427,1.4935085773468018
28,428,2.1157586574554443
28,429,1.9012362957000732
28,430,2.119579315185547
28,431,1.585936188697815
28,432,2.0545825958251953
28,433,1.5416746139526367
28,434,1.825771689414978
28,435,1.7821896076202393
28,436,1.8956769704818726
28,437,1.6889147758483887
28,438,1.7505996227264404
28,439,1.8964219093322754
28,440,2.043854236602783
28,441,2.0370540618896484
28,442,1.5930745601654053
28,443,1.539599895477295
28,444,1.745133399963379
28,445,1.7325644493103027
28,446,2.103635311126709
28,447,1.424550175666809
28,448,2.0534064769744873
28,449,1.707005262374878
28,450,2.246734857559204
28,451,1.6215925216674805
28,452,1.9178006649017334
28,453,1.6610116958618164
28,454,2.1120357513427734
28,455,2.225137948989868
28,456,1.7275009155273438
28,457,2.003981113433838
28,458,2.084209442138672
28,459,2.37958025932312
28,460,1.9695792198181152
28,461,2.160332679748535
28,462,1.8732078075408936
28,463,1.9223378896713257
28,464,1.779470443725586
28,465,1.7939283847808838
28,466,2.0213136672973633
28,467,2.402886152267456
28,468,1.7055561542510986
28,469,2.1307199001312256
28,470,1.8897072076797485
28,471,2.370532512664795
28,472,2.2250092029571533
28,473,2.1152572631835938
28,474,1.8539460897445679
28,475,2.173762559890747
28,476,2.052574634552002
28,477,1.9492253065109253
28,478,2.346773862838745
28,479,1.9598751068115234
28,480,1.7809393405914307
28,481,2.061980724334717
28,482,1.8213306665420532
28,483,1.881482481956482
28,484,1.8203661441802979
28,485,1.9306024312973022
28,486,2.459134578704834
28,487,1.9848737716674805
28,488,1.5572514533996582
28,489,1.7250919342041016
28,490,1.6782569885253906
28,491,1.7749234437942505
28,492,2.1069254875183105
28,493,2.1593995094299316
28,494,1.975287914276123
28,495,1.8547000885009766
28,496,2.0784401893615723
28,497,1.898216724395752
28,498,1.658183217048645
29,0,1.6063376665115356
29,1,1.934367299079895
29,2,2.7506635189056396
29,3,2.2207870483398438
29,4,1.8689851760864258
29,5,2.005256175994873
29,6,1.4339725971221924
29,7,1.7440892457962036
29,8,1.741614818572998
29,9,1.490838646888733
29,10,1.7213242053985596
29,11,1.4953398704528809
29,12,1.5635945796966553
29,13,1.930675983428955
29,14,2.335735321044922
29,15,1.7738642692565918
29,16,1.8042802810668945
29,17,1.999448537826538
29,18,1.9024076461791992
29,19,1.7209398746490479
29,20,1.5204274654388428
29,21,1.7015190124511719
29,22,2.7538647651672363
29,23,1.9174426794052124
29,24,1.5037293434143066
29,25,1.7204031944274902
29,26,2.2351884841918945
29,27,1.7895243167877197
29,28,1.9173049926757812
29,29,1.8289058208465576
29,30,2.0605218410491943
29,31,1.8689428567886353
29,32,2.2029623985290527
29,33,1.8396549224853516
29,34,1.639070987701416
29,35,1.971472978591919
29,36,1.5355761051177979
29,37,1.634521722793579
29,38,2.2192108631134033
29,39,1.6149373054504395
29,40,1.5912234783172607
29,41,1.608337163925171
29,42,1.7423231601715088
29,43,1.9478907585144043
29,44,1.3180632591247559
29,45,2.0671398639678955
29,46,1.614431381225586
29,47,1.7084721326828003
29,48,1.7606947422027588
29,49,2.4256784915924072
29,50,1.7827913761138916
29,51,1.4802324771881104
29,52,1.918736457824707
29,53,2.1920316219329834
29,54,1.7406377792358398
29,55,2.2254366874694824
29,56,1.966980218887329
29,57,2.351491928100586
29,58,1.8552584648132324
29,59,1.7636858224868774
29,60,1.3930997848510742
29,61,1.6545096635818481
29,62,1.8717234134674072
29,63,1.8229331970214844
29,64,2.1079583168029785
29,65,1.9642094373703003
29,66,2.091539144515991
29,67,1.9000897407531738
29,68,1.6598923206329346
29,69,1.7315285205841064
29,70,2.582026243209839
29,71,2.262869358062744
29,72,2.3183236122131348
29,73,1.6008751392364502
29,74,1.7145156860351562
29,75,1.6390423774719238
29,76,2.060391426086426
29,77,2.275611162185669
29,78,1.9078915119171143
29,79,2.167665719985962
29,80,1.936165452003479
29,81,1.593050479888916
29,82,1.7215489149093628
29,83,1.8497581481933594
29,84,1.6861318349838257
29,85,2.1224472522735596
29,86,1.8426296710968018
29,87,1.5068110227584839
29,88,1.671036958694458
29,89,1.432518482208252
29,90,1.76137375831604
29,91,1.9312751293182373
29,92,1.7159769535064697
29,93,1.8518518209457397
29,94,1.5743470191955566
29,95,1.6667742729187012
29,96,1.5312180519104004
29,97,1.6282234191894531
29,98,1.4993195533752441
29,99,1.8086521625518799
29,100,1.6334885358810425
29,101,1.6711605787277222
29,102,1.7959542274475098
29,103,2.608321189880371
29,104,1.7518105506896973
29,105,1.6352269649505615
29,106,1.600372076034546
29,107,1.925520896911621
29,108,2.4153366088867188
29,109,1.8058419227600098
29,110,2.0387675762176514
29,111,2.0305073261260986
29,112,1.759684443473816
29,113,1.9462614059448242
29,114,1.7788405418395996
29,115,1.9110703468322754
29,116,1.7645816802978516
29,117,1.779072642326355
29,118,1.7342851161956787
29,119,2.1817708015441895
29,120,1.9067504405975342
29,121,2.218045234680176
29,122,1.9900835752487183
29,123,1.9182538986206055
29,124,1.9473824501037598
29,125,1.9543483257293701
29,126,1.8755571842193604
29,127,1.4121246337890625
29,128,1.8154579401016235
29,129,1.705047845840454
29,130,1.4129693508148193
29,131,2.1228599548339844
29,132,1.9565329551696777
29,133,1.6935151815414429
29,134,1.9075981378555298
29,135,1.4591041803359985
29,136,1.956592321395874
29,137,1.7850923538208008
29,138,2.6925904750823975
29,139,2.424196243286133
29,140,1.6410026550292969
29,141,1.456490397453308
29,142,1.7425436973571777
29,143,2.001718521118164
29,144,1.932753086090088
29,145,2.0547120571136475
29,146,1.5384745597839355
29,147,1.6198115348815918
29,148,2.2553811073303223
29,149,1.6188368797302246
29,150,1.9175678491592407
29,151,1.8587672710418701
29,152,2.098132610321045
29,153,1.967984914779663
29,154,1.7988582849502563
29,155,2.044682264328003
29,156,1.8216307163238525
29,157,2.065767288208008
29,158,2.074519634246826
29,159,1.8034467697143555
29,160,1.7983812093734741
29,161,1.8463889360427856
29,162,1.5499494075775146
29,163,2.342254638671875
29,164,1.6558070182800293
29,165,2.155139923095703
29,166,2.1031510829925537
29,167,2.0801615715026855
29,168,1.822434902191162
29,169,2.368727922439575
29,170,1.5295075178146362
29,171,2.0276730060577393
29,172,1.483885645866394
29,173,2.2512855529785156
29,174,2.12876558303833
29,175,1.7362816333770752
29,176,1.6326066255569458
29,177,1.919449806213379
29,178,2.1212615966796875
29,179,2.2771835327148438
29,180,1.862450122833252
29,181,1.60550856590271
29,182,1.6969165802001953
29,183,2.041316032409668
29,184,1.4526197910308838
29,185,2.1520864963531494
29,186,1.4953954219818115
29,187,1.885869026184082
29,188,1.9443835020065308
29,189,1.9747276306152344
29,190,1.531587839126587
29,191,1.8849048614501953
29,192,1.965416431427002
29,193,1.7778756618499756
29,194,2.77232027053833
29,195,1.834244728088379
29,196,1.611673355102539
29,197,2.0209856033325195
29,198,1.92832612991333
29,199,1.7943004369735718
29,200,1.9135277271270752
29,201,1.6329509019851685
29,202,2.178924083709717
29,203,2.0770697593688965
29,204,1.6073486804962158
29,205,1.7266112565994263
29,206,2.0828824043273926
29,207,2.029623508453369
29,208,2.5103578567504883
29,209,1.871409296989441
29,210,1.9018069505691528
29,211,2.0032734870910645
29,212,1.562004804611206
29,213,1.797541856765747
29,214,1.6557589769363403
29,215,1.9329975843429565
29,216,1.7240175008773804
29,217,1.7102854251861572
29,218,1.5128296613693237
29,219,1.9244599342346191
29,220,1.9978437423706055
29,221,1.6480330228805542
29,222,1.753648042678833
29,223,1.8016886711120605
29,224,2.012317180633545
29,225,1.9088771343231201
29,226,1.5618994235992432
29,227,1.8831794261932373
29,228,1.6860427856445312
29,229,1.8546862602233887
29,230,2.0386860370635986
29,231,2.069843053817749
29,232,1.5848283767700195
29,233,1.611992597579956
29,234,1.4617223739624023
29,235,1.7089505195617676
29,236,1.5168287754058838
29,237,1.53777277469635
29,238,1.7776825428009033
29,239,2.006498336791992
29,240,1.862854242324829
29,241,1.7926396131515503
29,242,2.217388153076172
29,243,1.7983680963516235
29,244,1.8331024646759033
29,245,1.7548086643218994
29,246,2.0118966102600098
29,247,2.2536401748657227
29,248,2.4484097957611084
29,249,1.7196884155273438
29,250,2.0473392009735107
29,251,1.6296063661575317
29,252,1.968042016029358
29,253,2.504424571990967
29,254,1.6593940258026123
29,255,1.5363805294036865
29,256,1.6114473342895508
29,257,2.482916831970215
29,258,1.674239993095398
29,259,1.9691270589828491
29,260,2.013239860534668
29,261,1.4232158660888672
29,262,1.9078422784805298
29,263,1.8774574995040894
29,264,1.8149776458740234
29,265,2.154451370239258
29,266,1.703794240951538
29,267,2.3141865730285645
29,268,1.3043744564056396
29,269,2.072359085083008
29,270,1.5538254976272583
29,271,1.8671547174453735
29,272,1.4585134983062744
29,273,1.8779951333999634
29,274,2.16727876663208
29,275,1.6322789192199707
29,276,2.1829450130462646
29,277,1.9246573448181152
29,278,1.9500300884246826
29,279,1.6185964345932007
29,280,1.9146610498428345
29,281,1.5161209106445312
29,282,1.5413285493850708
29,283,1.8308805227279663
29,284,1.642844796180725
29,285,1.6574628353118896
29,286,1.664377212524414
29,287,1.506296157836914
29,288,2.0132198333740234
29,289,1.8293089866638184
29,290,1.79124116897583
29,291,1.5353772640228271
29,292,1.802412986755371
29,293,2.092054843902588
29,294,2.0793826580047607
29,295,2.046163558959961
29,296,1.9444892406463623
29,297,1.5248510837554932
29,298,1.6922574043273926
29,299,2.031839609146118
29,300,1.9776506423950195
29,301,1.7878865003585815
29,302,1.6807405948638916
29,303,2.134984254837036
29,304,1.4568841457366943
29,305,1.8490511178970337
29,306,1.516862154006958
29,307,1.73778235912323
29,308,1.9529261589050293
29,309,2.0540549755096436
29,310,2.1769747734069824
29,311,1.8000569343566895
29,312,1.7287521362304688
29,313,1.7976510524749756
29,314,2.4717612266540527
29,315,1.54339599609375
29,316,1.91898512840271
29,317,1.4710230827331543
29,318,1.8248255252838135
29,319,2.304764986038208
29,320,1.986436367034912
29,321,1.630688190460205
29,322,2.156442642211914
29,323,1.6587824821472168
29,324,2.024040699005127
29,325,1.7844529151916504
29,326,1.778439998626709
29,327,1.9906460046768188
29,328,1.8119795322418213
29,329,1.7392809391021729
29,330,2.2624378204345703
29,331,2.032092332839966
29,332,2.5624959468841553
29,333,1.7626094818115234
29,334,1.8648520708084106
29,335,1.7185325622558594
29,336,1.6344563961029053
29,337,1.845496416091919
29,338,1.9444234371185303
29,339,1.8230302333831787
29,340,1.9248874187469482
29,341,1.8265970945358276
29,342,1.9047772884368896
29,343,1.86321222782135
29,344,1.2969862222671509
29,345,1.8485851287841797
29,346,1.566400408744812
29,347,1.5502207279205322
29,348,1.7730226516723633
29,349,1.9962880611419678
29,350,2.328457832336426
29,351,1.7811737060546875
29,352,1.5382874011993408
29,353,1.7678532600402832
29,354,1.8810718059539795
29,355,1.5274364948272705
29,356,1.9001433849334717
29,357,1.9346096515655518
29,358,1.8549778461456299
29,359,1.925658941268921
29,360,1.6371525526046753
29,361,1.781689167022705
29,362,1.65674889087677
29,363,2.4745893478393555
29,364,2.1807992458343506
29,365,2.1317837238311768
29,366,1.3967814445495605
29,367,2.069700241088867
29,368,2.363257884979248
29,369,1.7881536483764648
29,370,1.798622727394104
29,371,2.2514610290527344
29,372,2.39516019821167
29,373,1.7443654537200928
29,374,1.5506517887115479
29,375,1.7636141777038574
29,376,2.067758083343506
29,377,1.6314244270324707
29,378,1.6861035823822021
29,379,2.2203426361083984
29,380,1.8176829814910889
29,381,2.0266494750976562
29,382,2.306241035461426
29,383,1.7333168983459473
29,384,1.78281831741333
29,385,2.030791997909546
29,386,1.8968020677566528
29,387,1.6594069004058838
29,388,1.7950010299682617
29,389,2.072267532348633
29,390,1.4676440954208374
29,391,1.6784297227859497
29,392,1.5578035116195679
29,393,1.5994372367858887
29,394,1.9730536937713623
29,395,1.5436018705368042
29,396,1.999158501625061
29,397,1.5942597389221191
29,398,1.640899658203125
29,399,1.6413788795471191
29,400,1.9736058712005615
29,401,2.0218048095703125
29,402,2.437361478805542
29,403,2.0753767490386963
29,404,1.971864104270935
29,405,2.155930757522583
29,406,2.0789942741394043
29,407,1.5884135961532593
29,408,1.731593370437622
29,409,2.038510799407959
29,410,1.8446402549743652
29,411,1.9696441888809204
29,412,2.1166839599609375
29,413,1.7608282566070557
29,414,1.7641608715057373
29,415,1.6160922050476074
29,416,1.6891403198242188
29,417,2.16064190864563
29,418,1.7319674491882324
29,419,1.7010799646377563
29,420,2.0916292667388916
29,421,1.70184326171875
29,422,1.9458835124969482
29,423,1.9697754383087158
29,424,1.5318182706832886
29,425,2.118577718734741
29,426,1.6758885383605957
29,427,1.9701906442642212
29,428,2.740184783935547
29,429,1.5317126512527466
29,430,2.1069445610046387
29,431,1.6907322406768799
29,432,2.1411514282226562
29,433,1.9909123182296753
29,434,2.002058982849121
29,435,2.273334503173828
29,436,1.895311713218689
29,437,1.8768515586853027
29,438,1.7378478050231934
29,439,1.9681066274642944
29,440,1.62032151222229
29,441,1.4454748630523682
29,442,1.601395845413208
29,443,1.825827717781067
29,444,1.9122257232666016
29,445,2.266434669494629
29,446,1.9932620525360107
29,447,2.2947192192077637
29,448,1.8655955791473389
29,449,1.8874306678771973
29,450,1.492895483970642
29,451,1.6061913967132568
29,452,1.8945581912994385
29,453,2.0042724609375
29,454,1.632503628730774
29,455,1.932836890220642
29,456,1.9680768251419067
29,457,1.682854413986206
29,458,1.6844980716705322
29,459,1.8506920337677002
29,460,1.717795491218567
29,461,2.2730956077575684
29,462,2.1336498260498047
29,463,1.9546172618865967
29,464,2.494384527206421
29,465,2.2521657943725586
29,466,1.8039857149124146
29,467,1.7068846225738525
29,468,1.7485589981079102
29,469,2.102293014526367
29,470,2.0511269569396973
29,471,1.7039320468902588
29,472,1.7409522533416748
29,473,1.6164097785949707
29,474,2.1061339378356934
29,475,1.9111297130584717
29,476,1.7884689569473267
29,477,1.8906817436218262
29,478,1.9383119344711304
29,479,1.9028788805007935
29,480,1.8551814556121826
29,481,1.6898601055145264
29,482,1.5153703689575195
29,483,1.9158599376678467
29,484,2.2359366416931152
29,485,1.8008880615234375
29,486,1.697606086730957
29,487,2.3204898834228516
29,488,1.7364141941070557
29,489,2.5418567657470703
29,490,1.982953667640686
29,491,1.6095898151397705
29,492,2.1428511142730713
29,493,1.85343337059021
29,494,1.5139259099960327
29,495,2.0801079273223877
29,496,1.474344253540039
29,497,1.5639623403549194
29,498,1.8499302864074707
30,0,1.7103307247161865
30,1,1.4793834686279297
30,2,1.996088981628418
30,3,2.2898483276367188
30,4,1.751920223236084
30,5,1.4450998306274414
30,6,1.5684971809387207
30,7,1.7518596649169922
30,8,1.8240256309509277
30,9,1.870492696762085
30,10,1.8433537483215332
30,11,1.4478750228881836
30,12,2.5100715160369873
30,13,2.040802478790283
30,14,1.6683050394058228
30,15,1.9885334968566895
30,16,1.8231408596038818
30,17,2.1132755279541016
30,18,1.8206162452697754
30,19,1.7585959434509277
30,20,1.4471509456634521
30,21,1.5437248945236206
30,22,2.081733226776123
30,23,1.6961807012557983
30,24,1.3317736387252808
30,25,1.9063899517059326
30,26,1.6568105220794678
30,27,1.7308636903762817
30,28,1.974467396736145
30,29,1.5360885858535767
30,30,2.282400131225586
30,31,2.0122902393341064
30,32,2.0261645317077637
30,33,1.8394365310668945
30,34,1.7005985975265503
30,35,1.7569026947021484
30,36,1.8382165431976318
30,37,2.0543549060821533
30,38,2.25492525100708
30,39,2.0801687240600586
30,40,1.8021574020385742
30,41,2.3010220527648926
30,42,2.107032299041748
30,43,1.532853603363037
30,44,1.8291354179382324
30,45,1.3535542488098145
30,46,1.860238790512085
30,47,1.956129789352417
30,48,2.037741184234619
30,49,1.5335514545440674
30,50,2.0321404933929443
30,51,1.8235870599746704
30,52,1.9742867946624756
30,53,1.5829936265945435
30,54,1.85843026638031
30,55,2.205435037612915
30,56,1.3938857316970825
30,57,2.4453487396240234
30,58,1.5719486474990845
30,59,1.6165111064910889
30,60,1.8969109058380127
30,61,1.8969981670379639
30,62,2.0952019691467285
30,63,1.8680002689361572
30,64,1.8346936702728271
30,65,1.857933759689331
30,66,1.8593714237213135
30,67,2.1251866817474365
30,68,2.0889930725097656
30,69,1.3694260120391846
30,70,1.766335129737854
30,71,2.0461509227752686
30,72,1.838399052619934
30,73,2.1006343364715576
30,74,1.9555256366729736
30,75,1.8169164657592773
30,76,2.0743508338928223
30,77,1.9482052326202393
30,78,1.8686373233795166
30,79,2.2880711555480957
30,80,1.6699179410934448
30,81,1.6324772834777832
30,82,1.6682722568511963
30,83,2.2322804927825928
30,84,1.5186357498168945
30,85,2.2154417037963867
30,86,1.7640037536621094
30,87,1.9400269985198975
30,88,1.5506294965744019
30,89,1.6313915252685547
30,90,1.773727297782898
30,91,1.5207366943359375
30,92,1.78781259059906
30,93,1.7913670539855957
30,94,1.7764389514923096
30,95,2.1740918159484863
30,96,1.9392930269241333
30,97,1.9334709644317627
30,98,2.3156237602233887
30,99,2.2314577102661133
30,100,1.8319357633590698
30,101,1.9137393236160278
30,102,1.8217756748199463
30,103,1.8007991313934326
30,104,2.660029411315918
30,105,2.3148770332336426
30,106,1.634183645248413
30,107,2.165224313735962
30,108,1.8079965114593506
30,109,2.0660111904144287
30,110,1.8361097574234009
30,111,1.6433910131454468
30,112,1.628920316696167
30,113,1.9749850034713745
30,114,1.6563806533813477
30,115,1.7106482982635498
30,116,1.4313406944274902
30,117,1.6007778644561768
30,118,1.992253065109253
30,119,1.610501766204834
30,120,2.5920000076293945
30,121,1.8628106117248535
30,122,2.5428783893585205
30,123,1.7486478090286255
30,124,2.153866767883301
30,125,1.8900015354156494
30,126,1.7406296730041504
30,127,1.5927982330322266
30,128,2.2245421409606934
30,129,1.9430962800979614
30,130,1.7445881366729736
30,131,2.4133284091949463
30,132,1.6041810512542725
30,133,2.013575553894043
30,134,1.8511146306991577
30,135,1.974933385848999
30,136,2.0455684661865234
30,137,2.2575533390045166
30,138,1.8008583784103394
30,139,1.7100054025650024
30,140,2.0724844932556152
30,141,1.5153486728668213
30,142,1.2969448566436768
30,143,1.4604508876800537
30,144,1.8509355783462524
30,145,2.0580406188964844
30,146,1.5845959186553955
30,147,2.090996503829956
30,148,1.6734023094177246
30,149,1.834717035293579
30,150,1.6563851833343506
30,151,1.7440986633300781
30,152,1.585113525390625
30,153,1.9541089534759521
30,154,1.6082775592803955
30,155,2.1223506927490234
30,156,1.6296885013580322
30,157,2.224565029144287
30,158,1.7599866390228271
30,159,1.8809919357299805
30,160,2.31840181350708
30,161,1.9938158988952637
30,162,1.9840692281723022
30,163,1.8599252700805664
30,164,1.5419704914093018
30,165,1.711380958557129
30,166,2.052523374557495
30,167,1.6183345317840576
30,168,2.0012893676757812
30,169,1.5751025676727295
30,170,2.317063570022583
30,171,1.790142297744751
30,172,1.7089860439300537
30,173,1.6638071537017822
30,174,1.8676533699035645
30,175,2.4161524772644043
30,176,1.7471842765808105
30,177,1.7903072834014893
30,178,2.1862223148345947
30,179,1.7990083694458008
30,180,2.198338508605957
30,181,1.9480602741241455
30,182,2.0108933448791504
30,183,2.5861003398895264
30,184,1.9044889211654663
30,185,2.4243805408477783
30,186,1.576946496963501
30,187,1.6733784675598145
30,188,1.7756372690200806
30,189,1.947354793548584
30,190,2.204911231994629
30,191,1.895369529724121
30,192,2.039717197418213
30,193,1.4848577976226807
30,194,2.0991146564483643
30,195,1.6103100776672363
30,196,1.9578027725219727
30,197,1.8301750421524048
30,198,1.802699089050293
30,199,1.718185544013977
30,200,1.8357512950897217
30,201,1.9751745462417603
30,202,1.8621370792388916
30,203,1.773881196975708
30,204,2.119121551513672
30,205,2.0026180744171143
30,206,1.9417321681976318
30,207,1.6177048683166504
30,208,1.4938833713531494
30,209,1.7164486646652222
30,210,2.5212440490722656
30,211,1.8086378574371338
30,212,1.5175501108169556
30,213,1.518862009048462
30,214,1.9084266424179077
30,215,1.8374114036560059
30,216,1.611057996749878
30,217,1.574983835220337
30,218,2.107816696166992
30,219,1.7948684692382812
30,220,2.0528693199157715
30,221,2.144249439239502
30,222,1.861933708190918
30,223,1.5653774738311768
30,224,1.637018084526062
30,225,1.9649908542633057
30,226,1.776206612586975
30,227,1.8374691009521484
30,228,1.7488160133361816
30,229,2.11673641204834
30,230,2.295963764190674
30,231,1.7039278745651245
30,232,1.9066911935806274
30,233,1.8902943134307861
30,234,1.8115711212158203
30,235,2.0107243061065674
30,236,2.174652099609375
30,237,2.1621696949005127
30,238,1.8317091464996338
30,239,2.143709182739258
30,240,1.701094627380371
30,241,1.74471116065979
30,242,1.8701512813568115
30,243,1.7366077899932861
30,244,1.4610621929168701
30,245,2.0815279483795166
30,246,1.5571041107177734
30,247,2.160475730895996
30,248,1.6814625263214111
30,249,2.0002074241638184
30,250,1.7782821655273438
30,251,1.9004874229431152
30,252,2.173434019088745
30,253,1.8217535018920898
30,254,1.8367669582366943
30,255,1.9585402011871338
30,256,1.824998378753662
30,257,1.7910780906677246
30,258,1.5043306350708008
30,259,2.0412302017211914
30,260,2.1403326988220215
30,261,2.369626998901367
30,262,1.7329208850860596
30,263,1.828454613685608
30,264,1.2941902875900269
30,265,1.8711087703704834
30,266,1.6880619525909424
30,267,1.6137968301773071
30,268,1.8264267444610596
30,269,1.6971617937088013
30,270,1.8520259857177734
30,271,1.2784833908081055
30,272,1.4273033142089844
30,273,1.80410635471344
30,274,1.4620834589004517
30,275,1.9184975624084473
30,276,1.3298757076263428
30,277,1.8522045612335205
30,278,1.4732372760772705
30,279,1.676373839378357
30,280,2.0785300731658936
30,281,1.5640696287155151
30,282,2.1182193756103516
30,283,1.8848624229431152
30,284,2.357422351837158
30,285,1.5977320671081543
30,286,1.7049089670181274
30,287,1.4616100788116455
30,288,2.146627187728882
30,289,1.7358734607696533
30,290,1.5229891538619995
30,291,1.909867286682129
30,292,1.8890295028686523
30,293,1.9522120952606201
30,294,1.6559667587280273
30,295,2.28256893157959
30,296,1.8463232517242432
30,297,2.2811801433563232
30,298,2.329230785369873
30,299,2.460435390472412
30,300,2.035580635070801
30,301,2.73007869720459
30,302,2.5425362586975098
30,303,1.9529633522033691
30,304,1.7703237533569336
30,305,2.1296136379241943
30,306,1.6960484981536865
30,307,1.8717975616455078
30,308,1.8604837656021118
30,309,1.7715920209884644
30,310,1.8878509998321533
30,311,1.875415325164795
30,312,1.8282413482666016
30,313,2.1987483501434326
30,314,1.8041692972183228
30,315,1.5368930101394653
30,316,1.7553811073303223
30,317,2.514718532562256
30,318,1.6583054065704346
30,319,1.8383104801177979
30,320,1.4616303443908691
30,321,1.6493946313858032
30,322,2.0622541904449463
30,323,2.0754594802856445
30,324,1.422773838043213
30,325,2.1534242630004883
30,326,1.7799855470657349
30,327,2.095334529876709
30,328,1.7367476224899292
30,329,1.721982479095459
30,330,2.3450262546539307
30,331,1.869626760482788
30,332,1.7842381000518799
30,333,1.9906909465789795
30,334,1.9948526620864868
30,335,2.1620140075683594
30,336,2.4880900382995605
30,337,2.2290263175964355
30,338,2.0229103565216064
30,339,1.3556675910949707
30,340,1.6235734224319458
30,341,1.5061256885528564
30,342,1.7607107162475586
30,343,1.5930237770080566
30,344,1.895738959312439
30,345,1.8056585788726807
30,346,1.5975236892700195
30,347,1.656925916671753
30,348,1.954871416091919
30,349,2.108694553375244
30,350,1.8537299633026123
30,351,2.341540575027466
30,352,1.9427095651626587
30,353,1.9689569473266602
30,354,1.7998807430267334
30,355,1.732468605041504
30,356,2.3716542720794678
30,357,2.1223764419555664
30,358,1.9668235778808594
30,359,2.2087559700012207
30,360,1.699310064315796
30,361,2.1186299324035645
30,362,1.9403223991394043
30,363,1.8043007850646973
30,364,1.6180694103240967
30,365,1.800809383392334
30,366,1.9448471069335938
30,367,1.9916878938674927
30,368,1.9176228046417236
30,369,1.8844959735870361
30,370,1.9277819395065308
30,371,1.5169503688812256
30,372,2.1040360927581787
30,373,2.5126781463623047
30,374,2.3082337379455566
30,375,2.583864450454712
30,376,2.2031426429748535
30,377,1.9348626136779785
30,378,1.4651771783828735
30,379,2.23773193359375
30,380,2.1897525787353516
30,381,2.640611171722412
30,382,1.7686560153961182
30,383,1.8271205425262451
30,384,1.710677146911621
30,385,2.455623149871826
30,386,1.9092764854431152
30,387,1.6265501976013184
30,388,1.9727903604507446
30,389,1.979997158050537
30,390,1.750016450881958
30,391,1.8855290412902832
30,392,1.7492146492004395
30,393,1.830631971359253
30,394,2.1022777557373047
30,395,1.4925954341888428
30,396,2.193577289581299
30,397,1.8460745811462402
30,398,1.8456780910491943
30,399,1.8711800575256348
30,400,1.677068829536438
30,401,1.8646135330200195
30,402,1.8202095031738281
30,403,1.787925362586975
30,404,1.5313961505889893
30,405,2.334179401397705
30,406,1.5570200681686401
30,407,2.11806321144104
30,408,2.8320045471191406
30,409,2.1991095542907715
30,410,2.024113655090332
30,411,1.6849256753921509
30,412,3.011181116104126
30,413,1.6901628971099854
30,414,2.3269131183624268
30,415,1.5915467739105225
30,416,1.672652244567871
30,417,1.9753869771957397
30,418,1.7817296981811523
30,419,1.5016493797302246
30,420,2.0109453201293945
30,421,2.3928518295288086
30,422,1.9776296615600586
30,423,1.8909785747528076
30,424,2.03692626953125
30,425,1.7689532041549683
30,426,2.2223663330078125
30,427,1.8062101602554321
30,428,2.0082993507385254
30,429,1.997917890548706
30,430,1.9935513734817505
30,431,1.9485584497451782
30,432,1.9893699884414673
30,433,1.771191120147705
30,434,1.7011942863464355
30,435,1.734721064567566
30,436,1.9773683547973633
30,437,2.18281626701355
30,438,2.018890142440796
30,439,1.6913137435913086
30,440,1.7541719675064087
30,441,2.198732852935791
30,442,2.0771408081054688
30,443,2.1213343143463135
30,444,2.5777792930603027
30,445,2.3075976371765137
30,446,2.0678977966308594
30,447,2.521959066390991
30,448,1.7649116516113281
30,449,1.713233470916748
30,450,1.6422996520996094
30,451,1.5870983600616455
30,452,1.714292049407959
30,453,1.89714777469635
30,454,1.7928271293640137
30,455,1.5376548767089844
30,456,1.8065853118896484
30,457,1.9780070781707764
30,458,2.154477596282959
30,459,1.68546462059021
30,460,1.870332956314087
30,461,1.8737869262695312
30,462,1.7730016708374023
30,463,1.7502186298370361
30,464,1.659756064414978
30,465,1.713667631149292
30,466,1.8682708740234375
30,467,1.5752328634262085
30,468,2.149740695953369
30,469,1.6969184875488281
30,470,2.1368460655212402
30,471,1.7970356941223145
30,472,1.6149301528930664
30,473,1.5023717880249023
30,474,1.7461411952972412
30,475,1.9789730310440063
30,476,1.8659418821334839
30,477,1.9371216297149658
30,478,1.7197580337524414
30,479,1.4794139862060547
30,480,1.5456211566925049
30,481,2.0444750785827637
30,482,1.9675960540771484
30,483,1.8695940971374512
30,484,1.97588312625885
30,485,1.9981048107147217
30,486,1.7572953701019287
30,487,2.233121395111084
30,488,1.8219935894012451
30,489,2.377312660217285
30,490,1.7483506202697754
30,491,2.318081855773926
30,492,1.628953456878662
30,493,1.780887484550476
30,494,1.6127904653549194
30,495,1.9004048109054565
30,496,1.9494960308074951
30,497,1.6187396049499512
30,498,2.628284215927124
31,0,2.0912318229675293
31,1,1.638787031173706
31,2,2.1151185035705566
31,3,2.2391481399536133
31,4,2.8117942810058594
31,5,1.8520022630691528
31,6,1.7502861022949219
31,7,1.8686192035675049
31,8,1.3585785627365112
31,9,2.042494297027588
31,10,1.8277132511138916
31,11,1.7820392847061157
31,12,2.010063648223877
31,13,2.4997494220733643
31,14,1.5607171058654785
31,15,1.9298985004425049
31,16,1.8916196823120117
31,17,2.2736568450927734
31,18,1.8640754222869873
31,19,1.4442133903503418
31,20,1.7613719701766968
31,21,1.646510362625122
31,22,1.9281975030899048
31,23,2.1517224311828613
31,24,2.282881021499634
31,25,1.8969669342041016
31,26,1.8908166885375977
31,27,1.8561511039733887
31,28,1.5068775415420532
31,29,1.6407986879348755
31,30,2.5963058471679688
31,31,1.7263336181640625
31,32,2.1923487186431885
31,33,1.7551417350769043
31,34,1.8199257850646973
31,35,1.5481950044631958
31,36,1.5958147048950195
31,37,2.0292954444885254
31,38,1.5648809671401978
31,39,1.9693459272384644
31,40,1.9503628015518188
31,41,1.8865662813186646
31,42,1.6874191761016846
31,43,1.540163516998291
31,44,1.794267177581787
31,45,1.8039798736572266
31,46,1.7726255655288696
31,47,1.9813954830169678
31,48,1.807978630065918
31,49,2.2150814533233643
31,50,1.7392921447753906
31,51,2.0723330974578857
31,52,1.791983962059021
31,53,1.948091745376587
31,54,2.6587467193603516
31,55,2.0429928302764893
31,56,2.016885280609131
31,57,1.8998870849609375
31,58,2.08077073097229
31,59,1.5113188028335571
31,60,2.0702059268951416
31,61,2.0626606941223145
31,62,2.149106025695801
31,63,2.4652607440948486
31,64,1.6320884227752686
31,65,1.6199243068695068
31,66,1.8432148694992065
31,67,2.038468599319458
31,68,1.7764170169830322
31,69,1.6793886423110962
31,70,2.0310451984405518
31,71,1.7675131559371948
31,72,1.4740135669708252
31,73,1.7253289222717285
31,74,1.8169832229614258
31,75,2.0952792167663574
31,76,1.801440715789795
31,77,2.158609628677368
31,78,2.029878616333008
31,79,1.6872146129608154
31,80,1.8205580711364746
31,81,2.474626064300537
31,82,1.8911430835723877
31,83,1.9622719287872314
31,84,2.7265377044677734
31,85,1.7302939891815186
31,86,1.774648904800415
31,87,1.6012895107269287
31,88,2.023556709289551
31,89,1.6439085006713867
31,90,1.5288119316101074
31,91,1.3052582740783691
31,92,1.9079625606536865
31,93,1.616123914718628
31,94,1.8225520849227905
31,95,1.5021578073501587
31,96,1.6119897365570068
31,97,2.0020391941070557
31,98,2.0097978115081787
31,99,1.8998839855194092
31,100,1.5855627059936523
31,101,1.7122563123703003
31,102,1.674730896949768
31,103,1.4398798942565918
31,104,2.141977071762085
31,105,2.147944211959839
31,106,2.3123655319213867
31,107,1.7743024826049805
31,108,1.8595874309539795
31,109,2.0333266258239746
31,110,1.7927875518798828
31,111,2.061112880706787
31,112,1.8213393688201904
31,113,1.8163928985595703
31,114,1.4984080791473389
31,115,1.5943232774734497
31,116,1.9919112920761108
31,117,1.4820804595947266
31,118,1.6728098392486572
31,119,1.7054414749145508
31,120,1.6952120065689087
31,121,2.1867427825927734
31,122,2.321774959564209
31,123,1.8315832614898682
31,124,1.793692946434021
31,125,1.606584072113037
31,126,1.8889200687408447
31,127,1.7556473016738892
31,128,1.7367668151855469
31,129,1.8243234157562256
31,130,1.7667216062545776
31,131,1.7804040908813477
31,132,1.3255747556686401
31,133,1.1890666484832764
31,134,1.4946026802062988
31,135,1.5122495889663696
31,136,1.8857994079589844
31,137,1.9936717748641968
31,138,2.284571886062622
31,139,2.0481514930725098
31,140,1.752355933189392
31,141,2.142258644104004
31,142,2.05794095993042
31,143,1.7747749090194702
31,144,1.5109014511108398
31,145,1.8996078968048096
31,146,1.5443034172058105
31,147,2.001864194869995
31,148,1.8300646543502808
31,149,1.6412063837051392
31,150,1.8183486461639404
31,151,1.8899989128112793
31,152,2.036159038543701
31,153,1.9911190271377563
31,154,1.5148160457611084
31,155,1.6026225090026855
31,156,1.5635162591934204
31,157,2.0439488887786865
31,158,1.781437873840332
31,159,2.316178798675537
31,160,2.0762476921081543
31,161,1.736016869544983
31,162,1.7096748352050781
31,163,1.6300612688064575
31,164,1.8413453102111816
31,165,2.450484275817871
31,166,2.130000114440918
31,167,1.859708309173584
31,168,1.696199893951416
31,169,1.818158745765686
31,170,1.3815957307815552
31,171,2.075779914855957
31,172,1.7971233129501343
31,173,1.626084566116333
31,174,2.1702065467834473
31,175,1.6702675819396973
31,176,1.595045804977417
31,177,2.012364387512207
31,178,2.096195936203003
31,179,2.7651877403259277
31,180,1.9334640502929688
31,181,2.175361156463623
31,182,1.8457324504852295
31,183,1.8574178218841553
31,184,2.1290132999420166
31,185,1.54899263381958
31,186,1.6706165075302124
31,187,1.7594307661056519
31,188,1.8387985229492188
31,189,1.990410566329956
31,190,1.8551347255706787
31,191,1.8920576572418213
31,192,1.5899741649627686
31,193,2.4610767364501953
31,194,1.5348403453826904
31,195,1.6583446264266968
31,196,2.110626220703125
31,197,2.4650635719299316
31,198,2.2235498428344727
31,199,1.7300176620483398
31,200,1.5730547904968262
31,201,1.6793373823165894
31,202,1.8612267971038818
31,203,1.928529143333435
31,204,1.939288854598999
31,205,1.733211874961853
31,206,1.9070597887039185
31,207,2.5067992210388184
31,208,1.767573595046997
31,209,2.120037794113159
31,210,2.27058744430542
31,211,1.7600083351135254
31,212,2.047179698944092
31,213,2.117619514465332
31,214,1.4503633975982666
31,215,1.7539855241775513
31,216,1.709196925163269
31,217,1.7605869770050049
31,218,1.4118716716766357
31,219,1.6655330657958984
31,220,1.9052690267562866
31,221,1.9550211429595947
31,222,2.008701801300049
31,223,2.1960809230804443
31,224,1.5127208232879639
31,225,1.7141402959823608
31,226,1.5694719552993774
31,227,1.843590259552002
31,228,1.7415251731872559
31,229,1.7960373163223267
31,230,1.8150100708007812
31,231,1.82627534866333
31,232,1.6109466552734375
31,233,1.603306770324707
31,234,1.5040132999420166
31,235,1.8293856382369995
31,236,2.4643561840057373
31,237,2.2269644737243652
31,238,1.8538048267364502
31,239,1.6307663917541504
31,240,1.6853039264678955
31,241,1.880820870399475
31,242,1.8031177520751953
31,243,2.0120162963867188
31,244,1.6564778089523315
31,245,2.017502784729004
31,246,1.9132972955703735
31,247,1.652735710144043
31,248,1.6431554555892944
31,249,2.679230213165283
31,250,1.831705093383789
31,251,2.085150718688965
31,252,1.8523563146591187
31,253,2.007779598236084
31,254,1.744903326034546
31,255,1.9508427381515503
31,256,2.010899066925049
31,257,1.978487491607666
31,258,2.0922038555145264
31,259,2.2459936141967773
31,260,2.159303665161133
31,261,2.3119990825653076
31,262,2.191167116165161
31,263,1.8200111389160156
31,264,1.8102121353149414
31,265,1.6075994968414307
31,266,1.7549428939819336
31,267,1.765665054321289
31,268,1.690049409866333
31,269,1.734897494316101
31,270,1.7906076908111572
31,271,2.110762596130371
31,272,1.9129104614257812
31,273,2.3141677379608154
31,274,1.8567004203796387
31,275,2.1831202507019043
31,276,2.186211585998535
31,277,1.7000925540924072
31,278,1.6823267936706543
31,279,1.450015664100647
31,280,1.4696992635726929
31,281,1.6971545219421387
31,282,1.761487603187561
31,283,1.6084272861480713
31,284,1.639136552810669
31,285,2.554806709289551
31,286,2.7677876949310303
31,287,2.4079010486602783
31,288,1.8893766403198242
31,289,2.7224552631378174
31,290,1.942964792251587
31,291,1.7951653003692627
31,292,1.9106510877609253
31,293,1.6711041927337646
31,294,1.6353225708007812
31,295,1.8266260623931885
31,296,2.0004591941833496
31,297,1.92474365234375
31,298,1.4151785373687744
31,299,1.824979305267334
31,300,2.026716709136963
31,301,1.833638310432434
31,302,1.6211435794830322
31,303,1.828378438949585
31,304,1.7502706050872803
31,305,2.159707546234131
31,306,2.07503604888916
31,307,1.8045334815979004
31,308,1.8165265321731567
31,309,1.7866215705871582
31,310,1.4719645977020264
31,311,1.7743074893951416
31,312,1.8577532768249512
31,313,1.750272512435913
31,314,2.070194721221924
31,315,1.4858392477035522
31,316,1.647477388381958
31,317,1.892176628112793
31,318,1.840437412261963
31,319,1.6712746620178223
31,320,1.7875120639801025
31,321,1.7560454607009888
31,322,1.7003103494644165
31,323,2.359959363937378
31,324,2.247812032699585
31,325,1.9113974571228027
31,326,1.7058953046798706
31,327,1.8048789501190186
31,328,1.9500056505203247
31,329,2.129631280899048
31,330,1.8292982578277588
31,331,1.5808953046798706
31,332,2.4593822956085205
31,333,1.739548683166504
31,334,1.6286636590957642
31,335,2.0228168964385986
31,336,2.3508543968200684
31,337,1.6927077770233154
31,338,1.4180546998977661
31,339,1.7129371166229248
31,340,1.9334772825241089
31,341,1.7574577331542969
31,342,1.7157223224639893
31,343,1.5275323390960693
31,344,1.520161747932434
31,345,1.6973193883895874
31,346,1.7610907554626465
31,347,2.119788885116577
31,348,2.147508144378662
31,349,1.9710794687271118
31,350,2.3650612831115723
31,351,1.720342755317688
31,352,1.8061447143554688
31,353,1.7563560009002686
31,354,1.9370458126068115
31,355,1.5063841342926025
31,356,1.998368740081787
31,357,1.9958181381225586
31,358,1.4108343124389648
31,359,1.5716378688812256
31,360,1.5940382480621338
31,361,2.255585193634033
31,362,1.648622989654541
31,363,2.411897897720337
31,364,1.5824801921844482
31,365,1.9945409297943115
31,366,2.258960485458374
31,367,2.177248239517212
31,368,1.8471968173980713
31,369,1.561484932899475
31,370,1.7786662578582764
31,371,2.2079997062683105
31,372,2.070164203643799
31,373,1.9449483156204224
31,374,1.954122543334961
31,375,2.208456516265869
31,376,2.184518337249756
31,377,1.8817594051361084
31,378,1.74959135055542
31,379,1.4592347145080566
31,380,1.8267923593521118
31,381,1.682594895362854
31,382,2.319754123687744
31,383,1.6025623083114624
31,384,1.8078254461288452
31,385,1.7407941818237305
31,386,1.9950560331344604
31,387,1.7708139419555664
31,388,1.4950156211853027
31,389,2.085659980773926
31,390,1.6397532224655151
31,391,1.8754408359527588
31,392,1.7487008571624756
31,393,2.035727024078369
31,394,1.8514041900634766
31,395,1.658078670501709
31,396,1.807199239730835
31,397,1.6471467018127441
31,398,1.982224702835083
31,399,2.23783016204834
31,400,1.5155329704284668
31,401,1.5252087116241455
31,402,1.3658180236816406
31,403,2.470884323120117
31,404,1.8121917247772217
31,405,1.7054827213287354
31,406,2.076772451400757
31,407,2.4821109771728516
31,408,1.8381685018539429
31,409,2.2045364379882812
31,410,1.3630964756011963
31,411,1.810234785079956
31,412,1.5240408182144165
31,413,1.4232499599456787
31,414,1.5711095333099365
31,415,2.0037765502929688
31,416,2.0300638675689697
31,417,2.242455005645752
31,418,2.277130126953125
31,419,1.8742069005966187
31,420,2.782674551010132
31,421,2.0752460956573486
31,422,2.234100818634033
31,423,2.2146267890930176
31,424,2.621108055114746
31,425,2.0680198669433594
31,426,1.8255126476287842
31,427,2.1661429405212402
31,428,2.0555081367492676
31,429,2.3605098724365234
31,430,1.8340778350830078
31,431,2.016890048980713
31,432,1.7603102922439575
31,433,2.0246047973632812
31,434,1.6403663158416748
31,435,1.815476655960083
31,436,2.188469886779785
31,437,1.7804601192474365
31,438,1.9077630043029785
31,439,1.4490046501159668
31,440,1.8754374980926514
31,441,1.604738712310791
31,442,1.9127572774887085
31,443,2.155146598815918
31,444,1.560971975326538
31,445,1.4684722423553467
31,446,1.8052997589111328
31,447,2.013599395751953
31,448,1.6004022359848022
31,449,1.754845142364502
31,450,1.69618821144104
31,451,1.8641808032989502
31,452,2.091400623321533
31,453,1.7988903522491455
31,454,2.0679898262023926
31,455,2.1403794288635254
31,456,2.169050931930542
31,457,1.8950313329696655
31,458,2.3328118324279785
31,459,1.8815181255340576
31,460,1.9333223104476929
31,461,2.450895309448242
31,462,1.7068639993667603
31,463,1.4060511589050293
31,464,1.708521842956543
31,465,2.0641515254974365
31,466,1.8279708623886108
31,467,2.0123345851898193
31,468,2.0913047790527344
31,469,2.1102843284606934
31,470,1.4647746086120605
31,471,2.3979434967041016
31,472,1.8009411096572876
31,473,1.833021879196167
31,474,1.9669196605682373
31,475,1.7851274013519287
31,476,1.6056218147277832
31,477,1.3223471641540527
31,478,1.8207542896270752
31,479,1.788499116897583
31,480,1.5675787925720215
31,481,1.4700418710708618
31,482,1.843233346939087
31,483,1.70326828956604
31,484,1.5963513851165771
31,485,2.5093886852264404
31,486,2.052398443222046
31,487,2.218973398208618
31,488,1.7270941734313965
31,489,1.6728956699371338
31,490,1.603952169418335
31,491,1.939746618270874
31,492,1.6586802005767822
31,493,1.7931312322616577
31,494,1.9444067478179932
31,495,1.4228127002716064
31,496,1.9530258178710938
31,497,1.9279340505599976
31,498,1.7763553857803345
32,0,1.575302004814148
32,1,1.6817600727081299
32,2,1.4671317338943481
32,3,2.287902593612671
32,4,1.5516464710235596
32,5,1.6629102230072021
32,6,1.819389820098877
32,7,1.9075806140899658
32,8,1.6594822406768799
32,9,1.6464474201202393
32,10,1.8939704895019531
32,11,1.6643035411834717
32,12,1.624715805053711
32,13,1.7186708450317383
32,14,1.8495533466339111
32,15,2.058732271194458
32,16,1.550123929977417
32,17,1.6882208585739136
32,18,1.5551139116287231
32,19,1.9042425155639648
32,20,1.4564436674118042
32,21,1.4415154457092285
32,22,2.4276962280273438
32,23,2.536229133605957
32,24,1.9129860401153564
32,25,1.8915212154388428
32,26,1.4473295211791992
32,27,1.5262579917907715
32,28,1.883805274963379
32,29,1.5754780769348145
32,30,1.4081122875213623
32,31,1.4975590705871582
32,32,1.5657002925872803
32,33,2.00079083442688
32,34,1.9601194858551025
32,35,1.5056462287902832
32,36,1.6572473049163818
32,37,1.8173954486846924
32,38,1.6146092414855957
32,39,1.542837381362915
32,40,1.7024227380752563
32,41,2.0981688499450684
32,42,1.7916457653045654
32,43,2.0774002075195312
32,44,1.4417988061904907
32,45,1.7714600563049316
32,46,2.2985191345214844
32,47,1.7578308582305908
32,48,2.2407021522521973
32,49,2.125044822692871
32,50,2.1140048503875732
32,51,2.2559685707092285
32,52,1.737829327583313
32,53,1.6523759365081787
32,54,1.5262889862060547
32,55,2.1198630332946777
32,56,1.8021626472473145
32,57,1.771332025527954
32,58,1.7027273178100586
32,59,2.23429012298584
32,60,1.637125849723816
32,61,1.9968868494033813
32,62,1.7098565101623535
32,63,1.7419136762619019
32,64,1.6605033874511719
32,65,2.2358384132385254
32,66,1.6417062282562256
32,67,1.605785608291626
32,68,1.9426922798156738
32,69,1.6212611198425293
32,70,2.0848236083984375
32,71,1.7747507095336914
32,72,1.7783149480819702
32,73,1.7193015813827515
32,74,1.8668065071105957
32,75,1.4195683002471924
32,76,1.5765711069107056
32,77,1.918212890625
32,78,2.028571367263794
32,79,2.6936118602752686
32,80,1.6983695030212402
32,81,1.7329553365707397
32,82,1.8184945583343506
32,83,2.145841121673584
32,84,1.7995549440383911
32,85,1.7294962406158447
32,86,1.941186547279358
32,87,1.5581384897232056
32,88,1.9715430736541748
32,89,2.4939262866973877
32,90,1.7048208713531494
32,91,2.2735025882720947
32,92,2.188253879547119
32,93,2.307553768157959
32,94,1.9827508926391602
32,95,1.7496919631958008
32,96,1.952505350112915
32,97,2.247945785522461
32,98,1.6537554264068604
32,99,1.72214674949646
32,100,1.7581486701965332
32,101,1.4366190433502197
32,102,2.2020299434661865
32,103,1.6483052968978882
32,104,2.0418477058410645
32,105,1.9684112071990967
32,106,1.7983711957931519
32,107,1.5353105068206787
32,108,2.4502530097961426
32,109,1.9339916706085205
32,110,2.0074257850646973
32,111,2.540858268737793
32,112,1.7414157390594482
32,113,1.3509572744369507
32,114,2.0744121074676514
32,115,2.054636001586914
32,116,1.8531887531280518
32,117,1.7344629764556885
32,118,1.7720967531204224
32,119,1.9736992120742798
32,120,1.5765323638916016
32,121,1.4611217975616455
32,122,1.7231895923614502
32,123,1.716252326965332
32,124,1.6424275636672974
32,125,1.6155240535736084
32,126,1.5214145183563232
32,127,2.0393714904785156
32,128,2.132744789123535
32,129,1.5580289363861084
32,130,1.762683629989624
32,131,2.0853147506713867
32,132,1.8004035949707031
32,133,1.766830563545227
32,134,1.8814966678619385
32,135,2.0780270099639893
32,136,2.338265895843506
32,137,1.7399687767028809
32,138,2.13623046875
32,139,2.18122935295105
32,140,1.4660677909851074
32,141,1.9924540519714355
32,142,1.6079823970794678
32,143,1.8898851871490479
32,144,1.8061580657958984
32,145,1.7968151569366455
32,146,1.8904542922973633
32,147,2.3502860069274902
32,148,1.7500848770141602
32,149,1.7154526710510254
32,150,1.878366470336914
32,151,1.873462200164795
32,152,1.7172973155975342
32,153,1.691705584526062
32,154,1.6921907663345337
32,155,1.824170470237732
32,156,2.10561466217041
32,157,1.7346620559692383
32,158,1.5421515703201294
32,159,1.820563793182373
32,160,1.8779301643371582
32,161,1.710381031036377
32,162,1.4180814027786255
32,163,1.7313580513000488
32,164,1.9609332084655762
32,165,1.7150927782058716
32,166,1.9093488454818726
32,167,1.4629271030426025
32,168,1.2274820804595947
32,169,1.57285475730896
32,170,1.4885945320129395
32,171,1.5877763032913208
32,172,1.8375380039215088
32,173,2.0578391551971436
32,174,1.5305262804031372
32,175,2.4034128189086914
32,176,1.660329818725586
32,177,1.910797119140625
32,178,1.9189014434814453
32,179,2.3438477516174316
32,180,1.9683163166046143
32,181,1.9749118089675903
32,182,1.9540140628814697
32,183,1.597870945930481
32,184,1.715605616569519
32,185,2.0609724521636963
32,186,1.792154312133789
32,187,1.7405321598052979
32,188,1.808016300201416
32,189,2.0804264545440674
32,190,2.260895252227783
32,191,1.8474195003509521
32,192,1.8815526962280273
32,193,1.7154371738433838
32,194,1.7483880519866943
32,195,2.1524226665496826
32,196,1.6776280403137207
32,197,1.7576984167099
32,198,1.8829233646392822
32,199,1.6578094959259033
32,200,1.918851375579834
32,201,1.3770673274993896
32,202,2.136554002761841
32,203,1.590200424194336
32,204,1.82932710647583
32,205,2.021303176879883
32,206,1.4034574031829834
32,207,2.00830340385437
32,208,1.9047307968139648
32,209,1.5080013275146484
32,210,1.7965891361236572
32,211,1.8277459144592285
32,212,2.031944751739502
32,213,1.9831382036209106
32,214,1.957230567932129
32,215,2.10089111328125
32,216,1.531519889831543
32,217,2.0677709579467773
32,218,1.9459834098815918
32,219,1.6724509000778198
32,220,1.758963704109192
32,221,1.6293753385543823
32,222,2.008711576461792
32,223,1.4664900302886963
32,224,1.7436254024505615
32,225,1.8319621086120605
32,226,1.7238740921020508
32,227,1.5968973636627197
32,228,2.078148603439331
32,229,1.7833760976791382
32,230,1.8829020261764526
32,231,2.2715234756469727
32,232,2.4917376041412354
32,233,1.8453834056854248
32,234,1.7761664390563965
32,235,1.8896898031234741
32,236,1.4200482368469238
32,237,1.9225080013275146
32,238,1.8862415552139282
32,239,1.5970067977905273
32,240,1.7380387783050537
32,241,1.3809010982513428
32,242,1.9276082515716553
32,243,1.8955968618392944
32,244,1.9726409912109375
32,245,1.9993031024932861
32,246,1.6760685443878174
32,247,1.8324030637741089
32,248,2.055879592895508
32,249,1.3260606527328491
32,250,2.1142797470092773
32,251,1.580795407295227
32,252,1.6303308010101318
32,253,1.778000831604004
32,254,1.375486969947815
32,255,1.8351192474365234
32,256,2.170827865600586
32,257,1.970923662185669
32,258,1.691624641418457
32,259,1.834024429321289
32,260,2.096895933151245
32,261,2.5106844902038574
32,262,2.060997724533081
32,263,2.237788677215576
32,264,2.176330327987671
32,265,2.4190239906311035
32,266,1.6431884765625
32,267,1.6999409198760986
32,268,2.113168954849243
32,269,2.0238149166107178
32,270,1.808904767036438
32,271,2.146014928817749
32,272,2.331362724304199
32,273,2.0641486644744873
32,274,1.890397548675537
32,275,2.0443367958068848
32,276,2.4942119121551514
32,277,1.9862353801727295
32,278,1.7133502960205078
32,279,1.7028722763061523
32,280,1.5883270502090454
32,281,1.9031946659088135
32,282,1.809915542602539
32,283,1.9198379516601562
32,284,1.8045017719268799
32,285,1.988126516342163
32,286,2.001986503601074
32,287,1.9266685247421265
32,288,1.694765329360962
32,289,1.947740912437439
32,290,1.5481975078582764
32,291,2.330160617828369
32,292,1.8870608806610107
32,293,1.6363621950149536
32,294,1.3250715732574463
32,295,1.6493772268295288
32,296,1.402289628982544
32,297,1.6259028911590576
32,298,1.6373813152313232
32,299,1.6318809986114502
32,300,2.3787786960601807
32,301,1.665717601776123
32,302,1.8037784099578857
32,303,1.4267315864562988
32,304,1.6949386596679688
32,305,1.7593040466308594
32,306,1.9815586805343628
32,307,1.9980406761169434
32,308,1.732054352760315
32,309,2.2960500717163086
32,310,1.659914493560791
32,311,1.5502135753631592
32,312,1.5883963108062744
32,313,1.9162930250167847
32,314,1.7644821405410767
32,315,2.385878562927246
32,316,1.7298380136489868
32,317,1.5287106037139893
32,318,2.066183567047119
32,319,1.6009706258773804
32,320,1.9123644828796387
32,321,1.9119443893432617
32,322,1.6176166534423828
32,323,2.0636210441589355
32,324,1.5350542068481445
32,325,2.967844009399414
32,326,1.9772690534591675
32,327,2.0034499168395996
32,328,1.6677377223968506
32,329,1.691813349723816
32,330,1.7067655324935913
32,331,1.8936371803283691
32,332,1.5582404136657715
32,333,1.7505171298980713
32,334,2.0339152812957764
32,335,1.5867092609405518
32,336,2.0119662284851074
32,337,1.8092340230941772
32,338,1.7751795053482056
32,339,2.2673091888427734
32,340,2.4189844131469727
32,341,1.8563299179077148
32,342,1.6816117763519287
32,343,1.7380766868591309
32,344,1.7019062042236328
32,345,1.5067338943481445
32,346,1.711680293083191
32,347,1.7757043838500977
32,348,2.183603286743164
32,349,2.132356643676758
32,350,1.9356369972229004
32,351,1.6069858074188232
32,352,1.875810980796814
32,353,1.82358717918396
32,354,1.5826106071472168
32,355,1.536403775215149
32,356,1.5978121757507324
32,357,1.9215818643569946
32,358,1.329700231552124
32,359,2.0584120750427246
32,360,2.1728203296661377
32,361,1.7225184440612793
32,362,1.87015962600708
32,363,2.265608787536621
32,364,2.041646718978882
32,365,1.8748501539230347
32,366,1.706397533416748
32,367,1.4166500568389893
32,368,1.9099692106246948
32,369,2.136277675628662
32,370,1.7426334619522095
32,371,2.1083242893218994
32,372,2.115096092224121
32,373,1.5464857816696167
32,374,1.8656442165374756
32,375,1.9154783487319946
32,376,1.5340067148208618
32,377,1.6492820978164673
32,378,2.151076316833496
32,379,1.580392837524414
32,380,1.6515450477600098
32,381,1.966748833656311
32,382,2.004387378692627
32,383,1.648198127746582
32,384,1.8705260753631592
32,385,2.5910534858703613
32,386,1.5304746627807617
32,387,2.0257961750030518
32,388,2.344123363494873
32,389,1.9255238771438599
32,390,1.6402440071105957
32,391,2.0322957038879395
32,392,1.9914839267730713
32,393,2.1787796020507812
32,394,1.4033458232879639
32,395,1.4550925493240356
32,396,2.1188998222351074
32,397,2.4043989181518555
32,398,2.0566020011901855
32,399,1.8268146514892578
32,400,2.0146896839141846
32,401,2.3857569694519043
32,402,1.6790627241134644
32,403,1.4261474609375
32,404,1.7850921154022217
32,405,1.9106817245483398
32,406,1.9202593564987183
32,407,1.6891194581985474
32,408,1.6170985698699951
32,409,1.4877655506134033
32,410,2.2347640991210938
32,411,2.0018911361694336
32,412,1.7387826442718506
32,413,2.425121307373047
32,414,1.9759997129440308
32,415,1.574220895767212
32,416,1.7723987102508545
32,417,2.225435495376587
32,418,1.778307557106018
32,419,1.7761924266815186
32,420,2.4509427547454834
32,421,2.190349578857422
32,422,1.9107600450515747
32,423,2.3724169731140137
32,424,1.7220337390899658
32,425,1.9588253498077393
32,426,1.8844622373580933
32,427,1.850394606590271
32,428,1.8517675399780273
32,429,1.8971471786499023
32,430,1.729472041130066
32,431,2.2179312705993652
32,432,1.557332992553711
32,433,2.2150042057037354
32,434,1.7166880369186401
32,435,2.447502851486206
32,436,1.922882080078125
32,437,2.166985511779785
32,438,1.4418396949768066
32,439,1.9789565801620483
32,440,1.8612630367279053
32,441,2.148552179336548
32,442,2.7016420364379883
32,443,2.605217933654785
32,444,1.5569735765457153
32,445,1.4797416925430298
32,446,2.2995452880859375
32,447,1.929062008857727
32,448,1.8881056308746338
32,449,2.687349796295166
32,450,2.226041316986084
32,451,1.6979846954345703
32,452,1.5481199026107788
32,453,1.4887542724609375
32,454,1.9638152122497559
32,455,2.5711517333984375
32,456,1.5822287797927856
32,457,2.452601194381714
32,458,1.6675604581832886
32,459,2.1847991943359375
32,460,1.6774263381958008
32,461,1.766059398651123
32,462,1.7044486999511719
32,463,1.716346025466919
32,464,2.0508036613464355
32,465,1.694916009902954
32,466,1.7025943994522095
32,467,2.233144521713257
32,468,1.6919790506362915
32,469,2.0973448753356934
32,470,2.1931774616241455
32,471,1.6088440418243408
32,472,1.8229362964630127
32,473,1.9058527946472168
32,474,1.555192470550537
32,475,2.4014101028442383
32,476,1.8494383096694946
32,477,2.2448151111602783
32,478,1.5798285007476807
32,479,2.148852586746216
32,480,2.3767518997192383
32,481,2.053401470184326
32,482,1.7806792259216309
32,483,1.463175654411316
32,484,2.088794231414795
32,485,1.696770429611206
32,486,1.797268033027649
32,487,1.7216119766235352
32,488,1.9028857946395874
32,489,1.8299601078033447
32,490,1.5989935398101807
32,491,2.577080726623535
32,492,1.7854242324829102
32,493,1.83218514919281
32,494,1.5902248620986938
32,495,2.1860673427581787
32,496,1.5811283588409424
32,497,1.7980901002883911
32,498,1.4140355587005615
33,0,1.5739986896514893
33,1,1.7329046726226807
33,2,1.673943281173706
33,3,1.5965616703033447
33,4,1.6055312156677246
33,5,1.374415397644043
33,6,1.515371561050415
33,7,1.9847519397735596
33,8,1.9967764616012573
33,9,1.5992083549499512
33,10,1.7248529195785522
33,11,1.6693238019943237
33,12,2.7948250770568848
33,13,1.6571674346923828
33,14,1.339952826499939
33,15,1.9957900047302246
33,16,2.041269063949585
33,17,1.59769606590271
33,18,1.710111379623413
33,19,1.362555742263794
33,20,2.5796518325805664
33,21,1.7560081481933594
33,22,1.500586986541748
33,23,1.3392887115478516
33,24,1.5144624710083008
33,25,1.5101704597473145
33,26,1.4694163799285889
33,27,1.6003992557525635
33,28,1.6159197092056274
33,29,1.9206868410110474
33,30,1.6983435153961182
33,31,2.078660011291504
33,32,1.9685345888137817
33,33,1.7382218837738037
33,34,1.748942255973816
33,35,2.0795464515686035
33,36,1.685659408569336
33,37,1.6936818361282349
33,38,2.1153135299682617
33,39,1.89655601978302
33,40,1.8227756023406982
33,41,1.687269926071167
33,42,1.6307053565979004
33,43,1.9653053283691406
33,44,1.5200369358062744
33,45,2.317249059677124
33,46,1.7124662399291992
33,47,2.010387897491455
33,48,1.8892629146575928
33,49,1.6761664152145386
33,50,2.256309747695923
33,51,1.3483608961105347
33,52,1.8711576461791992
33,53,1.504826307296753
33,54,1.7606523036956787
33,55,2.135275363922119
33,56,1.4076013565063477
33,57,1.7650007009506226
33,58,1.5032448768615723
33,59,1.9521498680114746
33,60,1.4895684719085693
33,61,1.4645681381225586
33,62,1.9348686933517456
33,63,1.848130464553833
33,64,1.5742031335830688
33,65,1.6077685356140137
33,66,1.5669164657592773
33,67,1.3734920024871826
33,68,1.8155324459075928
33,69,1.4660652875900269
33,70,1.8926329612731934
33,71,1.5728027820587158
33,72,1.213456630706787
33,73,1.655302882194519
33,74,1.9814128875732422
33,75,1.5016889572143555
33,76,1.9947168827056885
33,77,1.5390430688858032
33,78,1.5096933841705322
33,79,1.916785478591919
33,80,1.7401978969573975
33,81,1.8706116676330566
33,82,1.9190692901611328
33,83,2.0155584812164307
33,84,1.9661182165145874
33,85,1.9395090341567993
33,86,2.1753416061401367
33,87,1.8480802774429321
33,88,1.6229302883148193
33,89,1.6618754863739014
33,90,1.6905841827392578
33,91,2.2116458415985107
33,92,1.9215712547302246
33,93,1.6072990894317627
33,94,1.6301683187484741
33,95,1.8086562156677246
33,96,1.7518877983093262
33,97,1.7768785953521729
33,98,1.3868497610092163
33,99,1.6796514987945557
33,100,2.540907144546509
33,101,1.6981687545776367
33,102,1.6584246158599854
33,103,1.5471439361572266
33,104,2.050733804702759
33,105,2.3012664318084717
33,106,1.6318984031677246
33,107,2.2265255451202393
33,108,2.06258225440979
33,109,1.8234314918518066
33,110,1.701321005821228
33,111,1.7253698110580444
33,112,2.3009743690490723
33,113,1.7558701038360596
33,114,1.921079158782959
33,115,2.0914573669433594
33,116,1.7433998584747314
33,117,1.6696124076843262
33,118,1.6151835918426514
33,119,1.6721739768981934
33,120,1.7603156566619873
33,121,1.460688591003418
33,122,1.5565308332443237
33,123,1.867384433746338
33,124,1.6612434387207031
33,125,1.7885464429855347
33,126,1.7141454219818115
33,127,1.7907493114471436
33,128,2.1673877239227295
33,129,1.54744553565979
33,130,2.018927812576294
33,131,1.5236552953720093
33,132,1.7357254028320312
33,133,2.05465030670166
33,134,2.1135964393615723
33,135,1.7273216247558594
33,136,1.8859745264053345
33,137,2.021517276763916
33,138,1.641036033630371
33,139,1.458139419555664
33,140,2.0325546264648438
33,141,1.8434637784957886
33,142,1.6440763473510742
33,143,2.1610593795776367
33,144,1.7152931690216064
33,145,1.9016039371490479
33,146,2.316617965698242
33,147,1.9848560094833374
33,148,1.9653860330581665
33,149,2.0957837104797363
33,150,1.5830309391021729
33,151,1.6481389999389648
33,152,1.5413769483566284
33,153,1.7624766826629639
33,154,1.4767078161239624
33,155,2.0332136154174805
33,156,2.333920478820801
33,157,2.021315813064575
33,158,1.7500828504562378
33,159,1.816274881362915
33,160,1.3881206512451172
33,161,1.8314669132232666
33,162,1.4676992893218994
33,163,1.3476121425628662
33,164,2.185304641723633
33,165,2.219189405441284
33,166,1.190399169921875
33,167,2.2438712120056152
33,168,2.278379440307617
33,169,2.0994818210601807
33,170,1.488374948501587
33,171,1.691061019897461
33,172,1.6472091674804688
33,173,2.0497779846191406
33,174,1.8518261909484863
33,175,1.9143950939178467
33,176,2.3959178924560547
33,177,1.977095603942871
33,178,2.3302226066589355
33,179,1.898527979850769
33,180,2.0167007446289062
33,181,1.551465392112732
33,182,1.5746053457260132
33,183,2.250241756439209
33,184,2.1425328254699707
33,185,1.9636902809143066
33,186,1.6358952522277832
33,187,1.7305090427398682
33,188,1.6401631832122803
33,189,1.8933167457580566
33,190,1.6193084716796875
33,191,1.7887952327728271
33,192,1.844525694847107
33,193,1.9479005336761475
33,194,2.325190782546997
33,195,1.7051470279693604
33,196,1.738772988319397
33,197,1.5383846759796143
33,198,1.700666904449463
33,199,1.9302715063095093
33,200,1.8226534128189087
33,201,1.9927124977111816
33,202,1.4511829614639282
33,203,1.2517122030258179
33,204,1.6538056135177612
33,205,1.7762227058410645
33,206,1.6425247192382812
33,207,1.5543763637542725
33,208,2.1593146324157715
33,209,1.493954062461853
33,210,2.0200586318969727
33,211,1.8236491680145264
33,212,1.398093581199646
33,213,1.555877923965454
33,214,2.0956039428710938
33,215,1.721136212348938
33,216,2.49236798286438
33,217,1.8199577331542969
33,218,2.118762493133545
33,219,1.5534017086029053
33,220,1.7430917024612427
33,221,1.7070213556289673
33,222,1.5073482990264893
33,223,1.7639038562774658
33,224,1.5257740020751953
33,225,1.8154304027557373
33,226,1.6941300630569458
33,227,1.8124182224273682
33,228,1.3943243026733398
33,229,1.8568116426467896
33,230,1.695392370223999
33,231,1.8816105127334595
33,232,1.6736525297164917
33,233,1.5764479637145996
33,234,1.751175880432129
33,235,1.606064796447754
33,236,1.8369970321655273
33,237,2.2703468799591064
33,238,1.7136716842651367
33,239,1.30686616897583
33,240,1.977726697921753
33,241,1.805709958076477
33,242,2.1354949474334717
33,243,2.105449914932251
33,244,1.659334659576416
33,245,1.6829406023025513
33,246,1.847975254058838
33,247,1.5206527709960938
33,248,1.6654069423675537
33,249,2.327169418334961
33,250,1.6286859512329102
33,251,1.7699683904647827
33,252,1.5832726955413818
33,253,1.6796951293945312
33,254,1.7105741500854492
33,255,1.9411646127700806
33,256,1.75960373878479
33,257,2.156036376953125
33,258,1.8279681205749512
33,259,1.7377948760986328
33,260,2.4261739253997803
33,261,1.8348448276519775
33,262,1.6635112762451172
33,263,2.097289800643921
33,264,1.7771250009536743
33,265,1.4193456172943115
33,266,1.932593584060669
33,267,1.7539032697677612
33,268,1.5881013870239258
33,269,1.7166824340820312
33,270,1.6610329151153564
33,271,2.0847487449645996
33,272,1.5122699737548828
33,273,1.8089873790740967
33,274,1.6765482425689697
33,275,1.7545067071914673
33,276,1.6555628776550293
33,277,1.8235573768615723
33,278,1.9601068496704102
33,279,1.9069783687591553
33,280,2.200725555419922
33,281,2.234325885772705
33,282,1.8496726751327515
33,283,1.7725353240966797
33,284,1.8274216651916504
33,285,1.7366423606872559
33,286,1.461033821105957
33,287,1.5066742897033691
33,288,1.9978461265563965
33,289,1.8474647998809814
33,290,2.06785249710083
33,291,1.7487423419952393
33,292,2.99094820022583
33,293,2.0798373222351074
33,294,1.7856519222259521
33,295,1.7863099575042725
33,296,1.8080105781555176
33,297,2.117403507232666
33,298,1.9842331409454346
33,299,1.759488821029663
33,300,2.070828437805176
33,301,1.3356189727783203
33,302,2.257397413253784
33,303,1.481398582458496
33,304,1.6544350385665894
33,305,2.2164618968963623
33,306,1.9422965049743652
33,307,1.5250115394592285
33,308,2.3197574615478516
33,309,1.3681800365447998
33,310,1.6072897911071777
33,311,1.8965353965759277
33,312,1.6185357570648193
33,313,1.9721866846084595
33,314,1.850571632385254
33,315,2.818056344985962
33,316,1.9929537773132324
33,317,1.7876935005187988
33,318,1.7625129222869873
33,319,1.6858463287353516
33,320,2.116328239440918
33,321,1.3803083896636963
33,322,1.7814559936523438
33,323,1.7773711681365967
33,324,2.2215771675109863
33,325,1.5674322843551636
33,326,2.7049310207366943
33,327,2.057741403579712
33,328,1.7614669799804688
33,329,1.7643141746520996
33,330,1.6717216968536377
33,331,1.8705997467041016
33,332,1.768486499786377
33,333,1.963417410850525
33,334,1.807602047920227
33,335,1.9557322263717651
33,336,1.7101171016693115
33,337,1.5677940845489502
33,338,2.091909885406494
33,339,1.6999695301055908
33,340,1.7435345649719238
33,341,1.993166446685791
33,342,1.8151822090148926
33,343,1.6728906631469727
33,344,1.954202651977539
33,345,1.9070823192596436
33,346,2.2740402221679688
33,347,1.4051847457885742
33,348,1.7927591800689697
33,349,1.94281005859375
33,350,1.98619544506073
33,351,1.8001148700714111
33,352,2.2784817218780518
33,353,1.8768069744110107
33,354,1.8350963592529297
33,355,1.5832068920135498
33,356,1.5735559463500977
33,357,1.8266801834106445
33,358,1.9441516399383545
33,359,1.632521390914917
33,360,1.5303869247436523
33,361,1.7110072374343872
33,362,1.9513746500015259
33,363,2.2691822052001953
33,364,1.7429301738739014
33,365,2.079249858856201
33,366,1.5232353210449219
33,367,1.6667344570159912
33,368,2.2712018489837646
33,369,2.4030723571777344
33,370,2.36757230758667
33,371,1.538559913635254
33,372,1.7573621273040771
33,373,1.816081166267395
33,374,1.7219634056091309
33,375,1.707206130027771
33,376,1.9794018268585205
33,377,2.140209436416626
33,378,1.9970040321350098
33,379,2.137239456176758
33,380,1.8868610858917236
33,381,2.082634925842285
33,382,1.4122389554977417
33,383,1.6636056900024414
33,384,1.6662492752075195
33,385,1.7088958024978638
33,386,1.820648431777954
33,387,2.091336727142334
33,388,1.847348928451538
33,389,1.6331464052200317
33,390,1.747982382774353
33,391,1.6729295253753662
33,392,1.8806626796722412
33,393,1.7432835102081299
33,394,2.444464683532715
33,395,1.6126139163970947
33,396,1.7666196823120117
33,397,1.9612674713134766
33,398,1.5676264762878418
33,399,1.7950630187988281
33,400,1.823142170906067
33,401,2.002840995788574
33,402,2.197249412536621
33,403,1.5721871852874756
33,404,1.6586390733718872
33,405,2.0771124362945557
33,406,1.4977684020996094
33,407,1.876037836074829
33,408,1.4779038429260254
33,409,1.701074242591858
33,410,1.7391525506973267
33,411,1.979794979095459
33,412,1.6602318286895752
33,413,2.2829201221466064
33,414,2.133728504180908
33,415,1.4955570697784424
33,416,1.9649393558502197
33,417,1.468558430671692
33,418,1.634698510169983
33,419,1.876127004623413
33,420,2.3667354583740234
33,421,1.615614891052246
33,422,1.511925458908081
33,423,2.024965763092041
33,424,2.019148111343384
33,425,1.722684621810913
33,426,1.641998052597046
33,427,2.010571241378784
33,428,1.946183443069458
33,429,2.133082866668701
33,430,1.7118667364120483
33,431,1.5135669708251953
33,432,1.816880702972412
33,433,1.5003929138183594
33,434,1.8148466348648071
33,435,2.1238441467285156
33,436,1.733690619468689
33,437,1.750056266784668
33,438,2.436309814453125
33,439,1.6746551990509033
33,440,2.2274317741394043
33,441,1.7789461612701416
33,442,1.7756826877593994
33,443,1.646019458770752
33,444,1.8791522979736328
33,445,1.7248103618621826
33,446,1.6237109899520874
33,447,1.7894771099090576
33,448,2.497422218322754
33,449,1.7446391582489014
33,450,2.0686817169189453
33,451,1.7780652046203613
33,452,2.572730779647827
33,453,1.833612322807312
33,454,1.611527681350708
33,455,1.8913793563842773
33,456,1.6688568592071533
33,457,2.3380343914031982
33,458,2.445910692214966
33,459,2.4511055946350098
33,460,1.6829689741134644
33,461,1.9323779344558716
33,462,2.273515462875366
33,463,1.7412666082382202
33,464,1.7731108665466309
33,465,1.7026219367980957
33,466,2.4509215354919434
33,467,1.6654517650604248
33,468,1.7055952548980713
33,469,2.037139654159546
33,470,1.9432780742645264
33,471,1.880951166152954
33,472,1.8210079669952393
33,473,1.9142446517944336
33,474,2.080409049987793
33,475,2.0396323204040527
33,476,1.4699339866638184
33,477,2.2984819412231445
33,478,1.632700800895691
33,479,2.313776969909668
33,480,1.4894039630889893
33,481,1.861311912536621
33,482,2.0274832248687744
33,483,2.0770182609558105
33,484,1.7496061325073242
33,485,1.8867783546447754
33,486,2.0318384170532227
33,487,1.9412670135498047
33,488,2.32367205619812
33,489,1.9653725624084473
33,490,1.8989410400390625
33,491,1.7144792079925537
33,492,2.2442641258239746
33,493,2.0977182388305664
33,494,1.7622606754302979
33,495,1.8710253238677979
33,496,1.5232388973236084
33,497,2.3009324073791504
33,498,1.6621060371398926
34,0,1.6123828887939453
34,1,1.6586281061172485
34,2,2.0881829261779785
34,3,1.7820873260498047
34,4,1.877753734588623
34,5,1.9958854913711548
34,6,1.5556871891021729
34,7,2.1290080547332764
34,8,1.927600383758545
34,9,1.9601693153381348
34,10,1.7144412994384766
34,11,1.6666665077209473
34,12,2.2207834720611572
34,13,2.108799934387207
34,14,1.712302803993225
34,15,1.7760794162750244
34,16,1.8218846321105957
34,17,2.1224560737609863
34,18,1.5030114650726318
34,19,1.5551912784576416
34,20,1.9635512828826904
34,21,1.846118450164795
34,22,1.4165494441986084
34,23,1.63568115234375
34,24,1.615396499633789
34,25,2.086210250854492
34,26,1.7150754928588867
34,27,1.7533423900604248
34,28,1.9445204734802246
34,29,1.8511881828308105
34,30,1.5947822332382202
34,31,1.6269233226776123
34,32,1.582155466079712
34,33,1.7289841175079346
34,34,1.5876071453094482
34,35,1.6400469541549683
34,36,1.9778019189834595
34,37,1.7995468378067017
34,38,1.9456830024719238
34,39,1.5010991096496582
34,40,2.194736957550049
34,41,1.751762866973877
34,42,2.041398048400879
34,43,2.2751927375793457
34,44,1.7401208877563477
34,45,1.4910154342651367
34,46,1.821084976196289
34,47,1.9259014129638672
34,48,2.008331060409546
34,49,2.1657838821411133
34,50,1.5728951692581177
34,51,2.092376947402954
34,52,1.6536169052124023
34,53,2.1516213417053223
34,54,2.1335034370422363
34,55,1.9452300071716309
34,56,1.9688820838928223
34,57,1.3843437433242798
34,58,1.5544524192810059
34,59,1.7302653789520264
34,60,1.311915397644043
34,61,1.6195807456970215
34,62,2.4667952060699463
34,63,1.9500501155853271
34,64,2.3848814964294434
34,65,2.0961968898773193
34,66,2.039914608001709
34,67,1.734462022781372
34,68,1.673119068145752
34,69,1.8657886981964111
34,70,1.3980886936187744
34,71,1.9237139225006104
34,72,1.8981748819351196
34,73,1.6102362871170044
34,74,1.6265937089920044
34,75,1.8531861305236816
34,76,1.95758855342865
34,77,1.8542782068252563
34,78,1.7435073852539062
34,79,1.4126476049423218
34,80,1.4228224754333496
34,81,1.749143123626709
34,82,1.6607352495193481
34,83,1.890913963317871
34,84,1.8485753536224365
34,85,2.026672840118408
34,86,1.8294326066970825
34,87,1.8385303020477295
34,88,1.7790789604187012
34,89,1.8087573051452637
34,90,1.7438466548919678
34,91,2.476666212081909
34,92,1.8997793197631836
34,93,2.006852149963379
34,94,1.7723660469055176
34,95,1.9952096939086914
34,96,1.659113883972168
34,97,1.4837849140167236
34,98,1.6768860816955566
34,99,2.005251169204712
34,100,2.205329179763794
34,101,1.5964760780334473
34,102,1.9102087020874023
34,103,1.7712434530258179
34,104,1.6323933601379395
34,105,2.376971483230591
34,106,1.6153953075408936
34,107,2.101362943649292
34,108,1.8119864463806152
34,109,1.996150255203247
34,110,1.8140406608581543
34,111,1.7595996856689453
34,112,2.173344850540161
34,113,2.156771421432495
34,114,1.953590989112854
34,115,2.4981606006622314
34,116,1.9694929122924805
34,117,1.6274523735046387
34,118,1.8317079544067383
34,119,1.6815273761749268
34,120,2.2341463565826416
34,121,1.975177526473999
34,122,1.5734343528747559
34,123,2.0048325061798096
34,124,1.5777621269226074
34,125,1.6836512088775635
34,126,1.6958286762237549
34,127,1.6741695404052734
34,128,1.8029859066009521
34,129,1.7755568027496338
34,130,1.6584631204605103
34,131,1.7663497924804688
34,132,1.700868844985962
34,133,1.7920830249786377
34,134,1.6986515522003174
34,135,1.6403253078460693
34,136,2.013418674468994
34,137,2.0458896160125732
34,138,1.8286526203155518
34,139,1.7838267087936401
34,140,1.3169249296188354
34,141,1.8656302690505981
34,142,1.791384220123291
34,143,1.8614132404327393
34,144,1.593839406967163
34,145,1.826528787612915
34,146,1.8026583194732666
34,147,1.676576852798462
34,148,1.679018497467041
34,149,1.8009347915649414
34,150,1.5252845287322998
34,151,2.04968523979187
34,152,1.9718856811523438
34,153,1.949294090270996
34,154,1.8013625144958496
34,155,1.932352066040039
34,156,1.7164710760116577
34,157,1.8254714012145996
34,158,1.4645730257034302
34,159,2.034468412399292
34,160,1.4799554347991943
34,161,1.9799962043762207
34,162,2.2724175453186035
34,163,1.7323408126831055
34,164,1.8385601043701172
34,165,2.2010278701782227
34,166,1.6678760051727295
34,167,1.7621684074401855
34,168,1.6729985475540161
34,169,1.426143765449524
34,170,1.853034257888794
34,171,1.659681797027588
34,172,1.767515778541565
34,173,1.7046793699264526
34,174,1.6162421703338623
34,175,2.1345109939575195
34,176,1.3673014640808105
34,177,1.872605562210083
34,178,2.2371387481689453
34,179,2.140408992767334
34,180,1.5315544605255127
34,181,1.7265758514404297
34,182,1.6651583909988403
34,183,1.6089537143707275
34,184,1.7707219123840332
34,185,2.1319057941436768
34,186,1.8720402717590332
34,187,1.4951837062835693
34,188,1.995816946029663
34,189,2.2831056118011475
34,190,1.9407119750976562
34,191,1.9043858051300049
34,192,2.4339706897735596
34,193,1.800011396408081
34,194,1.9171643257141113
34,195,1.6550863981246948
34,196,2.3869099617004395
34,197,2.546142339706421
34,198,1.8449716567993164
34,199,1.6354384422302246
34,200,1.7756664752960205
34,201,1.5240920782089233
34,202,1.4374535083770752
34,203,1.6463243961334229
34,204,1.3742783069610596
34,205,2.086801528930664
34,206,1.9966442584991455
34,207,1.8009936809539795
34,208,1.8201135396957397
34,209,1.713505506515503
34,210,2.039621353149414
34,211,2.298579454421997
34,212,1.932218074798584
34,213,2.2346198558807373
34,214,2.2841694355010986
34,215,1.5166429281234741
34,216,1.9182100296020508
34,217,1.4559657573699951
34,218,2.23746919631958
34,219,1.6613333225250244
34,220,1.7162343263626099
34,221,2.3214306831359863
34,222,1.9408066272735596
34,223,1.935434103012085
34,224,2.1598219871520996
34,225,1.8556691408157349
34,226,1.9399460554122925
34,227,1.693436861038208
34,228,2.173457145690918
34,229,1.529383659362793
34,230,1.908815860748291
34,231,1.6645430326461792
34,232,1.8727023601531982
34,233,1.562955617904663
34,234,2.060422897338867
34,235,1.772336483001709
34,236,1.9707444906234741
34,237,1.4130741357803345
34,238,1.805303692817688
34,239,2.3758373260498047
34,240,1.4998726844787598
34,241,1.9400153160095215
34,242,1.9338715076446533
34,243,1.8011505603790283
34,244,1.8039703369140625
34,245,1.421465277671814
34,246,1.5718134641647339
34,247,1.996165156364441
34,248,1.5829371213912964
34,249,2.190397024154663
34,250,2.0222339630126953
34,251,2.2329845428466797
34,252,1.707026481628418
34,253,1.6739625930786133
34,254,1.5704377889633179
34,255,1.5673410892486572
34,256,1.9033139944076538
34,257,1.9988527297973633
34,258,1.686985969543457
34,259,2.107919454574585
34,260,2.101166009902954
34,261,1.633610486984253
34,262,1.904848337173462
34,263,1.7686649560928345
34,264,1.8159096240997314
34,265,2.0421743392944336
34,266,1.8226255178451538
34,267,1.8674577474594116
34,268,1.7189269065856934
34,269,1.7466681003570557
34,270,1.6610699892044067
34,271,1.615196704864502
34,272,1.9545531272888184
34,273,1.6485159397125244
34,274,2.0406503677368164
34,275,2.1390717029571533
34,276,2.1907553672790527
34,277,2.088153839111328
34,278,1.8594512939453125
34,279,1.6866954565048218
34,280,1.6759302616119385
34,281,1.9124237298965454
34,282,1.8566460609436035
34,283,2.2096500396728516
34,284,1.863157033920288
34,285,2.0764713287353516
34,286,1.656451940536499
34,287,1.5120718479156494
34,288,2.0846519470214844
34,289,2.1735475063323975
34,290,1.5012261867523193
34,291,1.6848198175430298
34,292,1.6120195388793945
34,293,2.420754909515381
34,294,1.7612659931182861
34,295,1.9683939218521118
34,296,1.6765916347503662
34,297,1.8391928672790527
34,298,2.1380207538604736
34,299,1.83400559425354
34,300,2.4161605834960938
34,301,1.9003996849060059
34,302,1.9683716297149658
34,303,1.8610517978668213
34,304,1.992093801498413
34,305,1.8855419158935547
34,306,1.7377145290374756
34,307,1.9525244235992432
34,308,1.9772411584854126
34,309,1.524613618850708
34,310,1.4952986240386963
34,311,1.6977380514144897
34,312,1.6267590522766113
34,313,2.403632164001465
34,314,2.3386452198028564
34,315,2.020781993865967
34,316,1.6541662216186523
34,317,2.329893112182617
34,318,1.6218116283416748
34,319,1.48545503616333
34,320,1.3720136880874634
34,321,2.249767780303955
34,322,1.6325535774230957
34,323,1.8473906517028809
34,324,1.5629218816757202
34,325,1.7377140522003174
34,326,1.7695415019989014
34,327,1.886120319366455
34,328,1.657758116722107
34,329,1.7141973972320557
34,330,1.9995532035827637
34,331,1.9564664363861084
34,332,2.010364294052124
34,333,2.2067198753356934
34,334,2.508697032928467
34,335,1.612450122833252
34,336,2.104694366455078
34,337,1.9526145458221436
34,338,2.0142574310302734
34,339,1.5144517421722412
34,340,1.783937692642212
34,341,1.6480436325073242
34,342,1.9767160415649414
34,343,1.8403022289276123
34,344,2.0718672275543213
34,345,1.4844462871551514
34,346,2.0822250843048096
34,347,1.862565279006958
34,348,1.615238904953003
34,349,1.8608996868133545
34,350,1.493384599685669
34,351,1.9001641273498535
34,352,2.3171286582946777
34,353,1.7549946308135986
34,354,2.002697706222534
34,355,1.5853241682052612
34,356,1.8995281457901
34,357,1.3691446781158447
34,358,1.8421483039855957
34,359,1.9183104038238525
34,360,1.6866371631622314
34,361,1.5058071613311768
34,362,2.1554417610168457
34,363,1.9838379621505737
34,364,1.9274510145187378
34,365,1.835622787475586
34,366,1.6179218292236328
34,367,1.9725444316864014
34,368,1.344946026802063
34,369,1.6805914640426636
34,370,2.1039223670959473
34,371,1.5426733493804932
34,372,1.7469007968902588
34,373,1.6833161115646362
34,374,1.8325819969177246
34,375,1.8366411924362183
34,376,1.5593490600585938
34,377,1.691253662109375
34,378,1.6765379905700684
34,379,2.043203353881836
34,380,1.6247670650482178
34,381,1.5029401779174805
34,382,1.7012035846710205
34,383,1.4628705978393555
34,384,1.7284220457077026
34,385,2.0579357147216797
34,386,2.1196959018707275
34,387,1.5353820323944092
34,388,1.8590315580368042
34,389,1.9217617511749268
34,390,2.056729316711426
34,391,1.6853582859039307
34,392,1.6436958312988281
34,393,2.3386998176574707
34,394,1.6996536254882812
34,395,1.4375016689300537
34,396,1.4323214292526245
34,397,1.6679553985595703
34,398,1.7481135129928589
34,399,1.8646674156188965
34,400,1.4252536296844482
34,401,1.4498298168182373
34,402,1.762953758239746
34,403,1.6360156536102295
34,404,1.9316251277923584
34,405,2.282893419265747
34,406,1.8927676677703857
34,407,1.87966787815094
34,408,2.0985827445983887
34,409,1.9475812911987305
34,410,1.7446544170379639
34,411,2.1873931884765625
34,412,1.6792131662368774
34,413,1.6169333457946777
34,414,1.9495642185211182
34,415,1.7711412906646729
34,416,1.5311100482940674
34,417,1.9557925462722778
34,418,1.708141803741455
34,419,1.5243175029754639
34,420,2.0845439434051514
34,421,1.4592854976654053
34,422,1.976866364479065
34,423,1.6761345863342285
34,424,1.808640480041504
34,425,1.8547784090042114
34,426,2.087885618209839
34,427,1.7243974208831787
34,428,1.560166835784912
34,429,1.7097938060760498
34,430,2.3161568641662598
34,431,1.9427746534347534
34,432,1.6145375967025757
34,433,1.8455657958984375
34,434,2.2322278022766113
34,435,1.689213752746582
34,436,2.033674478530884
34,437,2.286607265472412
34,438,1.530313491821289
34,439,1.6551588773727417
34,440,1.8418309688568115
34,441,1.7548878192901611
34,442,1.715123176574707
34,443,1.7425572872161865
34,444,1.7471234798431396
34,445,1.854576826095581
34,446,1.7756948471069336
34,447,1.5302345752716064
34,448,1.8432176113128662
34,449,1.711254596710205
34,450,1.6322450637817383
34,451,1.9034528732299805
34,452,1.5098261833190918
34,453,1.6103448867797852
34,454,1.6198182106018066
34,455,1.9845879077911377
34,456,1.566551923751831
34,457,1.7279882431030273
34,458,1.8234384059906006
34,459,1.7841954231262207
34,460,1.979050636291504
34,461,1.653883934020996
34,462,1.8253910541534424
34,463,1.500065803527832
34,464,1.634979248046875
34,465,1.6364078521728516
34,466,1.3158341646194458
34,467,2.4252891540527344
34,468,1.4555375576019287
34,469,1.8111608028411865
34,470,2.3259968757629395
34,471,2.1936326026916504
34,472,1.6231272220611572
34,473,1.873206377029419
34,474,1.7373390197753906
34,475,1.765676736831665
34,476,1.9232947826385498
34,477,1.4851608276367188
34,478,2.0838985443115234
34,479,2.213376045227051
34,480,1.7042107582092285
34,481,1.4857311248779297
34,482,1.6434712409973145
34,483,1.434731364250183
34,484,1.5288068056106567
34,485,1.6636126041412354
34,486,1.5643584728240967
34,487,1.73052978515625
34,488,1.5610594749450684
34,489,1.7187937498092651
34,490,1.964576244354248
34,491,1.7210733890533447
34,492,1.587641716003418
34,493,1.752493143081665
34,494,2.4105968475341797
34,495,1.6530508995056152
34,496,1.842508316040039
34,497,2.5328738689422607
34,498,1.4051899909973145
35,0,1.6157276630401611
35,1,1.5064797401428223
35,2,1.7937562465667725
35,3,2.080193042755127
35,4,1.9790921211242676
35,5,1.6257933378219604
35,6,1.7786002159118652
35,7,2.0382728576660156
35,8,1.5330982208251953
35,9,1.9075140953063965
35,10,1.983254313468933
35,11,1.7934284210205078
35,12,1.9380651712417603
35,13,2.0262668132781982
35,14,2.472224235534668
35,15,2.474656105041504
35,16,2.0262770652770996
35,17,1.626471996307373
35,18,1.9649243354797363
35,19,1.3957526683807373
35,20,2.1059937477111816
35,21,2.0030417442321777
35,22,1.5161995887756348
35,23,1.6523380279541016
35,24,1.8873937129974365
35,25,1.8365230560302734
35,26,1.7075228691101074
35,27,1.5221335887908936
35,28,1.67350172996521
35,29,1.5529825687408447
35,30,1.303308129310608
35,31,1.7118933200836182
35,32,1.7080366611480713
35,33,2.2853643894195557
35,34,2.272336959838867
35,35,2.0165998935699463
35,36,1.872767448425293
35,37,1.8367512226104736
35,38,2.272541046142578
35,39,1.8073325157165527
35,40,1.3888206481933594
35,41,1.8268537521362305
35,42,1.5498923063278198
35,43,1.9602816104888916
35,44,2.4810984134674072
35,45,1.7778055667877197
35,46,1.8647089004516602
35,47,1.8845281600952148
35,48,1.195662260055542
35,49,1.7681665420532227
35,50,1.7167634963989258
35,51,1.827285647392273
35,52,1.9316210746765137
35,53,1.7352702617645264
35,54,1.540560245513916
35,55,2.3183538913726807
35,56,1.6942837238311768
35,57,1.991377830505371
35,58,1.5917961597442627
35,59,2.1923489570617676
35,60,2.0056700706481934
35,61,2.17607045173645
35,62,1.7948578596115112
35,63,1.5207340717315674
35,64,1.5999133586883545
35,65,1.9911415576934814
35,66,1.7215988636016846
35,67,1.7192305326461792
35,68,1.940028429031372
35,69,1.6711742877960205
35,70,1.8520655632019043
35,71,1.648559331893921
35,72,1.924867868423462
35,73,1.6796901226043701
35,74,2.1818623542785645
35,75,1.8811359405517578
35,76,2.0335638523101807
35,77,1.5355207920074463
35,78,2.046876907348633
35,79,1.4938257932662964
35,80,1.3592898845672607
35,81,1.716040015220642
35,82,1.7766324281692505
35,83,1.8117486238479614
35,84,1.9307886362075806
35,85,1.5764416456222534
35,86,2.100388288497925
35,87,1.755229115486145
35,88,2.1492037773132324
35,89,1.7036222219467163
35,90,2.0644702911376953
35,91,2.0936388969421387
35,92,1.6064163446426392
35,93,1.7899153232574463
35,94,1.6246123313903809
35,95,2.0057265758514404
35,96,1.3975627422332764
35,97,1.6156744956970215
35,98,2.173797130584717
35,99,1.5389678478240967
35,100,1.5186173915863037
35,101,2.1052098274230957
35,102,1.7931578159332275
35,103,1.9010210037231445
35,104,1.9416533708572388
35,105,1.48433256149292
35,106,1.7100727558135986
35,107,1.4271831512451172
35,108,1.5128648281097412
35,109,1.732763648033142
35,110,1.4493769407272339
35,111,1.848832130432129
35,112,1.666177749633789
35,113,1.9396533966064453
35,114,2.2824196815490723
35,115,1.865147590637207
35,116,2.052985668182373
35,117,1.3579798936843872
35,118,1.75785231590271
35,119,1.7260890007019043
35,120,2.00889253616333
35,121,1.9653575420379639
35,122,1.5275421142578125
35,123,1.5636494159698486
35,124,2.025057554244995
35,125,1.4725513458251953
35,126,1.6435319185256958
35,127,1.8207764625549316
35,128,1.61159086227417
35,129,1.8629858493804932
35,130,1.9257428646087646
35,131,1.7495949268341064
35,132,1.9176068305969238
35,133,1.6657789945602417
35,134,2.061821460723877
35,135,1.7830703258514404
35,136,1.7190425395965576
35,137,1.5872313976287842
35,138,2.188028573989868
35,139,1.7447335720062256
35,140,1.5949081182479858
35,141,1.6837255954742432
35,142,1.9881153106689453
35,143,1.84425687789917
35,144,1.5615394115447998
35,145,1.7930070161819458
35,146,1.730241298675537
35,147,1.6678169965744019
35,148,1.5039825439453125
35,149,1.5873422622680664
35,150,2.14656925201416
35,151,1.5671796798706055
35,152,1.5860421657562256
35,153,1.621017575263977
35,154,1.5444755554199219
35,155,1.7896864414215088
35,156,1.8621898889541626
35,157,1.4362096786499023
35,158,2.2695274353027344
35,159,1.8998172283172607
35,160,1.4795050621032715
35,161,1.9033277034759521
35,162,1.9843919277191162
35,163,1.9369385242462158
35,164,1.730624794960022
35,165,1.9984536170959473
35,166,2.2106595039367676
35,167,1.4980785846710205
35,168,2.3459858894348145
35,169,1.556839942932129
35,170,1.6234703063964844
35,171,1.9885587692260742
35,172,1.642266035079956
35,173,2.096735954284668
35,174,1.6256152391433716
35,175,2.1415092945098877
35,176,1.6957268714904785
35,177,1.9902613162994385
35,178,1.5640919208526611
35,179,1.668583869934082
35,180,1.8775286674499512
35,181,1.501302719116211
35,182,1.6075854301452637
35,183,1.808183193206787
35,184,1.8547700643539429
35,185,1.907463788986206
35,186,1.7959659099578857
35,187,1.9388251304626465
35,188,1.7022756338119507
35,189,1.5115480422973633
35,190,1.7170336246490479
35,191,2.4151978492736816
35,192,1.8189947605133057
35,193,1.5657501220703125
35,194,1.9011374711990356
35,195,1.919448733329773
35,196,2.2672266960144043
35,197,1.6315497159957886
35,198,1.8132717609405518
35,199,1.7328059673309326
35,200,1.4921181201934814
35,201,2.0371434688568115
35,202,1.7313933372497559
35,203,1.758797526359558
35,204,1.614776611328125
35,205,1.5723057985305786
35,206,1.6491202116012573
35,207,2.2786803245544434
35,208,2.348590612411499
35,209,2.1168534755706787
35,210,1.8329639434814453
35,211,1.9636410474777222
35,212,2.0398993492126465
35,213,2.259002923965454
35,214,1.8314485549926758
35,215,1.984574556350708
35,216,2.6937179565429688
35,217,1.9134559631347656
35,218,2.0878958702087402
35,219,1.5774178504943848
35,220,1.6694978475570679
35,221,1.4378917217254639
35,222,1.6077148914337158
35,223,1.9670051336288452
35,224,1.6008267402648926
35,225,1.8864073753356934
35,226,1.8784289360046387
35,227,1.7651036977767944
35,228,1.8771123886108398
35,229,2.2862255573272705
35,230,1.795276403427124
35,231,1.8595266342163086
35,232,2.0755419731140137
35,233,1.5836308002471924
35,234,1.7434875965118408
35,235,1.669928789138794
35,236,2.1767096519470215
35,237,1.7271852493286133
35,238,2.28348708152771
35,239,1.8179105520248413
35,240,2.195082664489746
35,241,1.4649258852005005
35,242,2.3184967041015625
35,243,1.7455430030822754
35,244,1.826633095741272
35,245,1.639739751815796
35,246,1.7470922470092773
35,247,2.0919158458709717
35,248,2.1748924255371094
35,249,1.7398338317871094
35,250,2.143575429916382
35,251,1.6267695426940918
35,252,2.059481382369995
35,253,1.7866401672363281
35,254,1.5630173683166504
35,255,1.9237641096115112
35,256,2.2749218940734863
35,257,1.7315937280654907
35,258,1.5519373416900635
35,259,1.8403034210205078
35,260,1.9934698343276978
35,261,1.7200794219970703
35,262,1.2215666770935059
35,263,2.497511148452759
35,264,1.7192320823669434
35,265,1.593847632408142
35,266,1.691648006439209
35,267,1.604727029800415
35,268,1.5228984355926514
35,269,1.7910475730895996
35,270,1.9050943851470947
35,271,2.0013763904571533
35,272,1.6262876987457275
35,273,1.5201975107192993
35,274,1.9136594533920288
35,275,1.4507737159729004
35,276,1.705259084701538
35,277,1.479942798614502
35,278,1.8412286043167114
35,279,2.2754247188568115
35,280,1.6664800643920898
35,281,1.958782434463501
35,282,2.387242317199707
35,283,2.4497599601745605
35,284,1.990264654159546
35,285,1.5099046230316162
35,286,1.8418998718261719
35,287,1.9038290977478027
35,288,1.8251961469650269
35,289,2.218313217163086
35,290,1.5813111066818237
35,291,1.6746824979782104
35,292,2.251603126525879
35,293,1.3687314987182617
35,294,1.7110352516174316
35,295,1.7108116149902344
35,296,1.9065450429916382
35,297,2.5391974449157715
35,298,2.1274845600128174
35,299,1.5861735343933105
35,300,1.9284802675247192
35,301,1.5517197847366333
35,302,2.062981128692627
35,303,1.290325403213501
35,304,1.5080230236053467
35,305,1.508575201034546
35,306,2.0615055561065674
35,307,2.1980247497558594
35,308,2.1977226734161377
35,309,1.844801902770996
35,310,2.6767570972442627
35,311,2.0698747634887695
35,312,1.8055747747421265
35,313,1.8236801624298096
35,314,1.8440263271331787
35,315,2.088254451751709
35,316,2.068561553955078
35,317,1.737201452255249
35,318,1.4630521535873413
35,319,1.7396456003189087
35,320,1.5939841270446777
35,321,1.8528311252593994
35,322,1.9733891487121582
35,323,1.853346347808838
35,324,1.6009639501571655
35,325,1.7026448249816895
35,326,1.4685720205307007
35,327,1.7372119426727295
35,328,2.1365156173706055
35,329,1.8489068746566772
35,330,2.009199619293213
35,331,1.4755243062973022
35,332,1.9389923810958862
35,333,1.7501705884933472
35,334,1.8555185794830322
35,335,2.2587890625
35,336,1.8696928024291992
35,337,2.064143180847168
35,338,1.5778212547302246
35,339,1.8319261074066162
35,340,1.6156777143478394
35,341,1.7531039714813232
35,342,1.5143122673034668
35,343,1.730313777923584
35,344,2.224395751953125
35,345,1.7849845886230469
35,346,1.705798625946045
35,347,1.6837053298950195
35,348,1.4910756349563599
35,349,1.7333712577819824
35,350,1.8757376670837402
35,351,1.8231780529022217
35,352,2.053760051727295
35,353,1.7135398387908936
35,354,2.239565849304199
35,355,2.3992013931274414
35,356,1.797624945640564
35,357,1.5563850402832031
35,358,1.9016449451446533
35,359,1.6638765335083008
35,360,1.7405357360839844
35,361,1.9050986766815186
35,362,1.614267349243164
35,363,1.9296516180038452
35,364,1.6303905248641968
35,365,1.6864304542541504
35,366,1.6409974098205566
35,367,1.6816179752349854
35,368,1.6599340438842773
35,369,1.444833755493164
35,370,1.5961079597473145
35,371,1.8796042203903198
35,372,1.5326519012451172
35,373,2.0090856552124023
35,374,1.9328880310058594
35,375,2.1510701179504395
35,376,1.694324016571045
35,377,1.7503087520599365
35,378,1.757108449935913
35,379,1.9577977657318115
35,380,1.8845665454864502
35,381,2.2527472972869873
35,382,2.1163737773895264
35,383,2.2606983184814453
35,384,1.9472514390945435
35,385,1.5616178512573242
35,386,1.8464988470077515
35,387,1.5123381614685059
35,388,1.6779677867889404
35,389,1.6497771739959717
35,390,1.996556043624878
35,391,2.2759687900543213
35,392,1.67588210105896
35,393,1.9917984008789062
35,394,1.8489491939544678
35,395,1.5570285320281982
35,396,1.8481093645095825
35,397,2.0013351440429688
35,398,1.4528632164001465
35,399,1.9415507316589355
35,400,1.8874118328094482
35,401,1.7352614402770996
35,402,1.818927526473999
35,403,1.9657313823699951
35,404,1.7018301486968994
35,405,1.7077908515930176
35,406,1.6667611598968506
35,407,1.5628390312194824
35,408,1.7845128774642944
35,409,1.7355666160583496
35,410,1.3933415412902832
35,411,1.9358413219451904
35,412,2.177508592605591
35,413,1.9263460636138916
35,414,1.8736692667007446
35,415,1.7711341381072998
35,416,1.536308765411377
35,417,1.9280102252960205
35,418,1.677398920059204
35,419,1.9998152256011963
35,420,2.5498266220092773
35,421,2.104081153869629
35,422,1.5660789012908936
35,423,1.9770292043685913
35,424,1.4635021686553955
35,425,1.6979484558105469
35,426,1.8235628604888916
35,427,2.0982117652893066
35,428,1.7002911567687988
35,429,1.7641935348510742
35,430,1.4818997383117676
35,431,1.9255468845367432
35,432,1.634420394897461
35,433,1.9937562942504883
35,434,1.6563799381256104
35,435,1.6287280321121216
35,436,1.9660416841506958
35,437,1.8084309101104736
35,438,1.8667250871658325
35,439,1.8850769996643066
35,440,1.7586040496826172
35,441,1.6768145561218262
35,442,2.131946325302124
35,443,1.7364540100097656
35,444,1.9392096996307373
35,445,1.5032572746276855
35,446,1.6711456775665283
35,447,1.6693626642227173
35,448,1.6767113208770752
35,449,2.5239601135253906
35,450,1.9960706233978271
35,451,1.593989610671997
35,452,1.6694467067718506
35,453,1.7790722846984863
35,454,1.5501320362091064
35,455,1.7373685836791992
35,456,1.600942611694336
35,457,1.591521978378296
35,458,1.8028982877731323
35,459,1.9207202196121216
35,460,1.7180354595184326
35,461,1.7705178260803223
35,462,1.7232983112335205
35,463,1.6847853660583496
35,464,1.7221858501434326
35,465,1.7315692901611328
35,466,1.6021716594696045
35,467,1.3993723392486572
35,468,1.5502991676330566
35,469,1.5655603408813477
35,470,1.4296729564666748
35,471,1.399024486541748
35,472,1.5448652505874634
35,473,2.148867130279541
35,474,1.7636311054229736
35,475,1.8651971817016602
35,476,2.0049800872802734
35,477,1.4991365671157837
35,478,1.7845029830932617
35,479,1.4098138809204102
35,480,1.7184174060821533
35,481,1.7220885753631592
35,482,1.4898561239242554
35,483,1.7290235757827759
35,484,1.7995476722717285
35,485,1.510936975479126
35,486,1.604146957397461
35,487,1.6212373971939087
35,488,1.4052891731262207
35,489,1.8134822845458984
35,490,1.8522274494171143
35,491,1.975188970565796
35,492,1.7341347932815552
35,493,1.9601991176605225
35,494,1.544550895690918
35,495,1.6277379989624023
35,496,1.4727811813354492
35,497,1.7265195846557617
35,498,2.7799296379089355
36,0,1.8623062372207642
36,1,1.7960546016693115
36,2,1.6641216278076172
36,3,1.7133674621582031
36,4,1.8737257719039917
36,5,1.9987773895263672
36,6,1.5396825075149536
36,7,1.7495150566101074
36,8,2.1938371658325195
36,9,2.142493963241577
36,10,1.9586687088012695
36,11,2.048428535461426
36,12,1.7879068851470947
36,13,1.4579579830169678
36,14,1.7255072593688965
36,15,1.805920124053955
36,16,1.593367099761963
36,17,1.6398212909698486
36,18,1.3953677415847778
36,19,2.0784811973571777
36,20,1.954064130783081
36,21,2.1545939445495605
36,22,1.7252650260925293
36,23,1.805635929107666
36,24,2.397437572479248
36,25,1.81027352809906
36,26,2.608957290649414
36,27,1.2756507396697998
36,28,2.0012898445129395
36,29,2.089043617248535
36,30,1.7234601974487305
36,31,1.6596307754516602
36,32,1.3895978927612305
36,33,1.820711374282837
36,34,1.7009754180908203
36,35,1.8563036918640137
36,36,1.797192096710205
36,37,1.9640836715698242
36,38,1.4242980480194092
36,39,1.8381198644638062
36,40,1.7133235931396484
36,41,1.864126443862915
36,42,1.9305552244186401
36,43,1.5991456508636475
36,44,1.6899477243423462
36,45,1.9165208339691162
36,46,1.8105900287628174
36,47,1.5945764780044556
36,48,2.1150097846984863
36,49,1.7871021032333374
36,50,1.40803861618042
36,51,1.3735148906707764
36,52,1.897735595703125
36,53,1.606547474861145
36,54,2.0480754375457764
36,55,1.4591624736785889
36,56,1.8611619472503662
36,57,1.8354320526123047
36,58,2.2415919303894043
36,59,1.8346567153930664
36,60,1.6629176139831543
36,61,2.082584857940674
36,62,1.5937552452087402
36,63,1.5304808616638184
36,64,1.5662723779678345
36,65,1.7833611965179443
36,66,1.4000654220581055
36,67,2.398258686065674
36,68,1.7297319173812866
36,69,1.8122429847717285
36,70,1.7112929821014404
36,71,1.7762140035629272
36,72,2.2702600955963135
36,73,1.4882628917694092
36,74,1.7848317623138428
36,75,2.101292133331299
36,76,1.937035083770752
36,77,1.4354016780853271
36,78,1.6403801441192627
36,79,1.802154779434204
36,80,1.894061803817749
36,81,1.4513118267059326
36,82,1.771888017654419
36,83,1.553252935409546
36,84,1.8826193809509277
36,85,1.7014343738555908
36,86,1.965927243232727
36,87,1.674092173576355
36,88,1.6676840782165527
36,89,1.3768131732940674
36,90,1.5007033348083496
36,91,1.6358033418655396
36,92,1.7810120582580566
36,93,1.847815752029419
36,94,1.8923063278198242
36,95,1.8584864139556885
36,96,1.8353265523910522
36,97,1.3355876207351685
36,98,1.8820956945419312
36,99,1.5633594989776611
36,100,2.5343077182769775
36,101,1.7554785013198853
36,102,1.6473398208618164
36,103,1.9399161338806152
36,104,1.5686495304107666
36,105,1.684469223022461
36,106,1.7097992897033691
36,107,2.4328598976135254
36,108,1.5908269882202148
36,109,1.9554075002670288
36,110,1.461220145225525
36,111,2.0165209770202637
36,112,1.7153871059417725
36,113,1.542699933052063
36,114,2.0556421279907227
36,115,1.9724276065826416
36,116,1.7135953903198242
36,117,1.8312969207763672
36,118,1.6119204759597778
36,119,2.044682502746582
36,120,2.008721351623535
36,121,1.669811725616455
36,122,2.5321547985076904
36,123,2.028663158416748
36,124,1.8667168617248535
36,125,1.7067430019378662
36,126,1.6382224559783936
36,127,1.5553405284881592
36,128,1.6146647930145264
36,129,1.8393151760101318
36,130,2.1441004276275635
36,131,1.7095707654953003
36,132,1.7977651357650757
36,133,1.9276224374771118
36,134,1.8833742141723633
36,135,1.3462084531784058
36,136,2.2440929412841797
36,137,2.0694665908813477
36,138,1.5738787651062012
36,139,1.7240720987319946
36,140,1.600081205368042
36,141,1.5511682033538818
36,142,1.5752193927764893
36,143,1.423902988433838
36,144,1.8226866722106934
36,145,1.9625837802886963
36,146,2.0566458702087402
36,147,1.650968074798584
36,148,1.7378277778625488
36,149,2.001156806945801
36,150,1.8477587699890137
36,151,1.3958086967468262
36,152,2.2346696853637695
36,153,1.859861135482788
36,154,2.143956184387207
36,155,2.2295594215393066
36,156,1.6639704704284668
36,157,2.6837358474731445
36,158,2.0288801193237305
36,159,2.0943984985351562
36,160,1.5408945083618164
36,161,1.7542285919189453
36,162,1.3832261562347412
36,163,1.7191933393478394
36,164,1.6818335056304932
36,165,1.5753729343414307
36,166,2.185120105743408
36,167,1.7390823364257812
36,168,1.7633626461029053
36,169,1.845795750617981
36,170,1.3375760316848755
36,171,1.9093718528747559
36,172,1.903031349182129
36,173,1.708258867263794
36,174,2.0045652389526367
36,175,1.7223873138427734
36,176,1.7585031986236572
36,177,2.324052572250366
36,178,1.518791913986206
36,179,2.590714693069458
36,180,1.616265058517456
36,181,1.56990647315979
36,182,1.5769082307815552
36,183,1.4707940816879272
36,184,1.528337836265564
36,185,2.1490020751953125
36,186,1.7390518188476562
36,187,2.1140918731689453
36,188,1.8874473571777344
36,189,1.7780965566635132
36,190,1.9205573797225952
36,191,1.2549378871917725
36,192,1.745797872543335
36,193,1.6241644620895386
36,194,1.957162857055664
36,195,1.594451904296875
36,196,1.978868842124939
36,197,1.8374909162521362
36,198,1.7979156970977783
36,199,2.005192518234253
36,200,1.5394532680511475
36,201,2.100198268890381
36,202,2.277975559234619
36,203,1.8193180561065674
36,204,1.465837001800537
36,205,2.1014511585235596
36,206,2.1811561584472656
36,207,1.6624693870544434
36,208,2.0027427673339844
36,209,1.5221829414367676
36,210,2.208263397216797
36,211,1.8332221508026123
36,212,1.3956940174102783
36,213,1.987745761871338
36,214,1.7522335052490234
36,215,1.7574951648712158
36,216,1.5873310565948486
36,217,1.7723090648651123
36,218,1.7692689895629883
36,219,1.3442302942276
36,220,2.227870464324951
36,221,1.642564058303833
36,222,1.6251955032348633
36,223,1.7389107942581177
36,224,1.6137309074401855
36,225,1.7608790397644043
36,226,1.7708160877227783
36,227,1.5489609241485596
36,228,1.8820443153381348
36,229,2.2756412029266357
36,230,1.7689777612686157
36,231,2.1945958137512207
36,232,2.5405123233795166
36,233,1.5272552967071533
36,234,1.9065430164337158
36,235,1.7426631450653076
36,236,1.873136281967163
36,237,1.816972017288208
36,238,1.4316422939300537
36,239,1.650843858718872
36,240,1.528353214263916
36,241,1.6654117107391357
36,242,1.9078655242919922
36,243,2.1361184120178223
36,244,1.735302448272705
36,245,2.3853657245635986
36,246,1.964570164680481
36,247,1.4146509170532227
36,248,1.762573480606079
36,249,1.457342267036438
36,250,1.9392882585525513
36,251,1.5734591484069824
36,252,2.172837734222412
36,253,2.1470038890838623
36,254,2.113203525543213
36,255,1.9894464015960693
36,256,1.8514931201934814
36,257,1.389336109161377
36,258,1.6717686653137207
36,259,1.980506420135498
36,260,1.6134724617004395
36,261,2.058842658996582
36,262,1.8368990421295166
36,263,1.8132481575012207
36,264,1.2655078172683716
36,265,1.7933944463729858
36,266,1.704061508178711
36,267,2.0129446983337402
36,268,1.5719635486602783
36,269,1.8046575784683228
36,270,2.1502761840820312
36,271,1.935969591140747
36,272,2.045732021331787
36,273,1.612954020500183
36,274,2.1758713722229004
36,275,1.8625009059906006
36,276,1.9873907566070557
36,277,1.6557880640029907
36,278,2.589993476867676
36,279,2.044269561767578
36,280,2.36458420753479
36,281,2.2997212409973145
36,282,1.690103530883789
36,283,1.6793403625488281
36,284,1.6750869750976562
36,285,1.9020228385925293
36,286,2.026149034500122
36,287,1.9207719564437866
36,288,1.8285317420959473
36,289,2.1781177520751953
36,290,2.3752613067626953
36,291,1.9783129692077637
36,292,1.8441267013549805
36,293,1.568683385848999
36,294,1.7447123527526855
36,295,1.7354834079742432
36,296,1.6810725927352905
36,297,1.592502236366272
36,298,1.5483794212341309
36,299,1.9532990455627441
36,300,1.9726030826568604
36,301,1.9458340406417847
36,302,1.8802567720413208
36,303,2.005359649658203
36,304,1.9370732307434082
36,305,1.528019905090332
36,306,2.0063271522521973
36,307,2.061558485031128
36,308,1.7461402416229248
36,309,1.7311887741088867
36,310,1.6518882513046265
36,311,1.7140800952911377
36,312,2.025165319442749
36,313,1.627359390258789
36,314,1.7439204454421997
36,315,1.8292882442474365
36,316,1.5281519889831543
36,317,1.8000233173370361
36,318,1.8340179920196533
36,319,1.8957107067108154
36,320,1.8333518505096436
36,321,1.6302235126495361
36,322,1.6704299449920654
36,323,1.5844130516052246
36,324,1.8869372606277466
36,325,1.6352852582931519
36,326,1.896639108657837
36,327,1.6542309522628784
36,328,1.7465643882751465
36,329,2.4741039276123047
36,330,1.6720658540725708
36,331,2.0450210571289062
36,332,1.97859525680542
36,333,1.774160385131836
36,334,1.5207037925720215
36,335,2.069396495819092
36,336,2.069533586502075
36,337,1.7346456050872803
36,338,1.9901067018508911
36,339,2.0472989082336426
36,340,1.9401010274887085
36,341,1.6645324230194092
36,342,1.7293381690979004
36,343,1.7008657455444336
36,344,1.474181890487671
36,345,2.0633797645568848
36,346,1.910118818283081
36,347,1.6936359405517578
36,348,1.6588338613510132
36,349,2.2663917541503906
36,350,1.5676791667938232
36,351,1.502551794052124
36,352,1.5693118572235107
36,353,1.4628477096557617
36,354,1.570071816444397
36,355,1.8895785808563232
36,356,2.1773195266723633
36,357,2.2699294090270996
36,358,1.8114471435546875
36,359,2.129465103149414
36,360,1.86556077003479
36,361,1.5144457817077637
36,362,1.662088394165039
36,363,1.85541570186615
36,364,1.871687650680542
36,365,1.9129565954208374
36,366,2.052420139312744
36,367,1.7834854125976562
36,368,2.09126615524292
36,369,1.5921134948730469
36,370,1.6426255702972412
36,371,2.062164306640625
36,372,1.4942275285720825
36,373,1.833473801612854
36,374,1.7244335412979126
36,375,2.216433525085449
36,376,2.246100425720215
36,377,1.5623468160629272
36,378,2.1653199195861816
36,379,1.8484523296356201
36,380,1.7361136674880981
36,381,2.2717065811157227
36,382,1.7190642356872559
36,383,2.019787311553955
36,384,1.987700343132019
36,385,1.5905139446258545
36,386,1.7837541103363037
36,387,2.2485246658325195
36,388,1.4626595973968506
36,389,1.6877989768981934
36,390,2.1908698081970215
36,391,1.7878817319869995
36,392,2.011028528213501
36,393,2.046801805496216
36,394,2.207430601119995
36,395,2.149698257446289
36,396,1.968824863433838
36,397,1.9712800979614258
36,398,1.5179870128631592
36,399,1.864060878753662
36,400,2.028334617614746
36,401,1.6902971267700195
36,402,1.6247949600219727
36,403,2.235752820968628
36,404,1.463714838027954
36,405,1.4998524188995361
36,406,1.5095152854919434
36,407,2.292558193206787
36,408,1.7851907014846802
36,409,1.932441234588623
36,410,2.1300835609436035
36,411,1.944577932357788
36,412,1.599123239517212
36,413,1.5220727920532227
36,414,2.37361741065979
36,415,1.9464426040649414
36,416,1.6287999153137207
36,417,1.892777919769287
36,418,1.9268760681152344
36,419,1.759411096572876
36,420,1.6287753582000732
36,421,2.313265085220337
36,422,2.050321578979492
36,423,1.4957990646362305
36,424,1.3784695863723755
36,425,1.2785569429397583
36,426,1.7816364765167236
36,427,1.5262999534606934
36,428,1.9811930656433105
36,429,1.7701473236083984
36,430,1.7821308374404907
36,431,2.319613456726074
36,432,2.1169590950012207
36,433,1.3603593111038208
36,434,1.7856507301330566
36,435,1.505580186843872
36,436,1.5882776975631714
36,437,1.853240966796875
36,438,1.4663622379302979
36,439,1.8476841449737549
36,440,1.7302491664886475
36,441,1.504809856414795
36,442,1.6721477508544922
36,443,1.7193095684051514
36,444,1.695884346961975
36,445,1.613059163093567
36,446,1.5503249168395996
36,447,2.6163203716278076
36,448,1.7108442783355713
36,449,1.7927422523498535
36,450,1.4852352142333984
36,451,1.903480052947998
36,452,1.486898422241211
36,453,2.070568323135376
36,454,1.649174690246582
36,455,1.625525712966919
36,456,1.9497052431106567
36,457,1.8685991764068604
36,458,1.3970962762832642
36,459,1.5898995399475098
36,460,2.4829375743865967
36,461,1.463245153427124
36,462,1.9884512424468994
36,463,1.678675889968872
36,464,2.265206813812256
36,465,1.5247975587844849
36,466,2.318300247192383
36,467,1.2795279026031494
36,468,1.5759249925613403
36,469,1.83693528175354
36,470,1.6744670867919922
36,471,1.600150465965271
36,472,2.0950448513031006
36,473,1.5513668060302734
36,474,2.058720350265503
36,475,1.7106150388717651
36,476,1.743121862411499
36,477,1.950693130493164
36,478,1.9449677467346191
36,479,1.828331708908081
36,480,1.8892107009887695
36,481,1.7839789390563965
36,482,1.6621215343475342
36,483,1.5907840728759766
36,484,1.8039757013320923
36,485,1.5258053541183472
36,486,1.716034173965454
36,487,1.8204954862594604
36,488,1.437746524810791
36,489,1.7719097137451172
36,490,1.7778151035308838
36,491,1.490687370300293
36,492,1.5921976566314697
36,493,2.023193120956421
36,494,1.4043749570846558
36,495,2.728365898132324
36,496,1.7183407545089722
36,497,2.116199493408203
36,498,2.5981497764587402
37,0,1.9628660678863525
37,1,2.164933443069458
37,2,1.7285401821136475
37,3,1.8178446292877197
37,4,2.0610060691833496
37,5,1.8300211429595947
37,6,1.6300811767578125
37,7,1.3839166164398193
37,8,1.8383924961090088
37,9,2.0220720767974854
37,10,1.7319655418395996
37,11,1.9378399848937988
37,12,1.595916986465454
37,13,1.5906634330749512
37,14,2.1241092681884766
37,15,1.8122236728668213
37,16,2.12619948387146
37,17,1.7875597476959229
37,18,1.546370267868042
37,19,1.6136844158172607
37,20,1.372876763343811
37,21,1.9081557989120483
37,22,2.6110756397247314
37,23,1.7377824783325195
37,24,1.3769757747650146
37,25,1.630190134048462
37,26,1.3190994262695312
37,27,1.6373991966247559
37,28,1.5693683624267578
37,29,1.7322475910186768
37,30,2.3803062438964844
37,31,1.7750375270843506
37,32,1.7258129119873047
37,33,1.9947705268859863
37,34,1.872654676437378
37,35,1.6201165914535522
37,36,1.9139972925186157
37,37,1.8767833709716797
37,38,1.4055039882659912
37,39,1.5549917221069336
37,40,1.564829707145691
37,41,2.1111788749694824
37,42,1.7978365421295166
37,43,1.803133487701416
37,44,1.5230951309204102
37,45,1.6240904331207275
37,46,2.213867664337158
37,47,1.806674599647522
37,48,1.7381724119186401
37,49,2.2572150230407715
37,50,1.8166776895523071
37,51,1.7299059629440308
37,52,1.7024779319763184
37,53,1.5085254907608032
37,54,1.3447866439819336
37,55,1.549789547920227
37,56,2.1231279373168945
37,57,1.7355668544769287
37,58,2.020751953125
37,59,1.9731788635253906
37,60,1.5268959999084473
37,61,2.3992207050323486
37,62,1.8590270280838013
37,63,1.4813432693481445
37,64,1.9924595355987549
37,65,1.8148870468139648
37,66,2.134000301361084
37,67,1.4750921726226807
37,68,2.0116939544677734
37,69,1.794419765472412
37,70,1.7728357315063477
37,71,1.6638062000274658
37,72,1.736648678779602
37,73,1.8422906398773193
37,74,1.5736048221588135
37,75,1.6208010911941528
37,76,2.1732089519500732
37,77,1.7419347763061523
37,78,1.6446056365966797
37,79,2.023979663848877
37,80,1.8322811126708984
37,81,1.7419319152832031
37,82,1.3309880495071411
37,83,1.6947259902954102
37,84,1.7017159461975098
37,85,1.7473759651184082
37,86,1.9460787773132324
37,87,1.8351030349731445
37,88,1.7890229225158691
37,89,1.5888476371765137
37,90,1.9765396118164062
37,91,1.7688093185424805
37,92,1.8157076835632324
37,93,1.454599380493164
37,94,1.8133548498153687
37,95,1.8123952150344849
37,96,1.6150602102279663
37,97,1.5458098649978638
37,98,1.5416803359985352
37,99,1.570314884185791
37,100,1.6321473121643066
37,101,1.78583562374115
37,102,1.2970620393753052
37,103,2.2376859188079834
37,104,2.0916152000427246
37,105,1.8748382329940796
37,106,1.5192365646362305
37,107,1.4137506484985352
37,108,1.6589312553405762
37,109,1.540657877922058
37,110,1.4412550926208496
37,111,1.8900933265686035
37,112,1.7572351694107056
37,113,1.9893549680709839
37,114,2.001494884490967
37,115,2.2288146018981934
37,116,1.6488471031188965
37,117,1.838029384613037
37,118,1.854045033454895
37,119,1.584968090057373
37,120,1.7642416954040527
37,121,2.167419672012329
37,122,1.6098816394805908
37,123,1.800450086593628
37,124,1.8928617238998413
37,125,1.6188182830810547
37,126,1.531161904335022
37,127,2.1903934478759766
37,128,1.826810359954834
37,129,1.6255981922149658
37,130,1.4515091180801392
37,131,1.8495081663131714
37,132,1.878847360610962
37,133,1.5218411684036255
37,134,1.969238042831421
37,135,1.4717261791229248
37,136,1.2839336395263672
37,137,1.5716880559921265
37,138,2.264918565750122
37,139,1.4970544576644897
37,140,1.6798887252807617
37,141,1.7333219051361084
37,142,2.1265347003936768
37,143,1.6190829277038574
37,144,2.0275959968566895
37,145,2.5032999515533447
37,146,1.8692306280136108
37,147,2.0808639526367188
37,148,1.5969375371932983
37,149,2.089308738708496
37,150,2.3334503173828125
37,151,1.7995474338531494
37,152,1.592911958694458
37,153,1.7837669849395752
37,154,1.8219882249832153
37,155,1.503857970237732
37,156,1.5847495794296265
37,157,1.794681191444397
37,158,1.1925371885299683
37,159,1.7170836925506592
37,160,1.7691969871520996
37,161,2.0298357009887695
37,162,1.6759593486785889
37,163,1.6268632411956787
37,164,1.35701322555542
37,165,1.9447050094604492
37,166,1.9128391742706299
37,167,1.7648298740386963
37,168,2.3318982124328613
37,169,1.5942745208740234
37,170,2.279914379119873
37,171,2.204207420349121
37,172,2.1268670558929443
37,173,1.9745590686798096
37,174,1.9100738763809204
37,175,1.792539119720459
37,176,1.8195886611938477
37,177,1.7623193264007568
37,178,1.5404281616210938
37,179,1.7412965297698975
37,180,1.7430086135864258
37,181,1.6464133262634277
37,182,2.1141881942749023
37,183,1.492573857307434
37,184,1.7022438049316406
37,185,2.000661849975586
37,186,1.3607814311981201
37,187,2.215658664703369
37,188,1.7780977487564087
37,189,1.4359954595565796
37,190,1.5178711414337158
37,191,1.4631167650222778
37,192,1.5706480741500854
37,193,1.6022756099700928
37,194,1.9213390350341797
37,195,1.745171308517456
37,196,1.5092813968658447
37,197,1.790410041809082
37,198,1.7090214490890503
37,199,1.7273175716400146
37,200,2.125993490219116
37,201,1.8383045196533203
37,202,1.4888980388641357
37,203,1.6933103799819946
37,204,1.6901860237121582
37,205,1.7901281118392944
37,206,1.5832983255386353
37,207,1.437609076499939
37,208,1.8612356185913086
37,209,2.0212385654449463
37,210,1.7844984531402588
37,211,1.6322228908538818
37,212,1.924854040145874
37,213,1.7568846940994263
37,214,1.8669819831848145
37,215,1.8366979360580444
37,216,1.7027721405029297
37,217,1.8719379901885986
37,218,1.6465041637420654
37,219,1.2833411693572998
37,220,2.9171152114868164
37,221,1.8520357608795166
37,222,2.1853044033050537
37,223,1.7293999195098877
37,224,1.5361558198928833
37,225,2.296694755554199
37,226,1.8701508045196533
37,227,2.405754566192627
37,228,2.017336845397949
37,229,2.7064597606658936
37,230,2.0256128311157227
37,231,1.5041152238845825
37,232,1.8851304054260254
37,233,1.8459733724594116
37,234,1.8698303699493408
37,235,2.1790597438812256
37,236,2.375638723373413
37,237,2.2278213500976562
37,238,1.3927838802337646
37,239,1.6256272792816162
37,240,1.7738956212997437
37,241,1.6899224519729614
37,242,1.960978627204895
37,243,1.674757480621338
37,244,1.707289218902588
37,245,1.651270866394043
37,246,1.569230079650879
37,247,1.9749598503112793
37,248,1.7830097675323486
37,249,1.766116738319397
37,250,1.868612289428711
37,251,1.8251570463180542
37,252,1.9040526151657104
37,253,1.699366569519043
37,254,1.5476452112197876
37,255,1.6423134803771973
37,256,1.5460039377212524
37,257,1.786540150642395
37,258,1.7490661144256592
37,259,1.5088939666748047
37,260,1.8395334482192993
37,261,1.779394268989563
37,262,1.7563035488128662
37,263,1.3767025470733643
37,264,1.6367318630218506
37,265,2.3348212242126465
37,266,2.218930244445801
37,267,1.8556116819381714
37,268,2.035639762878418
37,269,1.6362104415893555
37,270,1.6727665662765503
37,271,1.46499764919281
37,272,1.5577309131622314
37,273,1.8492079973220825
37,274,1.3155182600021362
37,275,1.6695034503936768
37,276,1.6453677415847778
37,277,1.723402500152588
37,278,1.6052448749542236
37,279,1.7561073303222656
37,280,1.738537311553955
37,281,2.008260726928711
37,282,1.7710394859313965
37,283,2.0251846313476562
37,284,2.0658774375915527
37,285,1.8570621013641357
37,286,1.6552398204803467
37,287,1.6511363983154297
37,288,1.8122353553771973
37,289,1.8463685512542725
37,290,1.6463032960891724
37,291,1.4551286697387695
37,292,2.125152111053467
37,293,2.247810125350952
37,294,1.982208251953125
37,295,2.0680313110351562
37,296,2.1637935638427734
37,297,1.878418207168579
37,298,1.5655254125595093
37,299,1.5682438611984253
37,300,1.7329301834106445
37,301,1.9736186265945435
37,302,2.2406468391418457
37,303,1.7558988332748413
37,304,1.5759971141815186
37,305,1.6915385723114014
37,306,2.3567817211151123
37,307,1.8792425394058228
37,308,1.804476022720337
37,309,1.9906995296478271
37,310,1.8141753673553467
37,311,1.6177842617034912
37,312,1.7113633155822754
37,313,2.059769630432129
37,314,1.9768353700637817
37,315,1.802728295326233
37,316,1.931684970855713
37,317,1.5577995777130127
37,318,1.7477953433990479
37,319,1.8097124099731445
37,320,2.268552303314209
37,321,1.4866948127746582
37,322,2.062002658843994
37,323,1.9625053405761719
37,324,1.9038236141204834
37,325,1.6094229221343994
37,326,2.7815206050872803
37,327,1.4788076877593994
37,328,1.8766555786132812
37,329,1.445139765739441
37,330,1.6544277667999268
37,331,1.652084231376648
37,332,2.071707010269165
37,333,1.947054386138916
37,334,1.8554095029830933
37,335,1.6989166736602783
37,336,1.5958123207092285
37,337,1.8922709226608276
37,338,1.6069178581237793
37,339,1.5402113199234009
37,340,1.5747096538543701
37,341,1.7480788230895996
37,342,1.5668106079101562
37,343,1.3861119747161865
37,344,1.6732568740844727
37,345,2.037308692932129
37,346,1.8052828311920166
37,347,2.011554479598999
37,348,1.85770845413208
37,349,1.629805088043213
37,350,1.7080895900726318
37,351,2.341836929321289
37,352,1.5093655586242676
37,353,2.7002065181732178
37,354,1.9697303771972656
37,355,1.6817560195922852
37,356,2.2714531421661377
37,357,1.4643938541412354
37,358,2.1898837089538574
37,359,1.6016936302185059
37,360,1.9001271724700928
37,361,2.1238110065460205
37,362,1.6853362321853638
37,363,1.6555469036102295
37,364,1.6932791471481323
37,365,1.7031528949737549
37,366,2.095097541809082
37,367,2.181028366088867
37,368,2.0206406116485596
37,369,1.6720398664474487
37,370,1.3825147151947021
37,371,1.7866806983947754
37,372,1.9420154094696045
37,373,2.042062759399414
37,374,1.6756770610809326
37,375,1.6050872802734375
37,376,1.666654348373413
37,377,1.9544541835784912
37,378,1.651532769203186
37,379,1.8503718376159668
37,380,1.7813889980316162
37,381,2.0241308212280273
37,382,1.5823684930801392
37,383,1.4413057565689087
37,384,1.8290259838104248
37,385,1.8276760578155518
37,386,1.7841694355010986
37,387,1.6829612255096436
37,388,1.5255982875823975
37,389,1.5479683876037598
37,390,2.219404697418213
37,391,1.66085684299469
37,392,1.5647472143173218
37,393,2.040351390838623
37,394,1.4002604484558105
37,395,2.055527687072754
37,396,1.86793851852417
37,397,1.870206594467163
37,398,1.7466973066329956
37,399,1.5258500576019287
37,400,1.5812840461730957
37,401,1.5932643413543701
37,402,1.1953649520874023
37,403,1.8192100524902344
37,404,1.723412036895752
37,405,1.5866217613220215
37,406,2.2589080333709717
37,407,1.3826899528503418
37,408,1.6915326118469238
37,409,1.9853236675262451
37,410,1.732193112373352
37,411,2.2714154720306396
37,412,1.7713894844055176
37,413,1.629621982574463
37,414,1.7339885234832764
37,415,1.2286832332611084
37,416,2.232970714569092
37,417,1.8713809251785278
37,418,1.7590885162353516
37,419,1.479668378829956
37,420,1.944934606552124
37,421,1.5124461650848389
37,422,1.5204977989196777
37,423,1.6961455345153809
37,424,1.8221865892410278
37,425,1.5412029027938843
37,426,1.4906563758850098
37,427,1.9497967958450317
37,428,1.9480316638946533
37,429,2.2946114540100098
37,430,1.6970815658569336
37,431,1.7864103317260742
37,432,1.485940933227539
37,433,1.5467947721481323
37,434,2.059549331665039
37,435,1.9756801128387451
37,436,1.6832164525985718
37,437,1.7296111583709717
37,438,1.4686238765716553
37,439,1.594050407409668
37,440,1.634058952331543
37,441,1.970149278640747
37,442,1.7800867557525635
37,443,1.9912720918655396
37,444,1.6361701488494873
37,445,2.3642892837524414
37,446,1.746264934539795
37,447,1.7112743854522705
37,448,1.5373799800872803
37,449,2.0978753566741943
37,450,1.849039912223816
37,451,1.7301442623138428
37,452,1.938423991203308
37,453,1.7996588945388794
37,454,1.8609669208526611
37,455,1.5194282531738281
37,456,1.6109743118286133
37,457,1.5710361003875732
37,458,1.6641594171524048
37,459,1.6904311180114746
37,460,1.91988205909729
37,461,2.315865993499756
37,462,2.0558743476867676
37,463,1.9027434587478638
37,464,1.4606765508651733
37,465,2.2153878211975098
37,466,1.763366937637329
37,467,1.6529945135116577
37,468,1.8659179210662842
37,469,1.7898406982421875
37,470,2.165977954864502
37,471,2.578402042388916
37,472,1.518505573272705
37,473,1.777586579322815
37,474,1.7313414812088013
37,475,2.160764217376709
37,476,1.6137140989303589
37,477,1.468573808670044
37,478,1.4765825271606445
37,479,1.8504345417022705
37,480,1.4960708618164062
37,481,1.5318281650543213
37,482,1.8436505794525146
37,483,1.5732682943344116
37,484,1.6037204265594482
37,485,1.5576786994934082
37,486,1.2505916357040405
37,487,1.4063429832458496
37,488,1.732799768447876
37,489,1.7998054027557373
37,490,1.6296225786209106
37,491,1.8005963563919067
37,492,1.6227459907531738
37,493,1.487574815750122
37,494,1.4917206764221191
37,495,1.7495427131652832
37,496,2.2910261154174805
37,497,1.5855457782745361
37,498,1.3440747261047363
38,0,1.9692742824554443
38,1,1.936485767364502
38,2,1.6884187459945679
38,3,2.1164352893829346
38,4,1.8523406982421875
38,5,1.6668710708618164
38,6,1.5970122814178467
38,7,1.9338467121124268
38,8,1.5461888313293457
38,9,1.414172887802124
38,10,1.6406586170196533
38,11,2.5074877738952637
38,12,1.7275199890136719
38,13,1.6727867126464844
38,14,1.5310463905334473
38,15,2.5069451332092285
38,16,1.3846123218536377
38,17,1.6403534412384033
38,18,1.7208433151245117
38,19,1.4798126220703125
38,20,1.708612322807312
38,21,1.6549217700958252
38,22,1.790770411491394
38,23,1.802714467048645
38,24,1.3335200548171997
38,25,1.637494683265686
38,26,1.759979009628296
38,27,2.1060612201690674
38,28,1.9250147342681885
38,29,1.7524604797363281
38,30,1.4314608573913574
38,31,2.078249454498291
38,32,1.7080155611038208
38,33,1.688429594039917
38,34,1.4332282543182373
38,35,1.662253975868225
38,36,1.8104872703552246
38,37,2.307882785797119
38,38,1.587756633758545
38,39,2.0667724609375
38,40,1.8477973937988281
38,41,1.6243035793304443
38,42,1.580782175064087
38,43,1.6114667654037476
38,44,1.749346137046814
38,45,1.6741821765899658
38,46,1.598830223083496
38,47,1.8787304162979126
38,48,1.581472635269165
38,49,1.5189074277877808
38,50,1.8490872383117676
38,51,1.2891837358474731
38,52,2.071995496749878
38,53,1.8532387018203735
38,54,1.6299716234207153
38,55,1.6368266344070435
38,56,1.8411059379577637
38,57,2.1961424350738525
38,58,1.728947401046753
38,59,1.8235573768615723
38,60,1.721880555152893
38,61,1.5614662170410156
38,62,1.5071704387664795
38,63,1.979686975479126
38,64,1.890721082687378
38,65,1.7728455066680908
38,66,1.8724615573883057
38,67,1.6479898691177368
38,68,1.8208959102630615
38,69,1.5978349447250366
38,70,1.6432907581329346
38,71,1.919234037399292
38,72,1.7046546936035156
38,73,1.784516453742981
38,74,1.437204122543335
38,75,1.9235427379608154
38,76,1.6791417598724365
38,77,1.6473183631896973
38,78,1.5894274711608887
38,79,1.9453665018081665
38,80,2.4122636318206787
38,81,1.4555878639221191
38,82,1.4917292594909668
38,83,1.543633222579956
38,84,1.5423661470413208
38,85,1.93426513671875
38,86,1.8444631099700928
38,87,1.8854230642318726
38,88,2.052175760269165
38,89,1.4227365255355835
38,90,2.2389626502990723
38,91,1.7292752265930176
38,92,1.844315528869629
38,93,1.7140889167785645
38,94,1.9116708040237427
38,95,1.821829080581665
38,96,1.774393081665039
38,97,1.9117686748504639
38,98,1.519105315208435
38,99,1.725492238998413
38,100,1.8757553100585938
38,101,1.469069004058838
38,102,1.8829140663146973
38,103,1.8177433013916016
38,104,1.6351258754730225
38,105,1.5624711513519287
38,106,1.5808908939361572
38,107,1.7669849395751953
38,108,1.3863980770111084
38,109,1.5639114379882812
38,110,1.5828356742858887
38,111,1.8659226894378662
38,112,1.7012560367584229
38,113,1.4978604316711426
38,114,1.5464065074920654
38,115,1.9405491352081299
38,116,1.4008655548095703
38,117,1.466761827468872
38,118,1.9661431312561035
38,119,2.2185633182525635
38,120,1.743053913116455
38,121,1.8639792203903198
38,122,1.8613238334655762
38,123,1.5303637981414795
38,124,1.6282238960266113
38,125,1.5445362329483032
38,126,2.270338535308838
38,127,1.8466365337371826
38,128,1.9708638191223145
38,129,2.1066994667053223
38,130,1.457344651222229
38,131,1.7671774625778198
38,132,1.4668045043945312
38,133,2.008793592453003
38,134,1.532496452331543
38,135,1.973628282546997
38,136,1.968714714050293
38,137,1.7100216150283813
38,138,2.29656720161438
38,139,2.2536253929138184
38,140,1.6360700130462646
38,141,1.8020219802856445
38,142,1.6278927326202393
38,143,1.9364848136901855
38,144,2.05191707611084
38,145,1.7719976902008057
38,146,2.072713851928711
38,147,1.8263198137283325
38,148,1.8001017570495605
38,149,1.3700602054595947
38,150,2.2033305168151855
38,151,1.8848652839660645
38,152,1.3884968757629395
38,153,1.8500906229019165
38,154,1.8850810527801514
38,155,1.5551633834838867
38,156,1.8758505582809448
38,157,1.6166596412658691
38,158,2.5229687690734863
38,159,1.543947696685791
38,160,1.8402106761932373
38,161,1.991286277770996
38,162,1.841674566268921
38,163,3.3015353679656982
38,164,1.6399469375610352
38,165,2.4344587326049805
38,166,2.0731117725372314
38,167,1.669550895690918
38,168,1.9763214588165283
38,169,1.7589398622512817
38,170,1.5502042770385742
38,171,1.9784939289093018
38,172,1.6839654445648193
38,173,1.669348955154419
38,174,1.845440149307251
38,175,1.514040231704712
38,176,2.4676990509033203
38,177,1.6936461925506592
38,178,1.7942091226577759
38,179,1.4059348106384277
38,180,1.69292151927948
38,181,1.538314700126648
38,182,1.6154779195785522
38,183,1.605569839477539
38,184,1.742840051651001
38,185,2.036120653152466
38,186,1.7478777170181274
38,187,2.311448097229004
38,188,1.7015507221221924
38,189,2.182401657104492
38,190,3.0634360313415527
38,191,1.3405635356903076
38,192,1.7803070545196533
38,193,1.6362545490264893
38,194,1.8258458375930786
38,195,1.7657642364501953
38,196,1.460264801979065
38,197,1.8112845420837402
38,198,1.5523185729980469
38,199,1.7538256645202637
38,200,1.760025143623352
38,201,1.7025995254516602
38,202,1.6509807109832764
38,203,1.3896098136901855
38,204,1.6706056594848633
38,205,1.9781674146652222
38,206,2.0351786613464355
38,207,2.057269811630249
38,208,1.7667512893676758
38,209,1.5887596607208252
38,210,1.7813150882720947
38,211,1.8903844356536865
38,212,2.2415733337402344
38,213,1.2895995378494263
38,214,2.074280023574829
38,215,1.8514759540557861
38,216,2.0808191299438477
38,217,1.8214935064315796
38,218,1.79336678981781
38,219,1.8039261102676392
38,220,1.771775245666504
38,221,1.7942125797271729
38,222,1.4470720291137695
38,223,1.9799227714538574
38,224,1.8290374279022217
38,225,1.3772975206375122
38,226,1.712923288345337
38,227,1.5788313150405884
38,228,2.1078829765319824
38,229,2.0093774795532227
38,230,1.2457761764526367
38,231,1.9833253622055054
38,232,2.0663814544677734
38,233,1.6949710845947266
38,234,1.9449714422225952
38,235,2.3117194175720215
38,236,1.5099949836730957
38,237,2.247922897338867
38,238,1.5104721784591675
38,239,2.2420554161071777
38,240,1.939420223236084
38,241,1.687518835067749
38,242,1.4460632801055908
38,243,2.1686556339263916
38,244,2.0698323249816895
38,245,1.7999937534332275
38,246,1.4478262662887573
38,247,1.732201337814331
38,248,1.302215814590454
38,249,1.7324763536453247
38,250,1.6793779134750366
38,251,1.6908085346221924
38,252,1.6619882583618164
38,253,2.22622013092041
38,254,1.4099838733673096
38,255,1.6401252746582031
38,256,1.693118691444397
38,257,1.9710338115692139
38,258,1.7051016092300415
38,259,2.488077163696289
38,260,1.7827116250991821
38,261,1.5486409664154053
38,262,1.6847870349884033
38,263,1.758958339691162
38,264,1.895655632019043
38,265,1.2716140747070312
38,266,1.850524663925171
38,267,1.8563387393951416
38,268,2.6967082023620605
38,269,2.0015463829040527
38,270,1.6937471628189087
38,271,1.775803804397583
38,272,2.4105722904205322
38,273,2.0295159816741943
38,274,1.6120669841766357
38,275,1.364228367805481
38,276,1.4509044885635376
38,277,1.6809306144714355
38,278,1.6495962142944336
38,279,2.1358556747436523
38,280,1.353324055671692
38,281,2.0710508823394775
38,282,1.6294968128204346
38,283,1.610607624053955
38,284,1.8176803588867188
38,285,1.9679745435714722
38,286,2.2293710708618164
38,287,1.7428536415100098
38,288,1.4439144134521484
38,289,1.7066407203674316
38,290,1.652721643447876
38,291,1.6409410238265991
38,292,1.5889742374420166
38,293,1.730349063873291
38,294,1.7661159038543701
38,295,1.9623160362243652
38,296,1.762157917022705
38,297,2.367715358734131
38,298,1.7108445167541504
38,299,1.8214478492736816
38,300,2.0715065002441406
38,301,1.6966562271118164
38,302,1.961467981338501
38,303,1.8499654531478882
38,304,2.2900187969207764
38,305,1.5556516647338867
38,306,2.048097610473633
38,307,1.7897067070007324
38,308,1.5215272903442383
38,309,1.930396318435669
38,310,1.2962133884429932
38,311,1.7818150520324707
38,312,1.6691868305206299
38,313,1.819970965385437
38,314,2.1784939765930176
38,315,1.5140411853790283
38,316,1.369522213935852
38,317,2.305053472518921
38,318,1.7785537242889404
38,319,1.5409947633743286
38,320,2.567464828491211
38,321,1.7990772724151611
38,322,1.8297600746154785
38,323,1.758829116821289
38,324,1.9015698432922363
38,325,1.7588167190551758
38,326,1.7121636867523193
38,327,1.853651762008667
38,328,1.4988125562667847
38,329,1.92742919921875
38,330,1.7178679704666138
38,331,2.045029640197754
38,332,1.795578122138977
38,333,1.7271029949188232
38,334,1.81670081615448
38,335,2.0452332496643066
38,336,2.0423691272735596
38,337,1.8169069290161133
38,338,1.6717298030853271
38,339,1.5649937391281128
38,340,1.920559048652649
38,341,1.9299827814102173
38,342,1.8780359029769897
38,343,2.2045092582702637
38,344,1.8354233503341675
38,345,1.775252342224121
38,346,2.0471434593200684
38,347,2.006758689880371
38,348,2.3849334716796875
38,349,1.5837366580963135
38,350,1.5688307285308838
38,351,1.6507463455200195
38,352,2.484351873397827
38,353,2.1911606788635254
38,354,1.9632841348648071
38,355,1.6199049949645996
38,356,1.8093018531799316
38,357,1.6892664432525635
38,358,2.2182798385620117
38,359,2.4993650913238525
38,360,2.078733444213867
38,361,1.5220627784729004
38,362,1.4461556673049927
38,363,1.282297134399414
38,364,2.0782065391540527
38,365,1.761735200881958
38,366,1.858915090560913
38,367,1.5263222455978394
38,368,1.9476758241653442
38,369,1.654226303100586
38,370,1.9697060585021973
38,371,1.7517658472061157
38,372,1.9651470184326172
38,373,1.615849256515503
38,374,1.9416964054107666
38,375,1.9869606494903564
38,376,2.28542423248291
38,377,1.7012369632720947
38,378,2.1118569374084473
38,379,1.6993772983551025
38,380,1.9455127716064453
38,381,1.6278657913208008
38,382,1.6911890506744385
38,383,1.7739999294281006
38,384,2.1714560985565186
38,385,1.5151808261871338
38,386,1.6647502183914185
38,387,1.6071536540985107
38,388,2.093590259552002
38,389,1.4816486835479736
38,390,1.836910605430603
38,391,2.022646427154541
38,392,1.993116855621338
38,393,1.816718578338623
38,394,1.8820827007293701
38,395,1.4099550247192383
38,396,1.1813788414001465
38,397,1.3971577882766724
38,398,1.6741231679916382
38,399,1.6538732051849365
38,400,1.7340662479400635
38,401,2.301316499710083
38,402,2.3824782371520996
38,403,1.558768391609192
38,404,2.0050196647644043
38,405,2.156799793243408
38,406,1.5590016841888428
38,407,1.834903597831726
38,408,1.5747811794281006
38,409,1.8494335412979126
38,410,1.5805552005767822
38,411,1.7801566123962402
38,412,1.8735039234161377
38,413,1.4811651706695557
38,414,1.7194485664367676
38,415,1.8161803483963013
38,416,1.649940013885498
38,417,1.6163413524627686
38,418,1.7088301181793213
38,419,1.8884730339050293
38,420,1.853961706161499
38,421,2.010939598083496
38,422,1.6786022186279297
38,423,1.3753491640090942
38,424,1.7236733436584473
38,425,1.7807209491729736
38,426,1.9054617881774902
38,427,1.7132697105407715
38,428,1.8530014753341675
38,429,1.765989065170288
38,430,1.760962963104248
38,431,2.491276741027832
38,432,2.066366672515869
38,433,1.9479001760482788
38,434,1.4295358657836914
38,435,1.676955223083496
38,436,1.5426054000854492
38,437,1.812734842300415
38,438,1.281307578086853
38,439,1.8012809753417969
38,440,1.9646095037460327
38,441,1.4795012474060059
38,442,1.636789083480835
38,443,1.7710952758789062
38,444,1.6352699995040894
38,445,1.909778356552124
38,446,1.5581841468811035
38,447,1.3886349201202393
38,448,1.8100030422210693
38,449,1.7308937311172485
38,450,1.4386703968048096
38,451,2.3787593841552734
38,452,1.5926475524902344
38,453,1.6273361444473267
38,454,1.6442748308181763
38,455,1.6933345794677734
38,456,1.8577218055725098
38,457,1.6094365119934082
38,458,2.265641212463379
38,459,1.4957282543182373
38,460,2.172410249710083
38,461,2.0374629497528076
38,462,2.491424083709717
38,463,1.54092276096344
38,464,1.616429090499878
38,465,1.5230329036712646
38,466,1.4782609939575195
38,467,1.9696400165557861
38,468,2.238877773284912
38,469,2.223189115524292
38,470,1.7272491455078125
38,471,1.8128056526184082
38,472,1.727741003036499
38,473,1.6117156744003296
38,474,1.620499849319458
38,475,1.741376519203186
38,476,2.092139959335327
38,477,1.841288447380066
38,478,2.160139799118042
38,479,1.6384286880493164
38,480,1.6298725605010986
38,481,1.7991833686828613
38,482,1.7023301124572754
38,483,1.6038522720336914
38,484,1.4436911344528198
38,485,1.8158999681472778
38,486,1.6351490020751953
38,487,1.5733652114868164
38,488,1.69294011592865
38,489,1.5450161695480347
38,490,1.6395756006240845
38,491,1.7548861503601074
38,492,1.4034438133239746
38,493,1.5040075778961182
38,494,1.3967175483703613
38,495,1.6999099254608154
38,496,1.492925763130188
38,497,1.6606724262237549
38,498,1.7079908847808838
39,0,1.7125176191329956
39,1,1.5403385162353516
39,2,1.934302568435669
39,3,1.6356086730957031
39,4,1.645031213760376
39,5,1.5782976150512695
39,6,1.895832896232605
39,7,1.5817606449127197
39,8,1.8473225831985474
39,9,1.9408167600631714
39,10,1.4709991216659546
39,11,2.2725906372070312
39,12,2.6293118000030518
39,13,2.1171491146087646
39,14,1.9210705757141113
39,15,1.9533143043518066
39,16,2.060930013656616
39,17,1.8772841691970825
39,18,1.7078163623809814
39,19,1.6826136112213135
39,20,1.9837449789047241
39,21,1.6776506900787354
39,22,2.2281951904296875
39,23,1.7015841007232666
39,24,1.652706503868103
39,25,1.7136259078979492
39,26,1.9870061874389648
39,27,1.8837732076644897
39,28,1.7498427629470825
39,29,1.3300559520721436
39,30,1.6859034299850464
39,31,1.4263898134231567
39,32,1.4604270458221436
39,33,1.3942010402679443
39,34,1.826615333557129
39,35,1.4652881622314453
39,36,2.0193817615509033
39,37,1.8550682067871094
39,38,1.6719400882720947
39,39,1.6228771209716797
39,40,1.4471076726913452
39,41,1.7329175472259521
39,42,2.0763602256774902
39,43,1.621436595916748
39,44,1.7144359350204468
39,45,1.9397015571594238
39,46,1.6652168035507202
39,47,1.2306766510009766
39,48,1.8767852783203125
39,49,2.0330023765563965
39,50,1.539374589920044
39,51,1.9465844631195068
39,52,1.8531655073165894
39,53,1.8175048828125
39,54,1.7761027812957764
39,55,2.098409414291382
39,56,2.08223557472229
39,57,1.8581656217575073
39,58,1.7136082649230957
39,59,1.4573663473129272
39,60,1.686349868774414
39,61,1.5423287153244019
39,62,2.6006345748901367
39,63,1.5893797874450684
39,64,1.8264644145965576
39,65,1.9098231792449951
39,66,1.8361573219299316
39,67,1.8909978866577148
39,68,1.4905054569244385
39,69,1.4420089721679688
39,70,1.7879971265792847
39,71,1.5529026985168457
39,72,1.6093626022338867
39,73,1.8555052280426025
39,74,2.8062381744384766
39,75,2.0801665782928467
39,76,1.4308439493179321
39,77,1.7141679525375366
39,78,1.8261611461639404
39,79,2.2499871253967285
39,80,1.5153865814208984
39,81,1.579849362373352
39,82,2.06887149810791
39,83,2.030482292175293
39,84,1.5842828750610352
39,85,2.0870702266693115
39,86,1.6673738956451416
39,87,1.8867084980010986
39,88,1.4328677654266357
39,89,1.665470838546753
39,90,1.6257323026657104
39,91,1.3531274795532227
39,92,1.6792082786560059
39,93,1.8037939071655273
39,94,1.5447964668273926
39,95,1.3156981468200684
39,96,1.8085074424743652
39,97,1.6590182781219482
39,98,1.73286771774292
39,99,2.299729108810425
39,100,1.4779727458953857
39,101,1.9991161823272705
39,102,2.2338171005249023
39,103,1.8496038913726807
39,104,1.7694551944732666
39,105,1.931528925895691
39,106,1.8076930046081543
39,107,1.8948309421539307
39,108,1.524679183959961
39,109,1.8221709728240967
39,110,1.4618797302246094
39,111,1.6249418258666992
39,112,2.2967920303344727
39,113,1.604682207107544
39,114,1.592648983001709
39,115,1.6277737617492676
39,116,1.5741963386535645
39,117,1.6727542877197266
39,118,2.0135908126831055
39,119,1.573144793510437
39,120,1.7935681343078613
39,121,1.7537695169448853
39,122,1.711193561553955
39,123,1.653815507888794
39,124,1.5758171081542969
39,125,1.5412014722824097
39,126,1.671025037765503
39,127,1.4044008255004883
39,128,1.5972249507904053
39,129,1.89668869972229
39,130,1.723186731338501
39,131,1.2713627815246582
39,132,1.803229808807373
39,133,1.6110416650772095
39,134,2.352510929107666
39,135,1.4308106899261475
39,136,1.6531834602355957
39,137,1.8229862451553345
39,138,1.8170111179351807
39,139,1.9457149505615234
39,140,1.676091194152832
39,141,1.757140874862671
39,142,1.561753749847412
39,143,1.5710179805755615
39,144,1.6241488456726074
39,145,2.080925464630127
39,146,1.8899133205413818
39,147,1.78071129322052
39,148,2.128633975982666
39,149,1.6622974872589111
39,150,1.6767024993896484
39,151,2.300670623779297
39,152,1.995046615600586
39,153,1.7220211029052734
39,154,1.5627238750457764
39,155,1.9716145992279053
39,156,1.7771823406219482
39,157,1.7276052236557007
39,158,1.6973711252212524
39,159,1.3613429069519043
39,160,2.247999668121338
39,161,1.7752962112426758
39,162,1.4602787494659424
39,163,1.4229192733764648
39,164,1.969423532485962
39,165,1.6452921628952026
39,166,2.2355833053588867
39,167,1.6648247241973877
39,168,1.4049381017684937
39,169,2.024991035461426
39,170,1.5164785385131836
39,171,1.2348535060882568
39,172,1.5485939979553223
39,173,1.9609090089797974
39,174,1.8145673274993896
39,175,1.4344754219055176
39,176,1.5691568851470947
39,177,1.888686180114746
39,178,1.662255883216858
39,179,1.367641806602478
39,180,2.2698512077331543
39,181,1.9310297966003418
39,182,1.781630516052246
39,183,1.7767038345336914
39,184,1.8307222127914429
39,185,1.805121898651123
39,186,1.5879920721054077
39,187,1.6616743803024292
39,188,1.62769615650177
39,189,1.596958041191101
39,190,1.7028833627700806
39,191,1.5564768314361572
39,192,1.6276819705963135
39,193,1.4308382272720337
39,194,1.6410177946090698
39,195,1.799924612045288
39,196,1.6510539054870605
39,197,1.7911887168884277
39,198,1.797968864440918
39,199,1.9047287702560425
39,200,1.8449583053588867
39,201,1.4309301376342773
39,202,2.198307514190674
39,203,1.9540399312973022
39,204,1.8180930614471436
39,205,1.8256443738937378
39,206,1.4179043769836426
39,207,1.2437753677368164
39,208,1.760121464729309
39,209,1.693908929824829
39,210,1.7810901403427124
39,211,2.153289556503296
39,212,1.6283066272735596
39,213,1.9302507638931274
39,214,1.7245848178863525
39,215,2.0032200813293457
39,216,2.211378812789917
39,217,2.0070579051971436
39,218,1.69423508644104
39,219,1.9628939628601074
39,220,1.4938726425170898
39,221,1.8978767395019531
39,222,1.6736088991165161
39,223,1.7271900177001953
39,224,1.3728644847869873
39,225,2.085265874862671
39,226,1.473268985748291
39,227,1.9833965301513672
39,228,1.4796552658081055
39,229,1.746574878692627
39,230,1.7373814582824707
39,231,1.7296128273010254
39,232,2.136058807373047
39,233,1.941900610923767
39,234,2.664306640625
39,235,1.8163931369781494
39,236,1.6982759237289429
39,237,1.5549721717834473
39,238,1.7647119760513306
39,239,2.07887601852417
39,240,1.4806358814239502
39,241,1.7015368938446045
39,242,1.4195960760116577
39,243,1.8803738355636597
39,244,1.7291676998138428
39,245,1.618811845779419
39,246,2.0435853004455566
39,247,1.7393484115600586
39,248,2.005368709564209
39,249,2.182791233062744
39,250,1.5923991203308105
39,251,1.4084274768829346
39,252,2.1733880043029785
39,253,1.683817744255066
39,254,1.4045379161834717
39,255,1.7077579498291016
39,256,1.891248345375061
39,257,1.7132165431976318
39,258,1.5862133502960205
39,259,1.2686517238616943
39,260,1.656757116317749
39,261,1.702338457107544
39,262,1.7344969511032104
39,263,1.6036925315856934
39,264,2.1527950763702393
39,265,2.0863564014434814
39,266,1.9266397953033447
39,267,1.9579193592071533
39,268,1.5436365604400635
39,269,1.4869747161865234
39,270,1.955162525177002
39,271,1.843733310699463
39,272,1.649158000946045
39,273,1.8218483924865723
39,274,2.0042128562927246
39,275,1.6080975532531738
39,276,1.59406578540802
39,277,1.8746836185455322
39,278,1.7445513010025024
39,279,1.9006438255310059
39,280,2.1855597496032715
39,281,1.7502001523971558
39,282,1.4450181722640991
39,283,1.6875860691070557
39,284,2.103759288787842
39,285,2.062906265258789
39,286,1.8367993831634521
39,287,1.9430394172668457
39,288,1.7075304985046387
39,289,1.6023237705230713
39,290,1.6451237201690674
39,291,1.973347544670105
39,292,2.6587114334106445
39,293,1.8837225437164307
39,294,1.6526687145233154
39,295,1.5322511196136475
39,296,1.9974498748779297
39,297,1.3552358150482178
39,298,1.7598928213119507
39,299,1.819035291671753
39,300,1.4178215265274048
39,301,2.1180710792541504
39,302,1.8032593727111816
39,303,1.8169875144958496
39,304,1.776458740234375
39,305,1.9178321361541748
39,306,1.584539532661438
39,307,1.9825835227966309
39,308,2.014455556869507
39,309,1.8701903820037842
39,310,1.976806879043579
39,311,2.5904922485351562
39,312,1.560477614402771
39,313,2.0421242713928223
39,314,1.533947229385376
39,315,1.788987398147583
39,316,1.7313930988311768
39,317,1.776308298110962
39,318,1.4122509956359863
39,319,1.7828786373138428
39,320,1.7299020290374756
39,321,1.5825097560882568
39,322,1.716585397720337
39,323,1.9628585577011108
39,324,1.7066199779510498
39,325,1.8476486206054688
39,326,1.5877621173858643
39,327,1.7069321870803833
39,328,1.4583179950714111
39,329,1.7460968494415283
39,330,1.3428407907485962
39,331,1.4053075313568115
39,332,1.2748719453811646
39,333,1.9209468364715576
39,334,1.547086238861084
39,335,1.759253978729248
39,336,1.8103832006454468
39,337,1.6791613101959229
39,338,1.7406811714172363
39,339,1.7844312191009521
39,340,1.5480139255523682
39,341,1.5016441345214844
39,342,2.0771501064300537
39,343,1.490312099456787
39,344,2.294814348220825
39,345,1.8257673978805542
39,346,1.6877827644348145
39,347,1.6878740787506104
39,348,1.819746971130371
39,349,1.5511474609375
39,350,2.158689498901367
39,351,1.4866626262664795
39,352,1.622235894203186
39,353,1.6377613544464111
39,354,1.7827327251434326
39,355,1.8725630044937134
39,356,1.9267194271087646
39,357,1.9970762729644775
39,358,1.6133337020874023
39,359,2.130664825439453
39,360,1.718662142753601
39,361,1.9347349405288696
39,362,2.0709097385406494
39,363,1.6803560256958008
39,364,1.8504724502563477
39,365,1.4472153186798096
39,366,1.623863935470581
39,367,1.7164604663848877
39,368,1.780390739440918
39,369,1.5796490907669067
39,370,1.601435899734497
39,371,1.8935476541519165
39,372,2.3929600715637207
39,373,2.067927837371826
39,374,1.2395670413970947
39,375,1.511110544204712
39,376,1.8444701433181763
39,377,2.105891704559326
39,378,1.4524248838424683
39,379,1.7144434452056885
39,380,2.2031145095825195
39,381,1.5191445350646973
39,382,2.1200790405273438
39,383,1.7913331985473633
39,384,1.6119725704193115
39,385,1.886838436126709
39,386,1.4158666133880615
39,387,1.5890358686447144
39,388,1.715925693511963
39,389,1.6030066013336182
39,390,1.6767065525054932
39,391,1.8214612007141113
39,392,1.7121014595031738
39,393,1.622295618057251
39,394,1.4050261974334717
39,395,2.499476909637451
39,396,1.8588932752609253
39,397,2.379377841949463
39,398,1.6532113552093506
39,399,1.3624458312988281
39,400,2.3155899047851562
39,401,1.6944761276245117
39,402,1.8471205234527588
39,403,1.9763330221176147
39,404,1.8740160465240479
39,405,1.704101800918579
39,406,1.3174694776535034
39,407,1.4871175289154053
39,408,1.9795974493026733
39,409,1.8221040964126587
39,410,1.7927285432815552
39,411,1.9686577320098877
39,412,1.9353322982788086
39,413,2.110550880432129
39,414,2.0444488525390625
39,415,2.119851589202881
39,416,2.322925090789795
39,417,1.4821255207061768
39,418,1.7856087684631348
39,419,1.7211737632751465
39,420,1.7453452348709106
39,421,1.690478801727295
39,422,1.3539642095565796
39,423,1.9377965927124023
39,424,1.756417155265808
39,425,1.6501805782318115
39,426,1.9268354177474976
39,427,2.0126495361328125
39,428,1.5384986400604248
39,429,1.9527149200439453
39,430,1.7416868209838867
39,431,1.926796317100525
39,432,1.890941858291626
39,433,1.7074923515319824
39,434,1.344185709953308
39,435,1.8071131706237793
39,436,2.0337209701538086
39,437,2.331850290298462
39,438,2.2577438354492188
39,439,2.0748558044433594
39,440,1.5293128490447998
39,441,1.9664418697357178
39,442,1.581824541091919
39,443,1.7863588333129883
39,444,1.970228910446167
39,445,1.6567997932434082
39,446,2.356621026992798
39,447,2.0001370906829834
39,448,1.5783007144927979
39,449,1.6674487590789795
39,450,2.2333548069000244
39,451,1.37544846534729
39,452,1.463860034942627
39,453,1.6675441265106201
39,454,1.9316344261169434
39,455,1.9461774826049805
39,456,1.7830493450164795
39,457,1.7547338008880615
39,458,1.724242925643921
39,459,2.5112464427948
39,460,1.689328670501709
39,461,1.3720340728759766
39,462,2.1820170879364014
39,463,1.5483810901641846
39,464,2.367032527923584
39,465,1.921867847442627
39,466,1.749801754951477
39,467,1.4230811595916748
39,468,2.1070289611816406
39,469,1.492067575454712
39,470,1.7088661193847656
39,471,1.620098352432251
39,472,1.451747179031372
39,473,1.6741917133331299
39,474,2.3697028160095215
39,475,1.8703744411468506
39,476,2.4246339797973633
39,477,1.4671891927719116
39,478,1.6451001167297363
39,479,1.3912383317947388
39,480,1.586843490600586
39,481,1.7616101503372192
39,482,1.8163342475891113
39,483,1.82816743850708
39,484,1.7210966348648071
39,485,1.866268515586853
39,486,2.0424084663391113
39,487,1.6095373630523682
39,488,1.8794889450073242
39,489,2.171072483062744
39,490,1.8111412525177002
39,491,1.9131875038146973
39,492,1.6352698802947998
39,493,1.705498218536377
39,494,1.736753225326538
39,495,2.0651869773864746
39,496,1.5695109367370605
39,497,1.8439955711364746
39,498,2.864583730697632
40,0,1.5783374309539795
40,1,1.6688129901885986
40,2,1.642757773399353
40,3,1.7817498445510864
40,4,1.4065706729888916
40,5,1.9701590538024902
40,6,1.8484537601470947
40,7,1.7275383472442627
40,8,2.223665714263916
40,9,1.9168720245361328
40,10,1.5834156274795532
40,11,1.7245359420776367
40,12,1.3466130495071411
40,13,1.8501099348068237
40,14,1.7937242984771729
40,15,2.141242027282715
40,16,1.828029990196228
40,17,1.7260932922363281
40,18,1.5028653144836426
40,19,1.7001749277114868
40,20,1.6466535329818726
40,21,1.599416971206665
40,22,2.159122943878174
40,23,1.7806271314620972
40,24,1.552488088607788
40,25,1.728653073310852
40,26,1.815537929534912
40,27,1.9238812923431396
40,28,1.3903017044067383
40,29,1.5623822212219238
40,30,1.4103622436523438
40,31,1.5283424854278564
40,32,1.8487279415130615
40,33,1.597257137298584
40,34,1.7449030876159668
40,35,1.591322422027588
40,36,1.8065741062164307
40,37,2.1862294673919678
40,38,1.6341345310211182
40,39,1.33436918258667
40,40,1.8385870456695557
40,41,1.6597872972488403
40,42,1.5051684379577637
40,43,1.8040616512298584
40,44,1.7357172966003418
40,45,1.5956320762634277
40,46,2.4483723640441895
40,47,1.6180944442749023
40,48,2.172300338745117
40,49,1.6906888484954834
40,50,1.955849528312683
40,51,1.5563358068466187
40,52,1.5831446647644043
40,53,1.8367204666137695
40,54,1.7227582931518555
40,55,1.8308643102645874
40,56,1.5091520547866821
40,57,2.1406044960021973
40,58,2.011655807495117
40,59,1.7569339275360107
40,60,2.139211654663086
40,61,1.6013718843460083
40,62,2.732781410217285
40,63,1.5757399797439575
40,64,1.4853789806365967
40,65,1.9014066457748413
40,66,1.7867393493652344
40,67,1.7768192291259766
40,68,1.7911087274551392
40,69,1.390000820159912
40,70,1.6682963371276855
40,71,1.6105687618255615
40,72,1.7996022701263428
40,73,1.7962790727615356
40,74,1.6571097373962402
40,75,1.49562668800354
40,76,1.350569248199463
40,77,1.600932002067566
40,78,2.1834628582000732
40,79,1.9116092920303345
40,80,1.5543310642242432
40,81,1.393136739730835
40,82,1.4297823905944824
40,83,1.6649808883666992
40,84,1.7191822528839111
40,85,1.6990101337432861
40,86,1.7751390933990479
40,87,1.7532095909118652
40,88,2.53391695022583
40,89,1.7725943326950073
40,90,1.805178165435791
40,91,1.9310197830200195
40,92,1.4988747835159302
40,93,1.7800179719924927
40,94,1.860581874847412
40,95,1.5696333646774292
40,96,2.134359359741211
40,97,1.631653070449829
40,98,1.875931739807129
40,99,1.9215104579925537
40,100,1.6521081924438477
40,101,1.3826404809951782
40,102,1.5507385730743408
40,103,1.7868146896362305
40,104,1.8184146881103516
40,105,1.9682297706604004
40,106,1.3034160137176514
40,107,1.8562363386154175
40,108,1.7556421756744385
40,109,1.535482406616211
40,110,1.2603278160095215
40,111,1.537109375
40,112,2.099738121032715
40,113,1.5087060928344727
40,114,1.2942239046096802
40,115,1.8189260959625244
40,116,1.5398590564727783
40,117,1.5879135131835938
40,118,1.3753840923309326
40,119,2.152121067047119
40,120,1.612231731414795
40,121,1.764787197113037
40,122,1.546458125114441
40,123,1.569230079650879
40,124,2.0175251960754395
40,125,1.7682602405548096
40,126,1.5429248809814453
40,127,1.750870943069458
40,128,1.6288094520568848
40,129,1.754035234451294
40,130,1.747859239578247
40,131,2.1931421756744385
40,132,1.624692678451538
40,133,1.5069336891174316
40,134,1.5783970355987549
40,135,2.0405325889587402
40,136,1.6047344207763672
40,137,1.8288304805755615
40,138,1.7098932266235352
40,139,1.61445951461792
40,140,1.591707468032837
40,141,1.9763381481170654
40,142,1.4521172046661377
40,143,1.7804944515228271
40,144,1.5403192043304443
40,145,1.8074489831924438
40,146,1.4080591201782227
40,147,1.8545618057250977
40,148,1.9804861545562744
40,149,1.6703565120697021
40,150,1.45072340965271
40,151,1.9769902229309082
40,152,1.5983293056488037
40,153,1.4211872816085815
40,154,1.5105516910552979
40,155,2.0286436080932617
40,156,1.473412275314331
40,157,1.4256256818771362
40,158,1.8018261194229126
40,159,1.660165786743164
40,160,1.8418145179748535
40,161,2.203155040740967
40,162,1.687497854232788
40,163,1.519472599029541
40,164,2.4265613555908203
40,165,1.757735252380371
40,166,1.5932812690734863
40,167,2.048306703567505
40,168,1.6084880828857422
40,169,1.504868507385254
40,170,1.5691351890563965
40,171,1.7064350843429565
40,172,2.08009672164917
40,173,1.7400851249694824
40,174,1.9662480354309082
40,175,1.7560925483703613
40,176,1.7022123336791992
40,177,1.7517273426055908
40,178,1.3399193286895752
40,179,2.2137064933776855
40,180,1.6655503511428833
40,181,1.879989743232727
40,182,2.00254487991333
40,183,1.847766399383545
40,184,1.8003947734832764
40,185,1.6667404174804688
40,186,1.7439775466918945
40,187,1.5926066637039185
40,188,1.6439158916473389
40,189,1.5009040832519531
40,190,1.5291862487792969
40,191,1.7577006816864014
40,192,1.9673579931259155
40,193,1.628133773803711
40,194,2.1689836978912354
40,195,1.6294599771499634
40,196,2.001002311706543
40,197,1.8345322608947754
40,198,2.1314597129821777
40,199,2.1605286598205566
40,200,1.7471487522125244
40,201,1.9531878232955933
40,202,2.169508695602417
40,203,1.5478161573410034
40,204,1.543790340423584
40,205,1.7270102500915527
40,206,2.1437716484069824
40,207,1.8454372882843018
40,208,1.743471384048462
40,209,1.5685462951660156
40,210,1.6046912670135498
40,211,1.4114772081375122
40,212,1.6259610652923584
40,213,1.7194674015045166
40,214,1.7739057540893555
40,215,1.7930827140808105
40,216,1.9339220523834229
40,217,1.6009831428527832
40,218,1.892554521560669
40,219,1.8019368648529053
40,220,1.791772484779358
40,221,1.8500981330871582
40,222,2.4354004859924316
40,223,1.7783780097961426
40,224,1.552394151687622
40,225,1.8544492721557617
40,226,2.004359722137451
40,227,1.3671425580978394
40,228,1.3543691635131836
40,229,1.663152813911438
40,230,2.0426948070526123
40,231,1.5289080142974854
40,232,2.0824289321899414
40,233,1.9547746181488037
40,234,1.5161147117614746
40,235,2.2083168029785156
40,236,1.5909596681594849
40,237,1.6979923248291016
40,238,1.789219856262207
40,239,1.7380397319793701
40,240,1.405411958694458
40,241,1.839123249053955
40,242,1.5585922002792358
40,243,1.692307710647583
40,244,1.501190185546875
40,245,1.6314218044281006
40,246,1.7953875064849854
40,247,1.6994067430496216
40,248,1.8892123699188232
40,249,1.5094666481018066
40,250,1.5682923793792725
40,251,1.6800347566604614
40,252,2.0968422889709473
40,253,1.6691231727600098
40,254,1.3706443309783936
40,255,1.9351356029510498
40,256,2.0037012100219727
40,257,1.4007983207702637
40,258,1.542670488357544
40,259,1.3986928462982178
40,260,1.9501174688339233
40,261,1.7636247873306274
40,262,2.183943271636963
40,263,1.313455581665039
40,264,1.6870017051696777
40,265,1.894245982170105
40,266,1.6664581298828125
40,267,1.4481208324432373
40,268,2.65109920501709
40,269,1.7123591899871826
40,270,1.801624059677124
40,271,1.6393744945526123
40,272,1.7761660814285278
40,273,2.652289867401123
40,274,1.6074347496032715
40,275,2.1875991821289062
40,276,1.9411022663116455
40,277,1.8711246252059937
40,278,2.1763811111450195
40,279,2.054457902908325
40,280,1.3843715190887451
40,281,1.705560326576233
40,282,1.4167568683624268
40,283,2.0166633129119873
40,284,1.9151393175125122
40,285,1.9393081665039062
40,286,1.7848246097564697
40,287,2.0061516761779785
40,288,1.5596973896026611
40,289,2.0018625259399414
40,290,1.6163644790649414
40,291,2.2531704902648926
40,292,1.4949429035186768
40,293,1.6693150997161865
40,294,1.725759506225586
40,295,1.4288790225982666
40,296,1.9147083759307861
40,297,2.3203377723693848
40,298,1.457627534866333
40,299,1.6679766178131104
40,300,1.5294159650802612
40,301,1.8629062175750732
40,302,1.896729588508606
40,303,2.0914182662963867
40,304,1.9068303108215332
40,305,1.8322319984436035
40,306,1.5426280498504639
40,307,1.5914478302001953
40,308,1.6960201263427734
40,309,1.8713064193725586
40,310,1.6499953269958496
40,311,1.774301290512085
40,312,1.6722054481506348
40,313,1.7226978540420532
40,314,1.7021862268447876
40,315,1.3996775150299072
40,316,1.3957030773162842
40,317,1.3555999994277954
40,318,1.2925419807434082
40,319,1.7679357528686523
40,320,3.0821475982666016
40,321,1.8899548053741455
40,322,1.8367688655853271
40,323,1.7922401428222656
40,324,1.5433828830718994
40,325,2.0669713020324707
40,326,2.049931049346924
40,327,1.6305451393127441
40,328,1.838815450668335
40,329,2.1026971340179443
40,330,1.9372354745864868
40,331,1.430219292640686
40,332,2.0342092514038086
40,333,1.6910231113433838
40,334,2.080387592315674
40,335,1.451557993888855
40,336,1.9958308935165405
40,337,1.6053593158721924
40,338,1.7000150680541992
40,339,1.4716107845306396
40,340,2.0609524250030518
40,341,1.960566520690918
40,342,2.1020913124084473
40,343,1.8325505256652832
40,344,2.307588815689087
40,345,1.9895106554031372
40,346,2.012946844100952
40,347,2.0623857975006104
40,348,1.8702348470687866
40,349,1.9119117259979248
40,350,2.2706305980682373
40,351,1.3973360061645508
40,352,2.027381181716919
40,353,2.113412857055664
40,354,1.6762189865112305
40,355,1.4999685287475586
40,356,1.7112551927566528
40,357,1.6496115922927856
40,358,1.4354307651519775
40,359,1.8856053352355957
40,360,1.3352763652801514
40,361,1.7679510116577148
40,362,1.799027442932129
40,363,2.043071746826172
40,364,1.862372636795044
40,365,1.3232444524765015
40,366,1.8325366973876953
40,367,1.3361647129058838
40,368,1.5996447801589966
40,369,1.5407359600067139
40,370,1.7934277057647705
40,371,1.897782802581787
40,372,1.4676072597503662
40,373,1.6573593616485596
40,374,2.2109413146972656
40,375,1.9132707118988037
40,376,1.8478672504425049
40,377,1.7476418018341064
40,378,1.8759963512420654
40,379,1.484521508216858
40,380,1.6482057571411133
40,381,1.8070645332336426
40,382,1.9858269691467285
40,383,1.5012258291244507
40,384,2.0377748012542725
40,385,2.023090124130249
40,386,1.9403947591781616
40,387,2.0240979194641113
40,388,1.7807809114456177
40,389,1.5266621112823486
40,390,1.597274661064148
40,391,1.6386091709136963
40,392,1.7786474227905273
40,393,1.940817952156067
40,394,1.4895501136779785
40,395,1.9857409000396729
40,396,1.7004015445709229
40,397,1.98319411277771
40,398,1.6080949306488037
40,399,1.5871628522872925
40,400,1.699364185333252
40,401,1.833856463432312
40,402,1.3883700370788574
40,403,1.7016973495483398
40,404,1.892111897468567
40,405,1.6107114553451538
40,406,1.6484923362731934
40,407,2.1279776096343994
40,408,1.6514153480529785
40,409,1.627625823020935
40,410,1.4103533029556274
40,411,1.8817718029022217
40,412,1.9136316776275635
40,413,1.8150415420532227
40,414,1.7902098894119263
40,415,1.812063455581665
40,416,1.8124675750732422
40,417,1.8467544317245483
40,418,1.5197641849517822
40,419,1.8624646663665771
40,420,1.3625050783157349
40,421,1.5515522956848145
40,422,1.7306910753250122
40,423,2.194913148880005
40,424,1.7882753610610962
40,425,2.4442741870880127
40,426,1.7159812450408936
40,427,1.4914425611495972
40,428,2.0104761123657227
40,429,2.5031960010528564
40,430,1.8969786167144775
40,431,1.726686716079712
40,432,1.703495979309082
40,433,2.2217562198638916
40,434,1.6893649101257324
40,435,1.7329840660095215
40,436,2.0604653358459473
40,437,1.4537429809570312
40,438,1.7097084522247314
40,439,1.9496270418167114
40,440,1.7218436002731323
40,441,1.6974589824676514
40,442,1.6054068803787231
40,443,2.059574604034424
40,444,1.5570542812347412
40,445,1.3388638496398926
40,446,2.2789113521575928
40,447,1.707487940788269
40,448,1.5488924980163574
40,449,1.9423940181732178
40,450,2.1307790279388428
40,451,1.6641604900360107
40,452,1.5643525123596191
40,453,1.7047628164291382
40,454,1.8023524284362793
40,455,1.726269006729126
40,456,1.6016671657562256
40,457,1.84548819065094
40,458,1.5454387664794922
40,459,1.5638642311096191
40,460,1.5918629169464111
40,461,1.8124094009399414
40,462,1.519761562347412
40,463,1.5643876791000366
40,464,1.7889094352722168
40,465,1.6344926357269287
40,466,1.7154886722564697
40,467,1.7313244342803955
40,468,1.5928558111190796
40,469,1.7440245151519775
40,470,1.645306944847107
40,471,1.8397986888885498
40,472,1.5706292390823364
40,473,1.4795620441436768
40,474,1.5983946323394775
40,475,1.7548258304595947
40,476,1.8949904441833496
40,477,1.6551902294158936
40,478,1.3650202751159668
40,479,1.617248296737671
40,480,1.581488847732544
40,481,1.8283343315124512
40,482,1.5828399658203125
40,483,2.207411050796509
40,484,1.518140435218811
40,485,1.4272205829620361
40,486,2.2533061504364014
40,487,1.7624425888061523
40,488,2.150299549102783
40,489,1.7572499513626099
40,490,1.3944042921066284
40,491,1.9099845886230469
40,492,1.5712239742279053
40,493,1.948771595954895
40,494,1.8650306463241577
40,495,2.356679916381836
40,496,1.585822343826294
40,497,1.900331974029541
40,498,2.2154746055603027
41,0,2.270907402038574
41,1,1.765892744064331
41,2,1.494559645652771
41,3,1.6630778312683105
41,4,1.8013384342193604
41,5,1.6682158708572388
41,6,1.5074793100357056
41,7,1.471116304397583
41,8,1.6739370822906494
41,9,2.045471668243408
41,10,1.6652249097824097
41,11,2.0259640216827393
41,12,1.887920618057251
41,13,1.5784368515014648
41,14,2.2784841060638428
41,15,1.3083301782608032
41,16,1.7998627424240112
41,17,2.3898539543151855
41,18,1.9006493091583252
41,19,1.7086591720581055
41,20,1.627335786819458
41,21,1.5964033603668213
41,22,1.8901046514511108
41,23,1.5910391807556152
41,24,1.693244218826294
41,25,1.6407878398895264
41,26,1.593395709991455
41,27,1.949682354927063
41,28,1.709122896194458
41,29,2.0022027492523193
41,30,1.9037377834320068
41,31,1.414144515991211
41,32,1.7331271171569824
41,33,1.7464213371276855
41,34,1.7591679096221924
41,35,2.1729846000671387
41,36,1.772153377532959
41,37,1.6902611255645752
41,38,1.4201633930206299
41,39,1.8041529655456543
41,40,1.2952611446380615
41,41,1.7382152080535889
41,42,1.9422756433486938
41,43,1.767084002494812
41,44,1.7363170385360718
41,45,1.461958646774292
41,46,2.199629783630371
41,47,1.6270346641540527
41,48,1.736720085144043
41,49,1.7736461162567139
41,50,1.6526870727539062
41,51,2.356991767883301
41,52,2.0364036560058594
41,53,1.8165607452392578
41,54,1.6348254680633545
41,55,1.453080415725708
41,56,1.3422704935073853
41,57,1.7362412214279175
41,58,1.6754107475280762
41,59,1.398202657699585
41,60,1.7189216613769531
41,61,1.667482852935791
41,62,1.7733674049377441
41,63,1.624016523361206
41,64,1.6127773523330688
41,65,1.4041889905929565
41,66,1.7327890396118164
41,67,1.5197865962982178
41,68,1.2674716711044312
41,69,1.490190863609314
41,70,1.7491824626922607
41,71,1.5189707279205322
41,72,1.9675860404968262
41,73,1.5314888954162598
41,74,1.5185019969940186
41,75,1.7521462440490723
41,76,1.840037226676941
41,77,1.6182277202606201
41,78,1.3116352558135986
41,79,1.6093494892120361
41,80,1.5775558948516846
41,81,1.5472338199615479
41,82,2.1677675247192383
41,83,1.4377236366271973
41,84,1.67604660987854
41,85,1.5114190578460693
41,86,1.6165835857391357
41,87,1.5850296020507812
41,88,1.8505696058273315
41,89,1.891227126121521
41,90,1.8075041770935059
41,91,1.6281723976135254
41,92,1.7593839168548584
41,93,1.4662350416183472
41,94,1.7106062173843384
41,95,1.530287265777588
41,96,1.7820795774459839
41,97,1.7544574737548828
41,98,1.802440881729126
41,99,1.3595435619354248
41,100,1.91029953956604
41,101,1.8836636543273926
41,102,1.937615990638733
41,103,1.5284814834594727
41,104,1.6465353965759277
41,105,1.6718217134475708
41,106,1.7776620388031006
41,107,1.909153938293457
41,108,1.6065852642059326
41,109,1.9704742431640625
41,110,1.4898808002471924
41,111,1.6890676021575928
41,112,2.1546971797943115
41,113,1.784583568572998
41,114,1.667499303817749
41,115,1.800132155418396
41,116,1.6908965110778809
41,117,1.9501391649246216
41,118,2.277844190597534
41,119,2.061995506286621
41,120,1.8054319620132446
41,121,1.9188272953033447
41,122,1.6430132389068604
41,123,1.9346976280212402
41,124,1.886857032775879
41,125,1.56424880027771
41,126,1.826242446899414
41,127,1.8672845363616943
41,128,1.7508153915405273
41,129,1.5454084873199463
41,130,1.8847296237945557
41,131,1.5951027870178223
41,132,1.7019729614257812
41,133,1.8287909030914307
41,134,1.5288060903549194
41,135,1.550663709640503
41,136,1.5621321201324463
41,137,1.5595263242721558
41,138,1.5676414966583252
41,139,1.6457650661468506
41,140,1.7573766708374023
41,141,1.9681744575500488
41,142,1.6545813083648682
41,143,1.6093101501464844
41,144,1.7165634632110596
41,145,1.4769783020019531
41,146,1.8255341053009033
41,147,1.4847522974014282
41,148,2.0882608890533447
41,149,1.568199872970581
41,150,1.9400384426116943
41,151,1.6490728855133057
41,152,1.7826502323150635
41,153,1.5445659160614014
41,154,1.4399553537368774
41,155,2.0112247467041016
41,156,1.680482268333435
41,157,1.7109885215759277
41,158,1.727661371231079
41,159,1.5742169618606567
41,160,2.084796905517578
41,161,2.2888283729553223
41,162,1.8157877922058105
41,163,1.8974087238311768
41,164,1.674248218536377
41,165,1.5419623851776123
41,166,2.484591484069824
41,167,1.855456829071045
41,168,1.9295791387557983
41,169,1.681837797164917
41,170,1.6112644672393799
41,171,1.8843348026275635
41,172,2.0216121673583984
41,173,1.9146690368652344
41,174,1.8201183080673218
41,175,1.8049297332763672
41,176,2.0912041664123535
41,177,1.5294482707977295
41,178,2.0201244354248047
41,179,1.6027939319610596
41,180,1.4231771230697632
41,181,1.7991019487380981
41,182,2.3307723999023438
41,183,1.856199026107788
41,184,1.6342041492462158
41,185,1.4307163953781128
41,186,2.1033663749694824
41,187,1.5271317958831787
41,188,2.333564519882202
41,189,1.7402721643447876
41,190,2.537041664123535
41,191,1.9395005702972412
41,192,1.9898241758346558
41,193,1.7916995286941528
41,194,1.9606633186340332
41,195,1.7871472835540771
41,196,1.8858000040054321
41,197,1.7061235904693604
41,198,1.4962626695632935
41,199,1.947458028793335
41,200,1.792626142501831
41,201,1.7982933521270752
41,202,1.4396538734436035
41,203,1.8734750747680664
41,204,1.505250334739685
41,205,1.7711174488067627
41,206,2.0931925773620605
41,207,1.401585340499878
41,208,1.7452123165130615
41,209,1.7597401142120361
41,210,1.9102966785430908
41,211,1.7729371786117554
41,212,2.1635327339172363
41,213,1.4814547300338745
41,214,1.4125714302062988
41,215,1.5730805397033691
41,216,1.3362321853637695
41,217,1.8842357397079468
41,218,2.0969202518463135
41,219,1.899360179901123
41,220,1.9305071830749512
41,221,1.6609365940093994
41,222,1.7552918195724487
41,223,1.4736285209655762
41,224,2.137998580932617
41,225,1.7197239398956299
41,226,1.7943527698516846
41,227,1.807008147239685
41,228,1.8187899589538574
41,229,1.4772312641143799
41,230,2.1288998126983643
41,231,1.6273787021636963
41,232,1.5187417268753052
41,233,1.8566505908966064
41,234,1.6374015808105469
41,235,2.06670880317688
41,236,1.7877833843231201
41,237,2.091010570526123
41,238,1.7339131832122803
41,239,2.009434938430786
41,240,1.3566408157348633
41,241,1.7135710716247559
41,242,1.8701153993606567
41,243,1.894603967666626
41,244,1.5126347541809082
41,245,1.6946187019348145
41,246,1.6665053367614746
41,247,1.7829245328903198
41,248,1.7862167358398438
41,249,1.456959843635559
41,250,1.5657274723052979
41,251,1.8654035329818726
41,252,1.5675930976867676
41,253,1.6270703077316284
41,254,1.5844011306762695
41,255,1.33367919921875
41,256,1.5327329635620117
41,257,1.6426830291748047
41,258,1.636944055557251
41,259,1.6976654529571533
41,260,1.6258409023284912
41,261,1.8392688035964966
41,262,2.0430917739868164
41,263,1.7072808742523193
41,264,1.678488850593567
41,265,1.6325023174285889
41,266,1.4483964443206787
41,267,1.8526885509490967
41,268,1.7338082790374756
41,269,1.8819475173950195
41,270,2.5340347290039062
41,271,1.6859261989593506
41,272,1.4120107889175415
41,273,2.2990007400512695
41,274,1.432478666305542
41,275,1.7534136772155762
41,276,1.565674066543579
41,277,1.4108495712280273
41,278,1.8040435314178467
41,279,1.8326244354248047
41,280,1.8727220296859741
41,281,1.7595858573913574
41,282,2.349902868270874
41,283,1.6182914972305298
41,284,1.875552773475647
41,285,1.8275079727172852
41,286,1.5606120824813843
41,287,1.6646318435668945
41,288,1.34944486618042
41,289,2.180954933166504
41,290,2.2496585845947266
41,291,1.7723538875579834
41,292,1.581368088722229
41,293,1.3308590650558472
41,294,2.068741798400879
41,295,1.9406163692474365
41,296,1.5747606754302979
41,297,1.7314729690551758
41,298,1.4875390529632568
41,299,1.5682135820388794
41,300,1.832620620727539
41,301,1.40729558467865
41,302,1.97454833984375
41,303,1.708146333694458
41,304,2.1697514057159424
41,305,1.8259966373443604
41,306,1.4351963996887207
41,307,1.3367266654968262
41,308,1.4257564544677734
41,309,1.870680570602417
41,310,2.2800440788269043
41,311,2.1987619400024414
41,312,1.6494680643081665
41,313,1.680720329284668
41,314,2.0068376064300537
41,315,1.5254313945770264
41,316,1.927779197692871
41,317,2.163616895675659
41,318,1.7400448322296143
41,319,1.7072734832763672
41,320,1.5519673824310303
41,321,1.5317481756210327
41,322,1.6095075607299805
41,323,1.7663465738296509
41,324,1.8927329778671265
41,325,2.3464109897613525
41,326,1.7544021606445312
41,327,1.934464693069458
41,328,1.4594578742980957
41,329,1.8707407712936401
41,330,1.3383468389511108
41,331,1.771167278289795
41,332,1.4331281185150146
41,333,1.899195909500122
41,334,1.861593246459961
41,335,1.518068552017212
41,336,1.4867562055587769
41,337,1.827284574508667
41,338,1.8654987812042236
41,339,1.7914831638336182
41,340,1.6672050952911377
41,341,1.7495369911193848
41,342,1.3927422761917114
41,343,1.579616665840149
41,344,1.641662359237671
41,345,2.1349904537200928
41,346,1.601555585861206
41,347,1.620788335800171
41,348,1.6937565803527832
41,349,1.3502485752105713
41,350,1.5485942363739014
41,351,1.3596220016479492
41,352,1.6934267282485962
41,353,1.7059260606765747
41,354,1.6296381950378418
41,355,1.8308340311050415
41,356,1.4083271026611328
41,357,1.364185094833374
41,358,1.5963890552520752
41,359,1.5638737678527832
41,360,1.8053158521652222
41,361,1.8282420635223389
41,362,1.8102302551269531
41,363,1.993542194366455
41,364,1.885859727859497
41,365,1.378218650817871
41,366,1.4271093606948853
41,367,1.5557963848114014
41,368,2.294783115386963
41,369,2.098154306411743
41,370,1.4715449810028076
41,371,2.0820345878601074
41,372,1.7313177585601807
41,373,1.4792052507400513
41,374,1.495772361755371
41,375,1.8370312452316284
41,376,1.6505922079086304
41,377,1.7123979330062866
41,378,1.665905237197876
41,379,1.5125370025634766
41,380,1.8246817588806152
41,381,1.6947553157806396
41,382,1.771963119506836
41,383,1.499570369720459
41,384,1.7691365480422974
41,385,2.1407713890075684
41,386,1.7306432723999023
41,387,2.0845084190368652
41,388,1.4423258304595947
41,389,1.5471484661102295
41,390,1.848454475402832
41,391,2.0148422718048096
41,392,1.45999276638031
41,393,2.361863136291504
41,394,1.450801134109497
41,395,1.3825876712799072
41,396,1.918951153755188
41,397,1.9611749649047852
41,398,1.5433862209320068
41,399,1.5215898752212524
41,400,2.063987970352173
41,401,1.4616013765335083
41,402,1.5948445796966553
41,403,1.9005029201507568
41,404,2.330061435699463
41,405,1.617175817489624
41,406,1.903676986694336
41,407,1.4728167057037354
41,408,2.010312557220459
41,409,1.8537583351135254
41,410,1.418786883354187
41,411,1.950598955154419
41,412,1.609989047050476
41,413,1.5620324611663818
41,414,1.5904237031936646
41,415,1.532517910003662
41,416,1.6755192279815674
41,417,1.8213469982147217
41,418,2.1425395011901855
41,419,2.1008353233337402
41,420,1.8773105144500732
41,421,1.5343875885009766
41,422,1.9583160877227783
41,423,1.6029980182647705
41,424,1.417202353477478
41,425,2.0333471298217773
41,426,2.193380832672119
41,427,1.610640525817871
41,428,1.7384727001190186
41,429,1.8229594230651855
41,430,1.6206371784210205
41,431,1.692582368850708
41,432,1.7013661861419678
41,433,1.697413444519043
41,434,1.356260895729065
41,435,2.3156776428222656
41,436,1.8369624614715576
41,437,1.690108060836792
41,438,1.3813815116882324
41,439,1.7447271347045898
41,440,1.6165965795516968
41,441,1.9924778938293457
41,442,1.4510867595672607
41,443,1.8193576335906982
41,444,1.691312551498413
41,445,1.863948106765747
41,446,2.1401805877685547
41,447,1.5008225440979004
41,448,1.3780746459960938
41,449,1.7453432083129883
41,450,2.0263521671295166
41,451,2.210390567779541
41,452,1.8783295154571533
41,453,1.7430996894836426
41,454,1.7005985975265503
41,455,1.9682395458221436
41,456,1.6133935451507568
41,457,2.015544891357422
41,458,2.2425484657287598
41,459,1.4887151718139648
41,460,1.7731928825378418
41,461,2.309169292449951
41,462,1.4045343399047852
41,463,1.8871335983276367
41,464,1.6057548522949219
41,465,1.9525010585784912
41,466,1.5201365947723389
41,467,1.9771753549575806
41,468,2.027897357940674
41,469,1.7691622972488403
41,470,1.8785219192504883
41,471,1.688765287399292
41,472,1.6675474643707275
41,473,1.8406872749328613
41,474,1.8741263151168823
41,475,1.7205653190612793
41,476,2.252228021621704
41,477,1.4207279682159424
41,478,1.8898314237594604
41,479,1.5505404472351074
41,480,1.7652463912963867
41,481,1.8870899677276611
41,482,1.7371151447296143
41,483,2.0229878425598145
41,484,1.6495757102966309
41,485,1.8900349140167236
41,486,1.4064304828643799
41,487,1.532202959060669
41,488,2.113563060760498
41,489,1.9186288118362427
41,490,1.7090790271759033
41,491,2.110171318054199
41,492,1.4551794528961182
41,493,1.9071147441864014
41,494,2.104870319366455
41,495,1.6963927745819092
41,496,1.5177714824676514
41,497,1.7633938789367676
41,498,2.5330958366394043
42,0,2.0356006622314453
42,1,1.5941073894500732
42,2,1.9088807106018066
42,3,1.6288697719573975
42,4,1.8156647682189941
42,5,1.5930687189102173
42,6,1.8414909839630127
42,7,1.584934115409851
42,8,2.480004072189331
42,9,1.6570963859558105
42,10,1.5756168365478516
42,11,1.7759206295013428
42,12,1.9057459831237793
42,13,1.4644272327423096
42,14,1.650181770324707
42,15,1.7069191932678223
42,16,1.7750194072723389
42,17,2.180912971496582
42,18,1.9093801975250244
42,19,1.892085075378418
42,20,1.7264535427093506
42,21,1.6107819080352783
42,22,1.636486291885376
42,23,1.6781399250030518
42,24,1.823983907699585
42,25,1.9346885681152344
42,26,1.9538086652755737
42,27,2.260733127593994
42,28,1.7842248678207397
42,29,2.531156539916992
42,30,1.8583729267120361
42,31,1.6591832637786865
42,32,1.8941081762313843
42,33,1.941035509109497
42,34,1.6895601749420166
42,35,1.5794683694839478
42,36,1.7905404567718506
42,37,1.8576891422271729
42,38,1.4693983793258667
42,39,1.919310450553894
42,40,2.313570022583008
42,41,2.178767442703247
42,42,1.8994085788726807
42,43,1.4318394660949707
42,44,1.985522747039795
42,45,1.4645166397094727
42,46,1.5861921310424805
42,47,1.8310167789459229
42,48,1.7745025157928467
42,49,1.6017074584960938
42,50,2.4700889587402344
42,51,1.9030280113220215
42,52,1.3416216373443604
42,53,1.6051175594329834
42,54,1.4793487787246704
42,55,1.986629605293274
42,56,1.5831308364868164
42,57,1.5791375637054443
42,58,2.0164148807525635
42,59,2.006446361541748
42,60,1.8435306549072266
42,61,1.3159970045089722
42,62,1.838108777999878
42,63,1.490753412246704
42,64,1.7172813415527344
42,65,1.7899394035339355
42,66,2.244750738143921
42,67,1.754818320274353
42,68,1.548932433128357
42,69,1.5893067121505737
42,70,1.8118338584899902
42,71,1.6755378246307373
42,72,1.5565063953399658
42,73,1.7026259899139404
42,74,1.6910676956176758
42,75,1.6798121929168701
42,76,2.147336483001709
42,77,2.18426513671875
42,78,1.4841655492782593
42,79,1.6631388664245605
42,80,1.850992202758789
42,81,1.3983045816421509
42,82,1.5230249166488647
42,83,1.6781461238861084
42,84,1.6939563751220703
42,85,1.4917552471160889
42,86,1.6874115467071533
42,87,1.7637898921966553
42,88,1.8127849102020264
42,89,1.5684890747070312
42,90,1.6452594995498657
42,91,1.843196153640747
42,92,1.6331679821014404
42,93,1.928973913192749
42,94,1.9030940532684326
42,95,1.2132601737976074
42,96,2.0852279663085938
42,97,1.9016313552856445
42,98,1.7023229598999023
42,99,1.825118064880371
42,100,1.2983019351959229
42,101,2.0185608863830566
42,102,1.465362787246704
42,103,1.887946367263794
42,104,1.5876702070236206
42,105,1.7593811750411987
42,106,1.6916961669921875
42,107,1.4602309465408325
42,108,1.4426355361938477
42,109,1.8057032823562622
42,110,2.191438674926758
42,111,1.7400977611541748
42,112,2.043274402618408
42,113,1.6850870847702026
42,114,1.3784853219985962
42,115,1.811710238456726
42,116,1.7689619064331055
42,117,1.751538634300232
42,118,1.8184452056884766
42,119,1.697685956954956
42,120,2.4193060398101807
42,121,1.4902679920196533
42,122,1.9071974754333496
42,123,1.7972676753997803
42,124,2.0180318355560303
42,125,1.5862016677856445
42,126,1.8802053928375244
42,127,1.778651237487793
42,128,1.612779140472412
42,129,1.5044360160827637
42,130,1.4746274948120117
42,131,1.7326328754425049
42,132,1.760270118713379
42,133,1.733662724494934
42,134,2.1590442657470703
42,135,1.8260831832885742
42,136,2.314549207687378
42,137,1.8433148860931396
42,138,1.6633718013763428
42,139,1.8552451133728027
42,140,1.2728073596954346
42,141,1.2786329984664917
42,142,1.4517762660980225
42,143,1.7459604740142822
42,144,2.051065683364868
42,145,1.5853111743927002
42,146,1.4828252792358398
42,147,1.7866382598876953
42,148,1.6787662506103516
42,149,1.4185006618499756
42,150,2.005591869354248
42,151,1.9672162532806396
42,152,2.0788824558258057
42,153,1.4829895496368408
42,154,1.7836552858352661
42,155,1.9092369079589844
42,156,1.775627851486206
42,157,2.235834836959839
42,158,1.7807703018188477
42,159,1.5786020755767822
42,160,1.8935267925262451
42,161,1.6716978549957275
42,162,1.9232597351074219
42,163,1.5733288526535034
42,164,1.7703752517700195
42,165,2.065232992172241
42,166,1.9540783166885376
42,167,1.7933766841888428
42,168,1.7587525844573975
42,169,1.5863621234893799
42,170,1.5436145067214966
42,171,1.890406847000122
42,172,2.03066349029541
42,173,1.4267423152923584
42,174,2.050645351409912
42,175,1.5996102094650269
42,176,2.0131943225860596
42,177,1.8872902393341064
42,178,2.0478897094726562
42,179,1.8921384811401367
42,180,1.6689209938049316
42,181,1.8819892406463623
42,182,1.6324920654296875
42,183,1.5687649250030518
42,184,2.005115270614624
42,185,1.7441539764404297
42,186,1.5353472232818604
42,187,2.475977659225464
42,188,1.4825012683868408
42,189,1.6827802658081055
42,190,1.4155155420303345
42,191,1.7062923908233643
42,192,1.4494256973266602
42,193,1.8019611835479736
42,194,1.6333911418914795
42,195,1.7077655792236328
42,196,1.6554017066955566
42,197,2.215963840484619
42,198,1.2320107221603394
42,199,1.862479567527771
42,200,1.6253597736358643
42,201,1.7655094861984253
42,202,1.7292861938476562
42,203,1.8603956699371338
42,204,1.8432674407958984
42,205,1.3347580432891846
42,206,2.0178685188293457
42,207,1.5112682580947876
42,208,1.3986587524414062
42,209,1.555739164352417
42,210,1.6178803443908691
42,211,1.5486385822296143
42,212,1.531192660331726
42,213,1.5345280170440674
42,214,2.0741422176361084
42,215,1.6003128290176392
42,216,1.91829514503479
42,217,1.6770575046539307
42,218,1.387607455253601
42,219,1.233658790588379
42,220,1.826018214225769
42,221,1.858864426612854
42,222,1.827497124671936
42,223,1.6298794746398926
42,224,1.619079828262329
42,225,2.0579047203063965
42,226,1.8492457866668701
42,227,2.2700085639953613
42,228,1.710387945175171
42,229,2.1484758853912354
42,230,1.9658336639404297
42,231,1.7490761280059814
42,232,1.5842336416244507
42,233,1.7128818035125732
42,234,1.6415002346038818
42,235,1.8926661014556885
42,236,1.641132116317749
42,237,1.7163186073303223
42,238,1.4344432353973389
42,239,1.2311841249465942
42,240,2.1984548568725586
42,241,1.5334842205047607
42,242,1.6382339000701904
42,243,1.530085802078247
42,244,1.8411864042282104
42,245,1.6752350330352783
42,246,1.7532280683517456
42,247,1.6551966667175293
42,248,1.6211599111557007
42,249,1.749751329421997
42,250,1.4855315685272217
42,251,1.831967830657959
42,252,1.8668529987335205
42,253,1.5221649408340454
42,254,1.8211214542388916
42,255,1.482788324356079
42,256,1.3443999290466309
42,257,1.563183069229126
42,258,1.8667227029800415
42,259,1.6186883449554443
42,260,1.7874109745025635
42,261,1.781888484954834
42,262,1.6539905071258545
42,263,1.5736992359161377
42,264,1.8049495220184326
42,265,1.8719006776809692
42,266,1.6533637046813965
42,267,1.8840875625610352
42,268,1.5277321338653564
42,269,1.6825453042984009
42,270,1.7620608806610107
42,271,1.8549747467041016
42,272,2.023716449737549
42,273,1.8283929824829102
42,274,1.5554087162017822
42,275,1.8186392784118652
42,276,1.8731482028961182
42,277,1.7339422702789307
42,278,1.3011752367019653
42,279,1.9461175203323364
42,280,2.221860408782959
42,281,1.999099612236023
42,282,1.3392131328582764
42,283,2.1309316158294678
42,284,1.6122941970825195
42,285,2.3036975860595703
42,286,1.8804657459259033
42,287,1.4856438636779785
42,288,1.6988565921783447
42,289,1.900881290435791
42,290,1.951346755027771
42,291,1.5677663087844849
42,292,1.6473360061645508
42,293,1.8451780080795288
42,294,1.5377342700958252
42,295,2.396425485610962
42,296,1.7503873109817505
42,297,2.2566020488739014
42,298,1.6205472946166992
42,299,1.9290755987167358
42,300,1.8138127326965332
42,301,1.62844717502594
42,302,1.7698748111724854
42,303,1.7371429204940796
42,304,1.6121318340301514
42,305,1.4931550025939941
42,306,1.7360742092132568
42,307,2.0898079872131348
42,308,1.530959129333496
42,309,2.107689142227173
42,310,2.1917548179626465
42,311,1.4248921871185303
42,312,1.5997002124786377
42,313,1.6563694477081299
42,314,1.843395471572876
42,315,1.4245355129241943
42,316,1.5404109954833984
42,317,1.4223098754882812
42,318,2.4332849979400635
42,319,2.2112607955932617
42,320,1.704551100730896
42,321,1.5249302387237549
42,322,1.780647873878479
42,323,1.337081789970398
42,324,2.035545587539673
42,325,1.298049807548523
42,326,1.9959912300109863
42,327,1.6741321086883545
42,328,1.739531397819519
42,329,1.890101671218872
42,330,1.5731971263885498
42,331,1.7487133741378784
42,332,2.196518898010254
42,333,2.1850695610046387
42,334,2.3946986198425293
42,335,1.641801357269287
42,336,1.7258007526397705
42,337,1.36257004737854
42,338,1.953471302986145
42,339,1.8657121658325195
42,340,1.799715518951416
42,341,1.7143299579620361
42,342,1.7497191429138184
42,343,1.6643331050872803
42,344,1.627896785736084
42,345,1.757135272026062
42,346,1.633493185043335
42,347,1.643329381942749
42,348,2.0121686458587646
42,349,1.6034201383590698
42,350,1.7868034839630127
42,351,1.478094458580017
42,352,1.795130968093872
42,353,1.5736627578735352
42,354,1.6539645195007324
42,355,1.4943523406982422
42,356,1.8393218517303467
42,357,1.6492925882339478
42,358,1.5431196689605713
42,359,1.6932101249694824
42,360,1.851301670074463
42,361,1.6518232822418213
42,362,1.3067553043365479
42,363,1.7040252685546875
42,364,1.555812954902649
42,365,1.8032712936401367
42,366,1.4263980388641357
42,367,1.6420881748199463
42,368,1.4400031566619873
42,369,1.508385181427002
42,370,1.5553879737854004
42,371,2.1156346797943115
42,372,2.170769214630127
42,373,1.8365684747695923
42,374,1.6047699451446533
42,375,1.3180288076400757
42,376,1.6351501941680908
42,377,1.7846238613128662
42,378,1.4143306016921997
42,379,1.595146656036377
42,380,1.6804412603378296
42,381,1.541109561920166
42,382,2.13344669342041
42,383,1.889331340789795
42,384,1.562958002090454
42,385,1.681652307510376
42,386,1.9251227378845215
42,387,1.6323959827423096
42,388,1.7092421054840088
42,389,1.424713134765625
42,390,1.7502357959747314
42,391,1.5537041425704956
42,392,1.7776358127593994
42,393,2.2212300300598145
42,394,2.0350615978240967
42,395,1.8449323177337646
42,396,1.5936453342437744
42,397,1.9200787544250488
42,398,1.6234722137451172
42,399,2.0397801399230957
42,400,1.5669097900390625
42,401,2.1772818565368652
42,402,1.5498601198196411
42,403,1.5277159214019775
42,404,1.3703060150146484
42,405,1.4263814687728882
42,406,1.7621524333953857
42,407,1.4906026124954224
42,408,1.852889895439148
42,409,1.606759786605835
42,410,1.9427036046981812
42,411,2.053501605987549
42,412,1.5642201900482178
42,413,1.7567075490951538
42,414,1.6850507259368896
42,415,1.7201179265975952
42,416,1.4961917400360107
42,417,1.360759973526001
42,418,1.5869214534759521
42,419,1.6410036087036133
42,420,1.5257107019424438
42,421,1.7191815376281738
42,422,1.2357524633407593
42,423,1.771446704864502
42,424,1.7041516304016113
42,425,1.932865858078003
42,426,1.8820147514343262
42,427,1.613086462020874
42,428,1.5598461627960205
42,429,1.5712203979492188
42,430,1.6906366348266602
42,431,1.2570016384124756
42,432,1.5284630060195923
42,433,1.8633086681365967
42,434,1.9013495445251465
42,435,1.8623201847076416
42,436,1.6342366933822632
42,437,1.629242181777954
42,438,1.7680432796478271
42,439,1.6519157886505127
42,440,1.8730099201202393
42,441,1.9235786199569702
42,442,1.6322433948516846
42,443,2.11372709274292
42,444,2.1224513053894043
42,445,1.6407315731048584
42,446,1.6846535205841064
42,447,1.6971020698547363
42,448,1.7770757675170898
42,449,1.720840334892273
42,450,1.7582669258117676
42,451,1.8828988075256348
42,452,2.252565860748291
42,453,2.1428298950195312
42,454,1.8067047595977783
42,455,1.6463335752487183
42,456,1.318461298942566
42,457,2.044912576675415
42,458,1.8865811824798584
42,459,2.0198287963867188
42,460,2.062832832336426
42,461,2.1027984619140625
42,462,1.8318088054656982
42,463,1.563132643699646
42,464,1.6680254936218262
42,465,1.7235488891601562
42,466,1.6348824501037598
42,467,2.033655881881714
42,468,2.105970621109009
42,469,1.5203484296798706
42,470,1.8605470657348633
42,471,1.4134774208068848
42,472,1.9924776554107666
42,473,2.0425989627838135
42,474,1.3544063568115234
42,475,1.7204976081848145
42,476,1.6345880031585693
42,477,1.8418841361999512
42,478,1.6856061220169067
42,479,1.7973875999450684
42,480,1.5664150714874268
42,481,1.660082221031189
42,482,2.1563899517059326
42,483,1.8770538568496704
42,484,1.4493026733398438
42,485,1.3893933296203613
42,486,1.5814603567123413
42,487,1.79731023311615
42,488,2.0003468990325928
42,489,1.410353422164917
42,490,1.5710172653198242
42,491,1.6933443546295166
42,492,1.724761962890625
42,493,1.7494336366653442
42,494,1.805424451828003
42,495,1.7700135707855225
42,496,1.3570705652236938
42,497,1.8112361431121826
42,498,2.398515224456787
43,0,1.9271504878997803
43,1,1.835228443145752
43,2,2.1225295066833496
43,3,2.428088665008545
43,4,2.7813944816589355
43,5,1.704058289527893
43,6,1.5257723331451416
43,7,2.1166608333587646
43,8,1.6857929229736328
43,9,1.8236241340637207
43,10,1.6946855783462524
43,11,1.6065584421157837
43,12,1.9509947299957275
43,13,1.9362025260925293
43,14,2.0582189559936523
43,15,1.2210776805877686
43,16,1.690497875213623
43,17,1.5525805950164795
43,18,1.4408750534057617
43,19,1.4453139305114746
43,20,1.8734996318817139
43,21,2.0572521686553955
43,22,1.6879103183746338
43,23,1.7476519346237183
43,24,1.6803110837936401
43,25,1.9772694110870361
43,26,1.5316035747528076
43,27,1.7705975770950317
43,28,1.921073079109192
43,29,2.036024808883667
43,30,1.504913091659546
43,31,1.8375595808029175
43,32,1.7400788068771362
43,33,1.5828007459640503
43,34,1.4697258472442627
43,35,1.7644221782684326
43,36,2.0813241004943848
43,37,1.7436413764953613
43,38,1.7162485122680664
43,39,1.692361831665039
43,40,1.73296058177948
43,41,1.566818118095398
43,42,1.5736043453216553
43,43,1.788691520690918
43,44,1.2378957271575928
43,45,1.6349624395370483
43,46,1.7348815202713013
43,47,1.4551527500152588
43,48,1.5861313343048096
43,49,1.797076940536499
43,50,1.7244101762771606
43,51,1.4041506052017212
43,52,1.9216809272766113
43,53,1.4839006662368774
43,54,1.4919781684875488
43,55,1.6985647678375244
43,56,1.8126482963562012
43,57,2.0126469135284424
43,58,1.9170955419540405
43,59,2.1540780067443848
43,60,1.4660778045654297
43,61,2.2910256385803223
43,62,1.6509594917297363
43,63,1.466249942779541
43,64,1.6573247909545898
43,65,1.431757926940918
43,66,1.4229953289031982
43,67,1.726487636566162
43,68,1.691465139389038
43,69,1.4752578735351562
43,70,1.391807198524475
43,71,1.7056825160980225
43,72,1.814718246459961
43,73,1.6307053565979004
43,74,1.837961196899414
43,75,1.6907812356948853
43,76,1.6690958738327026
43,77,1.3942983150482178
43,78,2.0239405632019043
43,79,1.4465910196304321
43,80,1.6377907991409302
43,81,1.4535276889801025
43,82,1.3229131698608398
43,83,2.0834498405456543
43,84,1.5847020149230957
43,85,1.4850983619689941
43,86,1.5125646591186523
43,87,1.4719288349151611
43,88,1.514662265777588
43,89,1.9607954025268555
43,90,1.3232500553131104
43,91,1.833736538887024
43,92,1.7422983646392822
43,93,1.394428014755249
43,94,1.6687164306640625
43,95,1.693013310432434
43,96,1.796346664428711
43,97,2.1023120880126953
43,98,1.7510370016098022
43,99,1.8152921199798584
43,100,1.6574697494506836
43,101,1.5546848773956299
43,102,1.7367404699325562
43,103,1.614454746246338
43,104,1.4249513149261475
43,105,1.5141518115997314
43,106,1.6563360691070557
43,107,1.6766142845153809
43,108,1.9729586839675903
43,109,1.2979727983474731
43,110,2.0739917755126953
43,111,1.5274591445922852
43,112,1.6746909618377686
43,113,1.838228464126587
43,114,1.7253303527832031
43,115,1.6967384815216064
43,116,1.6997277736663818
43,117,2.106128692626953
43,118,1.7116156816482544
43,119,1.5476958751678467
43,120,1.6060165166854858
43,121,1.7585121393203735
43,122,1.9770026206970215
43,123,1.9661602973937988
43,124,1.9521335363388062
43,125,1.4933686256408691
43,126,2.448469400405884
43,127,1.9522866010665894
43,128,1.701380968093872
43,129,1.6342170238494873
43,130,1.2712421417236328
43,131,1.947121262550354
43,132,1.5190927982330322
43,133,1.762866735458374
43,134,1.6440391540527344
43,135,1.702364206314087
43,136,2.1086275577545166
43,137,2.0052762031555176
43,138,1.5528674125671387
43,139,1.6125435829162598
43,140,1.5041429996490479
43,141,1.791933298110962
43,142,2.142108917236328
43,143,2.0794315338134766
43,144,2.088481903076172
43,145,1.7568423748016357
43,146,1.4987566471099854
43,147,1.6295349597930908
43,148,1.77695894241333
43,149,1.4522066116333008
43,150,1.7017779350280762
43,151,1.432969093322754
43,152,2.1412229537963867
43,153,1.8085607290267944
43,154,1.8151206970214844
43,155,1.4287736415863037
43,156,1.6676814556121826
43,157,1.4472540616989136
43,158,1.4390325546264648
43,159,1.6745407581329346
43,160,1.3212894201278687
43,161,1.5543228387832642
43,162,1.7514050006866455
43,163,1.8651195764541626
43,164,1.6228822469711304
43,165,1.6444127559661865
43,166,1.9398270845413208
43,167,1.2815237045288086
43,168,1.497257947921753
43,169,1.776376724243164
43,170,1.5916554927825928
43,171,1.6400072574615479
43,172,1.4033169746398926
43,173,2.198246717453003
43,174,1.8156936168670654
43,175,2.206970691680908
43,176,1.6148245334625244
43,177,1.8018380403518677
43,178,1.650449275970459
43,179,1.548346996307373
43,180,1.600569486618042
43,181,1.417262315750122
43,182,1.5908355712890625
43,183,1.4438002109527588
43,184,1.6224501132965088
43,185,1.9093124866485596
43,186,1.6667661666870117
43,187,1.7313164472579956
43,188,1.4435800313949585
43,189,1.9849272966384888
43,190,1.433610200881958
43,191,1.6350994110107422
43,192,1.5272226333618164
43,193,1.5032100677490234
43,194,1.6290903091430664
43,195,1.3455803394317627
43,196,1.562457799911499
43,197,1.4238533973693848
43,198,1.7734193801879883
43,199,1.6588727235794067
43,200,1.5173596143722534
43,201,1.6151834726333618
43,202,1.9876395463943481
43,203,1.5232412815093994
43,204,2.0573787689208984
43,205,2.21753191947937
43,206,1.7402276992797852
43,207,1.92328679561615
43,208,1.9837942123413086
43,209,2.634140968322754
43,210,1.6236870288848877
43,211,1.9360463619232178
43,212,1.6317574977874756
43,213,1.744429588317871
43,214,2.0776925086975098
43,215,1.6984971761703491
43,216,1.351999044418335
43,217,1.9210087060928345
43,218,1.581471562385559
43,219,1.4025564193725586
43,220,1.4564669132232666
43,221,2.06355357170105
43,222,1.8685357570648193
43,223,1.6087627410888672
43,224,1.8358670473098755
43,225,1.5920424461364746
43,226,1.7599658966064453
43,227,1.8749929666519165
43,228,1.5950405597686768
43,229,2.1367897987365723
43,230,1.6146128177642822
43,231,1.402557373046875
43,232,1.8415677547454834
43,233,2.0618882179260254
43,234,1.8077046871185303
43,235,1.561855673789978
43,236,1.6066302061080933
43,237,1.9847825765609741
43,238,1.7111632823944092
43,239,1.6549142599105835
43,240,2.106661558151245
43,241,2.0265793800354004
43,242,1.7161904573440552
43,243,1.472593069076538
43,244,1.543891429901123
43,245,1.6993300914764404
43,246,1.6134305000305176
43,247,1.6502463817596436
43,248,1.7230321168899536
43,249,1.7739083766937256
43,250,1.7506895065307617
43,251,1.488346815109253
43,252,1.8247020244598389
43,253,1.789570689201355
43,254,1.6884379386901855
43,255,2.1000490188598633
43,256,1.9399718046188354
43,257,1.8179171085357666
43,258,1.3528512716293335
43,259,2.1052021980285645
43,260,1.4143764972686768
43,261,2.1278269290924072
43,262,1.4814283847808838
43,263,1.3815410137176514
43,264,1.6774566173553467
43,265,1.8771662712097168
43,266,1.4634770154953003
43,267,1.9134244918823242
43,268,1.6190178394317627
43,269,1.985698938369751
43,270,1.5077311992645264
43,271,1.7565345764160156
43,272,2.030539035797119
43,273,2.055074453353882
43,274,1.6123261451721191
43,275,1.9145841598510742
43,276,1.3764219284057617
43,277,1.8912575244903564
43,278,1.87803053855896
43,279,1.448948860168457
43,280,1.5684142112731934
43,281,1.6026842594146729
43,282,1.9007699489593506
43,283,1.635669231414795
43,284,2.0202412605285645
43,285,1.7893588542938232
43,286,1.6532092094421387
43,287,1.267683982849121
43,288,1.6326754093170166
43,289,1.6657861471176147
43,290,1.662385106086731
43,291,1.5121196508407593
43,292,1.7321808338165283
43,293,1.678375482559204
43,294,1.5730555057525635
43,295,1.533066749572754
43,296,1.4805166721343994
43,297,1.740393877029419
43,298,1.4539246559143066
43,299,2.0771119594573975
43,300,1.4813506603240967
43,301,1.7040538787841797
43,302,1.6487995386123657
43,303,1.4945204257965088
43,304,1.4842971563339233
43,305,1.6983741521835327
43,306,1.7899072170257568
43,307,1.6852071285247803
43,308,1.7380948066711426
43,309,1.4468077421188354
43,310,1.5894458293914795
43,311,1.8978986740112305
43,312,2.0442848205566406
43,313,1.926169991493225
43,314,1.7904167175292969
43,315,1.740574836730957
43,316,1.6156411170959473
43,317,1.7306890487670898
43,318,1.888326644897461
43,319,1.7842345237731934
43,320,1.7115628719329834
43,321,1.526893138885498
43,322,1.631158709526062
43,323,1.8766093254089355
43,324,1.6416585445404053
43,325,1.7706682682037354
43,326,1.9355531930923462
43,327,1.5268100500106812
43,328,1.883232593536377
43,329,2.19260835647583
43,330,1.952927589416504
43,331,1.534233570098877
43,332,1.613810658454895
43,333,1.6543257236480713
43,334,1.6976122856140137
43,335,2.405468702316284
43,336,1.6520191431045532
43,337,1.6355451345443726
43,338,1.5547306537628174
43,339,1.8858217000961304
43,340,1.616153597831726
43,341,1.6192119121551514
43,342,1.8565406799316406
43,343,1.6077574491500854
43,344,1.4404886960983276
43,345,1.3821464776992798
43,346,1.6472302675247192
43,347,1.765420913696289
43,348,2.299840211868286
43,349,1.7903354167938232
43,350,2.025564193725586
43,351,1.5470569133758545
43,352,2.370393753051758
43,353,1.7303578853607178
43,354,1.651458978652954
43,355,1.5899641513824463
43,356,1.8422181606292725
43,357,1.642517328262329
43,358,1.7936351299285889
43,359,1.8353309631347656
43,360,1.599611520767212
43,361,1.8313461542129517
43,362,1.4412903785705566
43,363,1.5490062236785889
43,364,1.7624458074569702
43,365,1.5603721141815186
43,366,1.973437786102295
43,367,1.6085107326507568
43,368,1.5232446193695068
43,369,1.5249226093292236
43,370,1.7991887331008911
43,371,1.5718975067138672
43,372,1.405256748199463
43,373,2.1205177307128906
43,374,1.9020243883132935
43,375,1.7459771633148193
43,376,1.6516616344451904
43,377,1.5252275466918945
43,378,1.6220307350158691
43,379,1.7516212463378906
43,380,1.5168702602386475
43,381,1.5196776390075684
43,382,1.8031058311462402
43,383,1.5160552263259888
43,384,1.7501604557037354
43,385,1.633373737335205
43,386,2.5609426498413086
43,387,2.0006842613220215
43,388,1.98521089553833
43,389,1.5816078186035156
43,390,1.8390848636627197
43,391,1.3036267757415771
43,392,2.0681161880493164
43,393,1.5583877563476562
43,394,1.6098179817199707
43,395,1.5985816717147827
43,396,1.658573865890503
43,397,1.8057035207748413
43,398,1.5499427318572998
43,399,1.9476418495178223
43,400,2.2524685859680176
43,401,1.7353219985961914
43,402,1.7057561874389648
43,403,1.5571014881134033
43,404,1.5837396383285522
43,405,1.460745930671692
43,406,1.4233832359313965
43,407,1.3239105939865112
43,408,1.6784954071044922
43,409,1.5984441041946411
43,410,1.694885492324829
43,411,2.0873847007751465
43,412,2.2109291553497314
43,413,2.066070079803467
43,414,2.0303730964660645
43,415,1.702488660812378
43,416,2.056596279144287
43,417,1.9905691146850586
43,418,2.009613275527954
43,419,1.8682527542114258
43,420,1.5249930620193481
43,421,1.6230584383010864
43,422,1.4626696109771729
43,423,1.4131462574005127
43,424,2.067495107650757
43,425,1.5242278575897217
43,426,1.5816371440887451
43,427,1.7606598138809204
43,428,1.7740906476974487
43,429,1.2804968357086182
43,430,1.8742640018463135
43,431,1.597909927368164
43,432,1.932037591934204
43,433,1.6434283256530762
43,434,1.393233060836792
43,435,1.8165602684020996
43,436,1.536841869354248
43,437,1.8895797729492188
43,438,1.730792760848999
43,439,1.3657474517822266
43,440,1.6612006425857544
43,441,2.1243245601654053
43,442,1.9792797565460205
43,443,1.4280688762664795
43,444,1.786093831062317
43,445,1.9390565156936646
43,446,1.7645258903503418
43,447,1.7411946058273315
43,448,1.982781171798706
43,449,1.2380739450454712
43,450,1.8070545196533203
43,451,1.6317039728164673
43,452,2.063469171524048
43,453,1.9833275079727173
43,454,1.5382328033447266
43,455,1.541930079460144
43,456,1.6456365585327148
43,457,1.806533932685852
43,458,1.5857172012329102
43,459,1.950690507888794
43,460,1.3257756233215332
43,461,1.9802088737487793
43,462,1.7376554012298584
43,463,1.715763807296753
43,464,2.0962531566619873
43,465,1.6903727054595947
43,466,1.6912704706192017
43,467,1.51835036277771
43,468,1.9101483821868896
43,469,1.5855708122253418
43,470,1.3629848957061768
43,471,1.64036226272583
43,472,1.718337059020996
43,473,1.5524495840072632
43,474,2.2253623008728027
43,475,1.647552728652954
43,476,2.0292086601257324
43,477,1.2307634353637695
43,478,1.755399227142334
43,479,1.4189079999923706
43,480,1.7043051719665527
43,481,1.5283594131469727
43,482,1.7723057270050049
43,483,1.5514328479766846
43,484,1.3284447193145752
43,485,1.790101408958435
43,486,1.6987417936325073
43,487,2.25238037109375
43,488,1.9536001682281494
43,489,2.009697437286377
43,490,1.8409439325332642
43,491,1.4559708833694458
43,492,1.603988528251648
43,493,1.2754600048065186
43,494,1.9415810108184814
43,495,2.008574962615967
43,496,1.9869225025177002
43,497,1.6344679594039917
43,498,1.6966006755828857
