Epoch,Batch_Index,Loss
1,0,1.454254150390625
1,1,1.5922534465789795
1,2,1.9670147895812988
1,3,1.4871225357055664
1,4,1.5451672077178955
1,5,1.6357464790344238
1,6,1.4688974618911743
1,7,1.6239039897918701
1,8,1.4075517654418945
1,9,1.4604839086532593
1,10,1.5271183252334595
1,11,1.9637759923934937
1,12,1.5325520038604736
1,13,1.5311293601989746
1,14,1.6287022829055786
1,15,1.5420665740966797
1,16,1.493865728378296
1,17,1.5920252799987793
1,18,1.4442248344421387
1,19,1.6905994415283203
1,20,1.7313177585601807
1,21,1.7506639957427979
1,22,1.5366218090057373
1,23,1.7041727304458618
1,24,1.827783226966858
1,25,1.5768518447875977
1,26,1.6865448951721191
1,27,1.4857995510101318
1,28,1.5514917373657227
1,29,1.2809622287750244
1,30,1.3506901264190674
1,31,1.392543911933899
1,32,1.7031314373016357
1,33,1.603696346282959
1,34,1.435987114906311
1,35,1.715742588043213
1,36,1.4709677696228027
1,37,1.5471148490905762
1,38,1.7049849033355713
1,39,1.5935914516448975
1,40,1.5305174589157104
1,41,1.6550275087356567
1,42,1.4027180671691895
1,43,1.5624074935913086
1,44,1.8080165386199951
1,45,1.548842191696167
1,46,1.5207929611206055
1,47,1.47724187374115
1,48,1.4782240390777588
1,49,1.5394055843353271
1,50,1.8304306268692017
1,51,1.576469898223877
1,52,1.4687540531158447
1,53,1.65629243850708
1,54,1.318968653678894
1,55,1.201045274734497
1,56,1.8783689737319946
1,57,1.5984959602355957
1,58,1.398306131362915
1,59,1.264347791671753
1,60,1.757704734802246
1,61,1.3787609338760376
1,62,1.6598623991012573
1,63,1.449955940246582
1,64,1.6019833087921143
1,65,1.3133389949798584
1,66,1.379089593887329
1,67,1.4504642486572266
1,68,1.539644479751587
1,69,1.3198356628417969
1,70,1.288177490234375
1,71,1.6287257671356201
1,72,1.386375904083252
1,73,1.53786039352417
1,74,1.5426193475723267
1,75,1.612452507019043
1,76,1.5051684379577637
1,77,1.6345350742340088
1,78,1.3534789085388184
1,79,1.5289664268493652
1,80,1.6662092208862305
1,81,1.7300139665603638
1,82,1.5308263301849365
1,83,1.5193531513214111
1,84,1.380740761756897
1,85,1.5961798429489136
1,86,1.654848337173462
1,87,1.6305395364761353
1,88,1.668689250946045
1,89,1.411666989326477
1,90,1.8841116428375244
1,91,1.4329739809036255
1,92,1.6035722494125366
1,93,1.6903393268585205
1,94,1.5239670276641846
1,95,1.491745114326477
1,96,1.489089012145996
1,97,1.50124990940094
1,98,1.6513333320617676
1,99,1.5414774417877197
1,100,1.320031762123108
1,101,1.4970563650131226
1,102,1.2663812637329102
1,103,1.621755599975586
1,104,1.3497257232666016
1,105,1.6453452110290527
1,106,1.3903634548187256
1,107,1.59284508228302
1,108,1.3908015489578247
1,109,1.6441707611083984
1,110,1.5836787223815918
1,111,1.8189059495925903
1,112,1.5586137771606445
1,113,1.3972814083099365
1,114,1.6685092449188232
1,115,1.4837608337402344
1,116,1.6603206396102905
1,117,2.210859775543213
1,118,1.2388659715652466
1,119,1.6809003353118896
1,120,1.3516943454742432
1,121,1.579782485961914
1,122,1.5422863960266113
1,123,1.6558045148849487
1,124,1.5253455638885498
1,125,1.5814974308013916
1,126,1.3811684846878052
1,127,1.3426666259765625
1,128,1.6287668943405151
1,129,1.5972059965133667
1,130,1.706902027130127
1,131,1.5667150020599365
1,132,1.5661649703979492
1,133,1.4396319389343262
1,134,1.7042803764343262
1,135,1.4241116046905518
1,136,1.3753483295440674
1,137,1.3335959911346436
1,138,1.4126875400543213
1,139,1.4418656826019287
1,140,1.405855655670166
1,141,1.3678500652313232
1,142,1.5573744773864746
1,143,1.51820707321167
1,144,1.4579782485961914
1,145,1.3633501529693604
1,146,1.746178388595581
1,147,1.3745256662368774
1,148,1.6082956790924072
1,149,1.3893024921417236
1,150,1.4575326442718506
1,151,1.4271087646484375
1,152,1.4524257183074951
1,153,1.449800729751587
1,154,1.3737032413482666
1,155,1.743798017501831
1,156,1.2957043647766113
1,157,1.6951842308044434
1,158,1.4682310819625854
1,159,1.3844382762908936
1,160,1.34900963306427
1,161,1.650510311126709
1,162,1.3378055095672607
1,163,1.5710644721984863
1,164,1.3848040103912354
1,165,1.5806881189346313
1,166,1.2727493047714233
1,167,1.565462589263916
1,168,1.5813727378845215
1,169,1.585500955581665
1,170,1.6004695892333984
1,171,1.5312974452972412
1,172,1.4794042110443115
1,173,1.4543510675430298
1,174,1.4803788661956787
1,175,1.361311674118042
1,176,1.5179340839385986
1,177,1.6730270385742188
1,178,1.6464195251464844
1,179,1.763845443725586
1,180,1.4278831481933594
1,181,1.5741949081420898
1,182,1.5258945226669312
1,183,1.6261227130889893
1,184,1.6090891361236572
1,185,1.4646759033203125
1,186,1.521801233291626
1,187,1.3823944330215454
1,188,1.4622266292572021
1,189,1.4304331541061401
1,190,1.3992054462432861
1,191,1.2161049842834473
1,192,1.3764216899871826
1,193,1.3302147388458252
1,194,1.3678051233291626
1,195,1.453549861907959
1,196,1.946053147315979
1,197,1.7751752138137817
1,198,1.5649183988571167
1,199,1.4885729551315308
1,200,1.4438199996948242
1,201,1.3483951091766357
1,202,1.3801164627075195
1,203,1.8088560104370117
1,204,1.4784573316574097
1,205,1.556502103805542
1,206,1.6515504121780396
1,207,1.5182914733886719
1,208,1.3336355686187744
1,209,1.5344748497009277
1,210,1.5632458925247192
1,211,1.4505336284637451
1,212,1.5779166221618652
1,213,1.5646607875823975
1,214,1.6561535596847534
1,215,1.682761549949646
1,216,1.3867104053497314
1,217,1.4310401678085327
1,218,1.6672883033752441
1,219,1.3200721740722656
1,220,1.4313156604766846
1,221,1.3255237340927124
1,222,1.382657766342163
1,223,1.6119279861450195
1,224,1.4527136087417603
1,225,1.3651578426361084
1,226,1.4362989664077759
1,227,1.258196473121643
1,228,1.4860999584197998
1,229,1.3475922346115112
1,230,1.4243048429489136
1,231,1.6665160655975342
1,232,1.3220138549804688
1,233,1.7304699420928955
1,234,1.41897451877594
1,235,1.6423639059066772
1,236,1.492903232574463
1,237,1.805725336074829
1,238,1.4170079231262207
1,239,1.4958032369613647
1,240,1.4831902980804443
1,241,1.3875080347061157
1,242,1.5673507452011108
1,243,1.411005973815918
1,244,1.5848972797393799
1,245,1.5942184925079346
1,246,1.3724570274353027
1,247,1.3312902450561523
1,248,1.2643423080444336
1,249,1.622002363204956
1,250,1.4909042119979858
1,251,1.5449832677841187
1,252,1.6791801452636719
1,253,1.5738835334777832
1,254,1.2711899280548096
1,255,1.4948525428771973
1,256,1.3167017698287964
1,257,1.9963531494140625
1,258,1.3465251922607422
1,259,1.2763621807098389
1,260,1.523939847946167
1,261,1.5139658451080322
1,262,1.3510901927947998
1,263,1.652780294418335
1,264,1.381714105606079
1,265,1.3907325267791748
1,266,1.76451575756073
1,267,1.3556668758392334
1,268,1.505033016204834
1,269,1.2377740144729614
1,270,1.5666980743408203
1,271,1.6161062717437744
1,272,1.9082977771759033
1,273,1.5437183380126953
1,274,1.3024287223815918
1,275,1.5701067447662354
1,276,1.9765584468841553
1,277,1.3947949409484863
1,278,1.5879862308502197
1,279,1.8948338031768799
1,280,1.4493176937103271
1,281,1.6088294982910156
1,282,1.3133434057235718
1,283,1.515548825263977
1,284,1.8116819858551025
1,285,1.5439438819885254
1,286,1.6355807781219482
1,287,1.5026483535766602
1,288,1.5473753213882446
1,289,1.3414325714111328
1,290,1.515633225440979
1,291,1.3325328826904297
1,292,1.5109102725982666
1,293,1.4909839630126953
1,294,1.381019115447998
1,295,1.5287039279937744
1,296,1.7205753326416016
1,297,1.5349669456481934
1,298,1.4931321144104004
1,299,1.6115386486053467
1,300,1.3832718133926392
1,301,1.286834478378296
1,302,1.4524726867675781
1,303,1.8254467248916626
1,304,1.7233140468597412
1,305,1.4966039657592773
1,306,1.535773515701294
1,307,1.318315029144287
1,308,1.4092179536819458
1,309,1.471700668334961
1,310,1.2957853078842163
1,311,1.388715147972107
1,312,1.4551112651824951
1,313,1.6623280048370361
1,314,1.7144052982330322
1,315,1.2524510622024536
1,316,1.3888118267059326
1,317,1.4163463115692139
1,318,1.501840353012085
1,319,1.579188346862793
1,320,1.4588563442230225
1,321,1.5995266437530518
1,322,1.2520612478256226
1,323,1.2946207523345947
1,324,1.536898136138916
1,325,1.5571260452270508
1,326,1.5739519596099854
1,327,1.4049959182739258
1,328,1.407702922821045
1,329,1.5946483612060547
1,330,1.3450028896331787
1,331,1.2431607246398926
1,332,1.546607255935669
1,333,1.503592848777771
1,334,1.8103855848312378
1,335,1.368377447128296
1,336,1.4556002616882324
1,337,1.495578646659851
1,338,1.4761121273040771
1,339,1.6930513381958008
1,340,1.4313063621520996
1,341,1.5539602041244507
1,342,1.6081602573394775
1,343,1.1603370904922485
1,344,1.547898530960083
1,345,1.8448501825332642
1,346,1.3608357906341553
1,347,1.913499116897583
1,348,1.3922311067581177
1,349,1.3981519937515259
1,350,1.3153884410858154
1,351,1.4542312622070312
1,352,1.4223449230194092
1,353,1.5459280014038086
1,354,1.3174901008605957
1,355,1.4365694522857666
1,356,1.393326997756958
1,357,1.6853561401367188
1,358,1.5165808200836182
1,359,1.5628794431686401
1,360,1.5438886880874634
1,361,1.585322380065918
1,362,1.6825186014175415
1,363,1.4758380651474
1,364,1.4441113471984863
1,365,1.2907216548919678
1,366,1.6062333583831787
1,367,1.5137887001037598
1,368,1.6425070762634277
1,369,1.3252345323562622
1,370,1.6038134098052979
1,371,1.2682595252990723
1,372,1.5735580921173096
1,373,1.275511384010315
1,374,1.4064702987670898
1,375,1.6124264001846313
1,376,1.3484207391738892
1,377,1.4149224758148193
1,378,1.628153920173645
1,379,1.42179536819458
1,380,1.5366020202636719
1,381,1.6845428943634033
1,382,1.5172966718673706
1,383,1.5594768524169922
1,384,1.4056026935577393
1,385,1.2083438634872437
1,386,1.3404160737991333
1,387,1.422788381576538
1,388,1.3231598138809204
1,389,1.2660367488861084
1,390,1.3939433097839355
1,391,1.4601268768310547
1,392,1.4820146560668945
1,393,1.6193838119506836
1,394,1.3162909746170044
1,395,1.4297170639038086
1,396,1.6498305797576904
1,397,1.4443973302841187
1,398,1.6210498809814453
1,399,1.3667843341827393
1,400,1.316550612449646
1,401,1.9660005569458008
1,402,1.3610095977783203
1,403,1.5367207527160645
1,404,1.6881184577941895
1,405,1.2948615550994873
1,406,1.4762215614318848
1,407,1.323453426361084
1,408,1.572498083114624
1,409,1.2804594039916992
1,410,1.5173733234405518
1,411,1.3772873878479004
1,412,1.2993881702423096
1,413,1.541196346282959
1,414,1.6833336353302002
1,415,1.2860262393951416
1,416,1.3891029357910156
1,417,1.505543828010559
1,418,1.4327991008758545
1,419,1.525640845298767
1,420,1.4701542854309082
1,421,1.282711148262024
1,422,1.5256953239440918
1,423,1.404859185218811
1,424,1.645379662513733
1,425,1.5989303588867188
1,426,1.900039792060852
1,427,1.3614275455474854
1,428,1.3902568817138672
1,429,1.3701775074005127
1,430,1.6742911338806152
1,431,1.732541799545288
1,432,1.3415966033935547
1,433,1.4637700319290161
1,434,1.4649465084075928
1,435,1.5548138618469238
1,436,1.572081208229065
1,437,1.3668253421783447
1,438,1.3736848831176758
1,439,1.2260732650756836
1,440,1.5583698749542236
1,441,1.5651500225067139
1,442,1.3493098020553589
1,443,1.57763671875
1,444,1.2995957136154175
1,445,1.5100479125976562
1,446,1.6089401245117188
1,447,1.5006310939788818
1,448,1.458799123764038
1,449,1.4398990869522095
1,450,1.3097807168960571
1,451,1.5083978176116943
1,452,1.4051501750946045
1,453,1.5206060409545898
1,454,1.3738305568695068
1,455,1.3375580310821533
1,456,1.4097421169281006
1,457,1.7204152345657349
1,458,1.208956241607666
1,459,1.2936720848083496
1,460,1.2672557830810547
1,461,1.5249865055084229
1,462,1.5140702724456787
1,463,1.2624176740646362
1,464,1.265208125114441
1,465,1.340951681137085
1,466,1.4563064575195312
1,467,1.5097532272338867
1,468,1.5741238594055176
1,469,1.5102914571762085
1,470,1.622041940689087
1,471,1.2564330101013184
1,472,1.3977680206298828
1,473,1.4133790731430054
1,474,1.6645557880401611
1,475,1.2786707878112793
1,476,1.4048399925231934
1,477,1.1347922086715698
1,478,1.323805570602417
1,479,1.4742834568023682
1,480,1.7296061515808105
1,481,1.350952386856079
1,482,1.4712597131729126
1,483,1.682539463043213
1,484,1.4654492139816284
1,485,1.417426586151123
1,486,1.360504388809204
1,487,1.3055697679519653
1,488,1.530211091041565
1,489,1.2626937627792358
1,490,1.5655498504638672
1,491,1.8006393909454346
1,492,1.7827789783477783
1,493,1.270427942276001
1,494,1.500022292137146
1,495,1.4835095405578613
1,496,1.2854092121124268
1,497,1.3766419887542725
1,498,1.2610350847244263
2,0,1.5629693269729614
2,1,1.484854817390442
2,2,1.4326263666152954
2,3,1.245044469833374
2,4,1.5895402431488037
2,5,1.6708123683929443
2,6,1.157288908958435
2,7,1.5047709941864014
2,8,1.6744773387908936
2,9,1.3792290687561035
2,10,1.433733582496643
2,11,1.331155776977539
2,12,1.2076870203018188
2,13,1.3427469730377197
2,14,1.556359052658081
2,15,1.659203290939331
2,16,1.5326058864593506
2,17,1.536829948425293
2,18,1.685715913772583
2,19,1.3623042106628418
2,20,1.556600570678711
2,21,1.351430892944336
2,22,1.4274752140045166
2,23,1.3999173641204834
2,24,1.3823444843292236
2,25,1.3822132349014282
2,26,1.5439651012420654
2,27,1.2843090295791626
2,28,1.5017869472503662
2,29,1.4555600881576538
2,30,1.3602771759033203
2,31,1.3723787069320679
2,32,1.5489301681518555
2,33,1.3842096328735352
2,34,1.432565450668335
2,35,1.457366704940796
2,36,1.5051393508911133
2,37,1.5971906185150146
2,38,1.344744086265564
2,39,1.2830188274383545
2,40,1.4856230020523071
2,41,1.3296962976455688
2,42,1.4528412818908691
2,43,1.2158622741699219
2,44,1.1880375146865845
2,45,1.35172438621521
2,46,1.3103612661361694
2,47,1.5857179164886475
2,48,1.37615168094635
2,49,1.3625802993774414
2,50,1.2778589725494385
2,51,1.3637895584106445
2,52,1.6411852836608887
2,53,1.4385473728179932
2,54,1.415006399154663
2,55,1.3456259965896606
2,56,1.666822910308838
2,57,1.4339191913604736
2,58,1.3965137004852295
2,59,1.5911478996276855
2,60,1.3973133563995361
2,61,1.6277105808258057
2,62,1.5113294124603271
2,63,1.361971139907837
2,64,1.568650484085083
2,65,1.2378730773925781
2,66,1.4334640502929688
2,67,1.353222370147705
2,68,1.3820302486419678
2,69,1.328133225440979
2,70,1.426247000694275
2,71,1.3476208448410034
2,72,1.3580727577209473
2,73,1.5938372611999512
2,74,1.362537145614624
2,75,1.336977481842041
2,76,1.2962396144866943
2,77,1.3457953929901123
2,78,1.3801181316375732
2,79,1.2251765727996826
2,80,1.2416890859603882
2,81,1.389338731765747
2,82,1.3231289386749268
2,83,1.2185418605804443
2,84,1.3582429885864258
2,85,1.5507760047912598
2,86,1.5396490097045898
2,87,1.678513526916504
2,88,1.4425160884857178
2,89,1.320892095565796
2,90,1.2562427520751953
2,91,1.5069348812103271
2,92,1.2236229181289673
2,93,1.2087219953536987
2,94,1.654118299484253
2,95,1.2629276514053345
2,96,1.5561105012893677
2,97,1.4816800355911255
2,98,1.5641131401062012
2,99,1.2200888395309448
2,100,1.6825377941131592
2,101,1.545220136642456
2,102,1.439731478691101
2,103,1.9650695323944092
2,104,1.4999077320098877
2,105,1.2757561206817627
2,106,1.531818151473999
2,107,1.4250491857528687
2,108,1.442103385925293
2,109,1.705094575881958
2,110,1.3153952360153198
2,111,1.3020222187042236
2,112,1.1709322929382324
2,113,1.3085393905639648
2,114,1.4867401123046875
2,115,1.2753899097442627
2,116,1.4287514686584473
2,117,1.4729055166244507
2,118,1.215081810951233
2,119,1.4072762727737427
2,120,1.7539865970611572
2,121,1.3942737579345703
2,122,1.453974723815918
2,123,1.7491133213043213
2,124,1.2059905529022217
2,125,1.3631908893585205
2,126,1.3121014833450317
2,127,1.1183995008468628
2,128,1.398069143295288
2,129,1.4059832096099854
2,130,1.226126790046692
2,131,1.421877145767212
2,132,1.4194402694702148
2,133,1.3352344036102295
2,134,1.3131935596466064
2,135,1.4404610395431519
2,136,1.2856658697128296
2,137,1.4596112966537476
2,138,1.797658920288086
2,139,1.373145580291748
2,140,1.4049278497695923
2,141,1.2246325016021729
2,142,1.2793774604797363
2,143,1.254951000213623
2,144,1.4756853580474854
2,145,1.2983965873718262
2,146,1.3779044151306152
2,147,1.3224307298660278
2,148,1.2719449996948242
2,149,1.435387134552002
2,150,1.553818702697754
2,151,1.26161789894104
2,152,1.7947683334350586
2,153,1.4313006401062012
2,154,1.4736406803131104
2,155,1.429405689239502
2,156,1.4615304470062256
2,157,1.3894627094268799
2,158,1.28873872756958
2,159,1.3036198616027832
2,160,1.2887526750564575
2,161,1.198626160621643
2,162,1.2955493927001953
2,163,1.3821544647216797
2,164,1.2645235061645508
2,165,1.1929662227630615
2,166,1.5645281076431274
2,167,1.0955921411514282
2,168,1.3205926418304443
2,169,1.3023016452789307
2,170,1.2850797176361084
2,171,1.3466687202453613
2,172,1.9011280536651611
2,173,1.640009880065918
2,174,1.3195481300354004
2,175,1.2962095737457275
2,176,1.3720149993896484
2,177,1.2933319807052612
2,178,1.5207183361053467
2,179,1.459984540939331
2,180,1.4176983833312988
2,181,1.2315306663513184
2,182,1.4948391914367676
2,183,1.3908112049102783
2,184,1.1635048389434814
2,185,1.3914821147918701
2,186,1.4442126750946045
2,187,1.4502443075180054
2,188,1.4573520421981812
2,189,1.274227499961853
2,190,1.4315452575683594
2,191,1.437225341796875
2,192,1.2434718608856201
2,193,1.4181134700775146
2,194,1.4226813316345215
2,195,1.390129566192627
2,196,1.5113983154296875
2,197,1.3682020902633667
2,198,1.5372884273529053
2,199,1.3748960494995117
2,200,1.4234468936920166
2,201,1.1362152099609375
2,202,1.3553853034973145
2,203,1.4133286476135254
2,204,1.4152711629867554
2,205,1.3633463382720947
2,206,1.3045597076416016
2,207,1.4086189270019531
2,208,1.2971185445785522
2,209,1.3005449771881104
2,210,1.30320405960083
2,211,1.5030434131622314
2,212,1.6100926399230957
2,213,1.379111647605896
2,214,1.4106208086013794
2,215,1.5107183456420898
2,216,1.4664826393127441
2,217,1.3647544384002686
2,218,1.543419361114502
2,219,1.2366844415664673
2,220,1.3247900009155273
2,221,1.1055660247802734
2,222,1.5170081853866577
2,223,1.3187443017959595
2,224,1.131941795349121
2,225,1.3020236492156982
2,226,1.5719492435455322
2,227,1.2528620958328247
2,228,1.4268207550048828
2,229,1.6124439239501953
2,230,1.3660134077072144
2,231,1.4746886491775513
2,232,1.2391314506530762
2,233,1.2827454805374146
2,234,1.4247140884399414
2,235,1.4140950441360474
2,236,1.3172428607940674
2,237,1.3419471979141235
2,238,1.2697046995162964
2,239,1.4813463687896729
2,240,1.3487595319747925
2,241,1.2239933013916016
2,242,1.4474725723266602
2,243,1.244389533996582
2,244,1.1760278940200806
2,245,1.4765598773956299
2,246,1.6199814081192017
2,247,1.2705351114273071
2,248,1.5830237865447998
2,249,1.4124746322631836
2,250,1.4330792427062988
2,251,1.4465149641036987
2,252,1.284713864326477
2,253,1.3826885223388672
2,254,1.3711047172546387
2,255,1.2728676795959473
2,256,1.1530041694641113
2,257,1.5180860757827759
2,258,1.4266598224639893
2,259,1.3253480195999146
2,260,1.2238209247589111
2,261,1.3498528003692627
2,262,1.3054683208465576
2,263,1.30244779586792
2,264,1.1832587718963623
2,265,1.2961422204971313
2,266,1.1863341331481934
2,267,1.3986425399780273
2,268,1.1542224884033203
2,269,1.5124969482421875
2,270,1.160954236984253
2,271,1.645988941192627
2,272,1.3693547248840332
2,273,1.1810228824615479
2,274,1.2934967279434204
2,275,1.3125941753387451
2,276,1.2946492433547974
2,277,1.3707797527313232
2,278,1.2272452116012573
2,279,1.206404209136963
2,280,1.3355238437652588
2,281,1.4573814868927002
2,282,1.3110086917877197
2,283,1.2953828573226929
2,284,1.2325419187545776
2,285,1.2703256607055664
2,286,1.4567803144454956
2,287,1.4569292068481445
2,288,1.3307292461395264
2,289,1.2606158256530762
2,290,1.3941214084625244
2,291,1.2853734493255615
2,292,1.3112263679504395
2,293,1.2632509469985962
2,294,1.2337182760238647
2,295,1.3795759677886963
2,296,1.239555835723877
2,297,1.2276928424835205
2,298,1.2982553243637085
2,299,1.6118229627609253
2,300,1.3111703395843506
2,301,1.3315871953964233
2,302,1.4901018142700195
2,303,1.1652284860610962
2,304,1.3937723636627197
2,305,1.3519792556762695
2,306,1.3268589973449707
2,307,1.6218328475952148
2,308,1.1589789390563965
2,309,1.2764387130737305
2,310,1.221428632736206
2,311,1.2841289043426514
2,312,1.5828161239624023
2,313,1.2747077941894531
2,314,1.5080376863479614
2,315,1.3427009582519531
2,316,1.2639528512954712
2,317,1.4083564281463623
2,318,1.3118553161621094
2,319,1.5008163452148438
2,320,1.217544674873352
2,321,1.3431048393249512
2,322,1.563236117362976
2,323,1.3342995643615723
2,324,1.5888943672180176
2,325,1.2474961280822754
2,326,1.5122296810150146
2,327,1.4310402870178223
2,328,1.2239152193069458
2,329,1.2476341724395752
2,330,1.092748999595642
2,331,1.462846279144287
2,332,1.5178697109222412
2,333,1.139024257659912
2,334,1.4625155925750732
2,335,1.5269726514816284
2,336,1.1683417558670044
2,337,1.2154898643493652
2,338,1.4659348726272583
2,339,1.1761232614517212
2,340,1.3199183940887451
2,341,1.4551119804382324
2,342,1.3141074180603027
2,343,1.3312551975250244
2,344,1.2088066339492798
2,345,1.3188343048095703
2,346,1.359847068786621
2,347,1.4481446743011475
2,348,1.089673638343811
2,349,1.5680665969848633
2,350,1.3039250373840332
2,351,1.418069839477539
2,352,1.4347960948944092
2,353,1.5722625255584717
2,354,1.1638901233673096
2,355,1.7155063152313232
2,356,1.3549399375915527
2,357,1.3440608978271484
2,358,1.1863198280334473
2,359,1.3146922588348389
2,360,1.2917438745498657
2,361,1.4324820041656494
2,362,1.445678472518921
2,363,1.2486344575881958
2,364,1.3724560737609863
2,365,1.4668374061584473
2,366,1.3553826808929443
2,367,1.3511862754821777
2,368,1.3447041511535645
2,369,1.2382526397705078
2,370,1.3431518077850342
2,371,1.4194415807724
2,372,1.1398472785949707
2,373,1.3010048866271973
2,374,1.1938941478729248
2,375,1.4146150350570679
2,376,1.3592793941497803
2,377,1.305051565170288
2,378,1.6354484558105469
2,379,1.4917094707489014
2,380,1.221380591392517
2,381,1.4620648622512817
2,382,1.1204171180725098
2,383,1.2731330394744873
2,384,1.2569334506988525
2,385,1.2699989080429077
2,386,1.4032728672027588
2,387,1.281489610671997
2,388,1.2469853162765503
2,389,1.3443351984024048
2,390,1.3951255083084106
2,391,1.2251687049865723
2,392,1.548114538192749
2,393,1.2391602993011475
2,394,1.0979652404785156
2,395,1.350000023841858
2,396,1.2540819644927979
2,397,1.3230175971984863
2,398,1.6470184326171875
2,399,1.252087116241455
2,400,1.2966688871383667
2,401,1.259909987449646
2,402,1.1070208549499512
2,403,1.223541498184204
2,404,1.229249119758606
2,405,1.2564382553100586
2,406,1.4406825304031372
2,407,1.4407799243927002
2,408,1.3373243808746338
2,409,1.2847154140472412
2,410,1.2955126762390137
2,411,1.2808529138565063
2,412,1.3710601329803467
2,413,1.476924180984497
2,414,1.4797594547271729
2,415,1.2953892946243286
2,416,1.3201377391815186
2,417,1.2661004066467285
2,418,1.2451677322387695
2,419,1.2344675064086914
2,420,1.2827627658843994
2,421,1.2832276821136475
2,422,1.2627633810043335
2,423,1.6900103092193604
2,424,1.3772671222686768
2,425,1.2765657901763916
2,426,1.4604214429855347
2,427,1.4697206020355225
2,428,1.2272233963012695
2,429,1.420616865158081
2,430,1.423170566558838
2,431,1.498744010925293
2,432,1.5063629150390625
2,433,1.3924750089645386
2,434,1.2441531419754028
2,435,1.3203577995300293
2,436,1.2041661739349365
2,437,1.4446841478347778
2,438,1.2263540029525757
2,439,1.282849907875061
2,440,1.4711484909057617
2,441,1.5233466625213623
2,442,1.172137975692749
2,443,1.4348437786102295
2,444,1.323094367980957
2,445,1.4955334663391113
2,446,1.4676287174224854
2,447,1.189216136932373
2,448,1.279458999633789
2,449,1.1776835918426514
2,450,1.294853925704956
2,451,1.495886206626892
2,452,1.444253921508789
2,453,1.3690494298934937
2,454,1.0548310279846191
2,455,1.169580340385437
2,456,1.3195133209228516
2,457,1.2107152938842773
2,458,1.2871168851852417
2,459,1.119621992111206
2,460,1.2243255376815796
2,461,1.2451564073562622
2,462,1.4327062368392944
2,463,1.2743330001831055
2,464,1.299910545349121
2,465,1.28488028049469
2,466,1.307783842086792
2,467,1.3699078559875488
2,468,1.3880958557128906
2,469,1.1488327980041504
2,470,1.4734642505645752
2,471,1.3172544240951538
2,472,1.2796978950500488
2,473,1.5341942310333252
2,474,1.2039223909378052
2,475,1.411586046218872
2,476,1.4872868061065674
2,477,1.4452691078186035
2,478,1.4019521474838257
2,479,1.290730595588684
2,480,1.3240480422973633
2,481,1.4214125871658325
2,482,1.2190979719161987
2,483,1.2379906177520752
2,484,1.4063197374343872
2,485,1.1570994853973389
2,486,1.3250079154968262
2,487,1.5291835069656372
2,488,1.2753925323486328
2,489,1.255473017692566
2,490,1.1976608037948608
2,491,1.1911687850952148
2,492,1.5038424730300903
2,493,1.4297449588775635
2,494,1.2907602787017822
2,495,1.5246652364730835
2,496,1.2773685455322266
2,497,1.1855082511901855
2,498,1.4258785247802734
3,0,1.2296890020370483
3,1,1.2495081424713135
3,2,1.3075249195098877
3,3,1.368539571762085
3,4,1.3476946353912354
3,5,1.289206624031067
3,6,1.355665922164917
3,7,1.4556183815002441
3,8,1.3383371829986572
3,9,1.2697718143463135
3,10,1.3515783548355103
3,11,1.2741420269012451
3,12,1.2852059602737427
3,13,1.5217115879058838
3,14,1.2970573902130127
3,15,1.2462313175201416
3,16,1.295933723449707
3,17,1.155278205871582
3,18,1.1318249702453613
3,19,1.215319275856018
3,20,1.252189040184021
3,21,1.3869054317474365
3,22,1.3158743381500244
3,23,1.3282475471496582
3,24,1.1692712306976318
3,25,1.2617120742797852
3,26,1.4771498441696167
3,27,1.1955326795578003
3,28,1.392963171005249
3,29,1.4499088525772095
3,30,1.403475046157837
3,31,1.1492851972579956
3,32,1.4433640241622925
3,33,1.4944775104522705
3,34,1.4154736995697021
3,35,1.2495757341384888
3,36,1.2493896484375
3,37,1.4820189476013184
3,38,1.4854934215545654
3,39,1.23593008518219
3,40,1.42692232131958
3,41,1.1897493600845337
3,42,1.3187870979309082
3,43,1.2080416679382324
3,44,1.3050501346588135
3,45,1.4302568435668945
3,46,1.2584904432296753
3,47,1.4967529773712158
3,48,1.3847261667251587
3,49,1.3630871772766113
3,50,1.1326417922973633
3,51,1.2830537557601929
3,52,1.3424432277679443
3,53,1.1503487825393677
3,54,1.3184927701950073
3,55,1.4057605266571045
3,56,1.484026551246643
3,57,1.326476812362671
3,58,1.2265931367874146
3,59,1.3651108741760254
3,60,1.3556807041168213
3,61,1.3345619440078735
3,62,1.5546050071716309
3,63,1.3189034461975098
3,64,1.343333125114441
3,65,1.1934869289398193
3,66,1.2429695129394531
3,67,1.303609013557434
3,68,1.078192949295044
3,69,1.454202651977539
3,70,1.182093858718872
3,71,1.2103450298309326
3,72,1.3682612180709839
3,73,1.221222996711731
3,74,1.3229939937591553
3,75,1.3088529109954834
3,76,1.2514568567276
3,77,1.4935970306396484
3,78,1.3998165130615234
3,79,1.395777702331543
3,80,1.181556224822998
3,81,1.2109217643737793
3,82,1.3494350910186768
3,83,1.2916432619094849
3,84,1.396468162536621
3,85,1.4420902729034424
3,86,1.181451678276062
3,87,1.343167781829834
3,88,1.4611999988555908
3,89,1.2836956977844238
3,90,1.262136697769165
3,91,1.5754964351654053
3,92,1.3107166290283203
3,93,1.308877944946289
3,94,1.3580644130706787
3,95,1.466744065284729
3,96,1.219036340713501
3,97,1.4219846725463867
3,98,1.3523616790771484
3,99,1.1898391246795654
3,100,1.246425986289978
3,101,1.173861026763916
3,102,1.377439260482788
3,103,1.352190375328064
3,104,1.333411455154419
3,105,1.297471046447754
3,106,1.4223129749298096
3,107,1.4489338397979736
3,108,1.2881501913070679
3,109,1.236931562423706
3,110,1.1930294036865234
3,111,1.2239917516708374
3,112,1.3704843521118164
3,113,1.153415560722351
3,114,1.2873847484588623
3,115,1.1718775033950806
3,116,1.2830500602722168
3,117,1.4368305206298828
3,118,1.6037368774414062
3,119,1.233696460723877
3,120,1.2332119941711426
3,121,1.1644073724746704
3,122,1.3399205207824707
3,123,1.3788862228393555
3,124,1.2423243522644043
3,125,1.1989154815673828
3,126,1.330812692642212
3,127,1.0749263763427734
3,128,1.334238052368164
3,129,1.2703076601028442
3,130,1.2981176376342773
3,131,1.4051001071929932
3,132,1.3509067296981812
3,133,1.3171859979629517
3,134,1.4072935581207275
3,135,1.3494014739990234
3,136,1.3923227787017822
3,137,1.1808239221572876
3,138,1.4979252815246582
3,139,1.2318732738494873
3,140,1.2153773307800293
3,141,1.4282628297805786
3,142,1.3940246105194092
3,143,1.4325182437896729
3,144,1.31973135471344
3,145,1.249001383781433
3,146,1.1973963975906372
3,147,1.3998503684997559
3,148,1.2591909170150757
3,149,1.2666690349578857
3,150,1.254622220993042
3,151,1.2044999599456787
3,152,1.523036003112793
3,153,1.31470787525177
3,154,1.2305175065994263
3,155,1.5457113981246948
3,156,1.0977147817611694
3,157,1.241591453552246
3,158,1.2000603675842285
3,159,1.1438356637954712
3,160,1.2119190692901611
3,161,1.3046700954437256
3,162,1.1633292436599731
3,163,1.1577692031860352
3,164,1.2665073871612549
3,165,1.2500132322311401
3,166,1.255814790725708
3,167,1.5044751167297363
3,168,1.300132155418396
3,169,1.348620891571045
3,170,1.4930508136749268
3,171,1.2919487953186035
3,172,1.2458679676055908
3,173,1.2216352224349976
3,174,1.480440378189087
3,175,1.2061518430709839
3,176,1.3691978454589844
3,177,1.3626165390014648
3,178,1.3251380920410156
3,179,1.4475507736206055
3,180,1.3828561305999756
3,181,1.128011703491211
3,182,1.1788939237594604
3,183,1.3079496622085571
3,184,1.1693443059921265
3,185,1.5028810501098633
3,186,1.405789852142334
3,187,1.0547049045562744
3,188,1.3570187091827393
3,189,1.2968144416809082
3,190,1.4286460876464844
3,191,1.2601642608642578
3,192,1.2222416400909424
3,193,1.3157099485397339
3,194,1.283685326576233
3,195,1.2806904315948486
3,196,1.2478854656219482
3,197,1.319603443145752
3,198,1.2671422958374023
3,199,1.3409266471862793
3,200,1.328336477279663
3,201,1.281214952468872
3,202,1.565983772277832
3,203,1.2235000133514404
3,204,1.3428980112075806
3,205,1.293914556503296
3,206,1.2684669494628906
3,207,1.2694001197814941
3,208,1.2499818801879883
3,209,1.5391473770141602
3,210,1.2796196937561035
3,211,1.429018497467041
3,212,1.2890187501907349
3,213,1.4301118850708008
3,214,1.3203340768814087
3,215,1.395409345626831
3,216,1.3878474235534668
3,217,1.4248270988464355
3,218,1.4683074951171875
3,219,1.5017175674438477
3,220,1.209585189819336
3,221,1.245696783065796
3,222,1.2166519165039062
3,223,1.1363593339920044
3,224,1.3525781631469727
3,225,1.2803350687026978
3,226,1.276067852973938
3,227,1.174241065979004
3,228,1.1935046911239624
3,229,1.3391669988632202
3,230,1.3480652570724487
3,231,1.4220211505889893
3,232,1.2822901010513306
3,233,1.1924136877059937
3,234,1.2816412448883057
3,235,1.1460366249084473
3,236,1.333453893661499
3,237,1.4789924621582031
3,238,1.4438145160675049
3,239,1.3756799697875977
3,240,1.4151456356048584
3,241,1.2926979064941406
3,242,1.0983060598373413
3,243,1.4550905227661133
3,244,1.5937573909759521
3,245,1.4491376876831055
3,246,1.3573708534240723
3,247,1.4314913749694824
3,248,1.2431432008743286
3,249,1.3589874505996704
3,250,1.3815827369689941
3,251,1.3432668447494507
3,252,1.3124504089355469
3,253,1.2757551670074463
3,254,1.4766757488250732
3,255,1.4403610229492188
3,256,1.3244811296463013
3,257,1.376145839691162
3,258,1.2078216075897217
3,259,1.2473387718200684
3,260,1.2607033252716064
3,261,1.073024034500122
3,262,1.2272003889083862
3,263,1.3199262619018555
3,264,1.1726675033569336
3,265,1.5938762426376343
3,266,1.4145638942718506
3,267,1.4188554286956787
3,268,1.3804724216461182
3,269,1.3737167119979858
3,270,1.440894365310669
3,271,1.166336178779602
3,272,1.1387289762496948
3,273,1.1863676309585571
3,274,1.2676749229431152
3,275,1.1824963092803955
3,276,1.3276405334472656
3,277,1.211391806602478
3,278,1.317814826965332
3,279,1.176710605621338
3,280,1.4740509986877441
3,281,1.2203489542007446
3,282,1.3302686214447021
3,283,1.2656034231185913
3,284,1.4344303607940674
3,285,1.6921117305755615
3,286,1.5289967060089111
3,287,1.1680471897125244
3,288,1.4093302488327026
3,289,1.1579033136367798
3,290,1.6288726329803467
3,291,1.2825748920440674
3,292,1.4244804382324219
3,293,1.372442603111267
3,294,1.2231329679489136
3,295,1.1523699760437012
3,296,1.3713926076889038
3,297,1.1699119806289673
3,298,1.6230194568634033
3,299,1.1742310523986816
3,300,1.1880236864089966
3,301,1.222179651260376
3,302,1.3354461193084717
3,303,1.2454771995544434
3,304,1.399369716644287
3,305,1.1819899082183838
3,306,1.2201131582260132
3,307,1.1613000631332397
3,308,1.3112825155258179
3,309,1.680424451828003
3,310,1.1784414052963257
3,311,1.3151497840881348
3,312,1.294195294380188
3,313,1.145102858543396
3,314,1.3173390626907349
3,315,1.3780145645141602
3,316,1.3135498762130737
3,317,1.2613235712051392
3,318,1.1207889318466187
3,319,1.46015202999115
3,320,1.3197581768035889
3,321,1.190194010734558
3,322,1.3180280923843384
3,323,1.314573049545288
3,324,1.204578161239624
3,325,1.3444753885269165
3,326,1.1544275283813477
3,327,1.3706088066101074
3,328,1.4487528800964355
3,329,1.2573192119598389
3,330,1.4813730716705322
3,331,1.3435897827148438
3,332,1.2358839511871338
3,333,1.5132018327713013
3,334,1.3230807781219482
3,335,1.2937588691711426
3,336,1.1257514953613281
3,337,1.301748514175415
3,338,1.3260271549224854
3,339,1.2950047254562378
3,340,1.2776755094528198
3,341,1.2198314666748047
3,342,1.3333146572113037
3,343,1.3602428436279297
3,344,1.2481167316436768
3,345,1.966957449913025
3,346,1.503170371055603
3,347,1.317910075187683
3,348,1.4958746433258057
3,349,1.1804229021072388
3,350,1.695279598236084
3,351,1.3469820022583008
3,352,1.5636180639266968
3,353,1.32281494140625
3,354,1.4117975234985352
3,355,1.0838829278945923
3,356,1.3230152130126953
3,357,1.2449946403503418
3,358,1.2921555042266846
3,359,1.2872262001037598
3,360,1.3283088207244873
3,361,1.2721819877624512
3,362,1.408769130706787
3,363,1.441101312637329
3,364,1.2691470384597778
3,365,1.197801113128662
3,366,1.2186094522476196
3,367,1.136784553527832
3,368,1.099745512008667
3,369,1.2557783126831055
3,370,1.4071452617645264
3,371,1.210845947265625
3,372,1.354323387145996
3,373,1.18876314163208
3,374,1.580451488494873
3,375,1.2613013982772827
3,376,1.3386244773864746
3,377,1.1925994157791138
3,378,1.238188624382019
3,379,1.3530939817428589
3,380,1.3757948875427246
3,381,1.0916674137115479
3,382,1.2315223217010498
3,383,1.191094160079956
3,384,1.2629287242889404
3,385,1.8743314743041992
3,386,1.3094675540924072
3,387,1.1748144626617432
3,388,1.2317161560058594
3,389,1.1053175926208496
3,390,1.167102336883545
3,391,1.2916542291641235
3,392,1.4098808765411377
3,393,1.2512216567993164
3,394,1.527791976928711
3,395,1.285359501838684
3,396,1.0969667434692383
3,397,1.1781151294708252
3,398,1.1506482362747192
3,399,1.3136765956878662
3,400,1.1209841966629028
3,401,1.160960078239441
3,402,1.4120286703109741
3,403,1.312560796737671
3,404,1.3005250692367554
3,405,1.2160054445266724
3,406,1.1658682823181152
3,407,1.348489761352539
3,408,1.2374593019485474
3,409,1.2681108713150024
3,410,1.3635996580123901
3,411,1.4683620929718018
3,412,0.9772604703903198
3,413,1.6019902229309082
3,414,1.3946787118911743
3,415,1.1275488138198853
3,416,1.5424857139587402
3,417,1.3586039543151855
3,418,1.246827244758606
3,419,1.2519770860671997
3,420,1.3004359006881714
3,421,1.3128414154052734
3,422,1.3454477787017822
3,423,1.1873791217803955
3,424,1.3574813604354858
3,425,1.123576283454895
3,426,1.4107277393341064
3,427,1.181356430053711
3,428,1.1692670583724976
3,429,1.4155327081680298
3,430,1.3787171840667725
3,431,1.2876571416854858
3,432,1.6897013187408447
3,433,1.3259755373001099
3,434,1.2969486713409424
3,435,1.2388362884521484
3,436,1.3181507587432861
3,437,1.3366129398345947
3,438,1.3362064361572266
3,439,1.2845475673675537
3,440,1.4046006202697754
3,441,1.2401373386383057
3,442,1.4028739929199219
3,443,1.3232191801071167
3,444,1.188550591468811
3,445,1.2425236701965332
3,446,1.1668095588684082
3,447,1.3084628582000732
3,448,1.1911147832870483
3,449,1.4131970405578613
3,450,1.2674100399017334
3,451,1.3093206882476807
3,452,1.3710312843322754
3,453,1.264739990234375
3,454,1.3594722747802734
3,455,1.5190417766571045
3,456,1.2126166820526123
3,457,1.506113886833191
3,458,1.4049499034881592
3,459,1.3369760513305664
3,460,1.2753010988235474
3,461,1.275681972503662
3,462,1.3710122108459473
3,463,1.482491374015808
3,464,1.3500487804412842
3,465,1.3012381792068481
3,466,1.2697765827178955
3,467,1.3679304122924805
3,468,1.0902516841888428
3,469,1.1333087682724
3,470,1.3068927526474
3,471,1.2387027740478516
3,472,1.3660650253295898
3,473,1.1512155532836914
3,474,1.3798704147338867
3,475,1.4503262042999268
3,476,1.2196972370147705
3,477,1.1581001281738281
3,478,1.4860336780548096
3,479,1.2762993574142456
3,480,1.357137680053711
3,481,1.3861796855926514
3,482,1.3262760639190674
3,483,1.3520488739013672
3,484,1.2259705066680908
3,485,1.2721421718597412
3,486,1.2114202976226807
3,487,1.3971158266067505
3,488,1.5254998207092285
3,489,1.3403394222259521
3,490,1.2414894104003906
3,491,1.3028693199157715
3,492,1.3287968635559082
3,493,1.4913058280944824
3,494,1.2096145153045654
3,495,1.402601718902588
3,496,1.1583925485610962
3,497,1.180755376815796
3,498,1.732527494430542
4,0,1.301709532737732
4,1,1.225652813911438
4,2,1.1437251567840576
4,3,1.1924188137054443
4,4,1.31813645362854
4,5,1.3644005060195923
4,6,1.3325090408325195
4,7,1.2270070314407349
4,8,1.3488962650299072
4,9,1.2733317613601685
4,10,1.3248395919799805
4,11,1.2315552234649658
4,12,1.4652624130249023
4,13,1.2848753929138184
4,14,1.3063067197799683
4,15,1.4113366603851318
4,16,1.2098814249038696
4,17,1.3826887607574463
4,18,1.182660460472107
4,19,1.3053722381591797
4,20,1.437922477722168
4,21,1.2512682676315308
4,22,1.502716064453125
4,23,1.3081176280975342
4,24,1.1266868114471436
4,25,1.215569257736206
4,26,1.2043664455413818
4,27,1.3859825134277344
4,28,1.078428030014038
4,29,1.2584831714630127
4,30,1.2563695907592773
4,31,1.1364505290985107
4,32,1.2145640850067139
4,33,1.2484538555145264
4,34,1.1807790994644165
4,35,1.2567917108535767
4,36,1.3101179599761963
4,37,1.2618651390075684
4,38,1.3152031898498535
4,39,1.1088194847106934
4,40,1.5337553024291992
4,41,1.209917426109314
4,42,1.290772795677185
4,43,1.2483528852462769
4,44,1.1876744031906128
4,45,1.21563720703125
4,46,1.156815767288208
4,47,1.405569314956665
4,48,1.391221046447754
4,49,1.1065733432769775
4,50,1.1458241939544678
4,51,1.2272953987121582
4,52,1.4710302352905273
4,53,1.2625019550323486
4,54,1.311743140220642
4,55,1.2530667781829834
4,56,1.399398922920227
4,57,1.361799716949463
4,58,1.336653709411621
4,59,1.3409240245819092
4,60,1.3656843900680542
4,61,1.4260687828063965
4,62,1.179870843887329
4,63,1.5257236957550049
4,64,1.3762036561965942
4,65,1.1007962226867676
4,66,1.3021585941314697
4,67,1.342034101486206
4,68,1.274893045425415
4,69,1.1639223098754883
4,70,1.164770245552063
4,71,1.3270738124847412
4,72,1.4054261445999146
4,73,1.1973938941955566
4,74,1.2465345859527588
4,75,1.34963059425354
4,76,1.3203306198120117
4,77,1.1980050802230835
4,78,1.130131721496582
4,79,1.3675169944763184
4,80,1.0696972608566284
4,81,1.2130532264709473
4,82,1.2460618019104004
4,83,1.33895742893219
4,84,1.1744928359985352
4,85,1.505643606185913
4,86,1.5990996360778809
4,87,1.2731013298034668
4,88,1.3640960454940796
4,89,1.23638916015625
4,90,1.1987611055374146
4,91,1.2887990474700928
4,92,1.0295478105545044
4,93,1.168634057044983
4,94,1.8858227729797363
4,95,1.3270306587219238
4,96,1.2240716218948364
4,97,1.138679027557373
4,98,1.3205015659332275
4,99,1.375031590461731
4,100,1.220370888710022
4,101,1.3089408874511719
4,102,1.150702714920044
4,103,1.1254398822784424
4,104,1.2436615228652954
4,105,1.2421139478683472
4,106,1.2006752490997314
4,107,1.2985836267471313
4,108,1.2037227153778076
4,109,1.0909144878387451
4,110,1.249500036239624
4,111,1.1592600345611572
4,112,1.3579821586608887
4,113,1.1357030868530273
4,114,1.2525252103805542
4,115,1.4563019275665283
4,116,1.349064588546753
4,117,1.3697497844696045
4,118,1.5502071380615234
4,119,1.524364709854126
4,120,1.1788849830627441
4,121,1.194705605506897
4,122,1.36549711227417
4,123,1.4524002075195312
4,124,1.2530144453048706
4,125,1.3696670532226562
4,126,1.3163182735443115
4,127,1.4835269451141357
4,128,1.056420087814331
4,129,1.1569781303405762
4,130,1.144345998764038
4,131,1.230083703994751
4,132,1.1991723775863647
4,133,1.2329649925231934
4,134,1.2157142162322998
4,135,1.1740787029266357
4,136,1.2711491584777832
4,137,1.3899426460266113
4,138,1.2777718305587769
4,139,1.3251241445541382
4,140,1.2777800559997559
4,141,1.2156379222869873
4,142,1.3542563915252686
4,143,1.3562829494476318
4,144,1.202528953552246
4,145,1.3125982284545898
4,146,1.3394529819488525
4,147,1.369596004486084
4,148,1.2997410297393799
4,149,1.1607379913330078
4,150,1.4713330268859863
4,151,1.375895380973816
4,152,1.5020263195037842
4,153,1.188920259475708
4,154,1.2687146663665771
4,155,1.4248321056365967
4,156,1.2276434898376465
4,157,1.7896807193756104
4,158,1.3173515796661377
4,159,1.35853910446167
4,160,1.190028190612793
4,161,1.1642953157424927
4,162,1.2275373935699463
4,163,1.146073341369629
4,164,1.2161617279052734
4,165,1.2620582580566406
4,166,1.530855655670166
4,167,1.2109020948410034
4,168,1.1787409782409668
4,169,1.18761146068573
4,170,1.096421718597412
4,171,1.2434961795806885
4,172,1.3903050422668457
4,173,1.2436978816986084
4,174,1.2085930109024048
4,175,1.3828498125076294
4,176,1.1418536901474
4,177,1.2774922847747803
4,178,1.1523089408874512
4,179,1.276444911956787
4,180,1.2465555667877197
4,181,1.398219108581543
4,182,1.268070101737976
4,183,1.1003432273864746
4,184,1.316862940788269
4,185,1.2036933898925781
4,186,1.4513617753982544
4,187,1.2473258972167969
4,188,1.375849723815918
4,189,1.2118635177612305
4,190,1.2551263570785522
4,191,1.1391910314559937
4,192,1.2647420167922974
4,193,1.309624433517456
4,194,1.40169358253479
4,195,1.2100625038146973
4,196,1.1397013664245605
4,197,1.2659820318222046
4,198,1.3063342571258545
4,199,1.1517062187194824
4,200,1.2245296239852905
4,201,1.2937819957733154
4,202,1.2772889137268066
4,203,1.0415339469909668
4,204,1.4556567668914795
4,205,1.4489169120788574
4,206,1.201172113418579
4,207,1.1569154262542725
4,208,1.467315912246704
4,209,1.5824676752090454
4,210,1.2715370655059814
4,211,1.1861408948898315
4,212,1.1295380592346191
4,213,1.4273674488067627
4,214,1.1479132175445557
4,215,1.2061169147491455
4,216,1.3006489276885986
4,217,1.1297318935394287
4,218,1.2965953350067139
4,219,1.223151445388794
4,220,1.0195673704147339
4,221,1.1505910158157349
4,222,1.3110101222991943
4,223,1.2357829809188843
4,224,1.3220865726470947
4,225,1.6017524003982544
4,226,1.371712327003479
4,227,1.3322293758392334
4,228,1.443657636642456
4,229,1.3787809610366821
4,230,1.2609055042266846
4,231,1.215822696685791
4,232,1.197797417640686
4,233,1.1536794900894165
4,234,1.3533188104629517
4,235,1.2113839387893677
4,236,1.2212449312210083
4,237,1.2711349725723267
4,238,1.1334679126739502
4,239,1.2052390575408936
4,240,1.271097183227539
4,241,1.3341305255889893
4,242,1.508044958114624
4,243,1.4072206020355225
4,244,1.3927242755889893
4,245,1.1758801937103271
4,246,1.2775003910064697
4,247,1.3288919925689697
4,248,1.1659644842147827
4,249,1.404168963432312
4,250,1.3832182884216309
4,251,1.3629053831100464
4,252,1.2362232208251953
4,253,1.3620924949645996
4,254,1.4284343719482422
4,255,1.2252585887908936
4,256,1.4687087535858154
4,257,1.1005468368530273
4,258,1.2612524032592773
4,259,1.3123219013214111
4,260,1.2171794176101685
4,261,1.5206533670425415
4,262,1.4059736728668213
4,263,1.2259087562561035
4,264,1.0968115329742432
4,265,1.40000319480896
4,266,1.1798713207244873
4,267,1.3184490203857422
4,268,1.381134033203125
4,269,1.1458460092544556
4,270,1.2099671363830566
4,271,1.162630558013916
4,272,1.2430750131607056
4,273,1.4459469318389893
4,274,1.2426245212554932
4,275,1.2044135332107544
4,276,1.435239315032959
4,277,1.3507161140441895
4,278,1.3114206790924072
4,279,1.3529661893844604
4,280,1.1592273712158203
4,281,1.2237683534622192
4,282,1.2110673189163208
4,283,1.3001127243041992
4,284,1.2655295133590698
4,285,1.3363189697265625
4,286,1.177308201789856
4,287,1.2911510467529297
4,288,1.1525284051895142
4,289,1.329115390777588
4,290,1.358769416809082
4,291,1.3042614459991455
4,292,1.1485638618469238
4,293,1.1794265508651733
4,294,1.2054095268249512
4,295,1.198859453201294
4,296,1.2283045053482056
4,297,1.1235437393188477
4,298,1.2739337682724
4,299,1.2608016729354858
4,300,1.3556020259857178
4,301,1.0897555351257324
4,302,1.3537334203720093
4,303,1.0964676141738892
4,304,1.3400871753692627
4,305,1.2255916595458984
4,306,1.3484389781951904
4,307,1.375993013381958
4,308,1.3181283473968506
4,309,1.145174264907837
4,310,1.1047947406768799
4,311,1.16544771194458
4,312,1.1323984861373901
4,313,1.2539758682250977
4,314,1.1234126091003418
4,315,1.280142068862915
4,316,1.3440361022949219
4,317,1.3141909837722778
4,318,1.133907437324524
4,319,1.4184114933013916
4,320,1.2453303337097168
4,321,1.2457642555236816
4,322,1.5420002937316895
4,323,1.1758887767791748
4,324,1.3762307167053223
4,325,1.210819959640503
4,326,1.3881771564483643
4,327,1.2810676097869873
4,328,1.1104259490966797
4,329,1.412616491317749
4,330,1.2398473024368286
4,331,1.3390114307403564
4,332,1.22653329372406
4,333,1.3629834651947021
4,334,1.2745112180709839
4,335,1.4100041389465332
4,336,1.4560036659240723
4,337,1.2617260217666626
4,338,1.178312063217163
4,339,1.2438077926635742
4,340,1.3340497016906738
4,341,1.1945757865905762
4,342,1.374513864517212
4,343,1.5134973526000977
4,344,1.2668200731277466
4,345,1.241077184677124
4,346,1.2790662050247192
4,347,1.1287801265716553
4,348,1.3578031063079834
4,349,1.2562425136566162
4,350,1.195708155632019
4,351,1.555511474609375
4,352,1.4109926223754883
4,353,1.2487735748291016
4,354,1.3062644004821777
4,355,1.3026353120803833
4,356,1.256168007850647
4,357,1.3230961561203003
4,358,1.3033747673034668
4,359,1.373171091079712
4,360,1.509759545326233
4,361,1.3180371522903442
4,362,1.3030915260314941
4,363,1.223525047302246
4,364,1.2668871879577637
4,365,1.417900562286377
4,366,1.2883667945861816
4,367,1.1598916053771973
4,368,1.224951148033142
4,369,1.4175784587860107
4,370,1.417731761932373
4,371,1.321843147277832
4,372,1.3764710426330566
4,373,1.458667516708374
4,374,1.3062916994094849
4,375,1.311234951019287
4,376,1.5593743324279785
4,377,1.2833876609802246
4,378,1.2235286235809326
4,379,1.1938738822937012
4,380,1.3044230937957764
4,381,1.4259042739868164
4,382,1.345123052597046
4,383,1.2255730628967285
4,384,1.5000170469284058
4,385,1.341977834701538
4,386,1.3535431623458862
4,387,1.197780728340149
4,388,1.4929332733154297
4,389,1.2887705564498901
4,390,1.211763620376587
4,391,1.4295003414154053
4,392,1.3548915386199951
4,393,1.1934654712677002
4,394,1.1621761322021484
4,395,1.2663230895996094
4,396,1.2781152725219727
4,397,1.162752628326416
4,398,1.2666734457015991
4,399,1.3306992053985596
4,400,1.3422811031341553
4,401,1.2743843793869019
4,402,1.1570369005203247
4,403,1.1853585243225098
4,404,1.2599483728408813
4,405,1.485665202140808
4,406,1.24550461769104
4,407,1.3628298044204712
4,408,1.3948168754577637
4,409,1.3183878660202026
4,410,1.1394450664520264
4,411,1.2036774158477783
4,412,1.3758176565170288
4,413,1.1609383821487427
4,414,1.3659486770629883
4,415,1.3277044296264648
4,416,1.4568920135498047
4,417,1.4806835651397705
4,418,1.2068121433258057
4,419,1.1826430559158325
4,420,1.465491533279419
4,421,1.2492756843566895
4,422,1.2366799116134644
4,423,1.1565366983413696
4,424,1.4540849924087524
4,425,1.2447295188903809
4,426,1.3427598476409912
4,427,1.5034292936325073
4,428,1.2532795667648315
4,429,1.3070393800735474
4,430,1.3281883001327515
4,431,1.3404064178466797
4,432,1.31178617477417
4,433,1.2928982973098755
4,434,1.2678637504577637
4,435,1.2711126804351807
4,436,1.7133619785308838
4,437,1.3505879640579224
4,438,1.1017017364501953
4,439,1.208372712135315
4,440,1.2882561683654785
4,441,1.146020531654358
4,442,1.3113770484924316
4,443,1.1910837888717651
4,444,1.3893003463745117
4,445,1.2419122457504272
4,446,1.3464593887329102
4,447,1.5726125240325928
4,448,1.3990715742111206
4,449,1.2931196689605713
4,450,1.068613052368164
4,451,1.3344558477401733
4,452,1.2751944065093994
4,453,1.1921682357788086
4,454,1.1393080949783325
4,455,1.2192754745483398
4,456,1.2156537771224976
4,457,1.2485544681549072
4,458,1.1643226146697998
4,459,1.3703793287277222
4,460,1.205742359161377
4,461,1.1174861192703247
4,462,1.2633295059204102
4,463,1.4991130828857422
4,464,1.1978135108947754
4,465,1.4227385520935059
4,466,1.2285213470458984
4,467,1.2043449878692627
4,468,1.6730289459228516
4,469,1.309844732284546
4,470,1.1430253982543945
4,471,1.2876958847045898
4,472,1.21239173412323
4,473,1.1983779668807983
4,474,1.1098241806030273
4,475,1.289994239807129
4,476,1.1853947639465332
4,477,1.1279184818267822
4,478,1.3155544996261597
4,479,1.4620625972747803
4,480,1.244188904762268
4,481,1.3106744289398193
4,482,1.2147846221923828
4,483,1.6126656532287598
4,484,1.109389066696167
4,485,1.535969614982605
4,486,1.2474485635757446
4,487,1.1994259357452393
4,488,1.4064772129058838
4,489,1.3369472026824951
4,490,1.1111524105072021
4,491,1.3403996229171753
4,492,1.2450374364852905
4,493,1.1855107545852661
4,494,1.2421510219573975
4,495,1.2040398120880127
4,496,1.3654186725616455
4,497,1.2380433082580566
4,498,1.6775951385498047
5,0,1.2760854959487915
5,1,1.2003048658370972
5,2,1.4329824447631836
5,3,1.082994818687439
5,4,1.231848120689392
5,5,1.390545129776001
5,6,1.4274959564208984
5,7,1.1630009412765503
5,8,1.4858771562576294
5,9,1.3394520282745361
5,10,1.1921133995056152
5,11,1.2415300607681274
5,12,1.2794755697250366
5,13,1.1920385360717773
5,14,1.2088689804077148
5,15,1.211996078491211
5,16,1.224936842918396
5,17,1.4131836891174316
5,18,1.2375653982162476
5,19,1.20851469039917
5,20,1.1929194927215576
5,21,1.1937397718429565
5,22,1.1941877603530884
5,23,1.1222586631774902
5,24,1.3508753776550293
5,25,1.1510775089263916
5,26,1.3583271503448486
5,27,1.249485969543457
5,28,1.1044608354568481
5,29,1.442568302154541
5,30,1.5343400239944458
5,31,1.35593843460083
5,32,1.3352434635162354
5,33,1.3465629816055298
5,34,1.2053537368774414
5,35,1.2237224578857422
5,36,1.1030117273330688
5,37,1.3065050840377808
5,38,1.316414475440979
5,39,1.2359366416931152
5,40,1.1100445985794067
5,41,1.2055394649505615
5,42,1.102094054222107
5,43,1.2271335124969482
5,44,1.462132453918457
5,45,1.203826665878296
5,46,1.3839540481567383
5,47,1.232825517654419
5,48,1.290074348449707
5,49,1.2370656728744507
5,50,1.2452576160430908
5,51,1.2209495306015015
5,52,1.521064043045044
5,53,1.228153109550476
5,54,1.2821955680847168
5,55,1.2668651342391968
5,56,1.2032549381256104
5,57,1.1445116996765137
5,58,1.3924089670181274
5,59,1.2438362836837769
5,60,1.3956713676452637
5,61,1.2017139196395874
5,62,1.0702142715454102
5,63,1.1351264715194702
5,64,1.22560715675354
5,65,1.289273738861084
5,66,1.622450351715088
5,67,1.2063415050506592
5,68,1.3498419523239136
5,69,1.4390473365783691
5,70,1.2403764724731445
5,71,1.1848113536834717
5,72,1.0669682025909424
5,73,1.2905254364013672
5,74,1.3231701850891113
5,75,1.1629860401153564
5,76,1.0912909507751465
5,77,1.069048285484314
5,78,1.1995854377746582
5,79,1.1458148956298828
5,80,1.1760950088500977
5,81,1.1839274168014526
5,82,1.0628621578216553
5,83,1.1577112674713135
5,84,1.1872409582138062
5,85,1.3970128297805786
5,86,1.1353261470794678
5,87,1.2053239345550537
5,88,1.2701704502105713
5,89,1.3506174087524414
5,90,1.366973876953125
5,91,1.3311059474945068
5,92,1.2164760828018188
5,93,1.240114688873291
5,94,1.1714541912078857
5,95,1.3411579132080078
5,96,1.382749319076538
5,97,1.2812963724136353
5,98,1.1911053657531738
5,99,1.2471368312835693
5,100,1.436861515045166
5,101,1.3675893545150757
5,102,1.2732751369476318
5,103,1.27524733543396
5,104,1.2867820262908936
5,105,1.3634364604949951
5,106,1.1324095726013184
5,107,1.2774455547332764
5,108,1.150457501411438
5,109,1.1140305995941162
5,110,1.108412742614746
5,111,1.3443002700805664
5,112,1.2794227600097656
5,113,1.500489354133606
5,114,1.2031155824661255
5,115,1.2941429615020752
5,116,1.215309739112854
5,117,1.2072432041168213
5,118,1.2606557607650757
5,119,1.2571744918823242
5,120,1.2226221561431885
5,121,1.8243181705474854
5,122,1.1060210466384888
5,123,1.2139254808425903
5,124,1.2269576787948608
5,125,1.2322466373443604
5,126,1.2123808860778809
5,127,1.1670265197753906
5,128,1.2733092308044434
5,129,1.1405683755874634
5,130,1.4473944902420044
5,131,1.4003932476043701
5,132,1.3526909351348877
5,133,1.327730417251587
5,134,1.3037340641021729
5,135,1.3064284324645996
5,136,1.2084376811981201
5,137,1.3233567476272583
5,138,1.2726106643676758
5,139,1.1189100742340088
5,140,1.476431965827942
5,141,1.3158618211746216
5,142,1.2797764539718628
5,143,1.1682161092758179
5,144,1.2672935724258423
5,145,1.3540818691253662
5,146,1.206964373588562
5,147,1.3013291358947754
5,148,1.2732441425323486
5,149,1.464788794517517
5,150,1.2935783863067627
5,151,1.1835684776306152
5,152,1.46028733253479
5,153,1.3668696880340576
5,154,1.2689032554626465
5,155,1.2062196731567383
5,156,1.3384833335876465
5,157,1.3480958938598633
5,158,1.2562246322631836
5,159,1.2239434719085693
5,160,1.268370270729065
5,161,1.2646996974945068
5,162,1.3687293529510498
5,163,1.1212472915649414
5,164,1.105107307434082
5,165,1.1220260858535767
5,166,1.4671967029571533
5,167,1.2840697765350342
5,168,1.1666361093521118
5,169,1.2015767097473145
5,170,1.2257903814315796
5,171,1.1954046487808228
5,172,1.2167714834213257
5,173,1.4976022243499756
5,174,1.150913953781128
5,175,1.317854404449463
5,176,1.1320874691009521
5,177,1.2432607412338257
5,178,1.6919021606445312
5,179,1.0759248733520508
5,180,1.5118446350097656
5,181,1.3257205486297607
5,182,1.181341528892517
5,183,1.4877567291259766
5,184,1.463224172592163
5,185,1.3396583795547485
5,186,1.3027552366256714
5,187,1.1140589714050293
5,188,1.218644142150879
5,189,1.1274888515472412
5,190,1.1468783617019653
5,191,1.2091419696807861
5,192,1.2194546461105347
5,193,1.1922404766082764
5,194,1.3921173810958862
5,195,1.2422536611557007
5,196,1.072627067565918
5,197,1.2365515232086182
5,198,1.1959772109985352
5,199,1.262317419052124
5,200,1.2531065940856934
5,201,1.4673504829406738
5,202,1.2157204151153564
5,203,1.1244975328445435
5,204,1.1457021236419678
5,205,1.277699589729309
5,206,1.2556575536727905
5,207,1.1692121028900146
5,208,1.2244091033935547
5,209,1.414010763168335
5,210,1.120603322982788
5,211,1.150275468826294
5,212,1.1212527751922607
5,213,1.2271947860717773
5,214,1.3472235202789307
5,215,1.175368309020996
5,216,1.3764374256134033
5,217,1.426725149154663
5,218,1.2335339784622192
5,219,1.1680892705917358
5,220,1.2611591815948486
5,221,1.2455341815948486
5,222,1.2272106409072876
5,223,1.281498908996582
5,224,1.325270414352417
5,225,1.4943771362304688
5,226,1.229618787765503
5,227,1.2372217178344727
5,228,1.2213048934936523
5,229,1.1261165142059326
5,230,1.1920814514160156
5,231,1.0658648014068604
5,232,1.2818044424057007
5,233,1.3318897485733032
5,234,1.1912250518798828
5,235,1.2591429948806763
5,236,1.1435364484786987
5,237,1.1904959678649902
5,238,1.1270126104354858
5,239,1.118180513381958
5,240,1.2064411640167236
5,241,1.3930587768554688
5,242,1.5317587852478027
5,243,1.1590099334716797
5,244,1.2226635217666626
5,245,1.2327913045883179
5,246,1.1926488876342773
5,247,1.2994556427001953
5,248,1.2348392009735107
5,249,1.225403070449829
5,250,1.217606782913208
5,251,1.146238923072815
5,252,1.171629786491394
5,253,1.2770272493362427
5,254,1.074049711227417
5,255,1.2069306373596191
5,256,1.3288722038269043
5,257,1.2970305681228638
5,258,1.3853464126586914
5,259,1.7344422340393066
5,260,1.150884747505188
5,261,1.375152826309204
5,262,1.1415557861328125
5,263,1.3819711208343506
5,264,1.047654628753662
5,265,1.1142421960830688
5,266,1.2857255935668945
5,267,1.3217227458953857
5,268,1.3447370529174805
5,269,1.3155107498168945
5,270,1.3074886798858643
5,271,1.4012480974197388
5,272,1.2983189821243286
5,273,1.317286491394043
5,274,1.4031100273132324
5,275,1.1388447284698486
5,276,1.157683253288269
5,277,1.2138878107070923
5,278,1.537616491317749
5,279,1.2881860733032227
5,280,1.2915383577346802
5,281,1.0136287212371826
5,282,1.4249107837677002
5,283,1.3464351892471313
5,284,1.1592483520507812
5,285,1.2099895477294922
5,286,1.3918473720550537
5,287,1.1735550165176392
5,288,1.251587152481079
5,289,1.5017991065979004
5,290,1.3054094314575195
5,291,1.2527670860290527
5,292,1.3882396221160889
5,293,1.3206262588500977
5,294,1.2853387594223022
5,295,1.2700893878936768
5,296,1.344522476196289
5,297,1.257948398590088
5,298,1.288255214691162
5,299,1.2067632675170898
5,300,1.3401362895965576
5,301,1.2334580421447754
5,302,1.3003816604614258
5,303,1.2212587594985962
5,304,1.1795010566711426
5,305,1.4342725276947021
5,306,1.2849063873291016
5,307,1.3795769214630127
5,308,1.188714623451233
5,309,1.3973305225372314
5,310,1.0788558721542358
5,311,1.2819534540176392
5,312,1.2118043899536133
5,313,1.1676602363586426
5,314,1.1247684955596924
5,315,1.1250629425048828
5,316,1.128183126449585
5,317,1.2307122945785522
5,318,1.259092092514038
5,319,1.268681526184082
5,320,1.2445695400238037
5,321,1.2484018802642822
5,322,1.208661675453186
5,323,1.1872261762619019
5,324,1.2309306859970093
5,325,1.2859364748001099
5,326,1.332416296005249
5,327,1.3262219429016113
5,328,1.2744044065475464
5,329,1.15394926071167
5,330,1.3493845462799072
5,331,1.2514506578445435
5,332,1.3135864734649658
5,333,1.3824794292449951
5,334,1.3715622425079346
5,335,1.2041443586349487
5,336,1.1111602783203125
5,337,1.0593234300613403
5,338,1.3362462520599365
5,339,1.4266188144683838
5,340,1.1146104335784912
5,341,1.1813843250274658
5,342,1.434429407119751
5,343,1.1227396726608276
5,344,1.2392340898513794
5,345,1.1595796346664429
5,346,1.1698025465011597
5,347,1.2538341283798218
5,348,1.3285791873931885
5,349,1.312455415725708
5,350,1.3903210163116455
5,351,1.2405104637145996
5,352,1.3754643201828003
5,353,1.2572840452194214
5,354,1.2847459316253662
5,355,1.088604211807251
5,356,1.3222101926803589
5,357,1.1099519729614258
5,358,1.193641185760498
5,359,1.4529564380645752
5,360,1.261879324913025
5,361,1.2528897523880005
5,362,1.372267723083496
5,363,1.1701420545578003
5,364,1.133263111114502
5,365,1.1386867761611938
5,366,1.265809416770935
5,367,1.3043526411056519
5,368,1.3068692684173584
5,369,1.1268837451934814
5,370,1.2286368608474731
5,371,1.3347201347351074
5,372,1.2871516942977905
5,373,1.5959827899932861
5,374,1.3309857845306396
5,375,1.2546706199645996
5,376,1.316362738609314
5,377,1.2034893035888672
5,378,1.266099452972412
5,379,1.2453303337097168
5,380,1.1176495552062988
5,381,1.3414188623428345
5,382,1.4032021760940552
5,383,1.43729567527771
5,384,1.1593589782714844
5,385,1.2668979167938232
5,386,1.1425135135650635
5,387,1.4466818571090698
5,388,1.6337659358978271
5,389,1.209688425064087
5,390,1.249413013458252
5,391,1.2584056854248047
5,392,1.2337898015975952
5,393,1.1717678308486938
5,394,1.194198489189148
5,395,1.3549599647521973
5,396,1.093421459197998
5,397,1.2718193531036377
5,398,1.3607252836227417
5,399,1.3861513137817383
5,400,1.2393274307250977
5,401,1.0980956554412842
5,402,1.2060106992721558
5,403,1.4627931118011475
5,404,1.335369348526001
5,405,1.1810693740844727
5,406,1.2860784530639648
5,407,1.2734777927398682
5,408,1.2920252084732056
5,409,1.1463112831115723
5,410,1.2911102771759033
5,411,1.1414415836334229
5,412,1.1473097801208496
5,413,1.227167010307312
5,414,1.336390733718872
5,415,1.2861419916152954
5,416,1.2198317050933838
5,417,1.1533012390136719
5,418,1.2626065015792847
5,419,1.1753766536712646
5,420,1.2806363105773926
5,421,1.2988166809082031
5,422,1.192798376083374
5,423,1.2062056064605713
5,424,1.2657315731048584
5,425,1.2054933309555054
5,426,1.066197395324707
5,427,1.2763060331344604
5,428,1.2425968647003174
5,429,1.1523218154907227
5,430,1.1575679779052734
5,431,1.2001192569732666
5,432,1.209183692932129
5,433,1.318982720375061
5,434,1.1343395709991455
5,435,1.2185531854629517
5,436,1.5832509994506836
5,437,1.3072762489318848
5,438,1.3294953107833862
5,439,1.236284852027893
5,440,1.3291527032852173
5,441,1.1671062707901
5,442,1.2438716888427734
5,443,1.2979564666748047
5,444,1.1741399765014648
5,445,1.399834394454956
5,446,1.3300747871398926
5,447,1.2288806438446045
5,448,1.3989485502243042
5,449,1.3148486614227295
5,450,1.0728225708007812
5,451,1.2278900146484375
5,452,1.287595272064209
5,453,1.259347677230835
5,454,1.4705524444580078
5,455,1.126767873764038
5,456,1.2546393871307373
5,457,1.2689027786254883
5,458,1.2003191709518433
5,459,1.270097017288208
5,460,1.3187737464904785
5,461,1.2954875230789185
5,462,1.250396966934204
5,463,1.1297565698623657
5,464,1.072540044784546
5,465,1.3717012405395508
5,466,1.20359468460083
5,467,1.4173150062561035
5,468,1.2432746887207031
5,469,1.1063235998153687
5,470,1.3807382583618164
5,471,0.9756884574890137
5,472,1.1329057216644287
5,473,1.1563668251037598
5,474,1.2339658737182617
5,475,1.2459030151367188
5,476,1.1666899919509888
5,477,1.2662104368209839
5,478,1.3090342283248901
5,479,1.156792402267456
5,480,1.2903469800949097
5,481,1.2561438083648682
5,482,1.3675124645233154
5,483,1.369516372680664
5,484,1.3426899909973145
5,485,1.155123233795166
5,486,1.3266690969467163
5,487,1.2998378276824951
5,488,1.2721508741378784
5,489,1.2712770700454712
5,490,1.2591111660003662
5,491,1.4804208278656006
5,492,1.2049298286437988
5,493,1.365830421447754
5,494,1.219968318939209
5,495,1.2093427181243896
5,496,1.0839463472366333
5,497,1.442241907119751
5,498,1.482322096824646
6,0,1.4322856664657593
6,1,1.3154127597808838
6,2,1.2453125715255737
6,3,1.2409892082214355
6,4,1.197581171989441
6,5,1.2147425413131714
6,6,1.6206433773040771
6,7,1.1292141675949097
6,8,1.079909324645996
6,9,1.7345986366271973
6,10,1.1639947891235352
6,11,1.3131656646728516
6,12,1.4433858394622803
6,13,1.1274566650390625
6,14,1.2711760997772217
6,15,1.2561616897583008
6,16,1.5482481718063354
6,17,1.1809580326080322
6,18,1.3055286407470703
6,19,1.050255537033081
6,20,1.1539338827133179
6,21,1.5035145282745361
6,22,1.294978141784668
6,23,1.3059794902801514
6,24,1.4504379034042358
6,25,1.2553257942199707
6,26,1.1947548389434814
6,27,1.2443547248840332
6,28,1.48087477684021
6,29,1.259825348854065
6,30,1.1642659902572632
6,31,1.0670032501220703
6,32,1.3062270879745483
6,33,1.4074041843414307
6,34,1.3521596193313599
6,35,1.3325592279434204
6,36,1.1058385372161865
6,37,1.2143535614013672
6,38,1.1784543991088867
6,39,1.2195459604263306
6,40,1.243966817855835
6,41,1.1461886167526245
6,42,1.2244004011154175
6,43,1.3921830654144287
6,44,1.1736077070236206
6,45,1.262342929840088
6,46,1.2468533515930176
6,47,1.3685581684112549
6,48,1.1551042795181274
6,49,1.3473856449127197
6,50,1.3404706716537476
6,51,1.2179559469223022
6,52,1.4106372594833374
6,53,1.3090977668762207
6,54,1.1551477909088135
6,55,1.3790323734283447
6,56,1.1819701194763184
6,57,1.2160217761993408
6,58,1.294898509979248
6,59,1.145664095878601
6,60,1.4433503150939941
6,61,1.3995888233184814
6,62,1.2031245231628418
6,63,1.2495417594909668
6,64,1.1897227764129639
6,65,1.3656728267669678
6,66,1.4698021411895752
6,67,1.229365348815918
6,68,1.3029226064682007
6,69,1.2377783060073853
6,70,1.3342336416244507
6,71,1.1718469858169556
6,72,1.3473519086837769
6,73,1.133754014968872
6,74,1.3420358896255493
6,75,1.3054208755493164
6,76,1.2811228036880493
6,77,1.1457442045211792
6,78,1.191088318824768
6,79,1.4905928373336792
6,80,1.3182432651519775
6,81,1.1564165353775024
6,82,1.3288793563842773
6,83,1.4048032760620117
6,84,1.2449287176132202
6,85,1.3971786499023438
6,86,1.4079465866088867
6,87,1.321378469467163
6,88,1.3075395822525024
6,89,1.3129031658172607
6,90,1.3531274795532227
6,91,1.3539682626724243
6,92,1.6078041791915894
6,93,1.1701056957244873
6,94,1.5003429651260376
6,95,1.3990757465362549
6,96,1.2424999475479126
6,97,1.1097030639648438
6,98,1.3517595529556274
6,99,1.4708406925201416
6,100,1.2601354122161865
6,101,1.1882706880569458
6,102,1.216588020324707
6,103,1.1188881397247314
6,104,1.349109172821045
6,105,1.3374724388122559
6,106,1.3239778280258179
6,107,1.2855987548828125
6,108,1.317479133605957
6,109,1.1358587741851807
6,110,1.0382137298583984
6,111,1.2677552700042725
6,112,1.2012715339660645
6,113,1.2047077417373657
6,114,1.4338722229003906
6,115,1.1359251737594604
6,116,1.2818069458007812
6,117,1.4104971885681152
6,118,1.4846540689468384
6,119,1.1769963502883911
6,120,1.1956124305725098
6,121,1.2175174951553345
6,122,1.2749543190002441
6,123,1.4036897420883179
6,124,1.104239583015442
6,125,1.2059252262115479
6,126,1.3532211780548096
6,127,1.181404948234558
6,128,1.215159296989441
6,129,1.1846829652786255
6,130,1.5723859071731567
6,131,1.4959286451339722
6,132,1.3125672340393066
6,133,1.2737897634506226
6,134,1.235629916191101
6,135,1.1496608257293701
6,136,1.363797664642334
6,137,1.2387659549713135
6,138,1.3444337844848633
6,139,1.2619848251342773
6,140,1.2799195051193237
6,141,1.2794756889343262
6,142,1.3115910291671753
6,143,1.132205605506897
6,144,1.2155380249023438
6,145,1.3228707313537598
6,146,1.2481968402862549
6,147,1.1583638191223145
6,148,1.0700305700302124
6,149,1.5010783672332764
6,150,1.1879355907440186
6,151,1.0692734718322754
6,152,1.1420283317565918
6,153,1.3643797636032104
6,154,1.2644416093826294
6,155,1.4321701526641846
6,156,1.2563519477844238
6,157,1.1432461738586426
6,158,1.4231088161468506
6,159,1.1375398635864258
6,160,1.2034510374069214
6,161,1.2527308464050293
6,162,1.2233248949050903
6,163,1.3238521814346313
6,164,1.3618828058242798
6,165,1.2528345584869385
6,166,1.1220101118087769
6,167,1.293718695640564
6,168,1.1518718004226685
6,169,1.3066611289978027
6,170,1.1235132217407227
6,171,1.0178492069244385
6,172,1.2462159395217896
6,173,1.148923635482788
6,174,1.2835333347320557
6,175,1.1543800830841064
6,176,1.2277199029922485
6,177,1.2173371315002441
6,178,1.3620108366012573
6,179,1.3230457305908203
6,180,1.3131848573684692
6,181,1.2164568901062012
6,182,1.235912561416626
6,183,1.235959768295288
6,184,1.2196757793426514
6,185,1.1943705081939697
6,186,1.3833057880401611
6,187,1.236973762512207
6,188,1.2971549034118652
6,189,1.3099216222763062
6,190,1.204665184020996
6,191,1.2131198644638062
6,192,1.303443431854248
6,193,1.2188876867294312
6,194,1.290539264678955
6,195,1.3428394794464111
6,196,1.251072883605957
6,197,1.178478717803955
6,198,1.2478264570236206
6,199,1.2036758661270142
6,200,1.2955265045166016
6,201,1.2052379846572876
6,202,1.3017562627792358
6,203,1.3766286373138428
6,204,1.3072935342788696
6,205,1.8869843482971191
6,206,1.2275077104568481
6,207,1.2147923707962036
6,208,1.2801955938339233
6,209,1.2222181558609009
6,210,1.3405570983886719
6,211,1.215421199798584
6,212,1.1309351921081543
6,213,1.1847337484359741
6,214,1.3134424686431885
6,215,1.4312763214111328
6,216,1.3239634037017822
6,217,1.291795253753662
6,218,1.2400808334350586
6,219,1.409376621246338
6,220,1.323423147201538
6,221,1.1581056118011475
6,222,1.3168725967407227
6,223,1.2135188579559326
6,224,1.2572381496429443
6,225,1.2549529075622559
6,226,1.2639930248260498
6,227,1.2144289016723633
6,228,1.176560878753662
6,229,1.2658278942108154
6,230,1.315028429031372
6,231,1.1525074243545532
6,232,1.3018604516983032
6,233,1.2658729553222656
6,234,1.1724634170532227
6,235,1.3644626140594482
6,236,1.3675556182861328
6,237,1.149641990661621
6,238,1.2488276958465576
6,239,1.1620876789093018
6,240,1.331337571144104
6,241,1.4036126136779785
6,242,1.3846523761749268
6,243,1.2791091203689575
6,244,1.151818037033081
6,245,1.2403761148452759
6,246,1.0731852054595947
6,247,1.4241142272949219
6,248,1.2292325496673584
6,249,1.2971198558807373
6,250,1.492612361907959
6,251,1.3280293941497803
6,252,1.303245186805725
6,253,1.1002894639968872
6,254,1.1433019638061523
6,255,1.0621798038482666
6,256,1.140760898590088
6,257,1.3124873638153076
6,258,1.3192627429962158
6,259,1.3757169246673584
6,260,1.1357853412628174
6,261,1.1549203395843506
6,262,1.4614516496658325
6,263,1.2254846096038818
6,264,1.1710784435272217
6,265,1.3835134506225586
6,266,1.3786120414733887
6,267,1.3337461948394775
6,268,1.2909808158874512
6,269,1.2134041786193848
6,270,1.1214826107025146
6,271,1.035914659500122
6,272,1.0958460569381714
6,273,1.1864516735076904
6,274,1.056589961051941
6,275,1.3119196891784668
6,276,1.171219825744629
6,277,1.3094863891601562
6,278,1.1767719984054565
6,279,1.080561876296997
6,280,1.429966926574707
6,281,1.1440033912658691
6,282,1.2383084297180176
6,283,1.2866802215576172
6,284,1.2333282232284546
6,285,1.3912208080291748
6,286,1.3339738845825195
6,287,1.1890487670898438
6,288,1.306860327720642
6,289,1.1012091636657715
6,290,1.2477576732635498
6,291,1.2161784172058105
6,292,1.1300034523010254
6,293,1.4166513681411743
6,294,1.1308306455612183
6,295,1.3572895526885986
6,296,1.1002347469329834
6,297,1.1286685466766357
6,298,1.1679885387420654
6,299,1.1640441417694092
6,300,1.3843941688537598
6,301,1.150679111480713
6,302,1.4550724029541016
6,303,1.1117687225341797
6,304,1.1768437623977661
6,305,1.2393865585327148
6,306,1.1963430643081665
6,307,1.2543833255767822
6,308,1.1809461116790771
6,309,1.2590736150741577
6,310,1.7272136211395264
6,311,1.2623770236968994
6,312,1.253073811531067
6,313,1.2231721878051758
6,314,1.3679649829864502
6,315,1.3083223104476929
6,316,1.0578763484954834
6,317,1.1343214511871338
6,318,1.2749205827713013
6,319,1.1822794675827026
6,320,1.1808158159255981
6,321,1.334310531616211
6,322,1.2168803215026855
6,323,1.2271578311920166
6,324,1.2546559572219849
6,325,1.2015972137451172
6,326,1.2192764282226562
6,327,1.5273038148880005
6,328,1.2005696296691895
6,329,1.260880947113037
6,330,1.1107209920883179
6,331,1.1418559551239014
6,332,1.2803748846054077
6,333,1.2255399227142334
6,334,1.1292614936828613
6,335,1.1383209228515625
6,336,1.200693130493164
6,337,1.2794859409332275
6,338,1.1806931495666504
6,339,1.241072416305542
6,340,1.2986547946929932
6,341,1.3195343017578125
6,342,1.2527544498443604
6,343,1.192891240119934
6,344,1.2900381088256836
6,345,1.2102546691894531
6,346,1.250221610069275
6,347,1.3910999298095703
6,348,1.367865800857544
6,349,1.2224464416503906
6,350,1.2238494157791138
6,351,1.3149492740631104
6,352,1.3711957931518555
6,353,1.220942735671997
6,354,1.292784571647644
6,355,1.0637426376342773
6,356,1.0313878059387207
6,357,1.3441731929779053
6,358,1.1966090202331543
6,359,1.2372839450836182
6,360,1.2311749458312988
6,361,1.1223464012145996
6,362,1.2166144847869873
6,363,1.1227571964263916
6,364,1.2892125844955444
6,365,1.147003173828125
6,366,1.1564314365386963
6,367,1.1083095073699951
6,368,1.2531753778457642
6,369,1.240135669708252
6,370,1.2701218128204346
6,371,1.3885838985443115
6,372,1.240661859512329
6,373,1.33070969581604
6,374,1.1951324939727783
6,375,1.3197922706604004
6,376,1.2063391208648682
6,377,1.2877912521362305
6,378,1.2714850902557373
6,379,1.1537352800369263
6,380,1.2392123937606812
6,381,1.1733593940734863
6,382,1.1977406740188599
6,383,1.265480637550354
6,384,1.1765209436416626
6,385,1.3629064559936523
6,386,1.274113655090332
6,387,1.1866768598556519
6,388,1.3698241710662842
6,389,1.153248906135559
6,390,1.3456690311431885
6,391,1.4241578578948975
6,392,1.2645313739776611
6,393,1.2059069871902466
6,394,1.324031114578247
6,395,1.2628188133239746
6,396,1.2487778663635254
6,397,1.3017834424972534
6,398,1.2597715854644775
6,399,1.190454363822937
6,400,1.2723236083984375
6,401,1.1961489915847778
6,402,1.545648455619812
6,403,1.3606126308441162
6,404,1.290353536605835
6,405,1.1416430473327637
6,406,1.26124906539917
6,407,1.263504981994629
6,408,1.0533652305603027
6,409,1.2617329359054565
6,410,1.262349247932434
6,411,1.4962023496627808
6,412,1.302063226699829
6,413,1.1856355667114258
6,414,1.2653093338012695
6,415,1.2652372121810913
6,416,1.346888780593872
6,417,1.1542702913284302
6,418,1.1221964359283447
6,419,1.2044098377227783
6,420,1.2633614540100098
6,421,1.2832010984420776
6,422,1.1396461725234985
6,423,1.2586451768875122
6,424,1.2431542873382568
6,425,1.2574892044067383
6,426,1.2114710807800293
6,427,1.1282482147216797
6,428,1.1714181900024414
6,429,1.1385796070098877
6,430,1.3265628814697266
6,431,1.1665120124816895
6,432,1.1270654201507568
6,433,1.0296953916549683
6,434,1.1280553340911865
6,435,1.113196611404419
6,436,1.3846638202667236
6,437,1.3827524185180664
6,438,1.2664716243743896
6,439,1.4157872200012207
6,440,1.3700768947601318
6,441,1.199803352355957
6,442,1.3126765489578247
6,443,1.2404770851135254
6,444,1.1066250801086426
6,445,1.3232308626174927
6,446,1.1494202613830566
6,447,1.2500202655792236
6,448,1.159468173980713
6,449,1.212814211845398
6,450,1.2628564834594727
6,451,1.2833807468414307
6,452,1.1691738367080688
6,453,1.2961926460266113
6,454,1.3450186252593994
6,455,1.3386718034744263
6,456,1.6164042949676514
6,457,1.1398866176605225
6,458,1.2188485860824585
6,459,1.204134225845337
6,460,1.2371368408203125
6,461,1.2033542394638062
6,462,1.4583332538604736
6,463,1.2046515941619873
6,464,1.463139533996582
6,465,1.293957233428955
6,466,1.1149587631225586
6,467,1.3403624296188354
6,468,1.3088890314102173
6,469,1.3441753387451172
6,470,1.3057622909545898
6,471,1.394713282585144
6,472,1.195373773574829
6,473,1.235968828201294
6,474,1.373623251914978
6,475,1.2261936664581299
6,476,1.2158607244491577
6,477,1.1572707891464233
6,478,1.3921120166778564
6,479,1.1302709579467773
6,480,1.0959508419036865
6,481,1.1536610126495361
6,482,1.2054451704025269
6,483,1.2596744298934937
6,484,1.181431531906128
6,485,1.302577257156372
6,486,1.2849234342575073
6,487,1.307968258857727
6,488,1.3091844320297241
6,489,1.2716073989868164
6,490,1.1295628547668457
6,491,1.378603458404541
6,492,1.2725040912628174
6,493,1.3523592948913574
6,494,1.150672435760498
6,495,1.2202011346817017
6,496,1.171973466873169
6,497,1.558685302734375
6,498,1.3929997682571411
7,0,1.082830786705017
7,1,1.2179248332977295
7,2,1.9167698621749878
7,3,1.194322109222412
7,4,1.2384467124938965
7,5,1.4095444679260254
7,6,1.3113760948181152
7,7,1.1888573169708252
7,8,1.1336544752120972
7,9,1.1779253482818604
7,10,1.082998514175415
7,11,1.3590240478515625
7,12,1.0902340412139893
7,13,1.0465959310531616
7,14,1.4087514877319336
7,15,1.2557508945465088
7,16,1.2172870635986328
7,17,1.189307451248169
7,18,1.3453552722930908
7,19,1.6085597276687622
7,20,1.2349307537078857
7,21,1.3300280570983887
7,22,1.3393638134002686
7,23,1.211514949798584
7,24,1.317793607711792
7,25,1.1432489156723022
7,26,1.1670219898223877
7,27,1.347327470779419
7,28,1.3238369226455688
7,29,1.2590652704238892
7,30,1.1851797103881836
7,31,1.150604248046875
7,32,1.1247589588165283
7,33,1.4431312084197998
7,34,1.2385066747665405
7,35,1.7243411540985107
7,36,1.382786512374878
7,37,1.1367499828338623
7,38,1.1314382553100586
7,39,1.2669858932495117
7,40,1.0319442749023438
7,41,1.2965400218963623
7,42,1.2251183986663818
7,43,1.3572418689727783
7,44,1.2403531074523926
7,45,1.2862221002578735
7,46,1.0589841604232788
7,47,1.162150502204895
7,48,1.4231321811676025
7,49,1.3218432664871216
7,50,1.4481184482574463
7,51,1.3057478666305542
7,52,1.2006018161773682
7,53,1.2162220478057861
7,54,1.1057581901550293
7,55,1.0545952320098877
7,56,1.1602295637130737
7,57,1.127594232559204
7,58,1.1277838945388794
7,59,1.1282094717025757
7,60,1.276470422744751
7,61,1.125718593597412
7,62,1.1456799507141113
7,63,1.5067927837371826
7,64,1.2265877723693848
7,65,1.1800639629364014
7,66,1.2805840969085693
7,67,1.416844129562378
7,68,1.272045373916626
7,69,1.2258702516555786
7,70,1.3614457845687866
7,71,1.1389644145965576
7,72,1.2716814279556274
7,73,1.3075132369995117
7,74,1.0638495683670044
7,75,1.3696976900100708
7,76,1.3045744895935059
7,77,1.2419722080230713
7,78,1.4615118503570557
7,79,1.2544159889221191
7,80,1.0990997552871704
7,81,1.242093563079834
7,82,1.228507399559021
7,83,1.3045026063919067
7,84,1.239205241203308
7,85,1.1994664669036865
7,86,1.4183712005615234
7,87,1.2988735437393188
7,88,1.0773061513900757
7,89,1.3274073600769043
7,90,1.178436279296875
7,91,1.3299620151519775
7,92,1.16853928565979
7,93,1.2399169206619263
7,94,1.1589512825012207
7,95,1.5361175537109375
7,96,1.2924139499664307
7,97,1.3003793954849243
7,98,1.238748550415039
7,99,1.6772851943969727
7,100,1.2255526781082153
7,101,1.1825532913208008
7,102,1.2173515558242798
7,103,1.3516466617584229
7,104,1.3597626686096191
7,105,1.339331030845642
7,106,1.2725943326950073
7,107,1.2689591646194458
7,108,1.2520490884780884
7,109,1.9021800756454468
7,110,1.197237253189087
7,111,1.3429142236709595
7,112,1.2819764614105225
7,113,1.2758049964904785
7,114,1.2612409591674805
7,115,1.2288434505462646
7,116,1.2132501602172852
7,117,1.2421150207519531
7,118,1.278792381286621
7,119,1.2455331087112427
7,120,1.143327236175537
7,121,1.267645239830017
7,122,1.4282296895980835
7,123,1.1988935470581055
7,124,1.0063878297805786
7,125,1.1292630434036255
7,126,1.0751774311065674
7,127,1.0803148746490479
7,128,1.1160683631896973
7,129,1.1880404949188232
7,130,1.0796579122543335
7,131,1.207233190536499
7,132,1.339840054512024
7,133,1.1976280212402344
7,134,1.1905888319015503
7,135,1.2954328060150146
7,136,1.1353845596313477
7,137,1.0778639316558838
7,138,1.2478854656219482
7,139,1.1847724914550781
7,140,1.3499372005462646
7,141,1.197361707687378
7,142,1.1969953775405884
7,143,1.4307219982147217
7,144,1.1983230113983154
7,145,1.2118533849716187
7,146,1.3268766403198242
7,147,1.267201542854309
7,148,1.2769951820373535
7,149,1.3310272693634033
7,150,1.360976219177246
7,151,1.2982263565063477
7,152,1.3549025058746338
7,153,1.260909914970398
7,154,1.4809925556182861
7,155,1.068962812423706
7,156,1.1559876203536987
7,157,1.1665403842926025
7,158,1.183753490447998
7,159,1.1071383953094482
7,160,1.2991645336151123
7,161,1.3679890632629395
7,162,1.450372338294983
7,163,1.2099058628082275
7,164,1.2108073234558105
7,165,1.1953823566436768
7,166,1.3298991918563843
7,167,1.2210644483566284
7,168,1.2282980680465698
7,169,1.2091505527496338
7,170,1.2688469886779785
7,171,1.2332775592803955
7,172,1.1651607751846313
7,173,1.287278652191162
7,174,1.323652982711792
7,175,1.1852407455444336
7,176,1.1291735172271729
7,177,1.434913158416748
7,178,1.0946706533432007
7,179,1.057633638381958
7,180,1.2201744318008423
7,181,1.2623450756072998
7,182,1.3593486547470093
7,183,1.2138895988464355
7,184,1.090911865234375
7,185,1.2786879539489746
7,186,1.2811989784240723
7,187,1.1115922927856445
7,188,1.0929111242294312
7,189,1.2037909030914307
7,190,1.145327091217041
7,191,1.0808327198028564
7,192,1.2872000932693481
7,193,1.3016698360443115
7,194,1.347428321838379
7,195,1.2556850910186768
7,196,1.515088677406311
7,197,1.1217820644378662
7,198,1.132393717765808
7,199,1.2173292636871338
7,200,1.2745879888534546
7,201,1.3628153800964355
7,202,1.2614465951919556
7,203,1.2672398090362549
7,204,1.4462865591049194
7,205,1.2906314134597778
7,206,1.13924241065979
7,207,1.215904712677002
7,208,1.2641305923461914
7,209,1.3807294368743896
7,210,1.1127712726593018
7,211,1.3510584831237793
7,212,1.1577082872390747
7,213,1.2821943759918213
7,214,1.0784883499145508
7,215,1.426863193511963
7,216,1.160449743270874
7,217,1.1959664821624756
7,218,1.393028736114502
7,219,1.1007740497589111
7,220,1.2733235359191895
7,221,1.2791098356246948
7,222,1.3206098079681396
7,223,1.0460888147354126
7,224,1.2517801523208618
7,225,1.2740371227264404
7,226,1.1684226989746094
7,227,1.235304355621338
7,228,1.4786372184753418
7,229,1.0876809358596802
7,230,1.125401258468628
7,231,1.2452588081359863
7,232,1.3221875429153442
7,233,1.2139884233474731
7,234,1.328675389289856
7,235,1.1619148254394531
7,236,1.318156123161316
7,237,1.235050082206726
7,238,1.3848114013671875
7,239,1.199427843093872
7,240,1.3572731018066406
7,241,1.2991944551467896
7,242,1.156205654144287
7,243,1.2446011304855347
7,244,1.1821372509002686
7,245,1.1332355737686157
7,246,1.1538028717041016
7,247,1.210402011871338
7,248,1.47015380859375
7,249,1.2952885627746582
7,250,1.3131016492843628
7,251,1.2741895914077759
7,252,1.1227151155471802
7,253,1.3883185386657715
7,254,1.071084976196289
7,255,1.276003360748291
7,256,1.1595768928527832
7,257,1.0871367454528809
7,258,1.3094342947006226
7,259,1.0920963287353516
7,260,1.2261117696762085
7,261,1.2370481491088867
7,262,1.1480740308761597
7,263,1.1722514629364014
7,264,1.1190712451934814
7,265,1.0896028280258179
7,266,1.2871769666671753
7,267,1.2756903171539307
7,268,1.2154700756072998
7,269,1.2849233150482178
7,270,1.2107208967208862
7,271,1.1449440717697144
7,272,1.2762755155563354
7,273,1.398776650428772
7,274,1.3563309907913208
7,275,1.0687915086746216
7,276,1.3631401062011719
7,277,1.2260481119155884
7,278,1.271366834640503
7,279,1.2324703931808472
7,280,1.4116020202636719
7,281,1.1858268976211548
7,282,1.080993413925171
7,283,1.2554553747177124
7,284,1.2157939672470093
7,285,1.188171148300171
7,286,1.1723130941390991
7,287,1.259096384048462
7,288,1.1834545135498047
7,289,1.2019059658050537
7,290,1.3048560619354248
7,291,1.191796064376831
7,292,1.2392361164093018
7,293,1.2879921197891235
7,294,1.1735751628875732
7,295,1.383856177330017
7,296,1.3867835998535156
7,297,1.4320094585418701
7,298,1.2576124668121338
7,299,1.5736808776855469
7,300,1.4002565145492554
7,301,1.231487512588501
7,302,1.1045544147491455
7,303,1.3890314102172852
7,304,1.1645889282226562
7,305,1.1953569650650024
7,306,1.2181313037872314
7,307,1.2318365573883057
7,308,1.1749552488327026
7,309,1.180600881576538
7,310,1.220935344696045
7,311,1.245467185974121
7,312,1.1145355701446533
7,313,1.14890718460083
7,314,1.1360142230987549
7,315,1.122596025466919
7,316,1.269451379776001
7,317,1.3274915218353271
7,318,1.420859932899475
7,319,1.1687326431274414
7,320,1.112662672996521
7,321,1.2623745203018188
7,322,1.4105859994888306
7,323,1.482783317565918
7,324,1.282192587852478
7,325,1.1226022243499756
7,326,1.1399483680725098
7,327,1.282515048980713
7,328,1.1216524839401245
7,329,1.2143356800079346
7,330,1.244168758392334
7,331,1.2603834867477417
7,332,1.094627857208252
7,333,1.1119513511657715
7,334,1.2199053764343262
7,335,1.3083336353302002
7,336,1.030227541923523
7,337,1.2899646759033203
7,338,1.238487958908081
7,339,1.236865758895874
7,340,1.0569078922271729
7,341,1.2951931953430176
7,342,1.2574999332427979
7,343,1.3026509284973145
7,344,1.3229784965515137
7,345,1.1974469423294067
7,346,1.2960453033447266
7,347,1.3465251922607422
7,348,1.140397548675537
7,349,1.1494190692901611
7,350,1.1560739278793335
7,351,1.326010823249817
7,352,1.1651318073272705
7,353,1.0797889232635498
7,354,1.14145827293396
7,355,1.2334293127059937
7,356,1.0459930896759033
7,357,1.1364469528198242
7,358,1.2158966064453125
7,359,1.0908920764923096
7,360,1.5412698984146118
7,361,1.2512171268463135
7,362,1.2238879203796387
7,363,1.2117778062820435
7,364,1.2495054006576538
7,365,1.2791228294372559
7,366,1.0554397106170654
7,367,1.2201664447784424
7,368,1.2258028984069824
7,369,1.220110535621643
7,370,1.1442701816558838
7,371,1.2484495639801025
7,372,1.1202740669250488
7,373,1.173398494720459
7,374,1.3054357767105103
7,375,1.1248412132263184
7,376,1.088385820388794
7,377,1.2677110433578491
7,378,1.270546555519104
7,379,1.2687451839447021
7,380,1.1611404418945312
7,381,1.2612993717193604
7,382,1.437697172164917
7,383,1.3478999137878418
7,384,1.421739101409912
7,385,1.2431594133377075
7,386,1.2311232089996338
7,387,1.2134276628494263
7,388,1.1460721492767334
7,389,1.0527299642562866
7,390,1.07169771194458
7,391,1.1216697692871094
7,392,1.5487172603607178
7,393,1.2566097974777222
7,394,1.1968624591827393
7,395,1.338414192199707
7,396,1.3472683429718018
7,397,1.1954514980316162
7,398,1.153764247894287
7,399,1.3247685432434082
7,400,1.2626014947891235
7,401,1.2174586057662964
7,402,1.219679594039917
7,403,1.2618956565856934
7,404,1.2237192392349243
7,405,1.3144991397857666
7,406,1.2483030557632446
7,407,1.1787071228027344
7,408,1.186069369316101
7,409,1.349778175354004
7,410,1.3033485412597656
7,411,1.156766414642334
7,412,1.2984819412231445
7,413,1.2818615436553955
7,414,1.0982649326324463
7,415,1.250063180923462
7,416,1.2404389381408691
7,417,1.2868200540542603
7,418,1.1626933813095093
7,419,1.2381590604782104
7,420,1.1560795307159424
7,421,1.08773934841156
7,422,1.1179829835891724
7,423,1.372686743736267
7,424,1.3200418949127197
7,425,1.3317965269088745
7,426,1.3428215980529785
7,427,1.0665297508239746
7,428,1.3335671424865723
7,429,1.0792427062988281
7,430,1.2057604789733887
7,431,1.20188570022583
7,432,1.2343332767486572
7,433,1.3068336248397827
7,434,1.2397130727767944
7,435,1.3332371711730957
7,436,1.4844141006469727
7,437,1.3104650974273682
7,438,1.3527588844299316
7,439,1.2932116985321045
7,440,1.4075061082839966
7,441,1.229536533355713
7,442,1.2114273309707642
7,443,1.0954264402389526
7,444,1.206615924835205
7,445,1.2567241191864014
7,446,1.293483018875122
7,447,1.2000435590744019
7,448,1.1727875471115112
7,449,1.2649471759796143
7,450,1.216752290725708
7,451,1.2894529104232788
7,452,1.3039485216140747
7,453,1.2587811946868896
7,454,1.2003741264343262
7,455,1.2265052795410156
7,456,1.1475728750228882
7,457,1.106345534324646
7,458,1.2241264581680298
7,459,1.2600185871124268
7,460,1.146287202835083
7,461,1.0927402973175049
7,462,1.189960241317749
7,463,1.2556657791137695
7,464,1.2077381610870361
7,465,1.4007000923156738
7,466,1.13864266872406
7,467,1.261055588722229
7,468,1.2638989686965942
7,469,1.194311261177063
7,470,1.1352671384811401
7,471,1.0961863994598389
7,472,1.201550006866455
7,473,1.2951653003692627
7,474,1.2475559711456299
7,475,1.113900899887085
7,476,1.3427135944366455
7,477,1.2165124416351318
7,478,1.2455639839172363
7,479,1.2251431941986084
7,480,1.263440728187561
7,481,1.0212739706039429
7,482,1.2048227787017822
7,483,1.254752516746521
7,484,1.2166457176208496
7,485,1.306289792060852
7,486,1.1088000535964966
7,487,1.4706511497497559
7,488,1.1190781593322754
7,489,1.2170206308364868
7,490,1.1406373977661133
7,491,1.1581556797027588
7,492,1.1406114101409912
7,493,1.3679022789001465
7,494,1.1372500658035278
7,495,1.1202646493911743
7,496,1.2026563882827759
7,497,1.1253355741500854
7,498,1.5668375492095947
8,0,1.3114988803863525
8,1,1.7377302646636963
8,2,1.0944297313690186
8,3,1.0585137605667114
8,4,1.1181526184082031
8,5,1.1826715469360352
8,6,1.223247766494751
8,7,1.1981937885284424
8,8,1.290827751159668
8,9,1.1050524711608887
8,10,1.0806312561035156
8,11,1.1772594451904297
8,12,1.5354353189468384
8,13,1.062064290046692
8,14,1.0662717819213867
8,15,1.0391733646392822
8,16,1.1410846710205078
8,17,1.305607557296753
8,18,1.0923460721969604
8,19,1.238205909729004
8,20,1.1592661142349243
8,21,1.3696863651275635
8,22,1.1559460163116455
8,23,1.027312994003296
8,24,1.149619221687317
8,25,1.2101556062698364
8,26,1.3039405345916748
8,27,1.3391063213348389
8,28,1.1415705680847168
8,29,1.3675462007522583
8,30,1.34395432472229
8,31,1.280118465423584
8,32,1.1188369989395142
8,33,1.1738495826721191
8,34,1.1237314939498901
8,35,1.2757524251937866
8,36,1.2054634094238281
8,37,1.2736340761184692
8,38,1.1619758605957031
8,39,1.2368340492248535
8,40,1.1699059009552002
8,41,1.4128708839416504
8,42,1.137580156326294
8,43,1.1411223411560059
8,44,1.1218074560165405
8,45,1.3245141506195068
8,46,1.4943805932998657
8,47,1.1838293075561523
8,48,1.202604055404663
8,49,1.2443923950195312
8,50,1.2284218072891235
8,51,1.107861876487732
8,52,1.2293449640274048
8,53,1.1406428813934326
8,54,1.3834362030029297
8,55,1.223276138305664
8,56,1.4097890853881836
8,57,1.4406325817108154
8,58,0.9514610767364502
8,59,1.078136682510376
8,60,1.1084330081939697
8,61,1.2221767902374268
8,62,1.1588497161865234
8,63,1.407459020614624
8,64,1.4842242002487183
8,65,1.3180495500564575
8,66,1.1207683086395264
8,67,1.3355445861816406
8,68,1.2045198678970337
8,69,1.1725332736968994
8,70,1.309453010559082
8,71,1.1726917028427124
8,72,1.4255242347717285
8,73,1.1661525964736938
8,74,1.4497122764587402
8,75,1.241992712020874
8,76,1.1994435787200928
8,77,1.2052026987075806
8,78,1.2732737064361572
8,79,1.2063724994659424
8,80,1.1627485752105713
8,81,1.213234305381775
8,82,1.1062426567077637
8,83,1.23178231716156
8,84,1.150133728981018
8,85,1.1588287353515625
8,86,1.0950515270233154
8,87,1.1495956182479858
8,88,1.2930986881256104
8,89,1.1817609071731567
8,90,1.1152403354644775
8,91,1.2721242904663086
8,92,1.0879058837890625
8,93,1.097659707069397
8,94,1.239828109741211
8,95,1.1024351119995117
8,96,1.2700409889221191
8,97,1.264525294303894
8,98,1.1892725229263306
8,99,1.2553082704544067
8,100,1.2164437770843506
8,101,1.3497763872146606
8,102,1.198688268661499
8,103,1.2385804653167725
8,104,1.1203930377960205
8,105,1.1655387878417969
8,106,1.2525302171707153
8,107,1.1905704736709595
8,108,1.1910746097564697
8,109,1.2441065311431885
8,110,1.154861330986023
8,111,1.2459526062011719
8,112,1.1387709379196167
8,113,1.2026915550231934
8,114,1.3901519775390625
8,115,1.372564435005188
8,116,1.2290418148040771
8,117,1.2258051633834839
8,118,1.2695062160491943
8,119,1.3223962783813477
8,120,1.1949799060821533
8,121,1.1900501251220703
8,122,1.1590245962142944
8,123,1.072015643119812
8,124,1.1810959577560425
8,125,1.0916351079940796
8,126,1.0506784915924072
8,127,1.3575725555419922
8,128,1.3171502351760864
8,129,1.362191915512085
8,130,1.2575547695159912
8,131,1.011641502380371
8,132,1.255070447921753
8,133,1.2276564836502075
8,134,1.1025537252426147
8,135,1.0959120988845825
8,136,1.2529780864715576
8,137,1.336195468902588
8,138,1.1603302955627441
8,139,1.128559947013855
8,140,1.3098170757293701
8,141,1.1309208869934082
8,142,1.3103809356689453
8,143,1.3183097839355469
8,144,1.4214603900909424
8,145,1.219437599182129
8,146,1.1758840084075928
8,147,1.1617684364318848
8,148,1.1498417854309082
8,149,1.1826127767562866
8,150,1.4781748056411743
8,151,1.2333823442459106
8,152,1.452240228652954
8,153,1.2302632331848145
8,154,1.2180380821228027
8,155,1.2117395401000977
8,156,1.2470656633377075
8,157,1.4535765647888184
8,158,1.3838105201721191
8,159,1.0922160148620605
8,160,1.1415328979492188
8,161,1.195636510848999
8,162,1.20318603515625
8,163,1.2979310750961304
8,164,1.353092908859253
8,165,1.1597508192062378
8,166,1.176011085510254
8,167,1.0508344173431396
8,168,1.1262179613113403
8,169,1.1677721738815308
8,170,1.5774519443511963
8,171,1.038203239440918
8,172,1.1652486324310303
8,173,1.1512134075164795
8,174,1.3387579917907715
8,175,1.155564308166504
8,176,1.2631447315216064
8,177,1.4911911487579346
8,178,1.2393991947174072
8,179,1.1938129663467407
8,180,1.3515362739562988
8,181,1.1106756925582886
8,182,1.2070097923278809
8,183,1.0951727628707886
8,184,1.3403139114379883
8,185,1.0709869861602783
8,186,1.174462914466858
8,187,1.1635098457336426
8,188,1.2629646062850952
8,189,1.2322661876678467
8,190,1.1521230936050415
8,191,1.3958369493484497
8,192,1.3893725872039795
8,193,1.1775604486465454
8,194,1.2224502563476562
8,195,1.3345791101455688
8,196,1.1676909923553467
8,197,1.134169101715088
8,198,1.4200375080108643
8,199,1.3471052646636963
8,200,1.3532166481018066
8,201,1.1444286108016968
8,202,1.363948106765747
8,203,1.1586134433746338
8,204,1.4027869701385498
8,205,1.1995432376861572
8,206,1.3243255615234375
8,207,1.2137415409088135
8,208,1.1279284954071045
8,209,1.2450004816055298
8,210,1.1591440439224243
8,211,1.2321443557739258
8,212,1.3671786785125732
8,213,1.3112671375274658
8,214,1.3821756839752197
8,215,1.2746074199676514
8,216,1.2954903841018677
8,217,1.2144795656204224
8,218,1.2980200052261353
8,219,1.165555477142334
8,220,1.1604833602905273
8,221,1.2343791723251343
8,222,1.0762147903442383
8,223,1.2257640361785889
8,224,1.1870064735412598
8,225,1.0742716789245605
8,226,1.2069473266601562
8,227,1.153637409210205
8,228,1.1363085508346558
8,229,1.295372724533081
8,230,1.3438870906829834
8,231,1.2812728881835938
8,232,1.402222752571106
8,233,1.3418855667114258
8,234,1.1406711339950562
8,235,1.1711666584014893
8,236,1.230936050415039
8,237,1.1897517442703247
8,238,1.3514535427093506
8,239,1.1575257778167725
8,240,1.2410989999771118
8,241,1.2729626893997192
8,242,1.1425591707229614
8,243,1.1303328275680542
8,244,1.079876184463501
8,245,1.10786771774292
8,246,1.2130351066589355
8,247,1.3534924983978271
8,248,1.2349305152893066
8,249,1.27909255027771
8,250,1.2316107749938965
8,251,1.185734510421753
8,252,1.193251609802246
8,253,1.2671751976013184
8,254,1.2262665033340454
8,255,1.1219364404678345
8,256,1.304776668548584
8,257,1.0444468259811401
8,258,1.0447276830673218
8,259,1.277055025100708
8,260,1.2703874111175537
8,261,1.2222015857696533
8,262,1.3148545026779175
8,263,1.0789011716842651
8,264,1.4339834451675415
8,265,1.2618564367294312
8,266,1.12762451171875
8,267,1.184265375137329
8,268,1.4228630065917969
8,269,1.3201212882995605
8,270,1.0713955163955688
8,271,1.2022137641906738
8,272,1.2119160890579224
8,273,1.320534348487854
8,274,1.168592095375061
8,275,1.1145579814910889
8,276,1.1974765062332153
8,277,1.2415211200714111
8,278,1.4240361452102661
8,279,1.2704188823699951
8,280,1.1926761865615845
8,281,1.2274184226989746
8,282,1.244767665863037
8,283,1.4882370233535767
8,284,1.176539659500122
8,285,1.2989177703857422
8,286,1.160813331604004
8,287,1.1681400537490845
8,288,1.205540657043457
8,289,1.1230980157852173
8,290,1.277860403060913
8,291,1.3734495639801025
8,292,1.3500620126724243
8,293,1.1400418281555176
8,294,1.0753436088562012
8,295,1.641681432723999
8,296,1.276272177696228
8,297,1.1595815420150757
8,298,1.3120207786560059
8,299,1.1197254657745361
8,300,1.1138259172439575
8,301,1.0766898393630981
8,302,1.2913730144500732
8,303,1.3162202835083008
8,304,1.1113029718399048
8,305,1.0295567512512207
8,306,1.2083863019943237
8,307,1.181541919708252
8,308,1.2931400537490845
8,309,1.2566730976104736
8,310,1.259656310081482
8,311,1.2410061359405518
8,312,1.0756300687789917
8,313,1.2695778608322144
8,314,1.2043368816375732
8,315,1.4180908203125
8,316,1.2738012075424194
8,317,0.9888155460357666
8,318,1.2139315605163574
8,319,1.3929558992385864
8,320,1.4681885242462158
8,321,1.0749021768569946
8,322,1.3515138626098633
8,323,1.1891419887542725
8,324,1.1321431398391724
8,325,1.277824878692627
8,326,1.2904330492019653
8,327,1.0736494064331055
8,328,1.1878043413162231
8,329,1.3017830848693848
8,330,1.2356503009796143
8,331,1.2225464582443237
8,332,1.3034772872924805
8,333,1.3568259477615356
8,334,1.3699400424957275
8,335,1.052109718322754
8,336,1.1778041124343872
8,337,1.2592004537582397
8,338,1.195594310760498
8,339,1.1335861682891846
8,340,1.1323020458221436
8,341,1.177669644355774
8,342,1.158197283744812
8,343,1.2575727701187134
8,344,1.231902837753296
8,345,1.3421465158462524
8,346,1.27620267868042
8,347,1.2076148986816406
8,348,1.1338083744049072
8,349,1.176688313484192
8,350,1.1998106241226196
8,351,1.1670814752578735
8,352,0.9757044315338135
8,353,1.182742953300476
8,354,1.1401143074035645
8,355,1.1099332571029663
8,356,1.2980921268463135
8,357,1.04086434841156
8,358,1.3472542762756348
8,359,1.1490342617034912
8,360,1.2614595890045166
8,361,1.1145201921463013
8,362,1.2486650943756104
8,363,1.1680223941802979
8,364,1.3299438953399658
8,365,1.1250885725021362
8,366,1.1845202445983887
8,367,1.445430040359497
8,368,1.1592596769332886
8,369,1.2593204975128174
8,370,1.2257330417633057
8,371,1.0977369546890259
8,372,1.2610963582992554
8,373,1.4113988876342773
8,374,1.2503259181976318
8,375,1.0759903192520142
8,376,1.4307639598846436
8,377,1.0981271266937256
8,378,1.1397795677185059
8,379,1.1552242040634155
8,380,1.2322328090667725
8,381,1.0573008060455322
8,382,1.3844783306121826
8,383,1.2672109603881836
8,384,1.1723265647888184
8,385,1.0494959354400635
8,386,1.187678337097168
8,387,1.2419484853744507
8,388,1.2473807334899902
8,389,1.154754400253296
8,390,1.2352840900421143
8,391,1.2495723962783813
8,392,1.3577613830566406
8,393,1.3114562034606934
8,394,1.1009303331375122
8,395,1.1530662775039673
8,396,1.1581133604049683
8,397,1.1890908479690552
8,398,1.21710205078125
8,399,1.3576042652130127
8,400,1.1409639120101929
8,401,1.1915628910064697
8,402,1.1177207231521606
8,403,1.3470373153686523
8,404,1.2093431949615479
8,405,1.1505330801010132
8,406,1.1796927452087402
8,407,1.3380634784698486
8,408,1.2161967754364014
8,409,1.1034270524978638
8,410,1.0957129001617432
8,411,1.074352502822876
8,412,1.0831127166748047
8,413,1.1878777742385864
8,414,1.1118249893188477
8,415,1.1310800313949585
8,416,1.1780965328216553
8,417,1.1169507503509521
8,418,1.1977040767669678
8,419,1.0400359630584717
8,420,1.3741378784179688
8,421,1.2860286235809326
8,422,1.2139263153076172
8,423,1.3009341955184937
8,424,1.3637585639953613
8,425,1.1986764669418335
8,426,1.2319035530090332
8,427,1.2527564764022827
8,428,1.0863760709762573
8,429,1.237533450126648
8,430,1.0822632312774658
8,431,1.3028507232666016
8,432,1.0575178861618042
8,433,1.1289453506469727
8,434,1.0855073928833008
8,435,1.22689950466156
8,436,1.4438285827636719
8,437,1.3078782558441162
8,438,1.1902540922164917
8,439,1.315512776374817
8,440,1.2255687713623047
8,441,1.1923109292984009
8,442,1.1360396146774292
8,443,1.17011296749115
8,444,1.3862414360046387
8,445,1.1131304502487183
8,446,1.093601107597351
8,447,1.4347028732299805
8,448,1.2014706134796143
8,449,1.1647191047668457
8,450,1.1983610391616821
8,451,1.0739660263061523
8,452,1.287514328956604
8,453,1.1191786527633667
8,454,1.1304208040237427
8,455,1.2024465799331665
8,456,1.335362434387207
8,457,1.269953966140747
8,458,1.0864770412445068
8,459,1.1397521495819092
8,460,1.175684928894043
8,461,1.2016332149505615
8,462,1.0728002786636353
8,463,1.1331021785736084
8,464,1.0841954946517944
8,465,1.032148838043213
8,466,1.2766631841659546
8,467,1.375016450881958
8,468,1.0485200881958008
8,469,1.4147124290466309
8,470,1.1737587451934814
8,471,1.337834358215332
8,472,1.1509885787963867
8,473,1.034429907798767
8,474,1.3280236721038818
8,475,1.2667802572250366
8,476,1.5250616073608398
8,477,1.3127763271331787
8,478,1.3192071914672852
8,479,1.240051507949829
8,480,1.3757131099700928
8,481,1.1669347286224365
8,482,1.3057153224945068
8,483,1.4778175354003906
8,484,1.2062021493911743
8,485,1.3512279987335205
8,486,1.2731910943984985
8,487,1.3075718879699707
8,488,1.1813119649887085
8,489,1.205398678779602
8,490,1.1322051286697388
8,491,1.1512086391448975
8,492,1.3115347623825073
8,493,1.1900861263275146
8,494,1.1546339988708496
8,495,1.279313564300537
8,496,1.3136677742004395
8,497,1.16021728515625
8,498,1.5001102685928345
9,0,1.366471767425537
9,1,1.1013209819793701
9,2,1.2370402812957764
9,3,1.2739567756652832
9,4,1.1278712749481201
9,5,1.0254873037338257
9,6,1.3376896381378174
9,7,1.2278460264205933
9,8,1.4687368869781494
9,9,1.1454362869262695
9,10,1.251557469367981
9,11,1.179266333580017
9,12,1.2307448387145996
9,13,1.167417049407959
9,14,1.0889813899993896
9,15,1.3427616357803345
9,16,1.4126050472259521
9,17,1.2447646856307983
9,18,1.1106796264648438
9,19,1.2676749229431152
9,20,1.0753840208053589
9,21,1.2977790832519531
9,22,1.0472146272659302
9,23,1.1465520858764648
9,24,1.172808289527893
9,25,1.3140026330947876
9,26,1.169213891029358
9,27,1.1402225494384766
9,28,1.1871345043182373
9,29,1.3411734104156494
9,30,1.2390081882476807
9,31,1.2060766220092773
9,32,1.0583865642547607
9,33,1.3767576217651367
9,34,1.308582067489624
9,35,1.2334651947021484
9,36,1.2293078899383545
9,37,1.3479288816452026
9,38,1.100722074508667
9,39,1.0959696769714355
9,40,1.3385229110717773
9,41,1.2751177549362183
9,42,1.1359424591064453
9,43,1.0833134651184082
9,44,1.224990963935852
9,45,1.1633093357086182
9,46,1.1481603384017944
9,47,1.1891664266586304
9,48,1.2654309272766113
9,49,1.3093279600143433
9,50,1.0866413116455078
9,51,1.09015953540802
9,52,1.2206127643585205
9,53,1.2281816005706787
9,54,1.2402422428131104
9,55,1.0992770195007324
9,56,1.1741923093795776
9,57,1.2720451354980469
9,58,1.24428129196167
9,59,1.3810230493545532
9,60,1.2801824808120728
9,61,1.1683156490325928
9,62,1.3251632452011108
9,63,1.1200320720672607
9,64,1.0382249355316162
9,65,1.262627363204956
9,66,1.080866813659668
9,67,1.397117257118225
9,68,1.153045415878296
9,69,1.2259515523910522
9,70,1.1433786153793335
9,71,1.1590193510055542
9,72,1.3307503461837769
9,73,1.1923260688781738
9,74,1.25525963306427
9,75,1.2285537719726562
9,76,1.2584270238876343
9,77,1.2232985496520996
9,78,1.1453492641448975
9,79,1.2515530586242676
9,80,1.2064443826675415
9,81,1.2475978136062622
9,82,1.206498622894287
9,83,1.1049309968948364
9,84,1.485579490661621
9,85,1.297609567642212
9,86,1.214011788368225
9,87,1.2907286882400513
9,88,0.996399462223053
9,89,1.314281702041626
9,90,1.1861685514450073
9,91,1.2324676513671875
9,92,1.3065547943115234
9,93,1.2158640623092651
9,94,1.132577896118164
9,95,1.3594518899917603
9,96,1.4121947288513184
9,97,1.2021582126617432
9,98,1.5075640678405762
9,99,1.2045657634735107
9,100,1.1205229759216309
9,101,1.2524032592773438
9,102,1.1755962371826172
9,103,1.1221513748168945
9,104,1.2711002826690674
9,105,1.1438257694244385
9,106,1.2273753881454468
9,107,1.2019052505493164
9,108,1.2892259359359741
9,109,1.3443564176559448
9,110,1.125099539756775
9,111,1.2789340019226074
9,112,1.1010794639587402
9,113,1.1308807134628296
9,114,1.2209551334381104
9,115,1.2312216758728027
9,116,1.0206753015518188
9,117,1.1943199634552002
9,118,1.304058313369751
9,119,1.219184160232544
9,120,1.2874054908752441
9,121,1.1485559940338135
9,122,1.1276586055755615
9,123,1.1439884901046753
9,124,1.1845998764038086
9,125,1.3383898735046387
9,126,1.4632132053375244
9,127,1.156673550605774
9,128,1.2305183410644531
9,129,1.08278489112854
9,130,1.1965200901031494
9,131,1.6381347179412842
9,132,1.142289638519287
9,133,1.349820613861084
9,134,1.1103415489196777
9,135,1.2366549968719482
9,136,1.1294971704483032
9,137,1.1778550148010254
9,138,1.1891117095947266
9,139,1.1815754175186157
9,140,1.2808291912078857
9,141,1.0316977500915527
9,142,1.0555744171142578
9,143,1.345324158668518
9,144,1.262129545211792
9,145,1.2542510032653809
9,146,1.1792271137237549
9,147,1.3396062850952148
9,148,1.1850422620773315
9,149,1.1820480823516846
9,150,1.3044956922531128
9,151,1.241569995880127
9,152,1.2981460094451904
9,153,1.2557952404022217
9,154,1.2175607681274414
9,155,1.2383885383605957
9,156,1.0837217569351196
9,157,1.2681852579116821
9,158,1.2146143913269043
9,159,1.0308599472045898
9,160,1.1192381381988525
9,161,1.0568355321884155
9,162,1.2245845794677734
9,163,1.2035980224609375
9,164,1.577362060546875
9,165,1.4152060747146606
9,166,1.227937936782837
9,167,1.234041690826416
9,168,1.32002854347229
9,169,1.2261914014816284
9,170,1.086567759513855
9,171,1.2009365558624268
9,172,1.2013895511627197
9,173,1.2548892498016357
9,174,1.1931875944137573
9,175,1.2509524822235107
9,176,1.1401963233947754
9,177,1.1981375217437744
9,178,1.2280230522155762
9,179,1.0652625560760498
9,180,1.3603532314300537
9,181,1.1930407285690308
9,182,1.2220262289047241
9,183,1.3064156770706177
9,184,1.2441575527191162
9,185,1.2597987651824951
9,186,1.1645618677139282
9,187,1.215928554534912
9,188,1.527209997177124
9,189,1.5063674449920654
9,190,1.1980206966400146
9,191,1.2039536237716675
9,192,1.189906120300293
9,193,1.0739526748657227
9,194,1.3810198307037354
9,195,1.3339263200759888
9,196,1.1022920608520508
9,197,1.2179404497146606
9,198,1.1186960935592651
9,199,1.240309476852417
9,200,1.2275444269180298
9,201,1.1352119445800781
9,202,1.2116377353668213
9,203,1.186112642288208
9,204,1.1343412399291992
9,205,1.2118000984191895
9,206,1.286309003829956
9,207,1.0226811170578003
9,208,1.2082573175430298
9,209,1.348253846168518
9,210,1.3187150955200195
9,211,1.2411671876907349
9,212,1.1549330949783325
9,213,1.1277291774749756
9,214,1.1706385612487793
9,215,1.1664931774139404
9,216,1.2305516004562378
9,217,1.2627151012420654
9,218,1.1127276420593262
9,219,1.3883904218673706
9,220,1.3185031414031982
9,221,1.2449495792388916
9,222,1.3077127933502197
9,223,1.2765333652496338
9,224,1.2323403358459473
9,225,1.1146292686462402
9,226,1.3891029357910156
9,227,1.2989225387573242
9,228,1.1649739742279053
9,229,1.2841997146606445
9,230,1.1359333992004395
9,231,1.1960097551345825
9,232,1.1411117315292358
9,233,1.1314021348953247
9,234,1.308135986328125
9,235,1.1889629364013672
9,236,1.1504093408584595
9,237,1.1479471921920776
9,238,1.1779069900512695
9,239,1.2654244899749756
9,240,1.211690902709961
9,241,1.1874749660491943
9,242,1.2272931337356567
9,243,1.4337894916534424
9,244,1.156116247177124
9,245,1.2565674781799316
9,246,1.460310459136963
9,247,1.2307114601135254
9,248,1.2509115934371948
9,249,1.2290370464324951
9,250,1.1140270233154297
9,251,1.3645237684249878
9,252,1.0950007438659668
9,253,1.1438379287719727
9,254,1.1318347454071045
9,255,1.345476508140564
9,256,1.2407736778259277
9,257,1.199338436126709
9,258,1.1304588317871094
9,259,1.0446629524230957
9,260,1.145335078239441
9,261,1.4980928897857666
9,262,1.1681256294250488
9,263,1.4682661294937134
9,264,1.2593828439712524
9,265,1.212796926498413
9,266,1.0728187561035156
9,267,1.301640510559082
9,268,1.2931002378463745
9,269,1.182037353515625
9,270,1.4778192043304443
9,271,1.1314316987991333
9,272,1.1396764516830444
9,273,1.3301942348480225
9,274,1.320976972579956
9,275,1.2489577531814575
9,276,1.296114444732666
9,277,1.2211905717849731
9,278,1.1887563467025757
9,279,1.1513421535491943
9,280,1.0690395832061768
9,281,1.1216943264007568
9,282,1.15348482131958
9,283,1.1007872819900513
9,284,1.1763050556182861
9,285,1.3179973363876343
9,286,1.222569465637207
9,287,1.157768964767456
9,288,1.1664223670959473
9,289,1.1611522436141968
9,290,1.1758373975753784
9,291,1.2886650562286377
9,292,1.2907459735870361
9,293,1.3816189765930176
9,294,1.048540711402893
9,295,1.1087291240692139
9,296,1.191364049911499
9,297,1.1924842596054077
9,298,1.0908883810043335
9,299,1.1569130420684814
9,300,1.0777242183685303
9,301,1.1713032722473145
9,302,1.3257393836975098
9,303,1.3306512832641602
9,304,1.1886200904846191
9,305,1.217518925666809
9,306,1.2735788822174072
9,307,1.4303126335144043
9,308,1.4047284126281738
9,309,1.1899490356445312
9,310,1.2450863122940063
9,311,1.3400838375091553
9,312,1.151631236076355
9,313,1.1734814643859863
9,314,1.2929790019989014
9,315,1.1799216270446777
9,316,1.3580220937728882
9,317,1.203307867050171
9,318,0.9963029623031616
9,319,1.388501763343811
9,320,1.2903180122375488
9,321,1.157045602798462
9,322,1.1589452028274536
9,323,1.1520785093307495
9,324,1.246307134628296
9,325,1.224982738494873
9,326,1.140601634979248
9,327,1.2465019226074219
9,328,1.2026667594909668
9,329,1.2990443706512451
9,330,1.1730891466140747
9,331,1.1937661170959473
9,332,1.1314339637756348
9,333,1.2878299951553345
9,334,1.2230278253555298
9,335,1.1465942859649658
9,336,1.1085445880889893
9,337,1.2069978713989258
9,338,1.2858561277389526
9,339,1.248205304145813
9,340,1.2781529426574707
9,341,1.3817955255508423
9,342,1.343869686126709
9,343,1.2016267776489258
9,344,1.4399244785308838
9,345,1.183185338973999
9,346,0.994828462600708
9,347,1.2741270065307617
9,348,1.1668497323989868
9,349,1.196178913116455
9,350,1.1189720630645752
9,351,1.1797212362289429
9,352,1.4055564403533936
9,353,1.2469396591186523
9,354,1.3105051517486572
9,355,1.2681448459625244
9,356,1.2228646278381348
9,357,1.2315232753753662
9,358,1.1873130798339844
9,359,1.1880213022232056
9,360,1.0760705471038818
9,361,1.1812806129455566
9,362,1.303345799446106
9,363,1.2248952388763428
9,364,1.1591873168945312
9,365,0.9961655139923096
9,366,1.2149018049240112
9,367,1.2037365436553955
9,368,1.2758290767669678
9,369,1.291351556777954
9,370,1.0366712808609009
9,371,1.281067967414856
9,372,1.1732097864151
9,373,1.2787935733795166
9,374,1.2702528238296509
9,375,1.1106218099594116
9,376,1.052230715751648
9,377,1.208799958229065
9,378,1.2037330865859985
9,379,1.0829522609710693
9,380,1.2213035821914673
9,381,1.3295080661773682
9,382,1.3648813962936401
9,383,1.1934293508529663
9,384,1.3428895473480225
9,385,1.279877781867981
9,386,1.2258646488189697
9,387,1.2888485193252563
9,388,1.3931989669799805
9,389,1.1852548122406006
9,390,1.200904369354248
9,391,1.0983202457427979
9,392,1.1005301475524902
9,393,1.0618798732757568
9,394,1.1762897968292236
9,395,1.168285608291626
9,396,1.4229788780212402
9,397,1.1918410062789917
9,398,1.071479320526123
9,399,1.1853901147842407
9,400,1.1825191974639893
9,401,1.2251648902893066
9,402,1.4693400859832764
9,403,1.1542319059371948
9,404,1.341339111328125
9,405,1.2782196998596191
9,406,1.110687017440796
9,407,1.2603116035461426
9,408,1.0385963916778564
9,409,1.2709766626358032
9,410,1.25010085105896
9,411,1.2871348857879639
9,412,1.1618683338165283
9,413,1.098836898803711
9,414,1.241426706314087
9,415,1.2035071849822998
9,416,1.2258007526397705
9,417,1.2534120082855225
9,418,1.2508840560913086
9,419,1.1713722944259644
9,420,1.143532633781433
9,421,1.1341116428375244
9,422,1.2749626636505127
9,423,1.1706568002700806
9,424,1.2551114559173584
9,425,1.2488232851028442
9,426,1.1956555843353271
9,427,1.1631113290786743
9,428,1.1754282712936401
9,429,1.0923893451690674
9,430,1.2098109722137451
9,431,1.271240234375
9,432,1.127679705619812
9,433,1.1104474067687988
9,434,1.2909817695617676
9,435,1.1274614334106445
9,436,1.0269094705581665
9,437,1.2366232872009277
9,438,1.157198429107666
9,439,1.0337767601013184
9,440,1.0537605285644531
9,441,1.218003273010254
9,442,1.3152363300323486
9,443,1.2326538562774658
9,444,1.1656509637832642
9,445,1.260378360748291
9,446,1.058106541633606
9,447,1.2613075971603394
9,448,1.1594078540802002
9,449,1.2435152530670166
9,450,1.3229396343231201
9,451,1.143514633178711
9,452,1.5345520973205566
9,453,1.3249709606170654
9,454,1.1888346672058105
9,455,1.0816587209701538
9,456,1.3194328546524048
9,457,1.1978824138641357
9,458,1.263416051864624
9,459,1.1835917234420776
9,460,1.1361603736877441
9,461,1.0658472776412964
9,462,1.3421099185943604
9,463,1.225206732749939
9,464,1.3323924541473389
9,465,1.1396617889404297
9,466,1.331605315208435
9,467,1.3217761516571045
9,468,1.205936312675476
9,469,1.4306819438934326
9,470,1.1958277225494385
9,471,1.258131742477417
9,472,1.1039600372314453
9,473,1.1638141870498657
9,474,1.1807091236114502
9,475,1.1609519720077515
9,476,1.286634922027588
9,477,1.2152891159057617
9,478,1.1938583850860596
9,479,1.3710894584655762
9,480,1.4020755290985107
9,481,1.2313886880874634
9,482,1.1922448873519897
9,483,1.1341620683670044
9,484,1.2677001953125
9,485,1.1263316869735718
9,486,1.216686487197876
9,487,1.2441096305847168
9,488,1.2434117794036865
9,489,1.0521690845489502
9,490,1.1713075637817383
9,491,1.1938220262527466
9,492,1.1470050811767578
9,493,1.1508255004882812
9,494,1.4693204164505005
9,495,1.1869959831237793
9,496,1.1594657897949219
9,497,1.2545089721679688
9,498,1.4776296615600586
10,0,1.1423829793930054
10,1,1.1684798002243042
10,2,1.027726173400879
10,3,1.1806552410125732
10,4,1.2808773517608643
10,5,1.2891504764556885
10,6,1.3162864446640015
10,7,1.1543817520141602
10,8,1.24514639377594
10,9,1.2660160064697266
10,10,1.0982688665390015
10,11,1.063371181488037
10,12,1.2186107635498047
10,13,1.3083019256591797
10,14,1.1927930116653442
10,15,1.115407943725586
10,16,1.2016777992248535
10,17,1.137040376663208
10,18,1.0473036766052246
10,19,1.0970121622085571
10,20,1.1721992492675781
10,21,1.346328854560852
10,22,1.3367162942886353
10,23,1.3649060726165771
10,24,1.1975619792938232
10,25,1.218885898590088
10,26,1.2031809091567993
10,27,1.1437034606933594
10,28,1.3216841220855713
10,29,1.2512872219085693
10,30,1.3774210214614868
10,31,1.1984217166900635
10,32,1.1605539321899414
10,33,1.2755415439605713
10,34,1.1463749408721924
10,35,1.0810835361480713
10,36,1.2922277450561523
10,37,1.1061062812805176
10,38,1.2516100406646729
10,39,1.3466901779174805
10,40,1.201472520828247
10,41,1.3837049007415771
10,42,1.1797574758529663
10,43,1.043431282043457
10,44,1.00313401222229
10,45,1.159454584121704
10,46,1.2423173189163208
10,47,1.1455819606781006
10,48,1.3033274412155151
10,49,1.2224353551864624
10,50,1.0842173099517822
10,51,1.1080760955810547
10,52,1.2577309608459473
10,53,1.3407995700836182
10,54,1.1924183368682861
10,55,1.2008237838745117
10,56,1.0061691999435425
10,57,1.2172396183013916
10,58,1.2724499702453613
10,59,1.2948572635650635
10,60,1.3827478885650635
10,61,1.2224311828613281
10,62,1.0931274890899658
10,63,1.1629384756088257
10,64,1.151801347732544
10,65,1.019944429397583
10,66,1.0794398784637451
10,67,1.1247025728225708
10,68,1.0449168682098389
10,69,1.0522613525390625
10,70,1.070932388305664
10,71,1.2149051427841187
10,72,1.1847522258758545
10,73,1.4972786903381348
10,74,1.268158197402954
10,75,1.1927220821380615
10,76,1.1058225631713867
10,77,1.2826604843139648
10,78,1.3757269382476807
10,79,1.2818305492401123
10,80,1.1954071521759033
10,81,1.3342936038970947
10,82,1.271270513534546
10,83,0.9889205098152161
10,84,1.2113937139511108
10,85,1.3049157857894897
10,86,1.2500097751617432
10,87,1.29978609085083
10,88,1.4455435276031494
10,89,1.1156730651855469
10,90,1.4777663946151733
10,91,1.1755280494689941
10,92,1.2174055576324463
10,93,1.0053938627243042
10,94,1.35582435131073
10,95,1.2305493354797363
10,96,1.2322945594787598
10,97,1.29977548122406
10,98,1.1044960021972656
10,99,1.2687811851501465
10,100,1.221834421157837
10,101,1.0920729637145996
10,102,1.1843376159667969
10,103,1.081818699836731
10,104,1.4396177530288696
10,105,1.179252028465271
10,106,1.1002410650253296
10,107,1.1902858018875122
10,108,1.2335118055343628
10,109,1.115511178970337
10,110,1.3669424057006836
10,111,1.2051957845687866
10,112,1.1933341026306152
10,113,1.434767484664917
10,114,1.0836201906204224
10,115,1.1051385402679443
10,116,1.273414969444275
10,117,1.1206533908843994
10,118,1.0435596704483032
10,119,1.0803077220916748
10,120,1.4677886962890625
10,121,1.2746342420578003
10,122,1.1705065965652466
10,123,1.1351345777511597
10,124,1.1309138536453247
10,125,1.2513258457183838
10,126,1.1981542110443115
10,127,1.1875479221343994
10,128,1.302246332168579
10,129,1.5855019092559814
10,130,1.2457716464996338
10,131,1.1259746551513672
10,132,1.2312604188919067
10,133,1.6531370878219604
10,134,1.2363739013671875
10,135,1.2494643926620483
10,136,1.0944105386734009
10,137,1.2693419456481934
10,138,1.0721946954727173
10,139,1.2181648015975952
10,140,1.184983491897583
10,141,1.0976725816726685
10,142,1.2834641933441162
10,143,1.1848102807998657
10,144,1.1144205331802368
10,145,1.3806731700897217
10,146,1.1973118782043457
10,147,1.1209557056427002
10,148,1.161877155303955
10,149,1.3067586421966553
10,150,1.276503324508667
10,151,1.3054462671279907
10,152,1.2689887285232544
10,153,1.2415564060211182
10,154,1.1504184007644653
10,155,1.5871001482009888
10,156,1.3906457424163818
10,157,1.2250900268554688
10,158,1.269088625907898
10,159,1.2006776332855225
10,160,1.175424337387085
10,161,1.3865199089050293
10,162,1.3631176948547363
10,163,1.2241886854171753
10,164,1.2531278133392334
10,165,1.1272979974746704
10,166,1.0874048471450806
10,167,1.3399360179901123
10,168,1.148463487625122
10,169,1.427675485610962
10,170,1.0402175188064575
10,171,1.1864378452301025
10,172,1.0888111591339111
10,173,1.318594217300415
10,174,1.2287969589233398
10,175,1.2763630151748657
10,176,1.3081996440887451
10,177,1.2304288148880005
10,178,1.174300193786621
10,179,1.1258809566497803
10,180,1.2041940689086914
10,181,1.2826993465423584
10,182,1.1111855506896973
10,183,1.261343240737915
10,184,1.3189148902893066
10,185,1.178682804107666
10,186,1.1486363410949707
10,187,1.1208000183105469
10,188,1.273113489151001
10,189,1.2032363414764404
10,190,1.3206247091293335
10,191,1.1529483795166016
10,192,1.195418357849121
10,193,1.148000955581665
10,194,1.1862021684646606
10,195,1.318382978439331
10,196,1.4072450399398804
10,197,1.2179667949676514
10,198,1.2232856750488281
10,199,1.1919755935668945
10,200,1.2725938558578491
10,201,1.3038495779037476
10,202,1.2502970695495605
10,203,1.1392693519592285
10,204,1.0839805603027344
10,205,1.1687520742416382
10,206,1.2664790153503418
10,207,1.102462649345398
10,208,1.2571768760681152
10,209,1.1568658351898193
10,210,1.0659925937652588
10,211,1.2724765539169312
10,212,1.1920660734176636
10,213,1.2628401517868042
10,214,1.3317004442214966
10,215,1.3015427589416504
10,216,1.418290376663208
10,217,1.2164363861083984
10,218,1.1951329708099365
10,219,1.0785548686981201
10,220,1.2378606796264648
10,221,1.032474160194397
10,222,1.086159586906433
10,223,1.277830719947815
10,224,1.3928735256195068
10,225,1.2265973091125488
10,226,1.2981079816818237
10,227,1.2021605968475342
10,228,1.3228262662887573
10,229,1.1586641073226929
10,230,1.2195926904678345
10,231,1.0403462648391724
10,232,1.3667821884155273
10,233,1.1479403972625732
10,234,1.1252280473709106
10,235,1.0920029878616333
10,236,1.1891247034072876
10,237,1.1393368244171143
10,238,1.1573362350463867
10,239,1.3160102367401123
10,240,1.1706297397613525
10,241,1.0771424770355225
10,242,1.114012360572815
10,243,1.2741446495056152
10,244,1.3811850547790527
10,245,1.2783749103546143
10,246,1.2777066230773926
10,247,1.1597095727920532
10,248,1.4563195705413818
10,249,1.0593973398208618
10,250,1.20228910446167
10,251,1.201083779335022
10,252,1.422818660736084
10,253,1.0916402339935303
10,254,1.162285327911377
10,255,1.115027666091919
10,256,1.1869280338287354
10,257,1.2703523635864258
10,258,1.135331153869629
10,259,1.1892424821853638
10,260,1.1946461200714111
10,261,1.2437537908554077
10,262,1.2831124067306519
10,263,1.1288650035858154
10,264,1.18330717086792
10,265,1.4295456409454346
10,266,1.1098871231079102
10,267,1.1909326314926147
10,268,1.338173270225525
10,269,1.2377028465270996
10,270,1.230202317237854
10,271,1.122699499130249
10,272,1.243851900100708
10,273,1.1389851570129395
10,274,1.1188002824783325
10,275,1.2318050861358643
10,276,1.1822983026504517
10,277,1.2987630367279053
10,278,1.2052117586135864
10,279,1.2209464311599731
10,280,1.2567248344421387
10,281,1.2064677476882935
10,282,1.256846308708191
10,283,1.1590464115142822
10,284,1.5267881155014038
10,285,1.3054695129394531
10,286,1.0538346767425537
10,287,1.1315734386444092
10,288,1.2584679126739502
10,289,1.1686465740203857
10,290,1.1638038158416748
10,291,1.1485815048217773
10,292,1.5275087356567383
10,293,1.0636218786239624
10,294,1.2886073589324951
10,295,1.1837018728256226
10,296,1.1525578498840332
10,297,1.4742584228515625
10,298,1.0792818069458008
10,299,1.1068209409713745
10,300,1.1399636268615723
10,301,1.5234754085540771
10,302,1.2346104383468628
10,303,1.2414685487747192
10,304,1.1691207885742188
10,305,1.1199325323104858
10,306,1.4508452415466309
10,307,1.2301591634750366
10,308,1.3411405086517334
10,309,1.1419141292572021
10,310,1.2920544147491455
10,311,1.1410809755325317
10,312,1.144670009613037
10,313,1.2278757095336914
10,314,1.2861087322235107
10,315,1.2275466918945312
10,316,1.312678337097168
10,317,1.0727773904800415
10,318,1.1915405988693237
10,319,1.163856029510498
10,320,1.1471152305603027
10,321,1.1253547668457031
10,322,1.2624455690383911
10,323,1.0805078744888306
10,324,1.197508692741394
10,325,1.4801326990127563
10,326,1.196460485458374
10,327,1.333952784538269
10,328,1.2600451707839966
10,329,1.3143494129180908
10,330,1.0779409408569336
10,331,1.203832745552063
10,332,1.261826992034912
10,333,1.1886388063430786
10,334,1.1123521327972412
10,335,1.25263512134552
10,336,1.159498929977417
10,337,1.2384032011032104
10,338,1.2188867330551147
10,339,1.225952386856079
10,340,1.077682375907898
10,341,1.3483772277832031
10,342,1.2221229076385498
10,343,1.1313035488128662
10,344,1.1501370668411255
10,345,1.095745325088501
10,346,0.9913250207901001
10,347,1.1641956567764282
10,348,1.215625524520874
10,349,1.3083444833755493
10,350,1.188503384590149
10,351,1.2451410293579102
10,352,1.1776838302612305
10,353,1.181960105895996
10,354,1.2447876930236816
10,355,1.19782292842865
10,356,1.0951695442199707
10,357,1.2996560335159302
10,358,1.123344898223877
10,359,1.214332103729248
10,360,1.2928833961486816
10,361,1.36788010597229
10,362,1.2517836093902588
10,363,1.151582956314087
10,364,1.212649941444397
10,365,1.1166433095932007
10,366,1.1102283000946045
10,367,1.3258121013641357
10,368,1.1791210174560547
10,369,1.151729941368103
10,370,1.3046367168426514
10,371,1.0355724096298218
10,372,1.2246187925338745
10,373,1.2916277647018433
10,374,1.2701081037521362
10,375,1.1202036142349243
10,376,1.1149795055389404
10,377,1.3582921028137207
10,378,1.3186476230621338
10,379,1.1717917919158936
10,380,1.0865592956542969
10,381,1.3642767667770386
10,382,1.115234613418579
10,383,1.1812444925308228
10,384,1.2674288749694824
10,385,1.16488516330719
10,386,1.3162081241607666
10,387,1.0822707414627075
10,388,1.1197972297668457
10,389,1.1924970149993896
10,390,1.3776822090148926
10,391,1.179132342338562
10,392,1.2008352279663086
10,393,1.090747594833374
10,394,1.2165908813476562
10,395,1.1948299407958984
10,396,1.2064220905303955
10,397,1.2719252109527588
10,398,1.4494447708129883
10,399,1.1311008930206299
10,400,1.188424825668335
10,401,1.1536877155303955
10,402,1.4604862928390503
10,403,1.0708606243133545
10,404,1.2348315715789795
10,405,1.1425130367279053
10,406,1.1281760931015015
10,407,1.1974551677703857
10,408,1.193151593208313
10,409,1.1209452152252197
10,410,1.0467228889465332
10,411,1.07261323928833
10,412,1.3486018180847168
10,413,1.3008906841278076
10,414,1.0838955640792847
10,415,1.3045228719711304
10,416,1.1069958209991455
10,417,1.1824824810028076
10,418,1.0429298877716064
10,419,1.3256473541259766
10,420,1.2171392440795898
10,421,1.1946686506271362
10,422,1.195261836051941
10,423,1.261413812637329
10,424,1.1575734615325928
10,425,1.1983544826507568
10,426,1.289025068283081
10,427,1.0898034572601318
10,428,1.170021653175354
10,429,1.1180222034454346
10,430,1.3396050930023193
10,431,1.3835550546646118
10,432,1.1337312459945679
10,433,1.2830082178115845
10,434,0.9877932071685791
10,435,1.2884479761123657
10,436,0.9644378423690796
10,437,1.0972282886505127
10,438,1.2011619806289673
10,439,1.2367007732391357
10,440,1.2040693759918213
10,441,1.3666014671325684
10,442,1.1126985549926758
10,443,1.0657230615615845
10,444,1.726922869682312
10,445,1.2273246049880981
10,446,1.1111481189727783
10,447,1.2085702419281006
10,448,1.1250134706497192
10,449,1.3218865394592285
10,450,1.029323697090149
10,451,1.3713574409484863
10,452,1.1479429006576538
10,453,1.3371553421020508
10,454,1.0621106624603271
10,455,1.1933118104934692
10,456,1.2623677253723145
10,457,1.299816370010376
10,458,1.131209135055542
10,459,1.1894001960754395
10,460,1.3259707689285278
10,461,1.5912779569625854
10,462,1.1074965000152588
10,463,1.0999720096588135
10,464,1.1929255723953247
10,465,1.1469541788101196
10,466,1.2692824602127075
10,467,1.2033079862594604
10,468,1.2953699827194214
10,469,1.1573439836502075
10,470,1.133018970489502
10,471,1.1393065452575684
10,472,1.3665859699249268
10,473,1.3313758373260498
10,474,1.2876489162445068
10,475,1.248146653175354
10,476,1.1922976970672607
10,477,1.2459510564804077
10,478,1.1155961751937866
10,479,1.0680961608886719
10,480,1.2553772926330566
10,481,1.1152034997940063
10,482,1.1646438837051392
10,483,1.0679230690002441
10,484,1.2054523229599
10,485,1.248986840248108
10,486,1.2192294597625732
10,487,1.0494742393493652
10,488,1.332867980003357
10,489,1.24454927444458
10,490,1.2139716148376465
10,491,1.1165095567703247
10,492,1.1343767642974854
10,493,1.2616256475448608
10,494,1.4004572629928589
10,495,1.2853014469146729
10,496,1.15337336063385
10,497,1.1417893171310425
10,498,1.27128005027771
11,0,1.1628004312515259
11,1,1.2067961692810059
11,2,1.2152066230773926
11,3,1.0975329875946045
11,4,1.1574698686599731
11,5,1.1434348821640015
11,6,1.1286945343017578
11,7,1.184279203414917
11,8,1.2492430210113525
11,9,1.0605018138885498
11,10,1.1997888088226318
11,11,1.2355684041976929
11,12,1.1775104999542236
11,13,1.0852075815200806
11,14,1.2458834648132324
11,15,1.1181567907333374
11,16,1.0964584350585938
11,17,1.134413242340088
11,18,1.0822983980178833
11,19,1.1847525835037231
11,20,1.0524585247039795
11,21,1.1408113241195679
11,22,1.2912538051605225
11,23,1.2935504913330078
11,24,1.2574372291564941
11,25,1.3144569396972656
11,26,1.1930580139160156
11,27,1.2342524528503418
11,28,1.1674387454986572
11,29,1.3613377809524536
11,30,1.2055126428604126
11,31,1.365586757659912
11,32,1.1395552158355713
11,33,1.255310297012329
11,34,1.1293495893478394
11,35,1.4497997760772705
11,36,1.1345040798187256
11,37,1.2322354316711426
11,38,1.2434842586517334
11,39,1.2507416009902954
11,40,1.202889323234558
11,41,1.3385353088378906
11,42,1.1645687818527222
11,43,1.142669916152954
11,44,1.3314034938812256
11,45,1.1659823656082153
11,46,1.1823776960372925
11,47,1.265795111656189
11,48,1.092837929725647
11,49,1.007562279701233
11,50,1.194292426109314
11,51,1.239347219467163
11,52,1.473712682723999
11,53,1.2622411251068115
11,54,1.2391573190689087
11,55,1.1694045066833496
11,56,1.3944125175476074
11,57,1.3665586709976196
11,58,1.2672252655029297
11,59,1.2408738136291504
11,60,1.1790657043457031
11,61,1.4392131567001343
11,62,1.2222185134887695
11,63,1.024399757385254
11,64,1.122183084487915
11,65,1.2059513330459595
11,66,1.1111292839050293
11,67,1.2869470119476318
11,68,1.090273380279541
11,69,1.2075577974319458
11,70,1.1559902429580688
11,71,1.2611546516418457
11,72,1.239173412322998
11,73,1.2559659481048584
11,74,1.2254412174224854
11,75,1.2008343935012817
11,76,1.0513564348220825
11,77,1.1330478191375732
11,78,1.0870704650878906
11,79,1.22859525680542
11,80,1.0553991794586182
11,81,1.034003734588623
11,82,1.0163094997406006
11,83,1.1187036037445068
11,84,1.2677823305130005
11,85,1.370368480682373
11,86,1.0919451713562012
11,87,1.4816253185272217
11,88,1.1601122617721558
11,89,1.1619218587875366
11,90,1.0506783723831177
11,91,1.2478671073913574
11,92,1.3188972473144531
11,93,1.1664390563964844
11,94,1.1230372190475464
11,95,1.4220672845840454
11,96,1.1459239721298218
11,97,1.3270487785339355
11,98,1.2816307544708252
11,99,1.1544768810272217
11,100,1.1291232109069824
11,101,1.3355807065963745
11,102,1.2584729194641113
11,103,1.1366302967071533
11,104,1.191238284111023
11,105,1.1302119493484497
11,106,1.1664053201675415
11,107,1.1305512189865112
11,108,1.2877752780914307
11,109,1.0986864566802979
11,110,1.249079704284668
11,111,1.1621664762496948
11,112,1.104744553565979
11,113,1.3790377378463745
11,114,1.1989402770996094
11,115,1.3117767572402954
11,116,1.3491309881210327
11,117,1.2109366655349731
11,118,1.2608617544174194
11,119,1.2751566171646118
11,120,1.1208804845809937
11,121,1.1123311519622803
11,122,1.2986102104187012
11,123,1.0934971570968628
11,124,1.2970178127288818
11,125,1.4937645196914673
11,126,1.3143397569656372
11,127,1.184821367263794
11,128,1.0324311256408691
11,129,1.0948691368103027
11,130,1.1214345693588257
11,131,1.1805390119552612
11,132,1.305119514465332
11,133,1.3066246509552002
11,134,1.2073012590408325
11,135,1.1785809993743896
11,136,1.1289491653442383
11,137,1.2218005657196045
11,138,1.1958032846450806
11,139,1.027773380279541
11,140,1.1856410503387451
11,141,1.2538470029830933
11,142,1.050804853439331
11,143,1.0732942819595337
11,144,1.310170292854309
11,145,1.1919281482696533
11,146,1.097098708152771
11,147,1.1986756324768066
11,148,1.0580092668533325
11,149,1.1616350412368774
11,150,1.4320271015167236
11,151,1.3085627555847168
11,152,1.2075703144073486
11,153,1.0343589782714844
11,154,1.0358175039291382
11,155,1.3062301874160767
11,156,1.3135474920272827
11,157,1.2720056772232056
11,158,1.0271674394607544
11,159,1.1498595476150513
11,160,1.1163502931594849
11,161,1.17422354221344
11,162,1.1352113485336304
11,163,1.1383408308029175
11,164,1.1753768920898438
11,165,1.1572225093841553
11,166,1.3182132244110107
11,167,1.1239689588546753
11,168,1.0826613903045654
11,169,1.2344318628311157
11,170,1.246842622756958
11,171,1.1130352020263672
11,172,1.0691548585891724
11,173,1.229663372039795
11,174,1.069954752922058
11,175,1.1273822784423828
11,176,1.0656366348266602
11,177,1.114313006401062
11,178,1.3296144008636475
11,179,1.1813838481903076
11,180,1.0880218744277954
11,181,1.2428503036499023
11,182,1.282712697982788
11,183,1.170059323310852
11,184,1.2145239114761353
11,185,1.2597018480300903
11,186,1.1896166801452637
11,187,1.0869464874267578
11,188,1.3274734020233154
11,189,1.1711664199829102
11,190,1.1283493041992188
11,191,1.3718613386154175
11,192,1.1981844902038574
11,193,1.255115270614624
11,194,1.0960872173309326
11,195,1.0770295858383179
11,196,1.1490103006362915
11,197,1.3130056858062744
11,198,1.108294129371643
11,199,1.1803287267684937
11,200,1.1596193313598633
11,201,1.2794153690338135
11,202,1.1908015012741089
11,203,1.0187112092971802
11,204,1.2151790857315063
11,205,1.1701823472976685
11,206,1.1690338850021362
11,207,1.1165881156921387
11,208,1.123173475265503
11,209,1.2365119457244873
11,210,1.0764362812042236
11,211,1.1257457733154297
11,212,1.284272313117981
11,213,1.067050576210022
11,214,1.1787073612213135
11,215,1.2871487140655518
11,216,1.213227391242981
11,217,1.2134935855865479
11,218,1.1641473770141602
11,219,1.1037131547927856
11,220,1.2625629901885986
11,221,1.366001009941101
11,222,1.1739532947540283
11,223,1.1753894090652466
11,224,1.1537162065505981
11,225,1.2129168510437012
11,226,1.2792901992797852
11,227,1.629408836364746
11,228,1.134821891784668
11,229,1.2798054218292236
11,230,1.1718308925628662
11,231,1.1297526359558105
11,232,1.2222752571105957
11,233,1.0621871948242188
11,234,1.2637412548065186
11,235,1.0697877407073975
11,236,1.2913271188735962
11,237,1.115295171737671
11,238,1.211719036102295
11,239,1.2711842060089111
11,240,1.16667640209198
11,241,1.1630499362945557
11,242,1.1549780368804932
11,243,1.2663893699645996
11,244,1.1380647420883179
11,245,1.1742339134216309
11,246,1.0884664058685303
11,247,1.1185868978500366
11,248,1.3331410884857178
11,249,1.2707602977752686
11,250,1.282233715057373
11,251,1.1444501876831055
11,252,1.084359884262085
11,253,1.244365930557251
11,254,1.086338758468628
11,255,1.1974117755889893
11,256,1.028891921043396
11,257,1.0724014043807983
11,258,1.0477782487869263
11,259,1.0531799793243408
11,260,1.0484654903411865
11,261,1.2733986377716064
11,262,1.2503217458724976
11,263,1.1939127445220947
11,264,1.119684100151062
11,265,1.2462804317474365
11,266,1.396561861038208
11,267,1.1982725858688354
11,268,1.117648959159851
11,269,1.2034668922424316
11,270,0.960277795791626
11,271,1.0745432376861572
11,272,1.2442736625671387
11,273,1.3041647672653198
11,274,1.1666054725646973
11,275,1.2396571636199951
11,276,1.064367413520813
11,277,1.2480056285858154
11,278,1.2264108657836914
11,279,1.2092887163162231
11,280,1.3243882656097412
11,281,1.2744594812393188
11,282,1.191754937171936
11,283,1.186012625694275
11,284,1.1514188051223755
11,285,1.1602210998535156
11,286,1.3216098546981812
11,287,1.3075692653656006
11,288,1.2829337120056152
11,289,1.2507970333099365
11,290,1.169573426246643
11,291,1.1177250146865845
11,292,1.334559679031372
11,293,1.4545342922210693
11,294,1.1811660528182983
11,295,1.037360429763794
11,296,1.1907925605773926
11,297,1.4539048671722412
11,298,1.0745457410812378
11,299,1.250659704208374
11,300,1.1935994625091553
11,301,1.0968077182769775
11,302,1.113596796989441
11,303,1.3445477485656738
11,304,1.2143580913543701
11,305,1.1833739280700684
11,306,1.529308795928955
11,307,1.207916021347046
11,308,1.111260175704956
11,309,1.3907955884933472
11,310,1.2356176376342773
11,311,1.144791841506958
11,312,1.3633673191070557
11,313,1.1526169776916504
11,314,1.2037692070007324
11,315,1.3491501808166504
11,316,1.170351266860962
11,317,1.354569673538208
11,318,1.1983418464660645
11,319,1.2159394025802612
11,320,1.034940242767334
11,321,1.2635605335235596
11,322,1.1484853029251099
11,323,1.2086615562438965
11,324,1.2923262119293213
11,325,1.1641366481781006
11,326,1.2029240131378174
11,327,1.1537609100341797
11,328,1.1715949773788452
11,329,1.154759168624878
11,330,1.1631736755371094
11,331,1.1907118558883667
11,332,1.1872400045394897
11,333,1.212062954902649
11,334,1.2089321613311768
11,335,1.224330186843872
11,336,1.2357003688812256
11,337,1.23424232006073
11,338,1.194549798965454
11,339,1.196487307548523
11,340,1.5388360023498535
11,341,1.179419755935669
11,342,1.169607400894165
11,343,1.105928897857666
11,344,1.1636290550231934
11,345,1.2628872394561768
11,346,1.2679405212402344
11,347,1.2285900115966797
11,348,1.157791256904602
11,349,1.180431842803955
11,350,1.205298662185669
11,351,1.0764102935791016
11,352,1.276838779449463
11,353,1.1918458938598633
11,354,1.278003454208374
11,355,1.1054646968841553
11,356,1.1659345626831055
11,357,1.0608694553375244
11,358,1.3301723003387451
11,359,1.2282514572143555
11,360,1.2064363956451416
11,361,1.1207753419876099
11,362,1.157341480255127
11,363,1.0854021310806274
11,364,1.2202208042144775
11,365,1.6051127910614014
11,366,1.2168736457824707
11,367,1.0839331150054932
11,368,1.1403844356536865
11,369,1.3418238162994385
11,370,1.0691487789154053
11,371,1.4243007898330688
11,372,1.1037719249725342
11,373,1.394467830657959
11,374,1.182159662246704
11,375,1.3385810852050781
11,376,1.1966419219970703
11,377,1.0699191093444824
11,378,1.1495957374572754
11,379,1.262399673461914
11,380,1.1849809885025024
11,381,1.2849247455596924
11,382,1.0383814573287964
11,383,1.2223131656646729
11,384,1.1751514673233032
11,385,1.2304325103759766
11,386,1.1667732000350952
11,387,1.2790695428848267
11,388,1.0646426677703857
11,389,1.3722128868103027
11,390,1.146641492843628
11,391,1.173919916152954
11,392,1.1234817504882812
11,393,1.116763710975647
11,394,1.063276767730713
11,395,1.1150550842285156
11,396,1.7401493787765503
11,397,1.1967918872833252
11,398,1.0816408395767212
11,399,1.2504653930664062
11,400,1.7452075481414795
11,401,1.063726544380188
11,402,1.19532310962677
11,403,1.2458137273788452
11,404,1.3971638679504395
11,405,1.3176169395446777
11,406,1.207956075668335
11,407,1.2289351224899292
11,408,1.3821830749511719
11,409,1.1552101373672485
11,410,1.3204466104507446
11,411,1.166833519935608
11,412,1.0632082223892212
11,413,1.1169319152832031
11,414,1.2689809799194336
11,415,1.2641096115112305
11,416,1.2777966260910034
11,417,1.3442747592926025
11,418,1.1860257387161255
11,419,1.1528468132019043
11,420,1.2450675964355469
11,421,1.3046141862869263
11,422,1.2647991180419922
11,423,1.0826860666275024
11,424,1.2289830446243286
11,425,1.1402251720428467
11,426,1.2387640476226807
11,427,1.171706199645996
11,428,1.102043628692627
11,429,1.2093021869659424
11,430,1.1764636039733887
11,431,1.2629276514053345
11,432,1.159600853919983
11,433,1.2187516689300537
11,434,1.1161997318267822
11,435,1.1635819673538208
11,436,1.1732652187347412
11,437,1.076343059539795
11,438,1.3853731155395508
11,439,1.250821590423584
11,440,1.191091537475586
11,441,1.3336615562438965
11,442,1.2706741094589233
11,443,1.343307614326477
11,444,1.4121606349945068
11,445,1.2869105339050293
11,446,1.126466989517212
11,447,1.1586970090866089
11,448,1.247354507446289
11,449,1.2320972681045532
11,450,1.23050057888031
11,451,1.073651909828186
11,452,1.1291677951812744
11,453,1.1059173345565796
11,454,1.245598316192627
11,455,1.1062382459640503
11,456,1.2202160358428955
11,457,1.346725344657898
11,458,1.1862738132476807
11,459,1.1860148906707764
11,460,1.0353978872299194
11,461,1.2453669309616089
11,462,1.1889028549194336
11,463,1.1243492364883423
11,464,1.364550232887268
11,465,1.260469913482666
11,466,1.0799626111984253
11,467,1.2612595558166504
11,468,1.1854772567749023
11,469,1.0972118377685547
11,470,1.2735893726348877
11,471,1.1471788883209229
11,472,1.206310749053955
11,473,1.3979623317718506
11,474,1.0505702495574951
11,475,1.135145664215088
11,476,1.156988501548767
11,477,1.1499441862106323
11,478,1.0751779079437256
11,479,1.1879832744598389
11,480,1.202613353729248
11,481,1.220822811126709
11,482,1.1627917289733887
11,483,1.216428518295288
11,484,1.1725988388061523
11,485,1.241217851638794
11,486,1.1890432834625244
11,487,1.2355506420135498
11,488,1.2585430145263672
11,489,1.2503811120986938
11,490,1.2605913877487183
11,491,1.2583413124084473
11,492,1.1978580951690674
11,493,1.1125304698944092
11,494,1.2457568645477295
11,495,1.0914571285247803
11,496,1.2098054885864258
11,497,1.116658091545105
11,498,1.1742302179336548
12,0,1.1775470972061157
12,1,1.0451029539108276
12,2,1.1285123825073242
12,3,1.3042689561843872
12,4,1.1693159341812134
12,5,1.2385010719299316
12,6,1.3673419952392578
12,7,1.2041584253311157
12,8,1.111335039138794
12,9,1.0718377828598022
12,10,1.188448429107666
12,11,1.1790375709533691
12,12,1.2864422798156738
12,13,1.1354618072509766
12,14,1.1897778511047363
12,15,1.0056157112121582
12,16,1.1060154438018799
12,17,1.1916964054107666
12,18,1.310263991355896
12,19,1.3013997077941895
12,20,1.1833136081695557
12,21,1.173736810684204
12,22,1.2022898197174072
12,23,1.103850245475769
12,24,1.0695528984069824
12,25,1.107832431793213
12,26,1.144709587097168
12,27,1.3340754508972168
12,28,1.0308926105499268
12,29,1.1033878326416016
12,30,1.085571527481079
12,31,1.1462442874908447
12,32,1.1906297206878662
12,33,1.2893770933151245
12,34,1.186231255531311
12,35,1.2540082931518555
12,36,1.141882300376892
12,37,1.064077615737915
12,38,1.1927416324615479
12,39,1.2050085067749023
12,40,1.375377893447876
12,41,1.3365628719329834
12,42,1.146912693977356
12,43,1.2539209127426147
12,44,1.1385862827301025
12,45,1.1833518743515015
12,46,1.287764549255371
12,47,1.2012382745742798
12,48,1.0815011262893677
12,49,1.226548194885254
12,50,1.205163598060608
12,51,1.1345043182373047
12,52,1.3481348752975464
12,53,1.1157138347625732
12,54,1.1826345920562744
12,55,1.1021010875701904
12,56,1.2257373332977295
12,57,1.1193636655807495
12,58,1.2128381729125977
12,59,1.1353864669799805
12,60,1.1408878564834595
12,61,1.2129037380218506
12,62,1.2589194774627686
12,63,1.3927180767059326
12,64,1.2901816368103027
12,65,1.3880211114883423
12,66,1.0038868188858032
12,67,1.1790573596954346
12,68,1.3555457592010498
12,69,1.510171890258789
12,70,1.2453773021697998
12,71,1.1089543104171753
12,72,1.5692973136901855
12,73,0.9928375482559204
12,74,1.0173207521438599
12,75,1.1011836528778076
12,76,1.1489975452423096
12,77,1.1990349292755127
12,78,1.0508328676223755
12,79,1.1740503311157227
12,80,1.1208319664001465
12,81,1.0796713829040527
12,82,1.1486141681671143
12,83,1.433763027191162
12,84,1.4362549781799316
12,85,1.2347651720046997
12,86,1.1188538074493408
12,87,1.387638807296753
12,88,1.5159388780593872
12,89,1.3387432098388672
12,90,1.286900281906128
12,91,1.1097850799560547
12,92,1.184975266456604
12,93,1.2129008769989014
12,94,1.2055004835128784
12,95,1.0864708423614502
12,96,1.0816420316696167
12,97,1.1897003650665283
12,98,1.279558539390564
12,99,1.1657042503356934
12,100,1.0434077978134155
12,101,1.053148627281189
12,102,1.1769180297851562
12,103,1.2289814949035645
12,104,1.1475491523742676
12,105,1.146407961845398
12,106,1.1516836881637573
12,107,1.1306356191635132
12,108,1.1531516313552856
12,109,1.1046295166015625
12,110,1.1788630485534668
12,111,1.1035847663879395
12,112,1.219388723373413
12,113,1.134734869003296
12,114,1.1628632545471191
12,115,1.1920790672302246
12,116,1.178769826889038
12,117,1.1124694347381592
12,118,1.473224401473999
12,119,1.3087316751480103
12,120,1.1957111358642578
12,121,1.2854924201965332
12,122,1.1151032447814941
12,123,1.1976523399353027
12,124,1.1368484497070312
12,125,1.2243295907974243
12,126,1.1614550352096558
12,127,1.2685233354568481
12,128,1.1965575218200684
12,129,1.1958333253860474
12,130,1.1466953754425049
12,131,1.366289496421814
12,132,1.1291230916976929
12,133,1.139075517654419
12,134,1.1569764614105225
12,135,1.3642809391021729
12,136,1.255197286605835
12,137,1.0096205472946167
12,138,1.5689060688018799
12,139,1.0751090049743652
12,140,1.124738097190857
12,141,1.1645216941833496
12,142,1.202385425567627
12,143,1.231868028640747
12,144,1.154564619064331
12,145,1.2329540252685547
12,146,1.1265462636947632
12,147,1.182391881942749
12,148,1.1538715362548828
12,149,1.059301495552063
12,150,1.1968934535980225
12,151,1.267307996749878
12,152,1.1136521100997925
12,153,1.1000789403915405
12,154,1.2175087928771973
12,155,1.6513584852218628
12,156,1.2380422353744507
12,157,1.3163295984268188
12,158,1.197838306427002
12,159,1.191270351409912
12,160,1.6162681579589844
12,161,1.1206927299499512
12,162,1.2864631414413452
12,163,1.2492491006851196
12,164,1.2134358882904053
12,165,1.1112381219863892
12,166,1.0340369939804077
12,167,1.1746890544891357
12,168,1.2011913061141968
12,169,1.299604058265686
12,170,1.121183156967163
12,171,1.07594895362854
12,172,1.2175499200820923
12,173,1.248519778251648
12,174,1.0880850553512573
12,175,1.0660948753356934
12,176,1.2539035081863403
12,177,1.1323800086975098
12,178,1.1185729503631592
12,179,1.1221729516983032
12,180,1.083707332611084
12,181,1.0747885704040527
12,182,1.4993407726287842
12,183,1.0761011838912964
12,184,1.1071372032165527
12,185,1.1223602294921875
12,186,1.0017274618148804
12,187,1.2070298194885254
12,188,1.0719499588012695
12,189,1.144784688949585
12,190,1.1169975996017456
12,191,1.1797839403152466
12,192,1.0245766639709473
12,193,1.3299810886383057
12,194,1.170265793800354
12,195,1.212177038192749
12,196,1.2666593790054321
12,197,1.1389497518539429
12,198,1.1941027641296387
12,199,1.241602897644043
12,200,1.2698752880096436
12,201,1.281203031539917
12,202,1.210577130317688
12,203,1.2182567119598389
12,204,1.0184965133666992
12,205,1.0164719820022583
12,206,1.0802583694458008
12,207,1.2733750343322754
12,208,1.1831169128417969
12,209,1.1359138488769531
12,210,1.1474356651306152
12,211,1.353432059288025
12,212,1.1824569702148438
12,213,1.1019697189331055
12,214,1.2649800777435303
12,215,1.1328130960464478
12,216,1.0895575284957886
12,217,1.2789969444274902
12,218,1.003519892692566
12,219,1.1538934707641602
12,220,1.1089916229248047
12,221,1.2660608291625977
12,222,1.274141550064087
12,223,1.1864070892333984
12,224,1.26650869846344
12,225,1.194046974182129
12,226,1.1368577480316162
12,227,1.3445703983306885
12,228,1.1443965435028076
12,229,1.024607539176941
12,230,1.2674217224121094
12,231,1.0690455436706543
12,232,1.3104653358459473
12,233,1.2506511211395264
12,234,1.2086570262908936
12,235,1.4258599281311035
12,236,1.122289776802063
12,237,1.072064757347107
12,238,1.212145209312439
12,239,1.1318373680114746
12,240,1.0945155620574951
12,241,0.982862651348114
12,242,1.1441267728805542
12,243,1.3164458274841309
12,244,1.19717538356781
12,245,1.2837516069412231
12,246,1.1652209758758545
12,247,1.2921463251113892
12,248,1.1918363571166992
12,249,1.2908506393432617
12,250,1.0670400857925415
12,251,1.1675827503204346
12,252,1.2321863174438477
12,253,1.265976071357727
12,254,1.2594354152679443
12,255,1.1279054880142212
12,256,1.3158998489379883
12,257,1.1496831178665161
12,258,1.3032281398773193
12,259,1.2939202785491943
12,260,1.1304594278335571
12,261,1.4874651432037354
12,262,1.200528860092163
12,263,1.0421591997146606
12,264,1.1882461309432983
12,265,1.4230648279190063
12,266,1.2700161933898926
12,267,1.1214711666107178
12,268,1.2823834419250488
12,269,1.2038257122039795
12,270,1.063656210899353
12,271,1.2957791090011597
12,272,1.2274744510650635
12,273,1.1238857507705688
12,274,1.0346122980117798
12,275,1.3826162815093994
12,276,1.1372623443603516
12,277,1.139186143875122
12,278,1.1320892572402954
12,279,1.260964274406433
12,280,1.3432443141937256
12,281,1.1581828594207764
12,282,1.055527925491333
12,283,1.0211329460144043
12,284,1.0854527950286865
12,285,1.1218929290771484
12,286,1.4409716129302979
12,287,1.1727821826934814
12,288,1.224396824836731
12,289,1.3278493881225586
12,290,1.1767385005950928
12,291,1.2544833421707153
12,292,1.109395980834961
12,293,1.3189400434494019
12,294,1.1692240238189697
12,295,1.3337986469268799
12,296,1.2818737030029297
12,297,1.4149072170257568
12,298,1.1410160064697266
12,299,1.2223005294799805
12,300,1.2268528938293457
12,301,1.29006028175354
12,302,1.0694185495376587
12,303,1.442010521888733
12,304,1.137052297592163
12,305,1.1368699073791504
12,306,1.0646417140960693
12,307,1.1789836883544922
12,308,1.212547779083252
12,309,1.249713659286499
12,310,1.1613211631774902
12,311,1.1582794189453125
12,312,1.1853275299072266
12,313,1.1931627988815308
12,314,1.0782268047332764
12,315,1.1478182077407837
12,316,1.1333069801330566
12,317,1.1169036626815796
12,318,1.1600371599197388
12,319,1.1962759494781494
12,320,1.1031156778335571
12,321,1.138808012008667
12,322,1.1536040306091309
12,323,1.2256271839141846
12,324,1.1083834171295166
12,325,1.067309856414795
12,326,1.307140588760376
12,327,1.2496070861816406
12,328,1.171547293663025
12,329,1.072279453277588
12,330,1.0472190380096436
12,331,1.1432664394378662
12,332,1.1799341440200806
12,333,1.3217593431472778
12,334,1.1448994874954224
12,335,1.184173583984375
12,336,1.2776896953582764
12,337,1.2054612636566162
12,338,1.150869607925415
12,339,1.0995051860809326
12,340,1.069704532623291
12,341,1.1152713298797607
12,342,1.3033018112182617
12,343,1.1903942823410034
12,344,1.2557451725006104
12,345,1.0878450870513916
12,346,1.0653488636016846
12,347,1.0662884712219238
12,348,1.1950902938842773
12,349,1.3530060052871704
12,350,1.1294699907302856
12,351,1.1322414875030518
12,352,1.2428154945373535
12,353,1.3934502601623535
12,354,1.1999433040618896
12,355,1.2148972749710083
12,356,1.1621853113174438
12,357,1.2046574354171753
12,358,1.1149828433990479
12,359,1.191943645477295
12,360,1.2009620666503906
12,361,1.1317338943481445
12,362,1.2723143100738525
12,363,1.0169742107391357
12,364,1.1879023313522339
12,365,1.3217964172363281
12,366,1.444601058959961
12,367,1.23846435546875
12,368,1.1131813526153564
12,369,1.1384778022766113
12,370,1.330018162727356
12,371,1.074148178100586
12,372,1.3789762258529663
12,373,1.223572015762329
12,374,1.253997802734375
12,375,1.3179795742034912
12,376,1.1556469202041626
12,377,1.167734146118164
12,378,1.089902639389038
12,379,1.2778398990631104
12,380,1.2692115306854248
12,381,1.3234813213348389
12,382,1.1816356182098389
12,383,1.2637232542037964
12,384,1.2926039695739746
12,385,1.2570778131484985
12,386,1.2719136476516724
12,387,1.0546870231628418
12,388,1.2636396884918213
12,389,1.2333166599273682
12,390,1.3432352542877197
12,391,1.1424328088760376
12,392,1.0910441875457764
12,393,1.0988702774047852
12,394,1.1483311653137207
12,395,1.434769630432129
12,396,1.4625656604766846
12,397,0.9464370012283325
12,398,1.1006250381469727
12,399,1.1016881465911865
12,400,1.1842763423919678
12,401,1.0885674953460693
12,402,1.2400020360946655
12,403,1.2526540756225586
12,404,1.2327990531921387
12,405,1.1280431747436523
12,406,1.1111137866973877
12,407,1.1549474000930786
12,408,1.4113743305206299
12,409,1.0619227886199951
12,410,1.1531018018722534
12,411,1.3217287063598633
12,412,1.0826945304870605
12,413,1.1772639751434326
12,414,1.2425647974014282
12,415,1.1848827600479126
12,416,1.2343952655792236
12,417,1.0754506587982178
12,418,1.225088119506836
12,419,1.1549296379089355
12,420,1.3882458209991455
12,421,1.123267412185669
12,422,1.273484706878662
12,423,1.2992889881134033
12,424,1.0970757007598877
12,425,1.0442678928375244
12,426,1.1726267337799072
12,427,1.319883108139038
12,428,1.2458477020263672
12,429,1.2545640468597412
12,430,1.2074906826019287
12,431,1.3567321300506592
12,432,1.1762937307357788
12,433,1.2043582201004028
12,434,1.26069974899292
12,435,1.3877737522125244
12,436,1.1177040338516235
12,437,1.148024320602417
12,438,1.1576346158981323
12,439,1.0542237758636475
12,440,1.1834287643432617
12,441,1.2479034662246704
12,442,1.0252723693847656
12,443,1.1214585304260254
12,444,1.1988639831542969
12,445,1.0605006217956543
12,446,1.0868241786956787
12,447,1.1666669845581055
12,448,1.4026168584823608
12,449,1.1065375804901123
12,450,1.3042352199554443
12,451,1.2225420475006104
12,452,1.2847883701324463
12,453,1.1194719076156616
12,454,1.0940488576889038
12,455,1.2200217247009277
12,456,1.1678571701049805
12,457,1.2151763439178467
12,458,1.0977146625518799
12,459,1.2785987854003906
12,460,1.2436422109603882
12,461,1.040781021118164
12,462,1.2117252349853516
12,463,1.1348997354507446
12,464,1.3247830867767334
12,465,1.0806277990341187
12,466,1.1698853969573975
12,467,1.2475337982177734
12,468,1.1708996295928955
12,469,1.2382373809814453
12,470,1.3954484462738037
12,471,1.1780731678009033
12,472,1.2497385740280151
12,473,1.3305282592773438
12,474,1.2416285276412964
12,475,1.2850651741027832
12,476,1.127787470817566
12,477,1.3219088315963745
12,478,1.1041195392608643
12,479,1.3330116271972656
12,480,1.328705906867981
12,481,1.0967788696289062
12,482,1.1135333776474
12,483,1.2469048500061035
12,484,1.0994024276733398
12,485,1.1907938718795776
12,486,1.3008302450180054
12,487,1.2486317157745361
12,488,1.093072533607483
12,489,1.266211986541748
12,490,1.150128960609436
12,491,1.255364179611206
12,492,1.240136981010437
12,493,1.2509757280349731
12,494,1.1605589389801025
12,495,1.0248368978500366
12,496,1.2353711128234863
12,497,1.1912305355072021
12,498,1.2974282503128052
13,0,1.2991583347320557
13,1,1.0564002990722656
13,2,1.0869126319885254
13,3,1.0890408754348755
13,4,1.088285207748413
13,5,1.3865303993225098
13,6,1.2017810344696045
13,7,1.3077212572097778
13,8,1.0862489938735962
13,9,1.2958731651306152
13,10,1.079030156135559
13,11,1.1840810775756836
13,12,1.1137789487838745
13,13,1.0537647008895874
13,14,1.1092009544372559
13,15,1.1166810989379883
13,16,1.2574985027313232
13,17,1.116342544555664
13,18,1.257324457168579
13,19,1.14254891872406
13,20,1.1108582019805908
13,21,1.3449437618255615
13,22,1.2726707458496094
13,23,1.167831540107727
13,24,1.0244308710098267
13,25,1.3590757846832275
13,26,1.1043622493743896
13,27,1.1618993282318115
13,28,1.1782712936401367
13,29,1.1992807388305664
13,30,1.127903938293457
13,31,1.111250638961792
13,32,1.3045867681503296
13,33,1.2269022464752197
13,34,1.090357780456543
13,35,1.0835648775100708
13,36,1.1380054950714111
13,37,1.004953145980835
13,38,1.236600637435913
13,39,1.1501599550247192
13,40,1.2283211946487427
13,41,1.0668689012527466
13,42,1.0915310382843018
13,43,1.1393691301345825
13,44,1.1482725143432617
13,45,1.1603115797042847
13,46,1.187840461730957
13,47,1.2084558010101318
13,48,1.2165383100509644
13,49,1.1184022426605225
13,50,1.0703176259994507
13,51,1.3498317003250122
13,52,1.157658576965332
13,53,1.1897766590118408
13,54,1.184887409210205
13,55,1.2616063356399536
13,56,1.2329506874084473
13,57,1.1521544456481934
13,58,1.173453688621521
13,59,1.2644246816635132
13,60,1.308295726776123
13,61,1.1258912086486816
13,62,1.327087163925171
13,63,1.3641750812530518
13,64,1.1950411796569824
13,65,1.207943081855774
13,66,1.1780651807785034
13,67,1.1356258392333984
13,68,1.1251704692840576
13,69,1.0429296493530273
13,70,1.156748652458191
13,71,1.2466325759887695
13,72,1.2699196338653564
13,73,1.3431272506713867
13,74,1.1237245798110962
13,75,1.266937494277954
13,76,1.1718512773513794
13,77,1.0197570323944092
13,78,1.5372148752212524
13,79,1.0955150127410889
13,80,1.2085977792739868
13,81,1.2666550874710083
13,82,1.147581934928894
13,83,1.1932059526443481
13,84,1.342850923538208
13,85,1.0814546346664429
13,86,1.1715857982635498
13,87,1.1832793951034546
13,88,1.4820576906204224
13,89,1.2579389810562134
13,90,1.1643688678741455
13,91,1.2402544021606445
13,92,1.1014931201934814
13,93,1.1729649305343628
13,94,1.215010166168213
13,95,1.196628212928772
13,96,1.0691378116607666
13,97,1.1568970680236816
13,98,1.0731110572814941
13,99,1.2510944604873657
13,100,1.2011646032333374
13,101,1.245874285697937
13,102,1.3780782222747803
13,103,1.2801073789596558
13,104,1.324020266532898
13,105,1.1228971481323242
13,106,1.1991268396377563
13,107,1.313011646270752
13,108,1.220371127128601
13,109,1.1795647144317627
13,110,1.1855324506759644
13,111,1.1347135305404663
13,112,1.2554808855056763
13,113,1.253473162651062
13,114,1.279425859451294
13,115,1.1047215461730957
13,116,1.2040327787399292
13,117,1.0859075784683228
13,118,1.1240851879119873
13,119,1.1968187093734741
13,120,1.3412812948226929
13,121,1.1670918464660645
13,122,1.1546545028686523
13,123,1.3871119022369385
13,124,1.307341456413269
13,125,1.0732386112213135
13,126,1.1921091079711914
13,127,1.1196308135986328
13,128,1.2291228771209717
13,129,1.188625693321228
13,130,1.4130256175994873
13,131,1.0705106258392334
13,132,1.2338932752609253
13,133,1.0624470710754395
13,134,1.1565849781036377
13,135,1.0018984079360962
13,136,1.0358771085739136
13,137,1.1882758140563965
13,138,1.3996204137802124
13,139,1.0428388118743896
13,140,1.0902917385101318
13,141,1.1919491291046143
13,142,1.1727339029312134
13,143,1.102962613105774
13,144,1.066383719444275
13,145,1.082237958908081
13,146,1.1728453636169434
13,147,1.317370891571045
13,148,1.056445837020874
13,149,1.0813225507736206
13,150,1.043700098991394
13,151,1.0362459421157837
13,152,1.044791579246521
13,153,1.1482747793197632
13,154,1.1030880212783813
13,155,1.168426513671875
13,156,1.1014705896377563
13,157,1.302142858505249
13,158,1.2281101942062378
13,159,1.263895869255066
13,160,1.0616310834884644
13,161,1.0924835205078125
13,162,1.2087013721466064
13,163,1.3427135944366455
13,164,1.211379885673523
13,165,1.2218217849731445
13,166,1.3271596431732178
13,167,1.1256136894226074
13,168,1.131073236465454
13,169,1.2207247018814087
13,170,1.3546311855316162
13,171,1.2724477052688599
13,172,1.2095451354980469
13,173,1.4540793895721436
13,174,1.0277776718139648
13,175,1.211940884590149
13,176,1.46897554397583
13,177,1.2273684740066528
13,178,1.2326064109802246
13,179,1.1782875061035156
13,180,1.1456193923950195
13,181,1.1563018560409546
13,182,1.3895891904830933
13,183,1.1659736633300781
13,184,1.22141432762146
13,185,1.1053271293640137
13,186,1.0802901983261108
13,187,1.0978797674179077
13,188,1.1575250625610352
13,189,1.09684419631958
13,190,1.1272270679473877
13,191,1.190205454826355
13,192,1.1446372270584106
13,193,1.0463348627090454
13,194,1.2163703441619873
13,195,1.099760890007019
13,196,1.2304892539978027
13,197,1.6477073431015015
13,198,1.127774953842163
13,199,1.3870021104812622
13,200,1.16172456741333
13,201,1.0415538549423218
13,202,1.223265290260315
13,203,1.1920251846313477
13,204,1.1684629917144775
13,205,1.4080168008804321
13,206,1.1342742443084717
13,207,1.1134545803070068
13,208,1.2188057899475098
13,209,1.4406800270080566
13,210,1.0656505823135376
13,211,1.1821485757827759
13,212,1.302474856376648
13,213,1.5775885581970215
13,214,1.1582096815109253
13,215,1.057129979133606
13,216,1.12702214717865
13,217,1.2021186351776123
13,218,1.27547287940979
13,219,1.271955966949463
13,220,1.1766178607940674
13,221,1.3006947040557861
13,222,1.2791990041732788
13,223,1.2760825157165527
13,224,1.2487516403198242
13,225,1.4080801010131836
13,226,1.1049998998641968
13,227,1.2371197938919067
13,228,1.0585992336273193
13,229,1.2093945741653442
13,230,1.0945675373077393
13,231,0.9826868176460266
13,232,0.9823276996612549
13,233,1.0811949968338013
13,234,1.144730806350708
13,235,1.0311002731323242
13,236,1.1247308254241943
13,237,1.2401679754257202
13,238,1.3003549575805664
13,239,1.5359781980514526
13,240,1.0691797733306885
13,241,1.221108078956604
13,242,1.104459524154663
13,243,1.0534833669662476
13,244,1.1907761096954346
13,245,1.1133631467819214
13,246,1.2778773307800293
13,247,1.1368705034255981
13,248,1.2067383527755737
13,249,1.2456849813461304
13,250,1.2872084379196167
13,251,1.134572148323059
13,252,1.122471809387207
13,253,1.1966921091079712
13,254,1.2477636337280273
13,255,1.1124649047851562
13,256,1.2218081951141357
13,257,1.0953165292739868
13,258,1.023403525352478
13,259,1.157888412475586
13,260,1.289254903793335
13,261,1.3048303127288818
13,262,1.2565628290176392
13,263,1.1243280172348022
13,264,1.118423342704773
13,265,1.2139406204223633
13,266,1.1923946142196655
13,267,1.2437753677368164
13,268,1.072710394859314
13,269,1.1396002769470215
13,270,1.932097315788269
13,271,1.2107455730438232
13,272,1.2307143211364746
13,273,1.136078953742981
13,274,1.1174614429473877
13,275,1.1501306295394897
13,276,1.1385140419006348
13,277,1.4564182758331299
13,278,1.192031979560852
13,279,1.3053797483444214
13,280,1.1950997114181519
13,281,1.1112803220748901
13,282,1.12412428855896
13,283,1.2548515796661377
13,284,1.1609647274017334
13,285,1.0670092105865479
13,286,1.1426494121551514
13,287,1.1035076379776
13,288,1.1936794519424438
13,289,1.1239745616912842
13,290,1.279896855354309
13,291,1.1978909969329834
13,292,1.3539047241210938
13,293,1.0970215797424316
13,294,1.045223593711853
13,295,1.1960985660552979
13,296,1.3704288005828857
13,297,1.1876295804977417
13,298,1.1162081956863403
13,299,1.233806848526001
13,300,1.1327998638153076
13,301,1.1629172563552856
13,302,1.1509560346603394
13,303,1.053647518157959
13,304,1.035597562789917
13,305,1.1109446287155151
13,306,1.2579718828201294
13,307,1.1811625957489014
13,308,1.1383051872253418
13,309,1.1228904724121094
13,310,1.1941348314285278
13,311,1.2008111476898193
13,312,1.1513550281524658
13,313,1.1489641666412354
13,314,1.0616506338119507
13,315,1.3038119077682495
13,316,1.1624823808670044
13,317,1.1214289665222168
13,318,1.1764695644378662
13,319,1.1421459913253784
13,320,1.177895188331604
13,321,1.2555248737335205
13,322,1.1713794469833374
13,323,1.1100207567214966
13,324,1.299617886543274
13,325,1.04881751537323
13,326,1.1174269914627075
13,327,1.164516806602478
13,328,1.248786211013794
13,329,1.0030944347381592
13,330,1.1397209167480469
13,331,1.1902413368225098
13,332,1.2019187211990356
13,333,1.2304279804229736
13,334,1.2572696208953857
13,335,1.2029751539230347
13,336,1.1440311670303345
13,337,1.0513731241226196
13,338,1.0700310468673706
13,339,1.1985516548156738
13,340,1.0881764888763428
13,341,1.2181538343429565
13,342,1.3213419914245605
13,343,1.0986406803131104
13,344,1.180187463760376
13,345,1.1148477792739868
13,346,1.2352020740509033
13,347,1.247234582901001
13,348,1.3035502433776855
13,349,1.2153401374816895
13,350,1.0533301830291748
13,351,1.1536744832992554
13,352,1.0963767766952515
13,353,1.253506064414978
13,354,1.1668344736099243
13,355,1.1925971508026123
13,356,1.3267322778701782
13,357,1.2386064529418945
13,358,1.4339749813079834
13,359,1.4980719089508057
13,360,1.1713740825653076
13,361,1.1185137033462524
13,362,1.1479729413986206
13,363,1.1902213096618652
13,364,1.3372385501861572
13,365,1.1395535469055176
13,366,1.2878801822662354
13,367,1.0583171844482422
13,368,1.1662628650665283
13,369,1.0952966213226318
13,370,1.172835111618042
13,371,1.154718041419983
13,372,1.3560938835144043
13,373,1.3401973247528076
13,374,1.0999820232391357
13,375,1.1053591966629028
13,376,1.1868895292282104
13,377,1.157020926475525
13,378,1.5632336139678955
13,379,1.0883946418762207
13,380,1.0607856512069702
13,381,1.1516004800796509
13,382,1.083235502243042
13,383,1.176090121269226
13,384,1.3203372955322266
13,385,1.2871116399765015
13,386,1.2014973163604736
13,387,1.0294609069824219
13,388,1.1915712356567383
13,389,1.2492730617523193
13,390,1.1124242544174194
13,391,1.1544348001480103
13,392,1.1371064186096191
13,393,1.0563380718231201
13,394,1.5464195013046265
13,395,1.1109898090362549
13,396,1.1802434921264648
13,397,1.3043144941329956
13,398,1.1633741855621338
13,399,1.1784380674362183
13,400,1.2599527835845947
13,401,1.0273146629333496
13,402,1.190299153327942
13,403,1.1562583446502686
13,404,1.1799774169921875
13,405,1.1579644680023193
13,406,1.0637471675872803
13,407,1.1274827718734741
13,408,1.3107126951217651
13,409,1.2661359310150146
13,410,1.1742053031921387
13,411,1.080087661743164
13,412,1.0855920314788818
13,413,1.1603718996047974
13,414,1.1859582662582397
13,415,1.031209945678711
13,416,1.1948587894439697
13,417,1.26276433467865
13,418,1.3646405935287476
13,419,1.2562793493270874
13,420,1.066371202468872
13,421,1.1745580434799194
13,422,1.231035828590393
13,423,1.2557425498962402
13,424,1.3312883377075195
13,425,1.0489178895950317
13,426,1.1727001667022705
13,427,1.0836615562438965
13,428,1.2352993488311768
13,429,1.2540724277496338
13,430,1.360346794128418
13,431,1.1309654712677002
13,432,1.3041870594024658
13,433,1.1264660358428955
13,434,1.200809121131897
13,435,1.1007978916168213
13,436,1.2935559749603271
13,437,1.3285927772521973
13,438,1.1437605619430542
13,439,1.1044659614562988
13,440,1.0573586225509644
13,441,1.1320078372955322
13,442,1.1919442415237427
13,443,1.367047905921936
13,444,1.0692821741104126
13,445,1.1636160612106323
13,446,1.2873826026916504
13,447,1.176109790802002
13,448,1.0445034503936768
13,449,1.2026231288909912
13,450,1.233298897743225
13,451,1.3201488256454468
13,452,1.0831753015518188
13,453,1.206840991973877
13,454,1.177080750465393
13,455,1.1671377420425415
13,456,1.2423102855682373
13,457,1.1391735076904297
13,458,1.0266308784484863
13,459,1.0937358140945435
13,460,1.2138690948486328
13,461,1.3486953973770142
13,462,1.1123805046081543
13,463,1.1440562009811401
13,464,1.1432604789733887
13,465,1.2934386730194092
13,466,1.1646339893341064
13,467,1.2330471277236938
13,468,1.3043521642684937
13,469,1.1997607946395874
13,470,1.1460864543914795
13,471,1.0157521963119507
13,472,1.2595454454421997
13,473,1.157199501991272
13,474,1.048140048980713
13,475,1.2764664888381958
13,476,1.1043490171432495
13,477,1.1866427659988403
13,478,1.35150146484375
13,479,1.3601670265197754
13,480,1.2062554359436035
13,481,1.1713731288909912
13,482,1.2930593490600586
13,483,1.1813359260559082
13,484,1.3016473054885864
13,485,1.1918601989746094
13,486,1.1904981136322021
13,487,1.170719861984253
13,488,1.220389485359192
13,489,1.3337136507034302
13,490,1.0922771692276
13,491,1.0646898746490479
13,492,1.1646697521209717
13,493,1.2046490907669067
13,494,1.1845003366470337
13,495,1.1688073873519897
13,496,1.1644574403762817
13,497,1.192762851715088
13,498,1.0994982719421387
14,0,1.0859861373901367
14,1,1.141245722770691
14,2,1.136596918106079
14,3,1.1443688869476318
14,4,1.202246069908142
14,5,1.233354926109314
14,6,1.2830116748809814
14,7,1.2498483657836914
14,8,1.0834360122680664
14,9,1.0667470693588257
14,10,1.0607391595840454
14,11,1.2409086227416992
14,12,1.3081002235412598
14,13,1.343512773513794
14,14,1.1446415185928345
14,15,1.1595008373260498
14,16,1.0623714923858643
14,17,1.1171042919158936
14,18,1.1787660121917725
14,19,1.1170214414596558
14,20,1.2185189723968506
14,21,1.3992364406585693
14,22,1.2245359420776367
14,23,1.1838703155517578
14,24,1.079343318939209
14,25,1.1710553169250488
14,26,1.1634398698806763
14,27,1.1027122735977173
14,28,1.150768518447876
14,29,1.097660779953003
14,30,1.07948899269104
14,31,1.1344139575958252
14,32,1.1693764925003052
14,33,1.3637168407440186
14,34,1.4208564758300781
14,35,1.05136239528656
14,36,1.1850051879882812
14,37,1.1138852834701538
14,38,1.3564579486846924
14,39,1.1631510257720947
14,40,1.2050716876983643
14,41,1.125709891319275
14,42,1.0534636974334717
14,43,1.210877776145935
14,44,1.29502534866333
14,45,1.14979887008667
14,46,1.264622688293457
14,47,1.181656837463379
14,48,1.6051723957061768
14,49,1.0102646350860596
14,50,1.158671498298645
14,51,1.086708903312683
14,52,1.159318447113037
14,53,1.0033137798309326
14,54,1.1215097904205322
14,55,1.2207980155944824
14,56,1.24648118019104
14,57,1.3620898723602295
14,58,1.2194682359695435
14,59,1.2316136360168457
14,60,1.221959114074707
14,61,0.9918335676193237
14,62,1.1790385246276855
14,63,1.2763447761535645
14,64,1.120707631111145
14,65,1.144691824913025
14,66,1.309161901473999
14,67,1.1542491912841797
14,68,1.3849291801452637
14,69,1.1144506931304932
14,70,1.1392292976379395
14,71,1.2022113800048828
14,72,1.1661195755004883
14,73,1.1460860967636108
14,74,1.2900264263153076
14,75,1.2152583599090576
14,76,1.0595808029174805
14,77,1.1732754707336426
14,78,1.0942035913467407
14,79,1.2528369426727295
14,80,1.0904287099838257
14,81,1.097506046295166
14,82,1.1052440404891968
14,83,1.0841693878173828
14,84,1.1075230836868286
14,85,1.1779582500457764
14,86,1.1675307750701904
14,87,1.2451077699661255
14,88,1.2304356098175049
14,89,1.1173762083053589
14,90,1.1471980810165405
14,91,1.2312577962875366
14,92,1.0899473428726196
14,93,1.189631462097168
14,94,1.0938007831573486
14,95,1.1542754173278809
14,96,1.20845365524292
14,97,1.0219651460647583
14,98,1.1135730743408203
14,99,1.1183456182479858
14,100,1.0458502769470215
14,101,1.3385781049728394
14,102,1.1380829811096191
14,103,1.3505334854125977
14,104,1.7625154256820679
14,105,1.0961462259292603
14,106,1.2295613288879395
14,107,1.2961503267288208
14,108,1.0776437520980835
14,109,1.2566425800323486
14,110,1.1688456535339355
14,111,1.1216535568237305
14,112,1.220695972442627
14,113,1.0593390464782715
14,114,1.1331850290298462
14,115,1.3475430011749268
14,116,1.243624210357666
14,117,1.1070295572280884
14,118,1.3427295684814453
14,119,1.0697137117385864
14,120,1.292862057685852
14,121,1.1917165517807007
14,122,1.079228401184082
14,123,1.4486584663391113
14,124,1.1458207368850708
14,125,1.0861480236053467
14,126,1.1856495141983032
14,127,1.091481328010559
14,128,1.2622368335723877
14,129,1.1753453016281128
14,130,1.1072194576263428
14,131,1.471067190170288
14,132,1.100510835647583
14,133,1.2596476078033447
14,134,1.4539923667907715
14,135,1.079738974571228
14,136,1.1161056756973267
14,137,1.3079509735107422
14,138,1.1984400749206543
14,139,1.1926236152648926
14,140,1.092240333557129
14,141,1.0849428176879883
14,142,1.1051692962646484
14,143,1.1395384073257446
14,144,1.1491808891296387
14,145,1.0521020889282227
14,146,1.1208356618881226
14,147,1.2869601249694824
14,148,1.1237086057662964
14,149,1.247805118560791
14,150,1.1553711891174316
14,151,1.2018787860870361
14,152,1.216882348060608
14,153,1.169719934463501
14,154,1.1704685688018799
14,155,0.9887568950653076
14,156,1.2211992740631104
14,157,1.300954818725586
14,158,1.1458349227905273
14,159,1.499036192893982
14,160,1.0318690538406372
14,161,1.316049337387085
14,162,1.1510876417160034
14,163,1.2321293354034424
14,164,1.2234413623809814
14,165,1.1523609161376953
14,166,1.22352933883667
14,167,1.190757393836975
14,168,1.1288588047027588
14,169,1.3049895763397217
14,170,1.1021347045898438
14,171,1.2085083723068237
14,172,1.131385326385498
14,173,1.2107375860214233
14,174,1.1502819061279297
14,175,1.2186065912246704
14,176,1.2013238668441772
14,177,1.2009022235870361
14,178,1.232377529144287
14,179,1.2144500017166138
14,180,1.2786674499511719
14,181,1.109296441078186
14,182,1.1575809717178345
14,183,1.2180335521697998
14,184,1.2074412107467651
14,185,1.1084057092666626
14,186,1.4247713088989258
14,187,1.1745673418045044
14,188,1.448704481124878
14,189,1.0832726955413818
14,190,1.1750437021255493
14,191,1.09040367603302
14,192,1.1838088035583496
14,193,1.1902425289154053
14,194,1.0911755561828613
14,195,1.1820716857910156
14,196,1.2467108964920044
14,197,1.139998197555542
14,198,1.0405069589614868
14,199,1.112191081047058
14,200,1.293436884880066
14,201,1.2728676795959473
14,202,1.2049399614334106
14,203,1.1466970443725586
14,204,1.1150884628295898
14,205,1.2085511684417725
14,206,1.1829876899719238
14,207,1.1479101181030273
14,208,1.0496482849121094
14,209,1.1087803840637207
14,210,1.1921613216400146
14,211,1.0501060485839844
14,212,1.2971147298812866
14,213,1.1461988687515259
14,214,1.050518274307251
14,215,1.5695233345031738
14,216,1.1947710514068604
14,217,0.9936690330505371
14,218,1.0688199996948242
14,219,1.0634095668792725
14,220,1.1305770874023438
14,221,1.1278913021087646
14,222,1.1781659126281738
14,223,1.2981888055801392
14,224,1.1929675340652466
14,225,1.0357074737548828
14,226,1.6107871532440186
14,227,1.0517653226852417
14,228,1.178199052810669
14,229,1.1733107566833496
14,230,1.3224503993988037
14,231,1.1068768501281738
14,232,1.2169016599655151
14,233,1.1245942115783691
14,234,1.1952944993972778
14,235,1.219805121421814
14,236,1.0631111860275269
14,237,1.0847398042678833
14,238,1.0012818574905396
14,239,1.028742790222168
14,240,1.1477092504501343
14,241,1.202653408050537
14,242,1.1633676290512085
14,243,1.2077893018722534
14,244,1.3061569929122925
14,245,1.1324886083602905
14,246,1.1204333305358887
14,247,1.2681398391723633
14,248,1.3108059167861938
14,249,1.1140244007110596
14,250,1.1374802589416504
14,251,1.116051435470581
14,252,1.1839507818222046
14,253,1.0187082290649414
14,254,1.2439260482788086
14,255,1.280970811843872
14,256,1.3217568397521973
14,257,1.1279656887054443
14,258,1.2664849758148193
14,259,1.3152954578399658
14,260,1.1715384721755981
14,261,1.1421829462051392
14,262,1.0270769596099854
14,263,1.0798094272613525
14,264,1.1634528636932373
14,265,1.1546028852462769
14,266,1.164391040802002
14,267,1.1485724449157715
14,268,1.1931571960449219
14,269,1.229377031326294
14,270,1.1948928833007812
14,271,1.405454397201538
14,272,1.2739887237548828
14,273,1.2049009799957275
14,274,1.1644459962844849
14,275,1.2552567720413208
14,276,1.227109670639038
14,277,1.0841832160949707
14,278,1.3978514671325684
14,279,1.2086057662963867
14,280,1.1634628772735596
14,281,1.1334730386734009
14,282,1.0663219690322876
14,283,1.2767809629440308
14,284,1.1743316650390625
14,285,1.2430119514465332
14,286,1.0926629304885864
14,287,1.3092671632766724
14,288,1.2139999866485596
14,289,1.1097556352615356
14,290,1.237188696861267
14,291,1.145613431930542
14,292,1.1845289468765259
14,293,1.266278862953186
14,294,1.2869017124176025
14,295,1.2100155353546143
14,296,1.2787623405456543
14,297,1.3487672805786133
14,298,1.0868067741394043
14,299,1.1709320545196533
14,300,1.435675859451294
14,301,1.1742517948150635
14,302,1.05046808719635
14,303,1.1917762756347656
14,304,1.2315537929534912
14,305,1.0849483013153076
14,306,1.0053695440292358
14,307,1.2000972032546997
14,308,1.119771957397461
14,309,1.1986809968948364
14,310,1.2671598196029663
14,311,1.189358115196228
14,312,1.156074047088623
14,313,1.024121880531311
14,314,1.2102704048156738
14,315,1.127018690109253
14,316,1.2614750862121582
14,317,1.1195218563079834
14,318,1.1963622570037842
14,319,1.1389501094818115
14,320,1.6718989610671997
14,321,1.1945163011550903
14,322,1.2903828620910645
14,323,1.229790449142456
14,324,1.1639333963394165
14,325,1.1607716083526611
14,326,1.1719056367874146
14,327,1.2808045148849487
14,328,1.2614868879318237
14,329,1.2689536809921265
14,330,1.1508715152740479
14,331,1.182476282119751
14,332,1.0488831996917725
14,333,1.1274398565292358
14,334,1.0670243501663208
14,335,1.0953372716903687
14,336,1.1621164083480835
14,337,1.1940319538116455
14,338,1.169524908065796
14,339,1.1171045303344727
14,340,1.4265224933624268
14,341,1.3922858238220215
14,342,1.198166012763977
14,343,1.2687937021255493
14,344,1.123793125152588
14,345,1.2441327571868896
14,346,1.2776881456375122
14,347,1.2632527351379395
14,348,1.0602651834487915
14,349,1.2456003427505493
14,350,1.1519982814788818
14,351,1.4374802112579346
14,352,1.0924240350723267
14,353,1.307966709136963
14,354,1.0883307456970215
14,355,1.0955698490142822
14,356,1.1621781587600708
14,357,1.2201521396636963
14,358,1.2258141040802002
14,359,1.3947806358337402
14,360,1.218286395072937
14,361,1.340627670288086
14,362,1.1263253688812256
14,363,1.0215224027633667
14,364,1.1789189577102661
14,365,1.1779212951660156
14,366,1.1798574924468994
14,367,1.0843416452407837
14,368,1.1503514051437378
14,369,1.0856744050979614
14,370,1.101755976676941
14,371,1.117307186126709
14,372,1.0701754093170166
14,373,1.0162999629974365
14,374,1.256338119506836
14,375,1.10969877243042
14,376,1.3373289108276367
14,377,1.183617115020752
14,378,1.1041030883789062
14,379,1.0900667905807495
14,380,1.2216684818267822
14,381,1.2328733205795288
14,382,1.0599689483642578
14,383,1.1890771389007568
14,384,1.381653070449829
14,385,1.3244402408599854
14,386,1.1307616233825684
14,387,1.2826751470565796
14,388,1.1300086975097656
14,389,1.2051329612731934
14,390,1.1641323566436768
14,391,1.2578983306884766
14,392,1.1770282983779907
14,393,1.1997261047363281
14,394,1.2419636249542236
14,395,1.2400498390197754
14,396,1.2053461074829102
14,397,1.1912460327148438
14,398,1.1431663036346436
14,399,1.071052074432373
14,400,1.2176294326782227
14,401,1.5199589729309082
14,402,1.26795494556427
14,403,1.1444698572158813
14,404,1.3249576091766357
14,405,1.27810800075531
14,406,1.1205240488052368
14,407,1.1524646282196045
14,408,1.2295715808868408
14,409,1.077775478363037
14,410,1.0957757234573364
14,411,1.216915488243103
14,412,1.3396689891815186
14,413,1.1850857734680176
14,414,1.16114342212677
14,415,1.1450748443603516
14,416,1.0928975343704224
14,417,1.164351224899292
14,418,1.2596650123596191
14,419,1.1240285634994507
14,420,1.1402047872543335
14,421,1.1984138488769531
14,422,1.1969656944274902
14,423,1.2418959140777588
14,424,1.138388991355896
14,425,1.0878357887268066
14,426,1.119197964668274
14,427,1.3333909511566162
14,428,1.0553276538848877
14,429,1.0480234622955322
14,430,1.1305651664733887
14,431,1.2912530899047852
14,432,1.212453842163086
14,433,1.1636325120925903
14,434,1.1713825464248657
14,435,1.074623703956604
14,436,1.396812915802002
14,437,1.1941463947296143
14,438,1.1705808639526367
14,439,1.1471184492111206
14,440,1.2693301439285278
14,441,1.1422061920166016
14,442,1.1213730573654175
14,443,1.1895546913146973
14,444,1.254911184310913
14,445,1.232903003692627
14,446,1.1950445175170898
14,447,1.2711604833602905
14,448,1.1592482328414917
14,449,1.0766229629516602
14,450,1.273723840713501
14,451,1.1727303266525269
14,452,1.2581169605255127
14,453,1.1371673345565796
14,454,1.2245559692382812
14,455,1.0969346761703491
14,456,1.1374367475509644
14,457,1.14249587059021
14,458,1.3028974533081055
14,459,1.2240328788757324
14,460,1.2735272645950317
14,461,1.0906676054000854
14,462,1.1556735038757324
14,463,1.0573633909225464
14,464,1.0643236637115479
14,465,1.2382733821868896
14,466,1.0966533422470093
14,467,1.1213817596435547
14,468,1.1313490867614746
14,469,1.0690661668777466
14,470,1.2290241718292236
14,471,0.9777839183807373
14,472,1.2403538227081299
14,473,1.137473702430725
14,474,1.0329217910766602
14,475,1.068656086921692
14,476,1.0992636680603027
14,477,1.2487967014312744
14,478,1.3093581199645996
14,479,1.221237063407898
14,480,1.2423535585403442
14,481,1.1152281761169434
14,482,1.0749266147613525
14,483,1.1230992078781128
14,484,1.0853575468063354
14,485,1.154231309890747
14,486,1.1684339046478271
14,487,1.1300534009933472
14,488,1.3229310512542725
14,489,1.4590452909469604
14,490,1.1006526947021484
14,491,1.136541485786438
14,492,1.1539628505706787
14,493,1.1008731126785278
14,494,1.2306275367736816
14,495,1.1128238439559937
14,496,1.0992802381515503
14,497,1.247793197631836
14,498,1.1528774499893188
15,0,1.194474458694458
15,1,1.200676441192627
15,2,1.1631174087524414
15,3,1.0658893585205078
15,4,1.1855344772338867
15,5,1.230584740638733
15,6,1.0727564096450806
15,7,1.2070889472961426
15,8,1.1128017902374268
15,9,1.2849531173706055
15,10,1.4592080116271973
15,11,1.1941871643066406
15,12,1.1543900966644287
15,13,1.17732834815979
15,14,1.1481984853744507
15,15,1.2641428709030151
15,16,1.1536258459091187
15,17,1.0651471614837646
15,18,1.1531362533569336
15,19,1.0948500633239746
15,20,1.1485095024108887
15,21,1.31984543800354
15,22,1.113919734954834
15,23,1.1293230056762695
15,24,1.021735668182373
15,25,1.0925321578979492
15,26,1.1764538288116455
15,27,1.1065521240234375
15,28,1.140777349472046
15,29,1.1539994478225708
15,30,1.1586352586746216
15,31,1.0537235736846924
15,32,1.0568984746932983
15,33,1.1500462293624878
15,34,1.1237105131149292
15,35,1.2119282484054565
15,36,1.1634371280670166
15,37,1.242241382598877
15,38,1.0850763320922852
15,39,1.1733561754226685
15,40,1.2633007764816284
15,41,1.1725027561187744
15,42,1.3227121829986572
15,43,1.1407439708709717
15,44,1.2515004873275757
15,45,1.067432165145874
15,46,1.0665419101715088
15,47,1.0592455863952637
15,48,1.1974738836288452
15,49,1.1885976791381836
15,50,1.1206516027450562
15,51,1.1571526527404785
15,52,1.1954782009124756
15,53,1.1502673625946045
15,54,1.1788374185562134
15,55,1.1259849071502686
15,56,1.0186973810195923
15,57,1.3360456228256226
15,58,1.175780177116394
15,59,1.2401409149169922
15,60,1.3352251052856445
15,61,1.0867974758148193
15,62,1.3487262725830078
15,63,1.173907995223999
15,64,1.222740650177002
15,65,1.0714325904846191
15,66,1.149977445602417
15,67,1.246049165725708
15,68,1.1275608539581299
15,69,1.2045546770095825
15,70,1.1028249263763428
15,71,1.1811847686767578
15,72,1.0946025848388672
15,73,1.0775272846221924
15,74,1.209046483039856
15,75,1.1043815612792969
15,76,1.1579532623291016
15,77,1.3479223251342773
15,78,1.3156828880310059
15,79,1.16801917552948
15,80,1.128820538520813
15,81,1.1263577938079834
15,82,1.1700832843780518
15,83,1.429434061050415
15,84,1.105323314666748
15,85,1.1930185556411743
15,86,1.154354214668274
15,87,1.199059247970581
15,88,1.315359354019165
15,89,1.1267290115356445
15,90,1.171277642250061
15,91,1.5488812923431396
15,92,1.6453830003738403
15,93,1.082822561264038
15,94,1.5748356580734253
15,95,1.2158242464065552
15,96,1.2783124446868896
15,97,1.1691001653671265
15,98,1.1901360750198364
15,99,1.206028699874878
15,100,1.0392212867736816
15,101,1.2244341373443604
15,102,1.283444881439209
15,103,1.33194899559021
15,104,1.2396435737609863
15,105,1.1582093238830566
15,106,1.055877447128296
15,107,1.2365089654922485
15,108,1.091645359992981
15,109,1.0358452796936035
15,110,1.2489447593688965
15,111,1.182424783706665
15,112,1.119102954864502
15,113,1.3390247821807861
15,114,1.321253776550293
15,115,1.1562684774398804
15,116,1.2689151763916016
15,117,1.2974865436553955
15,118,1.1424893140792847
15,119,1.3401389122009277
15,120,1.0544178485870361
15,121,1.1629936695098877
15,122,1.2929677963256836
15,123,1.2173303365707397
15,124,1.139763593673706
15,125,1.1573450565338135
15,126,1.2269567251205444
15,127,1.2048497200012207
15,128,1.060119390487671
15,129,1.2500483989715576
15,130,1.241506576538086
15,131,1.3070614337921143
15,132,1.1681859493255615
15,133,1.054933786392212
15,134,1.1795403957366943
15,135,1.264244556427002
15,136,1.1410350799560547
15,137,1.1385862827301025
15,138,1.1276241540908813
15,139,1.1032389402389526
15,140,1.0933542251586914
15,141,1.1886439323425293
15,142,1.3207364082336426
15,143,1.1335418224334717
15,144,1.0801326036453247
15,145,1.0775073766708374
15,146,1.1917428970336914
15,147,1.4381906986236572
15,148,1.1567398309707642
15,149,1.1971168518066406
15,150,1.1007821559906006
15,151,1.1489787101745605
15,152,1.3149763345718384
15,153,1.1038185358047485
15,154,1.0758410692214966
15,155,1.0809396505355835
15,156,1.1344163417816162
15,157,1.2664138078689575
15,158,1.1533793210983276
15,159,1.3421289920806885
15,160,1.1883976459503174
15,161,1.2872058153152466
15,162,1.0976113080978394
15,163,1.1136153936386108
15,164,1.1778098344802856
15,165,1.0949733257293701
15,166,1.2947990894317627
15,167,1.0040712356567383
15,168,1.2278093099594116
15,169,1.1294314861297607
15,170,1.12446928024292
15,171,1.1129603385925293
15,172,0.9540150165557861
15,173,1.3287290334701538
15,174,1.1338541507720947
15,175,1.1767953634262085
15,176,1.066975474357605
15,177,1.177178144454956
15,178,1.1761760711669922
15,179,1.342776894569397
15,180,1.1066970825195312
15,181,1.0662034749984741
15,182,1.2390038967132568
15,183,1.0934069156646729
15,184,1.2025851011276245
15,185,1.177179217338562
15,186,1.1019526720046997
15,187,1.0442602634429932
15,188,1.1015985012054443
15,189,1.0948309898376465
15,190,1.282045841217041
15,191,1.0763981342315674
15,192,1.4787137508392334
15,193,1.0451862812042236
15,194,1.0879089832305908
15,195,1.1414717435836792
15,196,1.0149224996566772
15,197,1.2525391578674316
15,198,1.331109642982483
15,199,1.0540016889572144
15,200,0.9911346435546875
15,201,1.0572052001953125
15,202,1.1687567234039307
15,203,1.3528776168823242
15,204,1.180185317993164
15,205,1.0644561052322388
15,206,1.1351555585861206
15,207,1.0955026149749756
15,208,1.064555287361145
15,209,1.0800981521606445
15,210,1.167903184890747
15,211,1.1866077184677124
15,212,1.0747690200805664
15,213,1.1811604499816895
15,214,1.166176199913025
15,215,1.0110678672790527
15,216,1.0960149765014648
15,217,1.0266903638839722
15,218,1.3848774433135986
15,219,1.2305142879486084
15,220,1.3663649559020996
15,221,1.3786616325378418
15,222,1.2451772689819336
15,223,1.2215605974197388
15,224,1.0773042440414429
15,225,1.2345725297927856
15,226,1.1548759937286377
15,227,1.0181055068969727
15,228,1.0781885385513306
15,229,1.1067363023757935
15,230,1.135024070739746
15,231,1.0003505945205688
15,232,1.1626555919647217
15,233,1.1733673810958862
15,234,1.1357135772705078
15,235,1.2378299236297607
15,236,1.2603237628936768
15,237,1.073378562927246
15,238,1.3249554634094238
15,239,1.0419288873672485
15,240,1.2587642669677734
15,241,1.144108772277832
15,242,1.156304121017456
15,243,1.02633798122406
15,244,1.0083297491073608
15,245,1.057112455368042
15,246,1.2162671089172363
15,247,1.1245144605636597
15,248,1.3712842464447021
15,249,1.2771213054656982
15,250,1.0931508541107178
15,251,1.1783502101898193
15,252,1.208357334136963
15,253,1.1593178510665894
15,254,1.1331743001937866
15,255,1.267684817314148
15,256,1.2063655853271484
15,257,1.2717396020889282
15,258,1.0087872743606567
15,259,1.10091233253479
15,260,1.2491602897644043
15,261,1.2450311183929443
15,262,1.104337215423584
15,263,1.2742302417755127
15,264,1.0910741090774536
15,265,1.1156392097473145
15,266,1.2811899185180664
15,267,1.2552258968353271
15,268,1.106703758239746
15,269,1.0523903369903564
15,270,1.2181555032730103
15,271,1.0628575086593628
15,272,1.1365997791290283
15,273,1.2076786756515503
15,274,1.0598562955856323
15,275,1.2664170265197754
15,276,1.1041173934936523
15,277,1.2457767724990845
15,278,1.1911506652832031
15,279,1.0270016193389893
15,280,1.1877737045288086
15,281,1.1864266395568848
15,282,1.0977544784545898
15,283,1.136074423789978
15,284,1.0883889198303223
15,285,1.1268558502197266
15,286,1.3448607921600342
15,287,1.2028002738952637
15,288,1.0094736814498901
15,289,1.1589899063110352
15,290,1.0423390865325928
15,291,1.3099453449249268
15,292,1.1616939306259155
15,293,1.1038306951522827
15,294,1.0718879699707031
15,295,1.0931861400604248
15,296,1.143372654914856
15,297,1.0928155183792114
15,298,1.015394926071167
15,299,0.9737579226493835
15,300,1.190072774887085
15,301,1.1308060884475708
15,302,1.1367734670639038
15,303,1.3182880878448486
15,304,1.062602162361145
15,305,1.1287446022033691
15,306,1.1647037267684937
15,307,1.1836357116699219
15,308,1.2696067094802856
15,309,1.234445333480835
15,310,1.1683423519134521
15,311,1.1877045631408691
15,312,1.16795015335083
15,313,1.1809685230255127
15,314,1.0309631824493408
15,315,1.2010399103164673
15,316,1.2412294149398804
15,317,1.2790842056274414
15,318,1.2492533922195435
15,319,1.045210599899292
15,320,1.0855724811553955
15,321,1.031253695487976
15,322,1.1520278453826904
15,323,1.356116533279419
15,324,1.2989223003387451
15,325,1.3361032009124756
15,326,1.203591227531433
15,327,1.2811951637268066
15,328,1.2664393186569214
15,329,1.306197166442871
15,330,1.3922784328460693
15,331,1.1444799900054932
15,332,1.2675750255584717
15,333,1.0845084190368652
15,334,1.1082894802093506
15,335,1.1305137872695923
15,336,1.2053661346435547
15,337,1.0910077095031738
15,338,1.1991832256317139
15,339,1.161603331565857
15,340,1.2321867942810059
15,341,1.233099341392517
15,342,1.1362143754959106
15,343,1.2953358888626099
15,344,1.190185308456421
15,345,1.048555612564087
15,346,1.1620056629180908
15,347,1.1943919658660889
15,348,1.060512661933899
15,349,1.268381118774414
15,350,1.106414556503296
15,351,1.1269643306732178
15,352,1.1656410694122314
15,353,1.1648002862930298
15,354,1.2325907945632935
15,355,1.2028964757919312
15,356,1.1759580373764038
15,357,1.0480175018310547
15,358,1.0745213031768799
15,359,1.303208827972412
15,360,1.0394189357757568
15,361,1.0512598752975464
15,362,1.1486128568649292
15,363,1.163204312324524
15,364,1.1383240222930908
15,365,1.269235610961914
15,366,1.2517309188842773
15,367,1.1833781003952026
15,368,1.0529804229736328
15,369,1.2415002584457397
15,370,1.0876318216323853
15,371,1.2950842380523682
15,372,1.162872314453125
15,373,1.1608847379684448
15,374,1.2449473142623901
15,375,1.4125535488128662
15,376,1.111680269241333
15,377,1.0733847618103027
15,378,0.9823935031890869
15,379,1.219765305519104
15,380,1.0587468147277832
15,381,1.0217833518981934
15,382,1.168293833732605
15,383,1.3657413721084595
15,384,1.1801680326461792
15,385,1.271238923072815
15,386,1.065743088722229
15,387,1.0467610359191895
15,388,1.1475317478179932
15,389,1.1618770360946655
15,390,1.141400694847107
15,391,1.2490640878677368
15,392,1.189759373664856
15,393,1.1316946744918823
15,394,1.1446911096572876
15,395,1.1777626276016235
15,396,1.0367751121520996
15,397,1.1367888450622559
15,398,1.2115929126739502
15,399,1.078505039215088
15,400,1.006960391998291
15,401,1.1714608669281006
15,402,1.2814899682998657
15,403,1.0854296684265137
15,404,1.0921062231063843
15,405,1.2561166286468506
15,406,1.1814053058624268
15,407,1.185181736946106
15,408,1.2945988178253174
15,409,1.1646987199783325
15,410,1.0329158306121826
15,411,1.0585803985595703
15,412,1.05719792842865
15,413,1.1188552379608154
15,414,1.186861515045166
15,415,1.133444905281067
15,416,1.126863956451416
15,417,1.108849048614502
15,418,1.3295196294784546
15,419,1.1974583864212036
15,420,1.1496148109436035
15,421,1.1698945760726929
15,422,1.130253791809082
15,423,1.0019657611846924
15,424,1.1501753330230713
15,425,1.223585605621338
15,426,1.084394931793213
15,427,1.2414076328277588
15,428,1.1618788242340088
15,429,1.1399593353271484
15,430,1.303817629814148
15,431,1.2091670036315918
15,432,1.0561810731887817
15,433,1.1512528657913208
15,434,1.2171562910079956
15,435,1.3168836832046509
15,436,1.1539767980575562
15,437,1.221850872039795
15,438,1.2112003564834595
15,439,1.1444951295852661
15,440,1.131321668624878
15,441,1.2133896350860596
15,442,1.1073634624481201
15,443,1.0865477323532104
15,444,1.2159395217895508
15,445,1.3355329036712646
15,446,1.3970770835876465
15,447,1.179389238357544
15,448,1.1125630140304565
15,449,1.0675740242004395
15,450,1.0648925304412842
15,451,1.1844440698623657
15,452,1.0844721794128418
15,453,1.1255292892456055
15,454,1.2649842500686646
15,455,1.1479994058609009
15,456,1.1101727485656738
15,457,1.2040718793869019
15,458,1.0905773639678955
15,459,1.087796688079834
15,460,1.1947067975997925
15,461,1.1934542655944824
15,462,1.3649966716766357
15,463,1.2864550352096558
15,464,1.191579818725586
15,465,1.0174726247787476
15,466,1.1444050073623657
15,467,1.2597100734710693
15,468,1.0738980770111084
15,469,1.2575746774673462
15,470,1.2212213277816772
15,471,0.9560436010360718
15,472,1.126710295677185
15,473,1.0731885433197021
15,474,1.2418999671936035
15,475,1.0535616874694824
15,476,1.269898533821106
15,477,1.117933750152588
15,478,1.2119708061218262
15,479,1.0452936887741089
15,480,1.2355337142944336
15,481,1.413358211517334
15,482,1.1271475553512573
15,483,1.1331894397735596
15,484,1.2759110927581787
15,485,1.1470863819122314
15,486,1.28220534324646
15,487,1.2728370428085327
15,488,1.1323312520980835
15,489,1.1427571773529053
15,490,1.0808334350585938
15,491,1.138749599456787
15,492,1.2466709613800049
15,493,1.1386624574661255
15,494,1.2079870700836182
15,495,1.0659898519515991
15,496,1.5269049406051636
15,497,1.0014759302139282
15,498,1.0468285083770752
16,0,1.1928887367248535
16,1,1.1065917015075684
16,2,1.1314314603805542
16,3,1.1603915691375732
16,4,1.2160505056381226
16,5,1.2362802028656006
16,6,1.1109609603881836
16,7,1.2342731952667236
16,8,1.1509431600570679
16,9,1.092788815498352
16,10,1.046061396598816
16,11,1.1281464099884033
16,12,1.2917299270629883
16,13,1.1936838626861572
16,14,1.0998811721801758
16,15,1.1744937896728516
16,16,1.1392902135849
16,17,1.361818790435791
16,18,1.1859759092330933
16,19,1.2350367307662964
16,20,1.0945353507995605
16,21,1.2575337886810303
16,22,1.0737546682357788
16,23,1.211533784866333
16,24,1.0237500667572021
16,25,1.0737988948822021
16,26,1.1801190376281738
16,27,1.1557575464248657
16,28,1.1142046451568604
16,29,1.2106043100357056
16,30,1.1594867706298828
16,31,1.0520731210708618
16,32,1.2139840126037598
16,33,1.1241111755371094
16,34,1.1320087909698486
16,35,1.1670353412628174
16,36,1.0972373485565186
16,37,1.1071743965148926
16,38,1.1093182563781738
16,39,1.1588780879974365
16,40,1.2134850025177002
16,41,1.202996850013733
16,42,1.1137678623199463
16,43,1.323886752128601
16,44,0.983508825302124
16,45,1.0968759059906006
16,46,1.0809158086776733
16,47,1.0679595470428467
16,48,1.2870979309082031
16,49,1.1709301471710205
16,50,1.0506126880645752
16,51,1.1664519309997559
16,52,0.997097909450531
16,53,1.1075644493103027
16,54,1.1129566431045532
16,55,1.1266677379608154
16,56,1.027078628540039
16,57,1.251773715019226
16,58,1.1793098449707031
16,59,1.2508811950683594
16,60,1.2113370895385742
16,61,1.2682796716690063
16,62,1.2971117496490479
16,63,1.2988693714141846
16,64,1.1537715196609497
16,65,1.1531111001968384
16,66,1.0649185180664062
16,67,1.2028987407684326
16,68,1.144114375114441
16,69,1.091623306274414
16,70,1.131126880645752
16,71,1.2282524108886719
16,72,1.1723030805587769
16,73,1.1123981475830078
16,74,1.2435438632965088
16,75,1.1669566631317139
16,76,1.251544713973999
16,77,1.2282644510269165
16,78,1.0527923107147217
16,79,1.052348017692566
16,80,1.19808030128479
16,81,1.1869306564331055
16,82,1.1114014387130737
16,83,1.266587495803833
16,84,1.1682748794555664
16,85,1.191123366355896
16,86,1.079092025756836
16,87,1.258000135421753
16,88,1.1714428663253784
16,89,1.1974124908447266
16,90,1.0651510953903198
16,91,1.04377019405365
16,92,1.3962860107421875
16,93,1.1127408742904663
16,94,0.993281364440918
16,95,1.00920832157135
16,96,1.1692577600479126
16,97,1.0640795230865479
16,98,1.2469894886016846
16,99,1.2934949398040771
16,100,1.2736802101135254
16,101,1.241768717765808
16,102,1.2594236135482788
16,103,1.0561860799789429
16,104,1.1961402893066406
16,105,1.1491998434066772
16,106,1.1680845022201538
16,107,1.1565377712249756
16,108,1.408791422843933
16,109,1.1434366703033447
16,110,1.3627536296844482
16,111,1.1935501098632812
16,112,1.1489030122756958
16,113,1.3232078552246094
16,114,1.126764178276062
16,115,1.149681568145752
16,116,1.193126916885376
16,117,1.0383628606796265
16,118,1.1405560970306396
16,119,1.1573652029037476
16,120,1.1960920095443726
16,121,1.1380667686462402
16,122,1.309983253479004
16,123,1.349595308303833
16,124,1.2819193601608276
16,125,0.9685941934585571
16,126,1.1109397411346436
16,127,1.3083462715148926
16,128,1.1605393886566162
16,129,1.1781944036483765
16,130,1.1806129217147827
16,131,1.1249985694885254
16,132,1.4130573272705078
16,133,1.136375069618225
16,134,1.1627490520477295
16,135,1.1001920700073242
16,136,1.119630217552185
16,137,1.1279323101043701
16,138,1.0600738525390625
16,139,0.9955668449401855
16,140,1.3918452262878418
16,141,1.2419278621673584
16,142,1.1895575523376465
16,143,1.1118358373641968
16,144,1.1562440395355225
16,145,1.0794157981872559
16,146,1.0686309337615967
16,147,1.062291145324707
16,148,1.2355217933654785
16,149,1.1309956312179565
16,150,1.2358129024505615
16,151,1.0430817604064941
16,152,1.0793137550354004
16,153,1.1816192865371704
16,154,1.1132197380065918
16,155,1.2019309997558594
16,156,1.094080924987793
16,157,1.2263751029968262
16,158,1.1953856945037842
16,159,1.1600494384765625
16,160,1.1966614723205566
16,161,1.1784178018569946
16,162,1.181700348854065
16,163,1.119413137435913
16,164,1.162611722946167
16,165,1.1791114807128906
16,166,1.195730447769165
16,167,1.4915902614593506
16,168,1.0847969055175781
16,169,1.107322096824646
16,170,1.1204488277435303
16,171,1.079865574836731
16,172,1.0520548820495605
16,173,1.3383915424346924
16,174,1.1348357200622559
16,175,1.057626485824585
16,176,1.0407042503356934
16,177,1.0583202838897705
16,178,1.4065285921096802
16,179,1.1615469455718994
16,180,1.6797423362731934
16,181,1.050774097442627
16,182,1.2687534093856812
16,183,1.024352788925171
16,184,1.115539789199829
16,185,1.154367446899414
16,186,1.2003860473632812
16,187,1.2930934429168701
16,188,1.0677191019058228
16,189,1.2436566352844238
16,190,1.1197561025619507
16,191,1.1507961750030518
16,192,1.214438557624817
16,193,1.1594436168670654
16,194,1.1460224390029907
16,195,1.196925401687622
16,196,1.1835626363754272
16,197,1.1005656719207764
16,198,1.123557448387146
16,199,1.1782317161560059
16,200,1.2479103803634644
16,201,1.1193838119506836
16,202,1.220787763595581
16,203,1.1099884510040283
16,204,1.189259648323059
16,205,1.2420403957366943
16,206,1.2830018997192383
16,207,1.1975845098495483
16,208,1.1904327869415283
16,209,1.1607074737548828
16,210,1.2528753280639648
16,211,1.1311099529266357
16,212,1.0923798084259033
16,213,1.1171250343322754
16,214,1.0684099197387695
16,215,1.20771324634552
16,216,1.1655375957489014
16,217,1.061605453491211
16,218,1.441964864730835
16,219,1.1529433727264404
16,220,1.133829116821289
16,221,1.262916922569275
16,222,1.0825164318084717
16,223,1.181849479675293
16,224,1.271484136581421
16,225,1.1845438480377197
16,226,1.0972716808319092
16,227,1.0770556926727295
16,228,1.1456537246704102
16,229,1.131362795829773
16,230,1.2584236860275269
16,231,1.0508439540863037
16,232,1.0641742944717407
16,233,1.221922516822815
16,234,1.1075823307037354
16,235,1.1603411436080933
16,236,1.0935314893722534
16,237,1.2505977153778076
16,238,1.2533230781555176
16,239,1.1566482782363892
16,240,1.1393945217132568
16,241,1.1998085975646973
16,242,1.1603333950042725
16,243,1.18901526927948
16,244,1.0680135488510132
16,245,1.2636758089065552
16,246,1.251538634300232
16,247,1.0282546281814575
16,248,1.0904706716537476
16,249,1.13844895362854
16,250,1.1380183696746826
16,251,1.1754039525985718
16,252,1.3077926635742188
16,253,1.2056007385253906
16,254,1.2234638929367065
16,255,1.1013052463531494
16,256,1.2273547649383545
16,257,1.0809366703033447
16,258,1.2118042707443237
16,259,1.213904619216919
16,260,1.1534404754638672
16,261,1.2722127437591553
16,262,1.3740577697753906
16,263,1.1908315420150757
16,264,1.1594133377075195
16,265,1.1029372215270996
16,266,1.0887891054153442
16,267,1.1761672496795654
16,268,1.093287467956543
16,269,1.099971890449524
16,270,1.0834877490997314
16,271,1.1919760704040527
16,272,1.1882290840148926
16,273,1.2162322998046875
16,274,1.1750248670578003
16,275,1.2758699655532837
16,276,1.192237138748169
16,277,1.0721285343170166
16,278,1.252971887588501
16,279,1.0722583532333374
16,280,1.0570685863494873
16,281,1.4190831184387207
16,282,1.2826077938079834
16,283,1.0736216306686401
16,284,1.1038358211517334
16,285,1.0635350942611694
16,286,1.0640738010406494
16,287,1.1258418560028076
16,288,1.3573318719863892
16,289,1.1798272132873535
16,290,1.0901890993118286
16,291,1.252362847328186
16,292,1.3044739961624146
16,293,1.1233339309692383
16,294,1.1315679550170898
16,295,1.1464617252349854
16,296,1.0397694110870361
16,297,1.1338759660720825
16,298,1.285778522491455
16,299,1.0756967067718506
16,300,1.2471672296524048
16,301,1.1272919178009033
16,302,1.0096620321273804
16,303,1.1546001434326172
16,304,1.1538197994232178
16,305,1.2688870429992676
16,306,1.2084119319915771
16,307,1.0804437398910522
16,308,1.2211790084838867
16,309,1.0291409492492676
16,310,1.052270531654358
16,311,1.234134316444397
16,312,1.1471011638641357
16,313,1.134544849395752
16,314,1.0567491054534912
16,315,1.2061437368392944
16,316,1.3540513515472412
16,317,1.1178662776947021
16,318,1.137722373008728
16,319,1.149730920791626
16,320,1.286657691001892
16,321,1.1524637937545776
16,322,1.184931755065918
16,323,1.1217633485794067
16,324,1.047219157218933
16,325,1.1773502826690674
16,326,1.3048309087753296
16,327,1.215491533279419
16,328,1.208528757095337
16,329,1.155198574066162
16,330,1.1951884031295776
16,331,1.185058355331421
16,332,1.156301498413086
16,333,1.0733723640441895
16,334,1.3581902980804443
16,335,1.2090816497802734
16,336,1.1106410026550293
16,337,1.192992091178894
16,338,1.1838048696517944
16,339,1.2650758028030396
16,340,1.0821623802185059
16,341,0.9999260902404785
16,342,1.2740446329116821
16,343,1.2158448696136475
16,344,1.2086893320083618
16,345,1.1436735391616821
16,346,1.2037348747253418
16,347,1.0365924835205078
16,348,1.3112306594848633
16,349,1.258440613746643
16,350,1.3089427947998047
16,351,1.0836334228515625
16,352,1.199916124343872
16,353,1.25552237033844
16,354,1.1435015201568604
16,355,1.166540503501892
16,356,1.118248701095581
16,357,1.1180176734924316
16,358,1.180702567100525
16,359,1.3017789125442505
16,360,1.1091299057006836
16,361,1.3183777332305908
16,362,1.110290288925171
16,363,1.252841830253601
16,364,1.1526758670806885
16,365,1.1898229122161865
16,366,1.1831401586532593
16,367,1.307054877281189
16,368,1.2146344184875488
16,369,1.1975871324539185
16,370,1.1363760232925415
16,371,1.3936933279037476
16,372,1.0591464042663574
16,373,1.2038756608963013
16,374,1.1048728227615356
16,375,1.3554909229278564
16,376,1.2487215995788574
16,377,1.0552380084991455
16,378,1.1988472938537598
16,379,1.101254940032959
16,380,1.131972074508667
16,381,1.0622059106826782
16,382,1.0938236713409424
16,383,1.3188283443450928
16,384,1.0456974506378174
16,385,1.1463651657104492
16,386,1.202158808708191
16,387,1.1961162090301514
16,388,1.0864183902740479
16,389,1.1491100788116455
16,390,1.1557080745697021
16,391,1.2825093269348145
16,392,1.1549699306488037
16,393,1.0414892435073853
16,394,1.0709822177886963
16,395,1.2239196300506592
16,396,1.1941444873809814
16,397,1.0784248113632202
16,398,1.1698386669158936
16,399,1.12242591381073
16,400,1.1348395347595215
16,401,1.055405855178833
16,402,1.0696872472763062
16,403,1.0765299797058105
16,404,1.0882196426391602
16,405,1.1658819913864136
16,406,1.1995075941085815
16,407,1.1165106296539307
16,408,1.3027571439743042
16,409,1.0425218343734741
16,410,1.3369739055633545
16,411,1.1328290700912476
16,412,1.0988261699676514
16,413,1.2488631010055542
16,414,1.0845259428024292
16,415,1.156915307044983
16,416,1.0646663904190063
16,417,1.348628044128418
16,418,1.0594509840011597
16,419,1.1601719856262207
16,420,1.4440031051635742
16,421,1.1243884563446045
16,422,1.2705434560775757
16,423,1.145345687866211
16,424,1.3190163373947144
16,425,1.2794547080993652
16,426,1.100467562675476
16,427,1.347982406616211
16,428,1.0525469779968262
16,429,1.1515544652938843
16,430,1.0413703918457031
16,431,1.1545921564102173
16,432,1.2363295555114746
16,433,1.024728775024414
16,434,1.1583563089370728
16,435,1.1242672204971313
16,436,1.2644317150115967
16,437,1.0909414291381836
16,438,1.2039612531661987
16,439,1.4228179454803467
16,440,1.2483911514282227
16,441,1.1290202140808105
16,442,1.286668062210083
16,443,1.0461252927780151
16,444,1.2193524837493896
16,445,1.1518445014953613
16,446,1.2090851068496704
16,447,1.263933777809143
16,448,1.1986544132232666
16,449,1.192033290863037
16,450,1.2295619249343872
16,451,1.2056944370269775
16,452,1.2610249519348145
16,453,1.1819044351577759
16,454,1.2125133275985718
16,455,1.087469220161438
16,456,1.2607979774475098
16,457,1.2721574306488037
16,458,1.149174451828003
16,459,1.0709795951843262
16,460,1.0792967081069946
16,461,1.0533820390701294
16,462,1.043838381767273
16,463,1.1599379777908325
16,464,1.0501585006713867
16,465,1.0946418046951294
16,466,1.2873071432113647
16,467,1.1131153106689453
16,468,1.307049036026001
16,469,1.086937427520752
16,470,1.3170487880706787
16,471,1.4628491401672363
16,472,1.1279728412628174
16,473,1.0836659669876099
16,474,1.3671600818634033
16,475,1.197090744972229
16,476,1.2025041580200195
16,477,1.0987656116485596
16,478,1.1244146823883057
16,479,1.1117385625839233
16,480,1.4207319021224976
16,481,1.126280426979065
16,482,1.127974033355713
16,483,0.9971728324890137
16,484,1.077203392982483
16,485,1.1957464218139648
16,486,1.2366853952407837
16,487,1.1615126132965088
16,488,1.3234128952026367
16,489,1.133999228477478
16,490,1.0761163234710693
16,491,1.3165326118469238
16,492,1.3007298707962036
16,493,1.1294758319854736
16,494,1.1723788976669312
16,495,1.0800844430923462
16,496,1.235294222831726
16,497,1.2383803129196167
16,498,1.4884843826293945
17,0,1.1843048334121704
17,1,1.0448251962661743
17,2,1.1780345439910889
17,3,1.200465202331543
17,4,1.10936439037323
17,5,1.1703181266784668
17,6,1.507450819015503
17,7,1.047512173652649
17,8,1.1340820789337158
17,9,1.1710596084594727
17,10,1.1908055543899536
17,11,1.1722943782806396
17,12,1.2025425434112549
17,13,1.1821589469909668
17,14,1.2501544952392578
17,15,1.0486741065979004
17,16,1.135369062423706
17,17,1.1328742504119873
17,18,1.18168044090271
17,19,1.0634522438049316
17,20,1.2632317543029785
17,21,1.2321826219558716
17,22,1.1818277835845947
17,23,1.1466126441955566
17,24,1.0063624382019043
17,25,1.1506940126419067
17,26,1.1463875770568848
17,27,1.1111103296279907
17,28,1.1940642595291138
17,29,1.2808911800384521
17,30,1.0599696636199951
17,31,1.0469317436218262
17,32,1.171939730644226
17,33,1.2521495819091797
17,34,0.9852361679077148
17,35,1.2720979452133179
17,36,1.131511926651001
17,37,1.0012681484222412
17,38,1.0925660133361816
17,39,1.1233530044555664
17,40,1.3990339040756226
17,41,1.0989784002304077
17,42,1.1717716455459595
17,43,1.0842889547348022
17,44,0.9923170804977417
17,45,1.2258933782577515
17,46,1.0938053131103516
17,47,1.2700059413909912
17,48,1.1049001216888428
17,49,1.367173194885254
17,50,1.2871347665786743
17,51,1.027113437652588
17,52,1.1010076999664307
17,53,1.0381702184677124
17,54,1.1070225238800049
17,55,1.181326985359192
17,56,1.150974154472351
17,57,1.1630247831344604
17,58,1.2027714252471924
17,59,1.1659198999404907
17,60,1.2409594058990479
17,61,1.068239688873291
17,62,1.1434582471847534
17,63,1.2430408000946045
17,64,1.0168555974960327
17,65,1.315359115600586
17,66,1.120720386505127
17,67,1.0419633388519287
17,68,1.013775110244751
17,69,1.310608148574829
17,70,1.1386710405349731
17,71,1.0407166481018066
17,72,1.1353839635849
17,73,1.156265377998352
17,74,1.2531602382659912
17,75,1.088126301765442
17,76,1.1976937055587769
17,77,1.1381492614746094
17,78,1.2642617225646973
17,79,1.0581285953521729
17,80,1.0993963479995728
17,81,1.1026560068130493
17,82,1.1944458484649658
17,83,1.1397061347961426
17,84,1.1852223873138428
17,85,1.2018351554870605
17,86,1.0758219957351685
17,87,1.1318670511245728
17,88,1.0618098974227905
17,89,1.0210360288619995
17,90,1.1524972915649414
17,91,1.1015886068344116
17,92,1.3805025815963745
17,93,1.283151626586914
17,94,1.0842924118041992
17,95,1.1344263553619385
17,96,1.2472577095031738
17,97,1.1048816442489624
17,98,1.106774926185608
17,99,1.1586045026779175
17,100,1.2486262321472168
17,101,1.1140694618225098
17,102,1.1501176357269287
17,103,1.0993504524230957
17,104,1.1893374919891357
17,105,1.104074478149414
17,106,1.09511399269104
17,107,1.2323672771453857
17,108,1.1573972702026367
17,109,1.0934312343597412
17,110,1.1064858436584473
17,111,1.0723497867584229
17,112,1.0489208698272705
17,113,1.1990560293197632
17,114,1.099459171295166
17,115,1.1748417615890503
17,116,1.1205923557281494
17,117,1.177440881729126
17,118,1.1063027381896973
17,119,1.1400947570800781
17,120,1.1931456327438354
17,121,1.1686527729034424
17,122,1.1553359031677246
17,123,1.0969810485839844
17,124,1.1631617546081543
17,125,1.32490873336792
17,126,1.2416459321975708
17,127,1.097596526145935
17,128,1.2008329629898071
17,129,1.1104443073272705
17,130,1.123213529586792
17,131,1.228249192237854
17,132,1.161393642425537
17,133,1.100023865699768
17,134,1.1542983055114746
17,135,1.1003042459487915
17,136,1.177436351776123
17,137,1.0309312343597412
17,138,1.1426036357879639
17,139,1.2254889011383057
17,140,1.1941661834716797
17,141,1.1249754428863525
17,142,1.0955487489700317
17,143,1.2588154077529907
17,144,1.3697619438171387
17,145,1.1466583013534546
17,146,1.061055302619934
17,147,1.1954437494277954
17,148,1.2073404788970947
17,149,1.1343951225280762
17,150,1.1247416734695435
17,151,1.1905906200408936
17,152,1.0333991050720215
17,153,1.2188942432403564
17,154,1.1310617923736572
17,155,1.3244009017944336
17,156,1.1172407865524292
17,157,1.1265149116516113
17,158,1.103745698928833
17,159,1.3497793674468994
17,160,1.0909746885299683
17,161,1.6820523738861084
17,162,1.0384808778762817
17,163,1.0871450901031494
17,164,1.2186179161071777
17,165,1.0593476295471191
17,166,1.0777376890182495
17,167,1.1953949928283691
17,168,1.106542706489563
17,169,1.1767566204071045
17,170,1.171000599861145
17,171,1.1269582509994507
17,172,1.3101552724838257
17,173,1.0259546041488647
17,174,1.1783392429351807
17,175,1.2005287408828735
17,176,0.9562094807624817
17,177,0.9768760800361633
17,178,1.1914286613464355
17,179,1.1079621315002441
17,180,1.1725451946258545
17,181,1.1294704675674438
17,182,1.0763787031173706
17,183,1.4332020282745361
17,184,1.1970195770263672
17,185,0.9956607818603516
17,186,1.114038109779358
17,187,1.138047456741333
17,188,1.0365726947784424
17,189,1.047579288482666
17,190,1.047381043434143
17,191,1.059250831604004
17,192,1.1684490442276
17,193,1.131273865699768
17,194,1.3579702377319336
17,195,1.2562808990478516
17,196,1.0089735984802246
17,197,1.2114245891571045
17,198,1.085598349571228
17,199,1.1761329174041748
17,200,1.3683116436004639
17,201,1.2292221784591675
17,202,1.1039156913757324
17,203,1.265537142753601
17,204,1.038887619972229
17,205,1.1388678550720215
17,206,1.0601317882537842
17,207,1.3469352722167969
17,208,1.2006357908248901
17,209,1.2577791213989258
17,210,1.3184492588043213
17,211,1.1451261043548584
17,212,1.188814640045166
17,213,0.9800662994384766
17,214,1.0729135274887085
17,215,1.0509998798370361
17,216,1.2125589847564697
17,217,1.2257877588272095
17,218,1.1495826244354248
17,219,1.2370023727416992
17,220,1.3268258571624756
17,221,1.1887245178222656
17,222,1.1220186948776245
17,223,1.1018593311309814
17,224,1.1886171102523804
17,225,1.0380070209503174
17,226,1.0988861322402954
17,227,1.2102773189544678
17,228,0.9917980432510376
17,229,0.9661034345626831
17,230,1.1269108057022095
17,231,1.3093135356903076
17,232,1.2643119096755981
17,233,1.2368401288986206
17,234,1.254947543144226
17,235,1.1605627536773682
17,236,1.2390660047531128
17,237,1.1266330480575562
17,238,1.3521416187286377
17,239,1.1386702060699463
17,240,1.0709352493286133
17,241,1.5228493213653564
17,242,0.9852507710456848
17,243,1.3281896114349365
17,244,1.0329151153564453
17,245,1.35693359375
17,246,1.0105489492416382
17,247,1.0282361507415771
17,248,1.1243720054626465
17,249,1.1995136737823486
17,250,1.0399538278579712
17,251,1.0955983400344849
17,252,1.191385269165039
17,253,1.19142746925354
17,254,1.1844691038131714
17,255,1.146296501159668
17,256,1.0232008695602417
17,257,1.0793874263763428
17,258,1.18821382522583
17,259,1.2071647644042969
17,260,1.136028528213501
17,261,1.3223373889923096
17,262,1.0462337732315063
17,263,1.2722129821777344
17,264,1.2596899271011353
17,265,1.1814743280410767
17,266,1.0772939920425415
17,267,1.1232672929763794
17,268,1.0784555673599243
17,269,1.0007075071334839
17,270,1.5956792831420898
17,271,1.2013523578643799
17,272,1.0969618558883667
17,273,1.2140048742294312
17,274,1.471738576889038
17,275,1.0448830127716064
17,276,1.2826670408248901
17,277,1.368586540222168
17,278,1.1011426448822021
17,279,1.0914489030838013
17,280,1.1141526699066162
17,281,1.1226694583892822
17,282,1.1563690900802612
17,283,1.2039943933486938
17,284,1.2942240238189697
17,285,1.0888702869415283
17,286,1.1932406425476074
17,287,1.2805585861206055
17,288,1.0121439695358276
17,289,1.0691354274749756
17,290,1.197504997253418
17,291,1.0710073709487915
17,292,1.147995114326477
17,293,1.116411566734314
17,294,1.1560606956481934
17,295,1.1129868030548096
17,296,1.1387678384780884
17,297,1.257817029953003
17,298,1.1960785388946533
17,299,1.1885493993759155
17,300,1.145780086517334
17,301,1.1345999240875244
17,302,1.1294890642166138
17,303,1.1581586599349976
17,304,1.1348421573638916
17,305,1.252909541130066
17,306,1.4907777309417725
17,307,1.0844922065734863
17,308,1.1416776180267334
17,309,1.1168688535690308
17,310,1.2189925909042358
17,311,1.2694319486618042
17,312,1.2065860033035278
17,313,1.1660308837890625
17,314,1.2311556339263916
17,315,1.1410531997680664
17,316,1.11398446559906
17,317,1.0980985164642334
17,318,1.1409640312194824
17,319,0.95237135887146
17,320,1.21152663230896
17,321,1.2058515548706055
17,322,1.0415990352630615
17,323,1.2298208475112915
17,324,1.2956476211547852
17,325,1.1672585010528564
17,326,1.2010945081710815
17,327,1.2423036098480225
17,328,1.1183955669403076
17,329,1.028899073600769
17,330,1.1310957670211792
17,331,1.246470332145691
17,332,1.1330316066741943
17,333,1.1281492710113525
17,334,1.170016884803772
17,335,1.1069971323013306
17,336,1.1074422597885132
17,337,1.1630356311798096
17,338,1.1359225511550903
17,339,1.3330965042114258
17,340,1.1118035316467285
17,341,1.0767418146133423
17,342,1.1625864505767822
17,343,1.082510232925415
17,344,1.1966274976730347
17,345,1.0581941604614258
17,346,1.1952438354492188
17,347,1.2275505065917969
17,348,1.3061330318450928
17,349,1.265931487083435
17,350,1.1683175563812256
17,351,1.1110069751739502
17,352,1.0934892892837524
17,353,1.0382455587387085
17,354,1.1820248365402222
17,355,1.3049087524414062
17,356,1.0720561742782593
17,357,1.0931565761566162
17,358,1.062982201576233
17,359,1.0758137702941895
17,360,1.106346607208252
17,361,1.0985244512557983
17,362,1.1689268350601196
17,363,1.193953037261963
17,364,1.0885114669799805
17,365,1.2013084888458252
17,366,1.2497754096984863
17,367,1.1833701133728027
17,368,1.1495990753173828
17,369,1.109493613243103
17,370,1.2335129976272583
17,371,1.1971182823181152
17,372,1.1640639305114746
17,373,1.1719166040420532
17,374,1.0646015405654907
17,375,1.1258429288864136
17,376,1.6983764171600342
17,377,1.2287156581878662
17,378,1.1133253574371338
17,379,0.9797340631484985
17,380,1.129310131072998
17,381,1.1548116207122803
17,382,1.1448248624801636
17,383,1.21348237991333
17,384,1.1921436786651611
17,385,1.2485554218292236
17,386,1.0581169128417969
17,387,1.2024667263031006
17,388,1.2283953428268433
17,389,1.0345923900604248
17,390,1.3105692863464355
17,391,1.1874653100967407
17,392,1.124862790107727
17,393,1.1846593618392944
17,394,1.1614435911178589
17,395,1.1200164556503296
17,396,1.2294785976409912
17,397,1.087256669998169
17,398,1.149601697921753
17,399,1.4111367464065552
17,400,1.0987434387207031
17,401,1.055161476135254
17,402,1.1150269508361816
17,403,1.0984876155853271
17,404,1.0776411294937134
17,405,1.2166496515274048
17,406,1.1709105968475342
17,407,1.0742613077163696
17,408,1.069852590560913
17,409,1.2329201698303223
17,410,1.2377504110336304
17,411,1.14641273021698
17,412,1.192184329032898
17,413,1.2300257682800293
17,414,1.0893163681030273
17,415,1.1240533590316772
17,416,1.1365877389907837
17,417,1.1101808547973633
17,418,1.2603535652160645
17,419,1.12631094455719
17,420,1.2444270849227905
17,421,1.090757131576538
17,422,1.2199997901916504
17,423,1.2082387208938599
17,424,1.1325562000274658
17,425,1.0919078588485718
17,426,1.2553720474243164
17,427,1.1804804801940918
17,428,1.1316509246826172
17,429,1.1222890615463257
17,430,1.102582335472107
17,431,1.125083327293396
17,432,1.0517584085464478
17,433,1.1635044813156128
17,434,1.2293263673782349
17,435,1.1768088340759277
17,436,1.1466739177703857
17,437,0.955974280834198
17,438,1.198746681213379
17,439,1.0492771863937378
17,440,0.9807630777359009
17,441,1.208482027053833
17,442,1.3051421642303467
17,443,1.2628505229949951
17,444,1.4269192218780518
17,445,1.8961734771728516
17,446,1.0694122314453125
17,447,1.25017511844635
17,448,1.2309012413024902
17,449,1.1055302619934082
17,450,1.2997424602508545
17,451,1.213133454322815
17,452,1.0577359199523926
17,453,1.1102864742279053
17,454,1.161117672920227
17,455,1.3107593059539795
17,456,1.147304892539978
17,457,1.0723304748535156
17,458,1.166022777557373
17,459,1.3052457571029663
17,460,1.2062692642211914
17,461,1.1389187574386597
17,462,1.1024165153503418
17,463,1.2512894868850708
17,464,1.2159292697906494
17,465,1.1013572216033936
17,466,1.04066002368927
17,467,1.3265047073364258
17,468,1.1123614311218262
17,469,1.147352695465088
17,470,1.096491813659668
17,471,1.0790079832077026
17,472,1.2990740537643433
17,473,1.1120011806488037
17,474,1.2820196151733398
17,475,1.2297544479370117
17,476,1.204797387123108
17,477,1.2642722129821777
17,478,1.0663950443267822
17,479,1.1725976467132568
17,480,1.112735390663147
17,481,1.2156175374984741
17,482,1.2448725700378418
17,483,1.1901376247406006
17,484,0.9954912662506104
17,485,1.1439712047576904
17,486,1.1483044624328613
17,487,1.5488451719284058
17,488,1.050541639328003
17,489,1.184320092201233
17,490,1.2536370754241943
17,491,1.1636669635772705
17,492,1.075286865234375
17,493,1.0960214138031006
17,494,1.161136507987976
17,495,1.3891576528549194
17,496,1.2718347311019897
17,497,1.155354619026184
17,498,1.321000337600708
18,0,1.0839576721191406
18,1,1.311349868774414
18,2,1.1942877769470215
18,3,1.1348645687103271
18,4,1.2897038459777832
18,5,1.2276244163513184
18,6,1.2438632249832153
18,7,1.4014205932617188
18,8,1.1152050495147705
18,9,1.1740128993988037
18,10,1.1242762804031372
18,11,1.153761625289917
18,12,0.9931265115737915
18,13,1.1573545932769775
18,14,1.2664238214492798
18,15,1.1212639808654785
18,16,1.1196134090423584
18,17,1.1143977642059326
18,18,1.1941299438476562
18,19,1.1206767559051514
18,20,1.2197010517120361
18,21,1.207352638244629
18,22,1.1878652572631836
18,23,1.1272661685943604
18,24,1.1525592803955078
18,25,1.1292574405670166
18,26,1.0762934684753418
18,27,1.2587916851043701
18,28,1.0382946729660034
18,29,1.214032769203186
18,30,1.1716995239257812
18,31,1.1287392377853394
18,32,1.0915558338165283
18,33,1.2449527978897095
18,34,1.401557445526123
18,35,1.153767466545105
18,36,1.4277794361114502
18,37,1.0678963661193848
18,38,1.143085241317749
18,39,1.220824122428894
18,40,1.1641958951950073
18,41,1.2534687519073486
18,42,1.160377025604248
18,43,1.1375640630722046
18,44,1.2057688236236572
18,45,1.1288765668869019
18,46,1.2567979097366333
18,47,1.150841236114502
18,48,1.144697666168213
18,49,1.1261565685272217
18,50,1.3185760974884033
18,51,1.0737242698669434
18,52,1.1190648078918457
18,53,1.1334130764007568
18,54,1.1286096572875977
18,55,1.0162602663040161
18,56,1.1058874130249023
18,57,1.0441169738769531
18,58,1.0740538835525513
18,59,1.246393084526062
18,60,1.3369501829147339
18,61,1.1764521598815918
18,62,1.084393858909607
18,63,1.3021959066390991
18,64,1.3162386417388916
18,65,1.2135642766952515
18,66,1.1245886087417603
18,67,1.1077840328216553
18,68,1.208187460899353
18,69,1.1549983024597168
18,70,1.1055461168289185
18,71,1.1768910884857178
18,72,1.3834261894226074
18,73,1.32808518409729
18,74,1.1627362966537476
18,75,1.2190539836883545
18,76,1.340358853340149
18,77,1.059759497642517
18,78,1.269369125366211
18,79,1.4002375602722168
18,80,1.0260621309280396
18,81,1.2297155857086182
18,82,1.2034063339233398
18,83,1.2623573541641235
18,84,1.1917535066604614
18,85,1.1434483528137207
18,86,1.0484411716461182
18,87,1.1567301750183105
18,88,1.259108066558838
18,89,1.204215168952942
18,90,1.0561507940292358
18,91,1.1866028308868408
18,92,1.0852471590042114
18,93,1.0219902992248535
18,94,1.231595516204834
18,95,1.1884688138961792
18,96,1.28924560546875
18,97,1.0413281917572021
18,98,1.1720235347747803
18,99,1.3795840740203857
18,100,1.1840249300003052
18,101,1.164939045906067
18,102,1.3865737915039062
18,103,1.3116629123687744
18,104,1.3044288158416748
18,105,1.010039210319519
18,106,1.0456345081329346
18,107,1.1634042263031006
18,108,1.1676349639892578
18,109,1.2219570875167847
18,110,1.094531536102295
18,111,1.1182692050933838
18,112,1.0906888246536255
18,113,1.215386152267456
18,114,1.1261682510375977
18,115,1.1595507860183716
18,116,0.9686298370361328
18,117,1.117112398147583
18,118,1.1093440055847168
18,119,1.058889627456665
18,120,1.4007155895233154
18,121,1.1800870895385742
18,122,1.1399803161621094
18,123,1.145972490310669
18,124,0.9907599091529846
18,125,1.048029899597168
18,126,1.3070930242538452
18,127,1.1798278093338013
18,128,1.0932698249816895
18,129,1.1668963432312012
18,130,1.1184781789779663
18,131,1.0514366626739502
18,132,1.1661710739135742
18,133,1.1071890592575073
18,134,1.137555480003357
18,135,1.057334542274475
18,136,1.3144947290420532
18,137,1.0545125007629395
18,138,1.2620739936828613
18,139,1.2283779382705688
18,140,1.128940463066101
18,141,1.0948381423950195
18,142,1.0294196605682373
18,143,1.2735942602157593
18,144,1.2421396970748901
18,145,1.080315351486206
18,146,1.1629432439804077
18,147,1.0216503143310547
18,148,1.2466694116592407
18,149,1.2419018745422363
18,150,1.0857542753219604
18,151,1.0513962507247925
18,152,1.1395326852798462
18,153,1.0981030464172363
18,154,1.1804890632629395
18,155,1.0577696561813354
18,156,1.110405445098877
18,157,1.140581727027893
18,158,1.280378818511963
18,159,1.0917038917541504
18,160,1.1197309494018555
18,161,1.274537444114685
18,162,1.048506498336792
18,163,1.0586159229278564
18,164,1.0754740238189697
18,165,1.22035813331604
18,166,1.1104710102081299
18,167,1.1462256908416748
18,168,1.151397466659546
18,169,1.2100138664245605
18,170,1.1693888902664185
18,171,1.1170507669448853
18,172,1.1917170286178589
18,173,1.1521925926208496
18,174,1.1461788415908813
18,175,1.081199288368225
18,176,1.100740671157837
18,177,1.3217573165893555
18,178,1.3182966709136963
18,179,1.0308871269226074
18,180,1.1539266109466553
18,181,1.114396572113037
18,182,1.141990303993225
18,183,1.1956284046173096
18,184,1.2369717359542847
18,185,1.0881321430206299
18,186,1.0872784852981567
18,187,1.0646666288375854
18,188,1.1033798456192017
18,189,1.0580084323883057
18,190,1.1039807796478271
18,191,1.1101858615875244
18,192,1.3603999614715576
18,193,1.071036696434021
18,194,1.2227344512939453
18,195,1.2142174243927002
18,196,1.2385108470916748
18,197,1.0713716745376587
18,198,1.1592812538146973
18,199,1.1468451023101807
18,200,1.1544595956802368
18,201,1.0911073684692383
18,202,1.2566568851470947
18,203,1.1066522598266602
18,204,1.160498023033142
18,205,1.1815227270126343
18,206,1.0967648029327393
18,207,1.0884549617767334
18,208,1.1091400384902954
18,209,1.0874098539352417
18,210,1.1610976457595825
18,211,1.0930752754211426
18,212,1.1829073429107666
18,213,1.1397258043289185
18,214,1.1722424030303955
18,215,1.2717196941375732
18,216,1.1095635890960693
18,217,1.2001851797103882
18,218,1.125909447669983
18,219,1.0115877389907837
18,220,1.0052478313446045
18,221,0.9668688774108887
18,222,1.1021345853805542
18,223,1.3659570217132568
18,224,1.1337811946868896
18,225,1.1408870220184326
18,226,1.1919755935668945
18,227,1.2868351936340332
18,228,1.1902860403060913
18,229,1.03729248046875
18,230,1.0765857696533203
18,231,1.0343765020370483
18,232,1.0454517602920532
18,233,1.1283079385757446
18,234,1.1744848489761353
18,235,1.1974096298217773
18,236,1.0644488334655762
18,237,0.9643706679344177
18,238,1.2597405910491943
18,239,1.1951169967651367
18,240,1.4245119094848633
18,241,1.2214179039001465
18,242,1.2264152765274048
18,243,1.1004483699798584
18,244,1.1115883588790894
18,245,1.1368906497955322
18,246,1.1542701721191406
18,247,1.1617792844772339
18,248,1.1035120487213135
18,249,0.9755335450172424
18,250,1.1065974235534668
18,251,1.0561206340789795
18,252,1.1261415481567383
18,253,1.1076987981796265
18,254,1.139692783355713
18,255,1.0867570638656616
18,256,1.30781090259552
18,257,1.062017560005188
18,258,1.1614680290222168
18,259,1.1938281059265137
18,260,1.2341268062591553
18,261,1.232259750366211
18,262,1.192640781402588
18,263,1.0300215482711792
18,264,1.166649580001831
18,265,1.0324816703796387
18,266,1.0121694803237915
18,267,1.1366472244262695
18,268,1.0042047500610352
18,269,1.0811610221862793
18,270,1.3137491941452026
18,271,0.9947129487991333
18,272,1.258423089981079
18,273,1.0545401573181152
18,274,1.480241060256958
18,275,1.075823187828064
18,276,1.1532970666885376
18,277,1.2774109840393066
18,278,1.075506567955017
18,279,1.18180251121521
18,280,1.2321573495864868
18,281,1.0436407327651978
18,282,1.1905112266540527
18,283,1.2304078340530396
18,284,1.249821424484253
18,285,1.231353998184204
18,286,1.0063445568084717
18,287,1.0818017721176147
18,288,1.0446662902832031
18,289,1.1053099632263184
18,290,1.1330498456954956
18,291,1.0571823120117188
18,292,1.0352402925491333
18,293,1.165001630783081
18,294,1.2377188205718994
18,295,1.1178035736083984
18,296,1.1258052587509155
18,297,1.1589112281799316
18,298,1.1124582290649414
18,299,1.1099331378936768
18,300,1.1901158094406128
18,301,1.2056070566177368
18,302,1.2170008420944214
18,303,1.145592451095581
18,304,1.0772628784179688
18,305,1.18202805519104
18,306,1.2296282052993774
18,307,1.0458309650421143
18,308,1.26944899559021
18,309,1.071866512298584
18,310,1.0292596817016602
18,311,1.3066577911376953
18,312,1.0838133096694946
18,313,1.1247707605361938
18,314,1.2375295162200928
18,315,1.172742247581482
18,316,1.1829833984375
18,317,1.2251790761947632
18,318,1.1309157609939575
18,319,1.1074308156967163
18,320,1.2106144428253174
18,321,1.1948293447494507
18,322,1.1114510297775269
18,323,1.1830527782440186
18,324,1.1287405490875244
18,325,1.1256531476974487
18,326,1.2767144441604614
18,327,1.1401430368423462
18,328,1.1084074974060059
18,329,1.1322113275527954
18,330,1.1246010065078735
18,331,1.3044836521148682
18,332,1.0679582357406616
18,333,1.0645678043365479
18,334,1.179443120956421
18,335,1.4034829139709473
18,336,1.1296679973602295
18,337,1.0312163829803467
18,338,1.1434189081192017
18,339,1.088982343673706
18,340,1.2183996438980103
18,341,1.0397387742996216
18,342,1.1167550086975098
18,343,1.2391009330749512
18,344,1.1291369199752808
18,345,1.033787727355957
18,346,1.0290437936782837
18,347,1.1484622955322266
18,348,1.102217435836792
18,349,1.0890791416168213
18,350,1.1572558879852295
18,351,1.2154957056045532
18,352,1.106583595275879
18,353,1.1283059120178223
18,354,1.2140103578567505
18,355,1.2333770990371704
18,356,1.4075779914855957
18,357,1.250083327293396
18,358,1.0554203987121582
18,359,1.218634843826294
18,360,1.2072921991348267
18,361,1.0080928802490234
18,362,1.2937531471252441
18,363,1.05452299118042
18,364,1.257875680923462
18,365,1.1637731790542603
18,366,1.2237542867660522
18,367,1.2633293867111206
18,368,1.102500557899475
18,369,1.0750610828399658
18,370,1.4522614479064941
18,371,1.335509181022644
18,372,1.1541078090667725
18,373,1.0457826852798462
18,374,1.0587007999420166
18,375,1.0309066772460938
18,376,1.0712344646453857
18,377,1.2666702270507812
18,378,1.0969445705413818
18,379,1.2342705726623535
18,380,1.1539865732192993
18,381,1.075561285018921
18,382,1.1286544799804688
18,383,1.143717885017395
18,384,1.2073445320129395
18,385,1.1784279346466064
18,386,1.1989006996154785
18,387,1.1776669025421143
18,388,1.1311755180358887
18,389,1.197515606880188
18,390,1.0819131135940552
18,391,1.2438074350357056
18,392,1.2831953763961792
18,393,1.2483115196228027
18,394,1.1373485326766968
18,395,1.0387319326400757
18,396,1.1696105003356934
18,397,1.1750377416610718
18,398,1.1102854013442993
18,399,1.2586960792541504
18,400,1.1250605583190918
18,401,1.1767346858978271
18,402,1.1155943870544434
18,403,1.2385635375976562
18,404,0.9819746613502502
18,405,1.2565475702285767
18,406,1.103108525276184
18,407,1.1819320917129517
18,408,1.1162586212158203
18,409,1.2592264413833618
18,410,1.0633797645568848
18,411,1.0874435901641846
18,412,1.273585557937622
18,413,1.1140170097351074
18,414,1.1811288595199585
18,415,1.20980703830719
18,416,1.2055323123931885
18,417,1.0009549856185913
18,418,1.1645954847335815
18,419,1.2535603046417236
18,420,1.2621897459030151
18,421,1.1970982551574707
18,422,1.042850375175476
18,423,1.3065413236618042
18,424,1.1498208045959473
18,425,1.2758188247680664
18,426,1.0665380954742432
18,427,1.1633715629577637
18,428,1.105762004852295
18,429,1.135671615600586
18,430,1.1716578006744385
18,431,0.95906001329422
18,432,1.2019520998001099
18,433,1.1504554748535156
18,434,1.0504258871078491
18,435,1.1197009086608887
18,436,1.2081354856491089
18,437,1.1021627187728882
18,438,1.1184160709381104
18,439,1.0822398662567139
18,440,1.3765661716461182
18,441,1.1227059364318848
18,442,1.1381640434265137
18,443,1.0574259757995605
18,444,1.0756168365478516
18,445,1.4310991764068604
18,446,1.007508635520935
18,447,0.9865750074386597
18,448,1.391726016998291
18,449,1.2548105716705322
18,450,1.0415825843811035
18,451,1.319125771522522
18,452,1.132696509361267
18,453,1.1680973768234253
18,454,1.1773483753204346
18,455,1.128047227859497
18,456,1.083533763885498
18,457,1.1895818710327148
18,458,1.1654789447784424
18,459,1.0912151336669922
18,460,1.1514523029327393
18,461,1.2584311962127686
18,462,1.1655187606811523
18,463,1.2249547243118286
18,464,1.2188166379928589
18,465,1.1214468479156494
18,466,1.219210147857666
18,467,1.2168679237365723
18,468,1.1084339618682861
18,469,1.1608574390411377
18,470,1.1465260982513428
18,471,1.1125301122665405
18,472,1.3361014127731323
18,473,1.1171075105667114
18,474,1.0759449005126953
18,475,1.0352745056152344
18,476,1.0923738479614258
18,477,1.2628676891326904
18,478,1.1706175804138184
18,479,1.1868903636932373
18,480,1.2156858444213867
18,481,1.0251529216766357
18,482,1.054504632949829
18,483,1.2793169021606445
18,484,1.2157368659973145
18,485,1.209920883178711
18,486,1.0295469760894775
18,487,1.1509449481964111
18,488,1.0727777481079102
18,489,1.15189528465271
18,490,1.051020860671997
18,491,1.0113277435302734
18,492,1.048783779144287
18,493,1.2028284072875977
18,494,1.1584022045135498
18,495,1.110839605331421
18,496,0.9532582759857178
18,497,1.262915849685669
18,498,1.26204252243042
19,0,1.1574684381484985
19,1,1.1180059909820557
19,2,1.04843270778656
19,3,1.068080186843872
19,4,1.1188431978225708
19,5,1.228784441947937
19,6,1.2981621026992798
19,7,1.2075284719467163
19,8,1.0736165046691895
19,9,1.0725960731506348
19,10,1.1166852712631226
19,11,1.1725550889968872
19,12,0.9809803366661072
19,13,1.0501245260238647
19,14,1.0763994455337524
19,15,0.9517754316329956
19,16,1.198704481124878
19,17,1.092665195465088
19,18,1.2080237865447998
19,19,1.0241602659225464
19,20,1.0539133548736572
19,21,1.1113355159759521
19,22,1.2039117813110352
19,23,1.164707899093628
19,24,1.1778569221496582
19,25,1.0578681230545044
19,26,0.9912256598472595
19,27,1.0446968078613281
19,28,1.1739940643310547
19,29,1.1464289426803589
19,30,1.147186517715454
19,31,1.0550117492675781
19,32,1.3022047281265259
19,33,1.0676003694534302
19,34,0.9885895848274231
19,35,1.0565935373306274
19,36,1.2347171306610107
19,37,1.132007360458374
19,38,1.1029267311096191
19,39,1.0633233785629272
19,40,1.1271142959594727
19,41,1.2909350395202637
19,42,1.077055811882019
19,43,1.1609138250350952
19,44,1.1814621686935425
19,45,1.2188732624053955
19,46,1.1188428401947021
19,47,1.2626639604568481
19,48,1.038621425628662
19,49,1.176991581916809
19,50,1.0694819688796997
19,51,1.176915168762207
19,52,1.2551089525222778
19,53,1.0864454507827759
19,54,1.027367353439331
19,55,1.2262420654296875
19,56,1.2624014616012573
19,57,1.1911271810531616
19,58,1.1225396394729614
19,59,1.1899864673614502
19,60,1.06242036819458
19,61,1.070947527885437
19,62,1.195857048034668
19,63,1.3423547744750977
19,64,1.1001002788543701
19,65,1.087854027748108
19,66,1.1781158447265625
19,67,1.202397108078003
19,68,1.0703256130218506
19,69,1.1290953159332275
19,70,1.206305980682373
19,71,1.5071005821228027
19,72,1.1790082454681396
19,73,1.1944923400878906
19,74,1.14536452293396
19,75,1.1342355012893677
19,76,1.165968656539917
19,77,1.0910133123397827
19,78,1.1921082735061646
19,79,1.1231534481048584
19,80,1.1994907855987549
19,81,1.2207982540130615
19,82,1.1827223300933838
19,83,1.1203349828720093
19,84,1.2192884683609009
19,85,1.0937795639038086
19,86,1.1195600032806396
19,87,1.172577142715454
19,88,1.0631089210510254
19,89,1.109299898147583
19,90,1.1162313222885132
19,91,1.1860281229019165
19,92,1.0583834648132324
19,93,1.2114386558532715
19,94,1.0769248008728027
19,95,1.1083329916000366
19,96,1.1961761713027954
19,97,1.1604863405227661
19,98,1.1097359657287598
19,99,1.3185464143753052
19,100,1.6203315258026123
19,101,1.1613425016403198
19,102,1.3131458759307861
19,103,1.1795531511306763
19,104,1.13055419921875
19,105,0.9864259362220764
19,106,1.0015382766723633
19,107,1.1664944887161255
19,108,1.1771914958953857
19,109,1.131743311882019
19,110,1.1433360576629639
19,111,1.2765929698944092
19,112,1.0209314823150635
19,113,1.4656939506530762
19,114,1.0418672561645508
19,115,1.1775246858596802
19,116,1.044681191444397
19,117,1.1900348663330078
19,118,1.2658188343048096
19,119,1.102736473083496
19,120,1.1716325283050537
19,121,1.188718318939209
19,122,1.311386227607727
19,123,0.9851032495498657
19,124,1.124964714050293
19,125,1.1630772352218628
19,126,1.166776418685913
19,127,1.0787532329559326
19,128,1.0841540098190308
19,129,1.0959783792495728
19,130,1.1991465091705322
19,131,1.0384927988052368
19,132,1.1240235567092896
19,133,1.1854077577590942
19,134,0.9208953976631165
19,135,1.131810188293457
19,136,1.4814136028289795
19,137,1.091062307357788
19,138,1.0534331798553467
19,139,1.0467231273651123
19,140,1.2115918397903442
19,141,1.1137237548828125
19,142,1.11643648147583
19,143,1.1475212574005127
19,144,1.0612088441848755
19,145,1.1802921295166016
19,146,1.2012313604354858
19,147,1.2014025449752808
19,148,1.1158112287521362
19,149,1.1784241199493408
19,150,1.1328251361846924
19,151,1.1332759857177734
19,152,1.063172459602356
19,153,1.2361056804656982
19,154,1.3070473670959473
19,155,1.029280662536621
19,156,1.2503039836883545
19,157,1.1176066398620605
19,158,1.1867966651916504
19,159,1.086578130722046
19,160,1.2946290969848633
19,161,1.1643537282943726
19,162,1.1144965887069702
19,163,1.0677322149276733
19,164,1.1041258573532104
19,165,1.2544634342193604
19,166,1.1098015308380127
19,167,1.1496293544769287
19,168,1.1861484050750732
19,169,1.384751558303833
19,170,1.1022138595581055
19,171,1.0165212154388428
19,172,1.459438443183899
19,173,1.1430327892303467
19,174,1.2425731420516968
19,175,1.1873505115509033
19,176,1.2196561098098755
19,177,1.1726139783859253
19,178,1.296249508857727
19,179,1.0507959127426147
19,180,1.1146113872528076
19,181,1.0786001682281494
19,182,1.105006456375122
19,183,1.241360068321228
19,184,1.1403636932373047
19,185,1.0332353115081787
19,186,1.3688807487487793
19,187,1.231248140335083
19,188,1.2274779081344604
19,189,1.2183780670166016
19,190,1.126821517944336
19,191,1.3203226327896118
19,192,1.0547324419021606
19,193,1.1244813203811646
19,194,1.1963642835617065
19,195,1.1892080307006836
19,196,1.0941447019577026
19,197,1.149418830871582
19,198,1.1796209812164307
19,199,1.1320364475250244
19,200,0.928541362285614
19,201,1.2699899673461914
19,202,1.0657097101211548
19,203,1.201761245727539
19,204,1.1667970418930054
19,205,1.052464485168457
19,206,1.2521841526031494
19,207,1.2071224451065063
19,208,1.2670050859451294
19,209,1.125228762626648
19,210,1.4038894176483154
19,211,1.3105294704437256
19,212,1.10776948928833
19,213,1.199114441871643
19,214,1.1284677982330322
19,215,1.122800588607788
19,216,1.085510492324829
19,217,1.1605900526046753
19,218,1.0623047351837158
19,219,1.17106032371521
19,220,1.0866080522537231
19,221,1.0148587226867676
19,222,1.0702731609344482
19,223,1.321365237236023
19,224,1.079650640487671
19,225,1.1689176559448242
19,226,1.030421257019043
19,227,1.0698256492614746
19,228,0.965763509273529
19,229,1.1700429916381836
19,230,1.1362764835357666
19,231,1.1058776378631592
19,232,1.3064920902252197
19,233,1.3275816440582275
19,234,1.248610496520996
19,235,1.099989652633667
19,236,1.167116641998291
19,237,1.146018624305725
19,238,1.0789015293121338
19,239,1.1321004629135132
19,240,1.046242356300354
19,241,1.0976171493530273
19,242,1.2059131860733032
19,243,1.1772441864013672
19,244,1.052130103111267
19,245,1.0223007202148438
19,246,1.0651464462280273
19,247,1.0706168413162231
19,248,1.1428885459899902
19,249,1.0185800790786743
19,250,1.0529210567474365
19,251,1.2803144454956055
19,252,1.1013257503509521
19,253,1.2653896808624268
19,254,1.1399552822113037
19,255,1.2832361459732056
19,256,1.254610538482666
19,257,1.082123041152954
19,258,1.1063801050186157
19,259,1.1057208776474
19,260,0.9983136057853699
19,261,1.1378147602081299
19,262,0.9811496734619141
19,263,1.0451035499572754
19,264,1.1335172653198242
19,265,1.043684482574463
19,266,1.3000394105911255
19,267,1.1055574417114258
19,268,0.9344993829727173
19,269,1.2048612833023071
19,270,1.1933943033218384
19,271,1.0969781875610352
19,272,1.375776767730713
19,273,1.1612285375595093
19,274,1.107059359550476
19,275,1.0783157348632812
19,276,1.0963571071624756
19,277,1.1131203174591064
19,278,1.1396965980529785
19,279,1.149929404258728
19,280,1.201219916343689
19,281,1.2853728532791138
19,282,1.0802956819534302
19,283,1.0555758476257324
19,284,1.3504189252853394
19,285,1.1592810153961182
19,286,1.09724760055542
19,287,1.2509384155273438
19,288,1.1199067831039429
19,289,1.3527541160583496
19,290,1.2274844646453857
19,291,1.0343517065048218
19,292,1.105663776397705
19,293,1.1826008558273315
19,294,1.2772657871246338
19,295,1.3501721620559692
19,296,1.111711025238037
19,297,1.0720510482788086
19,298,1.1592233180999756
19,299,1.1000794172286987
19,300,1.1642711162567139
19,301,1.338060975074768
19,302,1.2037694454193115
19,303,1.2986571788787842
19,304,1.2089378833770752
19,305,1.0972881317138672
19,306,1.3203151226043701
19,307,1.137865662574768
19,308,1.123740792274475
19,309,1.015413761138916
19,310,1.039745807647705
19,311,1.0418637990951538
19,312,1.0745359659194946
19,313,1.0452232360839844
19,314,1.0549544095993042
19,315,1.3961455821990967
19,316,1.033363699913025
19,317,1.1487056016921997
19,318,1.1176234483718872
19,319,1.1236050128936768
19,320,1.226896047592163
19,321,1.1157780885696411
19,322,1.1427044868469238
19,323,1.1029140949249268
19,324,1.1821740865707397
19,325,1.1134012937545776
19,326,1.11245596408844
19,327,1.1363859176635742
19,328,1.3119523525238037
19,329,1.0660967826843262
19,330,1.2394895553588867
19,331,1.2221581935882568
19,332,1.3131103515625
19,333,1.2374972105026245
19,334,1.1090872287750244
19,335,1.2360877990722656
19,336,1.1903284788131714
19,337,1.303790807723999
19,338,1.2840776443481445
19,339,1.2939808368682861
19,340,1.1364654302597046
19,341,1.1197445392608643
19,342,1.131877064704895
19,343,1.088624119758606
19,344,1.0657392740249634
19,345,1.0875390768051147
19,346,1.215499758720398
19,347,1.165510892868042
19,348,1.16458261013031
19,349,1.148802638053894
19,350,1.0699436664581299
19,351,1.238247275352478
19,352,1.2770936489105225
19,353,0.9353169202804565
19,354,1.1376447677612305
19,355,1.085727334022522
19,356,1.1080447435379028
19,357,1.1239194869995117
19,358,1.0805689096450806
19,359,1.1488298177719116
19,360,1.1511305570602417
19,361,1.2261528968811035
19,362,1.074242115020752
19,363,1.0631835460662842
19,364,1.0460716485977173
19,365,1.1040529012680054
19,366,1.2404050827026367
19,367,1.049556016921997
19,368,1.1689765453338623
19,369,1.217857837677002
19,370,0.994868814945221
19,371,1.1445716619491577
19,372,1.0971461534500122
19,373,1.3581336736679077
19,374,1.2087534666061401
19,375,1.4102672338485718
19,376,1.325620174407959
19,377,1.1782371997833252
19,378,1.084442377090454
19,379,1.1212198734283447
19,380,1.091949462890625
19,381,1.1852023601531982
19,382,1.3144655227661133
19,383,1.2172738313674927
19,384,1.073840856552124
19,385,1.145799160003662
19,386,1.4078038930892944
19,387,1.150343418121338
19,388,1.1347250938415527
19,389,1.158405065536499
19,390,1.253861904144287
19,391,1.205788493156433
19,392,1.2593119144439697
19,393,1.2340952157974243
19,394,1.1688190698623657
19,395,1.29849374294281
19,396,1.1129705905914307
19,397,1.249879002571106
19,398,1.3610155582427979
19,399,1.0226362943649292
19,400,1.246556043624878
19,401,1.2231857776641846
19,402,1.2548387050628662
19,403,1.2164742946624756
19,404,1.0093351602554321
19,405,1.204676628112793
19,406,1.2850821018218994
19,407,1.226623773574829
19,408,1.3250069618225098
19,409,0.9379943609237671
19,410,1.1691144704818726
19,411,1.1590577363967896
19,412,1.1716903448104858
19,413,1.1936156749725342
19,414,1.1814184188842773
19,415,1.1213996410369873
19,416,1.3491311073303223
19,417,1.1911025047302246
19,418,1.106961965560913
19,419,1.316468596458435
19,420,1.1758121252059937
19,421,1.1053708791732788
19,422,1.0100817680358887
19,423,1.2101067304611206
19,424,1.0559614896774292
19,425,1.0598063468933105
19,426,1.2333906888961792
19,427,1.1233572959899902
19,428,1.1250008344650269
19,429,1.1060649156570435
19,430,1.1111984252929688
19,431,1.2171778678894043
19,432,1.1837583780288696
19,433,1.1324435472488403
19,434,1.0140780210494995
19,435,1.2440026998519897
19,436,1.2470108270645142
19,437,1.0344029664993286
19,438,1.1700215339660645
19,439,1.1685364246368408
19,440,1.0787723064422607
19,441,1.049668788909912
19,442,1.136810302734375
19,443,1.2994248867034912
19,444,1.101908802986145
19,445,1.1453639268875122
19,446,1.1374452114105225
19,447,1.291621446609497
19,448,1.1965184211730957
19,449,1.1797374486923218
19,450,1.1369541883468628
19,451,1.2236169576644897
19,452,1.2566099166870117
19,453,1.2219624519348145
19,454,1.222491979598999
19,455,1.2720060348510742
19,456,1.1696486473083496
19,457,1.1540354490280151
19,458,1.2383865118026733
19,459,1.1653180122375488
19,460,1.269425630569458
19,461,1.071772575378418
19,462,1.0960724353790283
19,463,1.1147241592407227
19,464,1.1654244661331177
19,465,1.0692925453186035
19,466,1.1392486095428467
19,467,1.092943549156189
19,468,1.173374891281128
19,469,1.1515424251556396
19,470,1.1308048963546753
19,471,1.2942872047424316
19,472,1.1711390018463135
19,473,1.1734989881515503
19,474,1.3717520236968994
19,475,1.0194759368896484
19,476,1.2372289896011353
19,477,1.1774511337280273
19,478,1.0341120958328247
19,479,1.0617327690124512
19,480,1.076756477355957
19,481,1.1169027090072632
19,482,1.2536165714263916
19,483,1.1069989204406738
19,484,1.0488570928573608
19,485,1.2107998132705688
19,486,1.1132738590240479
19,487,1.191723346710205
19,488,1.105834722518921
19,489,1.2005422115325928
19,490,1.1203269958496094
19,491,1.1433162689208984
19,492,1.1583482027053833
19,493,1.1256282329559326
19,494,1.1699860095977783
19,495,1.039792776107788
19,496,1.3227336406707764
19,497,1.314500093460083
19,498,1.267756700515747
20,0,1.1860835552215576
20,1,1.158792495727539
20,2,1.3080108165740967
20,3,1.1150919198989868
20,4,1.0675785541534424
20,5,1.0266785621643066
20,6,1.1028693914413452
20,7,1.1004061698913574
20,8,1.0288108587265015
20,9,1.0735728740692139
20,10,1.1716678142547607
20,11,1.3888094425201416
20,12,1.2137019634246826
20,13,1.1059238910675049
20,14,1.0271295309066772
20,15,1.1404356956481934
20,16,1.1444542407989502
20,17,1.2247695922851562
20,18,1.0787216424942017
20,19,1.1507192850112915
20,20,0.9936211705207825
20,21,1.091338872909546
20,22,1.2134716510772705
20,23,1.585127830505371
20,24,1.0610074996948242
20,25,1.2527539730072021
20,26,1.130332350730896
20,27,1.016629934310913
20,28,1.2146910429000854
20,29,1.074621319770813
20,30,1.044243335723877
20,31,1.286729097366333
20,32,1.4583169221878052
20,33,0.9868606925010681
20,34,1.1120134592056274
20,35,1.1801772117614746
20,36,1.2001500129699707
20,37,1.2399019002914429
20,38,1.2414194345474243
20,39,1.0737906694412231
20,40,1.1534078121185303
20,41,1.4969909191131592
20,42,1.078007698059082
20,43,0.9507531523704529
20,44,1.2068644762039185
20,45,1.0339692831039429
20,46,1.049177885055542
20,47,1.147965908050537
20,48,1.2591931819915771
20,49,1.0857940912246704
20,50,1.1430622339248657
20,51,1.080640435218811
20,52,1.1576194763183594
20,53,1.0690538883209229
20,54,1.0918251276016235
20,55,1.0241386890411377
20,56,1.0685951709747314
20,57,1.1203157901763916
20,58,1.2473251819610596
20,59,1.2336857318878174
20,60,1.1175270080566406
20,61,1.27406907081604
20,62,1.031284213066101
20,63,1.1642332077026367
20,64,1.076385736465454
20,65,1.1601402759552002
20,66,1.3526570796966553
20,67,1.1317628622055054
20,68,1.18691086769104
20,69,1.2338769435882568
20,70,1.390655755996704
20,71,1.1080933809280396
20,72,1.0607601404190063
20,73,1.2394882440567017
20,74,1.0470277070999146
20,75,1.1337640285491943
20,76,1.0960235595703125
20,77,1.1035219430923462
20,78,1.246448278427124
20,79,1.414289951324463
20,80,1.170090675354004
20,81,1.1504064798355103
20,82,1.1602237224578857
20,83,1.0918958187103271
20,84,1.079345941543579
20,85,1.095255970954895
20,86,1.1487159729003906
20,87,1.1774368286132812
20,88,1.150639533996582
20,89,1.1062633991241455
20,90,1.1546460390090942
20,91,1.0542969703674316
20,92,1.1418769359588623
20,93,1.301971435546875
20,94,1.221850037574768
20,95,1.03887939453125
20,96,1.1836225986480713
20,97,1.1063830852508545
20,98,1.3221672773361206
20,99,1.083248496055603
20,100,1.1096007823944092
20,101,1.115556240081787
20,102,1.1660254001617432
20,103,1.0119662284851074
20,104,1.2515997886657715
20,105,1.0740073919296265
20,106,1.1581244468688965
20,107,1.25238037109375
20,108,1.1292693614959717
20,109,1.1140146255493164
20,110,1.1390454769134521
20,111,1.2178959846496582
20,112,1.121613621711731
20,113,1.1373276710510254
20,114,1.202451229095459
20,115,1.1291844844818115
20,116,1.3200833797454834
20,117,1.0706841945648193
20,118,1.0472818613052368
20,119,1.3050436973571777
20,120,1.131239891052246
20,121,1.1645174026489258
20,122,1.3249025344848633
20,123,1.1729323863983154
20,124,1.181113839149475
20,125,0.9587551951408386
20,126,1.2956057786941528
20,127,1.045833945274353
20,128,1.028305172920227
20,129,1.0666414499282837
20,130,1.13823401927948
20,131,1.1683194637298584
20,132,1.248847484588623
20,133,1.01143479347229
20,134,1.10238778591156
20,135,1.0640857219696045
20,136,0.9527991414070129
20,137,1.239944338798523
20,138,1.2579339742660522
20,139,1.204206943511963
20,140,0.9598751664161682
20,141,1.090104341506958
20,142,1.0414801836013794
20,143,0.9972177743911743
20,144,1.3153846263885498
20,145,1.2347149848937988
20,146,1.0847084522247314
20,147,1.1012518405914307
20,148,1.2206342220306396
20,149,1.194298505783081
20,150,1.022908091545105
20,151,1.3151142597198486
20,152,1.082335352897644
20,153,1.081474781036377
20,154,1.1634423732757568
20,155,1.2470552921295166
20,156,1.108767032623291
20,157,1.0912643671035767
20,158,1.2947375774383545
20,159,1.1272305250167847
20,160,1.47170889377594
20,161,1.1005349159240723
20,162,1.215693473815918
20,163,0.9846553802490234
20,164,1.1715022325515747
20,165,1.1430127620697021
20,166,1.0380843877792358
20,167,1.1831474304199219
20,168,1.066957950592041
20,169,1.0486637353897095
20,170,1.4433443546295166
20,171,1.315528392791748
20,172,1.48077392578125
20,173,1.133447527885437
20,174,1.121058702468872
20,175,1.0913552045822144
20,176,1.0980291366577148
20,177,1.2203129529953003
20,178,1.2030918598175049
20,179,1.084031343460083
20,180,1.2352826595306396
20,181,1.0736775398254395
20,182,1.135999083518982
20,183,1.0867266654968262
20,184,1.2050116062164307
20,185,1.0982937812805176
20,186,1.158671259880066
20,187,1.1630648374557495
20,188,1.1444079875946045
20,189,1.110456943511963
20,190,1.1928991079330444
20,191,1.0783653259277344
20,192,1.1974750757217407
20,193,1.0673608779907227
20,194,1.1309500932693481
20,195,1.2494615316390991
20,196,1.0389801263809204
20,197,1.2372539043426514
20,198,1.2298253774642944
20,199,1.1944955587387085
20,200,1.3522948026657104
20,201,1.121591567993164
20,202,0.9796103835105896
20,203,1.13319730758667
20,204,1.2889310121536255
20,205,1.0634350776672363
20,206,0.9807802438735962
20,207,1.2808558940887451
20,208,1.1219794750213623
20,209,1.153419017791748
20,210,1.187092661857605
20,211,1.0565853118896484
20,212,1.147076964378357
20,213,1.2161868810653687
20,214,0.9653447866439819
20,215,1.0447723865509033
20,216,1.0221672058105469
20,217,1.284242868423462
20,218,1.0817594528198242
20,219,1.0538949966430664
20,220,1.190670132637024
20,221,1.0380630493164062
20,222,1.1293939352035522
20,223,1.0698424577713013
20,224,1.1789181232452393
20,225,1.189589262008667
20,226,1.1862415075302124
20,227,1.1523878574371338
20,228,1.056617259979248
20,229,1.1946372985839844
20,230,1.3250926733016968
20,231,1.1202768087387085
20,232,1.4938042163848877
20,233,1.1499525308609009
20,234,1.219620943069458
20,235,1.073021650314331
20,236,1.0699269771575928
20,237,1.100752353668213
20,238,1.2066668272018433
20,239,1.3042429685592651
20,240,1.1745774745941162
20,241,1.2979612350463867
20,242,1.0675692558288574
20,243,1.1949623823165894
20,244,1.179610252380371
20,245,1.3216843605041504
20,246,1.0467106103897095
20,247,1.141601800918579
20,248,1.009304404258728
20,249,1.1398818492889404
20,250,1.036855697631836
20,251,1.201941728591919
20,252,1.1259613037109375
20,253,1.1581515073776245
20,254,1.2023204565048218
20,255,1.1567349433898926
20,256,1.1869170665740967
20,257,1.2483257055282593
20,258,1.148498773574829
20,259,1.1705495119094849
20,260,1.0886867046356201
20,261,1.201046109199524
20,262,1.1308797597885132
20,263,1.1261677742004395
20,264,1.1084625720977783
20,265,1.1181310415267944
20,266,1.160980224609375
20,267,1.0518258810043335
20,268,1.0617961883544922
20,269,1.1573572158813477
20,270,1.0933433771133423
20,271,1.0695466995239258
20,272,1.156946063041687
20,273,1.2588313817977905
20,274,1.169014573097229
20,275,1.3113874197006226
20,276,1.0242199897766113
20,277,1.3457101583480835
20,278,1.0422149896621704
20,279,1.132425308227539
20,280,1.1583319902420044
20,281,1.245826005935669
20,282,1.0957520008087158
20,283,1.154665470123291
20,284,1.1202322244644165
20,285,1.0169095993041992
20,286,1.187023639678955
20,287,1.2062331438064575
20,288,1.07492995262146
20,289,1.2071431875228882
20,290,1.1524263620376587
20,291,1.1005921363830566
20,292,1.1242151260375977
20,293,1.1740896701812744
20,294,1.0900144577026367
20,295,1.036698818206787
20,296,1.17072331905365
20,297,1.072351098060608
20,298,1.1264511346817017
20,299,1.2243088483810425
20,300,1.082432746887207
20,301,1.2762682437896729
20,302,1.062914490699768
20,303,1.101818323135376
20,304,1.3521833419799805
20,305,1.194819450378418
20,306,1.0143749713897705
20,307,1.073665738105774
20,308,1.0016356706619263
20,309,1.0776402950286865
20,310,1.2411043643951416
20,311,1.080550193786621
20,312,1.0409913063049316
20,313,1.3001772165298462
20,314,1.2232615947723389
20,315,1.3101081848144531
20,316,1.0613123178482056
20,317,1.140653371810913
20,318,0.9877781867980957
20,319,1.2352988719940186
20,320,1.148711919784546
20,321,1.2132599353790283
20,322,1.119720220565796
20,323,1.0553083419799805
20,324,1.2385003566741943
20,325,1.3660602569580078
20,326,0.9897170662879944
20,327,1.2301088571548462
20,328,1.1790062189102173
20,329,1.2444881200790405
20,330,1.2784205675125122
20,331,1.107761025428772
20,332,1.1749376058578491
20,333,1.2797387838363647
20,334,1.1364237070083618
20,335,1.2699205875396729
20,336,1.1070750951766968
20,337,1.1393133401870728
20,338,1.5885591506958008
20,339,1.2418150901794434
20,340,1.0374681949615479
20,341,1.1138205528259277
20,342,1.0066101551055908
20,343,1.230666160583496
20,344,1.236399531364441
20,345,1.0553516149520874
20,346,1.0028178691864014
20,347,1.1166189908981323
20,348,1.06392240524292
20,349,1.0993249416351318
20,350,1.1419610977172852
20,351,1.0801652669906616
20,352,1.1089088916778564
20,353,1.2060916423797607
20,354,1.154577374458313
20,355,1.1339547634124756
20,356,1.1059660911560059
20,357,1.2261583805084229
20,358,1.1439781188964844
20,359,1.1982243061065674
20,360,0.974860429763794
20,361,1.171787142753601
20,362,1.298776626586914
20,363,1.1913715600967407
20,364,1.0838046073913574
20,365,1.2716076374053955
20,366,1.137506365776062
20,367,1.2219616174697876
20,368,1.1676422357559204
20,369,1.3779077529907227
20,370,1.07249915599823
20,371,1.2628366947174072
20,372,1.1647835969924927
20,373,1.180020809173584
20,374,1.044543743133545
20,375,1.1012194156646729
20,376,1.197681188583374
20,377,1.0112061500549316
20,378,1.311017632484436
20,379,1.1832609176635742
20,380,1.0957798957824707
20,381,1.087773323059082
20,382,0.9949056506156921
20,383,1.1137094497680664
20,384,1.1013591289520264
20,385,1.131239891052246
20,386,1.174932837486267
20,387,1.1833834648132324
20,388,1.1601251363754272
20,389,1.1095463037490845
20,390,1.194426417350769
20,391,1.223914623260498
20,392,1.0429619550704956
20,393,1.16618013381958
20,394,1.1615793704986572
20,395,1.1754238605499268
20,396,1.0689334869384766
20,397,1.0295836925506592
20,398,1.273127794265747
20,399,1.1392098665237427
20,400,1.0988085269927979
20,401,1.045074462890625
20,402,1.0505563020706177
20,403,1.2127869129180908
20,404,1.0188522338867188
20,405,1.4608054161071777
20,406,1.0563857555389404
20,407,1.0640859603881836
20,408,1.234008550643921
20,409,1.166318655014038
20,410,1.1286845207214355
20,411,1.156742811203003
20,412,1.1147290468215942
20,413,1.1048941612243652
20,414,1.1234880685806274
20,415,1.0498859882354736
20,416,1.1084836721420288
20,417,1.3253178596496582
20,418,1.2684760093688965
20,419,1.1839162111282349
20,420,1.426722764968872
20,421,1.186956524848938
20,422,1.0279958248138428
20,423,1.1897764205932617
20,424,1.174668312072754
20,425,1.2028396129608154
20,426,1.219158411026001
20,427,1.124037742614746
20,428,1.209520697593689
20,429,1.0861496925354004
20,430,1.1550283432006836
20,431,1.154263973236084
20,432,1.2657431364059448
20,433,1.1825487613677979
20,434,1.0893871784210205
20,435,1.0935351848602295
20,436,1.2211754322052002
20,437,1.2089837789535522
20,438,1.0674891471862793
20,439,1.0238094329833984
20,440,1.229956030845642
20,441,1.0865739583969116
20,442,1.3333362340927124
20,443,1.2571557760238647
20,444,1.2218399047851562
20,445,1.1788301467895508
20,446,1.1416144371032715
20,447,1.104396939277649
20,448,1.0869252681732178
20,449,0.9866204857826233
20,450,1.1729507446289062
20,451,1.0853561162948608
20,452,1.2822587490081787
20,453,1.087632417678833
20,454,1.1530400514602661
20,455,1.0198198556900024
20,456,1.1578387022018433
20,457,1.0516892671585083
20,458,1.2250189781188965
20,459,1.1393547058105469
20,460,0.951153039932251
20,461,1.0450319051742554
20,462,1.204933762550354
20,463,1.124028205871582
20,464,1.050191044807434
20,465,1.0626261234283447
20,466,1.214156150817871
20,467,1.2467342615127563
20,468,1.1283670663833618
20,469,1.12004554271698
20,470,1.2614737749099731
20,471,1.011255145072937
20,472,1.1986321210861206
20,473,1.1635987758636475
20,474,0.9811609983444214
20,475,1.3395417928695679
20,476,1.4236562252044678
20,477,1.115254521369934
20,478,1.0644207000732422
20,479,1.1267014741897583
20,480,1.1094601154327393
20,481,1.2186390161514282
20,482,1.162144422531128
20,483,1.1692748069763184
20,484,1.370612382888794
20,485,1.0696513652801514
20,486,1.1278060674667358
20,487,1.0296542644500732
20,488,1.128613829612732
20,489,1.1907525062561035
20,490,1.2244850397109985
20,491,1.1117972135543823
20,492,1.245678424835205
20,493,1.34248685836792
20,494,1.3384833335876465
20,495,1.1530433893203735
20,496,1.0481747388839722
20,497,1.0142379999160767
20,498,1.250929355621338
